"Status","Start Time","Stop Time","Duration in ms","Parent Suite","Suite","Sub Suite","Test Class","Test Method","Name","Description"
"passed","Fri Feb 18 17:34:52 EET 2022","Fri Feb 18 17:35:08 EET 2022","16297","","Expired Link Error","","Expired Link Error","#1 Expired Link Error page is displayed","#1 Expired Link Error page is displayed",""
"passed","Fri Feb 18 17:30:39 EET 2022","Fri Feb 18 17:30:42 EET 2022","3587","","Slots page","","Slots page","#10 User click on category and go to category page","#10 User click on category and go to category page",""
"passed","Fri Feb 18 17:38:39 EET 2022","Fri Feb 18 17:38:52 EET 2022","12690","","My Account > Settings > Change Password","","My Account > Settings > Change Password","#04 Player cannot submit the Change Password form with blank details.","#04 Player cannot submit the Change Password form with blank details.",""
"failed","Fri Feb 18 17:35:08 EET 2022","Fri Feb 18 17:35:15 EET 2022","7103","","404 error page functionality testing.","","404 error page functionality testing.","#2 All elements are persisted on 404 error page.","#2 All elements are persisted on 404 error page.",""
"skipped","Fri Feb 18 17:24:18 EET 2022","Fri Feb 18 17:24:18 EET 2022","1","","My Account > Gambling Controls > Account Closure > Take A Break","","My Account > Gambling Controls > Account Closure > Take A Break","#4 Player cannot continue with 'Take A Break' if a reason is not selected.","#4 Player cannot continue with 'Take A Break' if a reason is not selected.",""
"passed","Fri Feb 18 17:35:12 EET 2022","Fri Feb 18 17:35:27 EET 2022","15240","","Home => Terms & Conditions","","Home => Terms & Conditions","#0 User can come to the terms and conditions page","#0 User can come to the terms and conditions page",""
"failed","Fri Feb 18 17:39:56 EET 2022","Fri Feb 18 17:40:06 EET 2022","10367","","My Profile > Communications Preferences","","My Profile > Communications Preferences","#13 Player can uneselect just post preferences using the post toggle (post already toggled on), which upon saving updates the account area accordingly","#13 Player can uneselect just post preferences using the post toggle (post already toggled on), which upon saving updates the account area accordingly",""
"passed","Fri Feb 18 17:43:46 EET 2022","Fri Feb 18 17:43:57 EET 2022","11365","","My Account > Gambling Controls > Deposit Limits","","My Account > Gambling Controls > Deposit Limits","#22 Player can open 'How deposit limits work' modal.","#22 Player can open 'How deposit limits work' modal.",""
"passed","Fri Feb 18 17:21:37 EET 2022","Fri Feb 18 17:21:41 EET 2022","4376","","Landing Page/Shop Welcome page","","Landing Page/Shop Welcome page","#3 User clicks on ""Be Aware Gambling"" image at Shop Welcome page","#3 User clicks on ""Be Aware Gambling"" image at Shop Welcome page",""
"passed","Fri Feb 18 17:25:37 EET 2022","Fri Feb 18 17:25:50 EET 2022","13406","","My Account > Gambling Controls > Account Closure > Self Exclusion","","My Account > Gambling Controls > Account Closure > Self Exclusion","#12 Player can continue with chosen 6 months option to 'Self Exclusion' and confirming modal should display.","#12 Player can continue with chosen 6 months option to 'Self Exclusion' and confirming modal should display.",""
"passed","Fri Feb 18 17:31:03 EET 2022","Fri Feb 18 17:31:14 EET 2022","10523","","Slots page","","Slots page","#13 User logged in and click on game card and game page appears","#13 User logged in and click on game card and game page appears",""
"passed","Fri Feb 18 17:24:02 EET 2022","Fri Feb 18 17:24:17 EET 2022","14975","","My Account > Gambling Controls > Account Closure > Self Exclusion","","My Account > Gambling Controls > Account Closure > Self Exclusion","#3 Player can press 'Back' button of the 'Self Exlusion' modal.","#3 Player can press 'Back' button of the 'Self Exlusion' modal.",""
"failed","Fri Feb 18 17:40:43 EET 2022","Fri Feb 18 17:41:15 EET 2022","32467","","My Account > Gambling Controls > Loss Limits","","My Account > Gambling Controls > Loss Limits","#14 User cannot set a Loss Limit higher than the maximum amount. ","#14 User cannot set a Loss Limit higher than the maximum amount. ",""
"passed","Fri Feb 18 17:26:17 EET 2022","Fri Feb 18 17:26:30 EET 2022","12867","","My Account > Gambling Controls > Account Closure > Self Exclusion","","My Account > Gambling Controls > Account Closure > Self Exclusion","#15 Player can continue with chosen 2 years option to 'Self Exclusion' and confirming modal should display.","#15 Player can continue with chosen 2 years option to 'Self Exclusion' and confirming modal should display.",""
"passed","Fri Feb 18 17:28:10 EET 2022","Fri Feb 18 17:28:16 EET 2022","6271","","Registration > Step 1","","Registration > Step 1","#01 User is displayed the correct content and input fields for Step 1.","#01 User is displayed the correct content and input fields for Step 1.",""
"passed","Fri Feb 18 17:30:52 EET 2022","Fri Feb 18 17:31:03 EET 2022","10989","","Slots page","","Slots page","#12 User logged in hover the game card  and click on CTA ""INFO"" and go to INFO page and click on ""PLAY NOW"" and see game page","#12 User logged in hover the game card  and click on CTA ""INFO"" and go to INFO page and click on ""PLAY NOW"" and see game page",""
"passed","Fri Feb 18 17:37:15 EET 2022","Fri Feb 18 17:37:19 EET 2022","3172","","Home => Terms & Conditions","","Home => Terms & Conditions","#24 User can see the Limitation of Liability section on terms and conditions page","#24 User can see the Limitation of Liability section on terms and conditions page",""
"passed","Fri Feb 18 17:30:45 EET 2022","Fri Feb 18 17:30:56 EET 2022","11100","","UnsubscribePage","","UnsubscribePage","#3 User can click on ‘Unsubscribe’ button and successfully unsubscribe window will be displayed with the correct content","#3 User can click on ‘Unsubscribe’ button and successfully unsubscribe window will be displayed with the correct content",""
"passed","Fri Feb 18 17:42:32 EET 2022","Fri Feb 18 17:42:45 EET 2022","13479","","My Account > Gambling Controls > Loss Limits","","My Account > Gambling Controls > Loss Limits","#18 User can close 'How loss limits work' modal. ","#18 User can close 'How loss limits work' modal. ",""
"passed","Fri Feb 18 17:31:39 EET 2022","Fri Feb 18 17:31:46 EET 2022","6818","","Registration > Step 4","","Registration > Step 4","#09 User can select multiple marketing preferences.","#09 User can select multiple marketing preferences.",""
"passed","Fri Feb 18 17:21:26 EET 2022","Fri Feb 18 17:21:31 EET 2022","4562","","Landing Page/Welcome Offer page","","Landing Page/Welcome Offer page","#9 User can come to the Terms & Conditions page from the Welcome Offer page","#9 User can come to the Terms & Conditions page from the Welcome Offer page",""
"passed","Fri Feb 18 17:37:11 EET 2022","Fri Feb 18 17:37:15 EET 2022","4375","","Home => Terms & Conditions","","Home => Terms & Conditions","#23 User can see the Intellectual Property section on terms and conditions page","#23 User can see the Intellectual Property section on terms and conditions page",""
"passed","Fri Feb 18 17:24:33 EET 2022","Fri Feb 18 17:24:47 EET 2022","13840","","My Account > Gambling Controls > Account Closure > Take A Break","","My Account > Gambling Controls > Account Closure > Take A Break","#7 Player can choose 24 hours option for 'Take A Break' and this option should be selected.","#7 Player can choose 24 hours option for 'Take A Break' and this option should be selected.",""
"passed","Fri Feb 18 17:30:16 EET 2022","Fri Feb 18 17:30:24 EET 2022","7934","","Registration > Step 3","","Registration > Step 3","#08 User cannot enter invalid characters into the Address Line 2 field.","#08 User cannot enter invalid characters into the Address Line 2 field.",""
"passed","Fri Feb 18 17:21:53 EET 2022","Fri Feb 18 17:22:04 EET 2022","11561","","Home page => Responsible Gambling page","","Home page => Responsible Gambling page","#0 User can come to the Responsible Gambling page","#0 User can come to the Responsible Gambling page",""
"passed","Fri Feb 18 17:35:07 EET 2022","Fri Feb 18 17:35:10 EET 2022","2633","","Service unavailable","","Service unavailable","#1 User can come to the home page from Error 500 page","#1 User can come to the home page from Error 500 page",""
"passed","Fri Feb 18 17:22:22 EET 2022","Fri Feb 18 17:22:35 EET 2022","13057","","Home page => Responsible Gambling page","","Home page => Responsible Gambling page","#2 User can come to the ""Help for problem gambling"" page from Responsible Gambling page","#2 User can come to the ""Help for problem gambling"" page from Responsible Gambling page",""
"failed","Fri Feb 18 17:34:51 EET 2022","Fri Feb 18 17:35:11 EET 2022","19400","","Home page => Privacy Policy page","","Home page => Privacy Policy page","#0 User can come to the Privacy Policy page","#0 User can come to the Privacy Policy page",""
"failed","Fri Feb 18 17:37:08 EET 2022","Fri Feb 18 17:38:13 EET 2022","65310","","My Account -> Deposit","","My Account -> Deposit","#2 Check user is able to exit out of the deposit modal using the x button","#2 Check user is able to exit out of the deposit modal using the x button",""
"passed","Fri Feb 18 17:22:42 EET 2022","Fri Feb 18 17:22:52 EET 2022","9674","","Inbox functionality testing","","Inbox functionality testing","#12 Player with less than 15 messages should not be able to view more","#12 Player with less than 15 messages should not be able to view more",""
"passed","Fri Feb 18 17:23:46 EET 2022","Fri Feb 18 17:24:02 EET 2022","15659","","My Account > Gambling Controls > Account Closure > Self Exclusion","","My Account > Gambling Controls > Account Closure > Self Exclusion","#2 Player can close the 'Self Exclusion' modal.","#2 Player can close the 'Self Exclusion' modal.",""
"passed","Fri Feb 18 17:35:59 EET 2022","Fri Feb 18 17:36:02 EET 2022","3318","","Home => Terms & Conditions","","Home => Terms & Conditions","#5 User can come to the Gamble Aware page from terms and conditions page","#5 User can come to the Gamble Aware page from terms and conditions page",""
"failed","Fri Feb 18 17:35:23 EET 2022","Fri Feb 18 17:36:10 EET 2022","46408","","Footer functionality testing","","Footer functionality testing","#4 Player can see safer gambling logos","#4 Player can see safer gambling logos",""
"passed","Fri Feb 18 17:29:52 EET 2022","Fri Feb 18 17:29:59 EET 2022","6763","","Registration > Step 3","","Registration > Step 3","#04 City field is a mandatory field.","#04 City field is a mandatory field.",""
"passed","Fri Feb 18 17:20:54 EET 2022","Fri Feb 18 17:21:03 EET 2022","9436","","Inbox functionality testing","","Inbox functionality testing","#3 New messages are marked with a NEW message sticker","#3 New messages are marked with a NEW message sticker",""
"failed","Fri Feb 18 17:39:09 EET 2022","Fri Feb 18 17:39:43 EET 2022","34526","","My Account > Gambling Controls > Deposit Limits","","My Account > Gambling Controls > Deposit Limits","#9 Player can successfully update a daily deposit limit in the Deposit Limits Delete modal","#9 Player can successfully update a daily deposit limit in the Deposit Limits Delete modal",""
"failed","Fri Feb 18 17:43:23 EET 2022","Fri Feb 18 17:43:49 EET 2022","25785","","Spin Zone functionality testing","","Spin Zone functionality testing","#8 Player can open 'Search Games' modal","#8 Player can open 'Search Games' modal",""
"passed","Fri Feb 18 17:36:45 EET 2022","Fri Feb 18 17:36:48 EET 2022","3164","","Home => Terms & Conditions","","Home => Terms & Conditions","#15 User can see the Deposits and Withdrawals section on terms and conditions page","#15 User can see the Deposits and Withdrawals section on terms and conditions page",""
"passed","Fri Feb 18 17:21:11 EET 2022","Fri Feb 18 17:21:22 EET 2022","10631","","Inbox functionality testing","","Inbox functionality testing","#5 Player can open message, removing the new badge from a message and decreasing the unread message count badge","#5 Player can open message, removing the new badge from a message and decreasing the unread message count badge",""
"passed","Fri Feb 18 17:21:25 EET 2022","Fri Feb 18 17:21:40 EET 2022","14588","","Home page => Responsible Gambling page","","Home page => Responsible Gambling page","#0 User can come to the Cookie Policy page","#0 User can come to the Cookie Policy page",""
"passed","Fri Feb 18 17:31:29 EET 2022","Fri Feb 18 17:31:42 EET 2022","12832","","UnsubscribePage","","UnsubscribePage","#6 User can click on ‘Re-subscribe’ button and success window will be displayed with the correct content","#6 User can click on ‘Re-subscribe’ button and success window will be displayed with the correct content",""
"passed","Fri Feb 18 17:20:28 EET 2022","Fri Feb 18 17:20:39 EET 2022","11310","","Inbox functionality testing","","Inbox functionality testing","#1 Unread message count is present on Inbox navigation bar icon if player has unread messages","#1 Unread message count is present on Inbox navigation bar icon if player has unread messages",""
"passed","Fri Feb 18 17:26:04 EET 2022","Fri Feb 18 17:26:17 EET 2022","13309","","My Account > Gambling Controls > Account Closure > Self Exclusion","","My Account > Gambling Controls > Account Closure > Self Exclusion","#14 Player can continue with chosen 18 months option to 'Self Exclusion' and confirming modal should display.","#14 Player can continue with chosen 18 months option to 'Self Exclusion' and confirming modal should display.",""
"passed","Fri Feb 18 17:40:24 EET 2022","Fri Feb 18 17:40:38 EET 2022","13129","","My Account > Settings > Change Password","","My Account > Settings > Change Password","#12 Player cannot continue to next step if their new password does not meet the minimum password requirements.","#12 Player cannot continue to next step if their new password does not meet the minimum password requirements.",""
"passed","Fri Feb 18 17:23:20 EET 2022","Fri Feb 18 17:23:28 EET 2022","7844","","Log In","","Log In","#15 Player can successfully Log In when entering valid details.","#15 Player can successfully Log In when entering valid details.",""
"passed","Fri Feb 18 17:36:48 EET 2022","Fri Feb 18 17:36:52 EET 2022","3303","","Home => Terms & Conditions","","Home => Terms & Conditions","#16 User can see the Playing for Real Money section on terms and conditions page","#16 User can see the Playing for Real Money section on terms and conditions page",""
"passed","Fri Feb 18 17:30:21 EET 2022","Fri Feb 18 17:30:37 EET 2022","15680","","UnsubscribePage","","UnsubscribePage","#1 Unsubscribe page is displayed with correct content.","#1 Unsubscribe page is displayed with correct content.",""
"passed","Fri Feb 18 17:37:19 EET 2022","Fri Feb 18 17:37:23 EET 2022","4058","","Home => Terms & Conditions","","Home => Terms & Conditions","#25 User can see the Complaints and disputes section on terms and conditions page","#25 User can see the Complaints and disputes section on terms and conditions page",""
"passed","Fri Feb 18 17:38:10 EET 2022","Fri Feb 18 17:38:22 EET 2022","12061","","My Account > Gambling Controls > Deposit Limits","","My Account > Gambling Controls > Deposit Limits","#5 Player can open the Deposit Limits Edit modal on edit icon click.","#5 Player can open the Deposit Limits Edit modal on edit icon click.",""
"passed","Fri Feb 18 17:30:52 EET 2022","Fri Feb 18 17:31:05 EET 2022","12152","","Registration > Step 4","","Registration > Step 4","#12 User can click on confirm checkbox and click success registration button.","#12 User can click on confirm checkbox and click success registration button.",""
"passed","Fri Feb 18 17:27:39 EET 2022","Fri Feb 18 17:27:50 EET 2022","10383","","Recover Password","","Recover Password","#01 Player can navigate to the recover password form and is displayed with the correct fields.","#01 Player can navigate to the recover password form and is displayed with the correct fields.",""
"passed","Fri Feb 18 17:27:15 EET 2022","Fri Feb 18 17:27:36 EET 2022","21399","","My Account > Gambling Controls > Account Closure > Self Exclusion","","My Account > Gambling Controls > Account Closure > Self Exclusion","#19 Player can continue with chosen 6 months option to 'Self Exclusion' and confirming modal should display.","#19 Player can continue with chosen 6 months option to 'Self Exclusion' and confirming modal should display.",""
"passed","Fri Feb 18 17:29:14 EET 2022","Fri Feb 18 17:29:17 EET 2022","3682","","Registration > Step 2","","Registration > Step 2","#11 User can enter valid details on Step 2 and progress to Step 3 of the registration process.","#11 User can enter valid details on Step 2 and progress to Step 3 of the registration process.",""
"skipped","Fri Feb 18 17:24:31 EET 2022","Fri Feb 18 17:24:32 EET 2022","12","","My Account > Gambling Controls > Account Closure > Self Exclusion","","My Account > Gambling Controls > Account Closure > Self Exclusion","#6 Player can select a reason for taking self exclusion the drop down menu.","#6 Player can select a reason for taking self exclusion the drop down menu.",""
"failed","Fri Feb 18 17:41:05 EET 2022","Fri Feb 18 17:42:24 EET 2022","79835","","My Account > Settings > Change Password","","My Account > Settings > Change Password","#15 Player can successfully update and sign in with their new password.","#15 Player can successfully update and sign in with their new password.",""
"passed","Fri Feb 18 17:36:15 EET 2022","Fri Feb 18 17:36:25 EET 2022","9642","","Home => Terms & Conditions","","Home => Terms & Conditions","#8 User can come to the eCOGRA page from terms and conditions page","#8 User can come to the eCOGRA page from terms and conditions page",""
"failed","Fri Feb 18 17:42:02 EET 2022","Fri Feb 18 17:42:30 EET 2022","27622","","Spin Zone functionality testing","","Spin Zone functionality testing","#5 Player can open 'Deposit' modal","#5 Player can open 'Deposit' modal",""
"failed","Fri Feb 18 17:38:13 EET 2022","Fri Feb 18 17:39:23 EET 2022","69971","","My Account -> Deposit","","My Account -> Deposit","#3 Check user is able to fill in details of required fields for card deposits","#3 Check user is able to fill in details of required fields for card deposits",""
"passed","Fri Feb 18 17:35:37 EET 2022","Fri Feb 18 17:35:46 EET 2022","8396","","Home page => Privacy Policy page","","Home page => Privacy Policy page","#2 User can come to the Merkur Slots page from Privacy Policy page","#2 User can come to the Merkur Slots page from Privacy Policy page",""
"passed","Fri Feb 18 17:21:54 EET 2022","Fri Feb 18 17:22:03 EET 2022","8938","","Inbox functionality testing","","Inbox functionality testing","#9 Player is presented with an updated list of messages when clicking view more button","#9 Player is presented with an updated list of messages when clicking view more button",""
"passed","Fri Feb 18 17:30:10 EET 2022","Fri Feb 18 17:30:16 EET 2022","6460","","Registration > Step 3","","Registration > Step 3","#07 User cannot enter invalid characters into the Address Line 1 field.","#07 User cannot enter invalid characters into the Address Line 1 field.",""
"passed","Fri Feb 18 17:20:44 EET 2022","Fri Feb 18 17:20:48 EET 2022","3652","","Landing Page/Welcome Offer page","","Landing Page/Welcome Offer page","#2 User try to Join at Welcome Offer page","#2 User try to Join at Welcome Offer page",""
"passed","Fri Feb 18 17:29:43 EET 2022","Fri Feb 18 17:29:59 EET 2022","16285","","Registration > Step 4","","Registration > Step 4","#02 User can navigate back to the previous step.","#02 User can navigate back to the previous step.",""
"passed","Fri Feb 18 17:28:02 EET 2022","Fri Feb 18 17:28:08 EET 2022","5272","","Recover Password","","Recover Password","#04 Player can select the 'Cancel and Back To Login' link and is displayed the login section.","#04 Player can select the 'Cancel and Back To Login' link and is displayed the login section.",""
"passed","Fri Feb 18 17:29:04 EET 2022","Fri Feb 18 17:29:07 EET 2022","2898","","Registration > Step 1","","Registration > Step 1","#23 User cannot continue to next step if their password does not meet the minimum password requirements.","#23 User cannot continue to next step if their password does not meet the minimum password requirements.",""
"passed","Fri Feb 18 17:35:16 EET 2022","Fri Feb 18 17:35:17 EET 2022","1623","","Expired Link Error","","Expired Link Error","#6 User can click on Recover Password button and see Reset your password window ","#6 User can click on Recover Password button and see Reset your password window ",""
"failed","Fri Feb 18 17:41:43 EET 2022","Fri Feb 18 17:42:05 EET 2022","22062","","My Account > Gambling Controls > Deposit Limits","","My Account > Gambling Controls > Deposit Limits","#16 Player cannot set Deposit Limit lower than the minimum amount.","#16 Player cannot set Deposit Limit lower than the minimum amount.",""
"passed","Fri Feb 18 17:39:58 EET 2022","Fri Feb 18 17:40:11 EET 2022","12028","","My Account > Settings > Change Password","","My Account > Settings > Change Password","#10 New password must contain a minimum of 8 characters.","#10 New password must contain a minimum of 8 characters.",""
"passed","Fri Feb 18 17:30:17 EET 2022","Fri Feb 18 17:30:20 EET 2022","2773","","Slots page","","Slots page","#5 User can see on hero banner carousel primary button CTA, can click on it and see game info page","#5 User can see on hero banner carousel primary button CTA, can click on it and see game info page",""
"failed","Fri Feb 18 17:40:41 EET 2022","Fri Feb 18 17:41:08 EET 2022","27297","","Spin Zone functionality testing","","Spin Zone functionality testing","#2 Player can see Resume Game button in the top left of the screen","#2 Player can see Resume Game button in the top left of the screen",""
"passed","Fri Feb 18 17:21:18 EET 2022","Fri Feb 18 17:21:22 EET 2022","4491","","Landing Page/Welcome Offer page","","Landing Page/Welcome Offer page","#7 User can come to the ""Be Gambling Aware"" site from the Welcome Offer page","#7 User can come to the ""Be Gambling Aware"" site from the Welcome Offer page",""
"passed","Fri Feb 18 17:29:08 EET 2022","Fri Feb 18 17:29:14 EET 2022","5278","","Registration > Step 2","","Registration > Step 2","#08 User cannot enter invalid characters into step 2 name input fields.","#08 User cannot enter invalid characters into step 2 name input fields.",""
"skipped","Fri Feb 18 17:24:17 EET 2022","Fri Feb 18 17:24:17 EET 2022","1","","My Account > Gambling Controls > Account Closure > Self Exclusion","","My Account > Gambling Controls > Account Closure > Self Exclusion","#4 Player cannot continue with 'Self Exclusion' if a reason is not selected.","#4 Player cannot continue with 'Self Exclusion' if a reason is not selected.",""
"passed","Fri Feb 18 17:23:05 EET 2022","Fri Feb 18 17:23:14 EET 2022","9022","","Logout","","Logout","#02 Player is logged out of site if clearing there cookies.","#02 Player is logged out of site if clearing there cookies.",""
"passed","Fri Feb 18 17:27:04 EET 2022","Fri Feb 18 17:27:26 EET 2022","22320","","My Account > Gambling Controls > Account Closure > Take A Break","","My Account > Gambling Controls > Account Closure > Take A Break","#18 Player can press 'CONFIRM' to finish 'Take A Break' a for 24 hours and should be logged out and unable to sign back into their account.","#18 Player can press 'CONFIRM' to finish 'Take A Break' a for 24 hours and should be logged out and unable to sign back into their account.",""
"passed","Fri Feb 18 17:22:55 EET 2022","Fri Feb 18 17:23:02 EET 2022","6965","","Log In","","Log In","#06 Player cannot login when entering an incorrect email address.","#06 Player cannot login when entering an incorrect email address.",""
"failed","Fri Feb 18 17:37:56 EET 2022","Fri Feb 18 17:38:06 EET 2022","10429","","My Profile > Communications Preferences","","My Profile > Communications Preferences","#2 Player can edit their preferences and exit using the x close button within the modal discarding changes","#2 Player can edit their preferences and exit using the x close button within the modal discarding changes",""
"passed","Fri Feb 18 17:38:41 EET 2022","Fri Feb 18 17:38:54 EET 2022","12582","","My Account > Gambling Controls > Deposit Limits","","My Account > Gambling Controls > Deposit Limits","#7 Player can open the Deposit Limits Delete modal on delete icon click.","#7 Player can open the Deposit Limits Delete modal on delete icon click.",""
"failed","Fri Feb 18 17:38:06 EET 2022","Fri Feb 18 17:38:16 EET 2022","9860","","My Profile > Communications Preferences","","My Profile > Communications Preferences","#3 Player can edit their preferences and exit using the Cancel CTA within the modal discarding changes","#3 Player can edit their preferences and exit using the Cancel CTA within the modal discarding changes",""
"passed","Fri Feb 18 17:24:10 EET 2022","Fri Feb 18 17:24:26 EET 2022","15885","","My Account > Gambling Controls > Play Reminders","","My Account > Gambling Controls > Play Reminders","#4 Player cannot continue with 'Time Limit' if a limit is not selected.","#4 Player cannot continue with 'Time Limit' if a limit is not selected.",""
"passed","Fri Feb 18 17:23:07 EET 2022","Fri Feb 18 17:23:11 EET 2022","3531","","Log In","","Log In","#12 Players inputs into the password field should be masked by default.","#12 Players inputs into the password field should be masked by default.",""
"passed","Fri Feb 18 17:35:11 EET 2022","Fri Feb 18 17:35:37 EET 2022","26898","","Home page => Privacy Policy page","","Home page => Privacy Policy page","#1 User can come to the Eyas Gaming page from Privacy Policy page","#1 User can come to the Eyas Gaming page from Privacy Policy page",""
"failed","Fri Feb 18 17:38:27 EET 2022","Fri Feb 18 17:38:37 EET 2022","10541","","My Profile > Communications Preferences","","My Profile > Communications Preferences","#5 Player can edit their preferences and select just the email toggle, which upon saving updates the account area accordingly","#5 Player can edit their preferences and select just the email toggle, which upon saving updates the account area accordingly",""
"passed","Fri Feb 18 17:27:56 EET 2022","Fri Feb 18 17:28:02 EET 2022","6397","","Recover Password","","Recover Password","#03 Player cannot enter an invaild email address.","#03 Player cannot enter an invaild email address.",""
"failed","Fri Feb 18 17:39:43 EET 2022","Fri Feb 18 17:39:56 EET 2022","12365","","My Account > Gambling Controls > Deposit Limits","","My Account > Gambling Controls > Deposit Limits","#10 Player can successfully set a daily deposit limit if not already set.","#10 Player can successfully set a daily deposit limit if not already set.",""
"passed","Fri Feb 18 17:30:24 EET 2022","Fri Feb 18 17:30:37 EET 2022","13279","","Registration > Step 4","","Registration > Step 4","#10 User can click and view the T&Cs.","#10 User can click and view the T&Cs.",""
"passed","Fri Feb 18 17:36:10 EET 2022","Fri Feb 18 17:36:13 EET 2022","3669","","Footer functionality testing","","Footer functionality testing","#5 Player can see legal and company information","#5 Player can see legal and company information",""
"passed","Fri Feb 18 17:40:11 EET 2022","Fri Feb 18 17:40:24 EET 2022","13895","","My Account > Settings > Change Password","","My Account > Settings > Change Password","#11 New password must not contain email address.","#11 New password must not contain email address.",""
"failed","Fri Feb 18 17:35:33 EET 2022","Fri Feb 18 17:35:40 EET 2022","6808","","Expired Link Error","","Expired Link Error","#10 User can click on 'Deposit' button opens Deposit window and successfully deposit.","#10 User can click on 'Deposit' button opens Deposit window and successfully deposit.",""
"failed","Fri Feb 18 17:47:24 EET 2022","Fri Feb 18 17:48:28 EET 2022","64117","","Homepage","","Homepage","#13 Balance details still correctly display balance of £0.00 if user has no cash balance","#13 Balance details still correctly display balance of £0.00 if user has no cash balance",""
"passed","Fri Feb 18 17:25:40 EET 2022","Fri Feb 18 17:25:53 EET 2022","13831","","My Account > Gambling Controls > Account Closure > Take A Break","","My Account > Gambling Controls > Account Closure > Take A Break","#12 Player can continue with chosen 1 week option to 'Take A Break' and confirming modal should display.","#12 Player can continue with chosen 1 week option to 'Take A Break' and confirming modal should display.",""
"failed","Fri Feb 18 17:35:06 EET 2022","Fri Feb 18 17:35:19 EET 2022","13431","","Footer functionality testing","","Footer functionality testing","#2 Player can see payment logos","#2 Player can see payment logos",""
"failed","Fri Feb 18 17:41:08 EET 2022","Fri Feb 18 17:41:35 EET 2022","27452","","Spin Zone functionality testing","","Spin Zone functionality testing","#3 Player can close Game menu","#3 Player can close Game menu",""
"passed","Fri Feb 18 17:29:16 EET 2022","Fri Feb 18 17:29:27 EET 2022","10683","","Registration > Step 3","","Registration > Step 3","#01 User is displayed the correct content and input fields for Step 3.","#01 User is displayed the correct content and input fields for Step 3.",""
"passed","Fri Feb 18 17:31:23 EET 2022","Fri Feb 18 17:31:32 EET 2022","9175","","Registration > Step 4","","Registration > Step 4","#04 User can opt in to receive Email marketing preferences.","#04 User can opt in to receive Email marketing preferences.",""
"passed","Fri Feb 18 17:20:39 EET 2022","Fri Feb 18 17:20:54 EET 2022","14852","","Inbox functionality testing","","Inbox functionality testing","#2 Unread message count increases when player receives a new message (requires page refresh)","#2 Unread message count increases when player receives a new message (requires page refresh)",""
"passed","Fri Feb 18 17:28:25 EET 2022","Fri Feb 18 17:28:32 EET 2022","6819","","Recover Password","","Recover Password","#08 Player can submit an email address which does not exist and still receives a success message on submitting the recover password form.","#08 Player can submit an email address which does not exist and still receives a success message on submitting the recover password form.",""
"failed","Fri Feb 18 17:38:58 EET 2022","Fri Feb 18 17:39:09 EET 2022","11359","","My Profile > Communications Preferences","","My Profile > Communications Preferences","#8 Player can edit their preferences and select just the Phone toggle, which upon saving updates the account area accordingly","#8 Player can edit their preferences and select just the Phone toggle, which upon saving updates the account area accordingly",""
"passed","Fri Feb 18 17:38:22 EET 2022","Fri Feb 18 17:38:41 EET 2022","18912","","My Account > Gambling Controls > Deposit Limits","","My Account > Gambling Controls > Deposit Limits","#6 Player can close the Deposit Limits Edit modal","#6 Player can close the Deposit Limits Edit modal",""
"passed","Fri Feb 18 17:38:25 EET 2022","Fri Feb 18 17:38:39 EET 2022","14488","","My Account > Settings > Change Password","","My Account > Settings > Change Password","#03 New Password is a mandatory field.","#03 New Password is a mandatory field.",""
"passed","Fri Feb 18 17:22:30 EET 2022","Fri Feb 18 17:22:38 EET 2022","8317","","Log In","","Log In","#01 Player can open the Log In modal and is displayed with the correct fields.","#01 Player can open the Log In modal and is displayed with the correct fields.",""
"passed","Fri Feb 18 17:35:08 EET 2022","Fri Feb 18 17:35:09 EET 2022","1690","","Expired Link Error","","Expired Link Error","#2 All elements are persisted on the page. ","#2 All elements are persisted on the page. ",""
"failed","Fri Feb 18 17:37:33 EET 2022","Fri Feb 18 17:37:56 EET 2022","23193","","My Profile > Communications Preferences","","My Profile > Communications Preferences","#1 Player can view their communication preferences (default preferences: empty communication preferences and English language)","#1 Player can view their communication preferences (default preferences: empty communication preferences and English language)",""
"passed","Fri Feb 18 17:28:34 EET 2022","Fri Feb 18 17:28:47 EET 2022","12215","","Registration > Step 2","","Registration > Step 2","#01 User is displayed the correct content and input fields for Step 2.","#01 User is displayed the correct content and input fields for Step 2.",""
"failed","Fri Feb 18 17:39:00 EET 2022","Fri Feb 18 17:39:33 EET 2022","32801","","My Account > Gambling Controls > Loss Limits","","My Account > Gambling Controls > Loss Limits","#11 User can successfully set their Loss Limit to the minimum allowed value and will receive a success toast on submitting the new amount. ","#11 User can successfully set their Loss Limit to the minimum allowed value and will receive a success toast on submitting the new amount. ",""
"passed","Fri Feb 18 17:40:38 EET 2022","Fri Feb 18 17:40:50 EET 2022","12410","","My Account > Settings > Change Password","","My Account > Settings > Change Password","#13 Player inputs into the password fields should be masked by default.","#13 Player inputs into the password fields should be masked by default.",""
"failed","Fri Feb 18 17:35:24 EET 2022","Fri Feb 18 17:37:30 EET 2022","125731","","404 error page functionality testing.","","404 error page functionality testing.","#7 Player can click ""Deposit"" button and open Deposit window.","#7 Player can click ""Deposit"" button and open Deposit window.",""
"passed","Fri Feb 18 17:21:40 EET 2022","Fri Feb 18 17:21:45 EET 2022","5731","","Home page => Responsible Gambling page","","Home page => Responsible Gambling page","Cookie Policy sections are shown","Cookie Policy sections are shown",""
"passed","Fri Feb 18 17:29:27 EET 2022","Fri Feb 18 17:29:39 EET 2022","12471","","Registration > Step 3","","Registration > Step 3","#02 User can navigate back to the previous step.","#02 User can navigate back to the previous step.",""
"failed","Fri Feb 18 17:36:16 EET 2022","Fri Feb 18 17:36:30 EET 2022","14394","","My Account > Gambling Controls > Loss Limits","","My Account > Gambling Controls > Loss Limits","#1 User can view their Loss limits ","#1 User can view their Loss limits ",""
"passed","Fri Feb 18 17:26:06 EET 2022","Fri Feb 18 17:26:19 EET 2022","12472","","My Account > Gambling Controls > Account Closure > Take A Break","","My Account > Gambling Controls > Account Closure > Take A Break","#14 Player can continue with chosen 6 weeks option to 'Take A Break' and confirming modal should display.","#14 Player can continue with chosen 6 weeks option to 'Take A Break' and confirming modal should display.",""
"passed","Fri Feb 18 17:36:59 EET 2022","Fri Feb 18 17:37:13 EET 2022","13389","","My Account > Gambling Controls > Loss Limits","","My Account > Gambling Controls > Loss Limits","#4 User can open the Loss Limits Delete modal on delete icon click ","#4 User can open the Loss Limits Delete modal on delete icon click ",""
"passed","Fri Feb 18 17:20:08 EET 2022","Fri Feb 18 17:20:22 EET 2022","14416","","Service unavailable","","Service unavailable","#0 User come to the Location Error page, when service is unavailable","#0 User come to the Location Error page, when service is unavailable",""
"passed","Fri Feb 18 17:28:14 EET 2022","Fri Feb 18 17:28:25 EET 2022","10972","","Recover Password","","Recover Password","#06 Recover Password button displays 'Re-Send Email' text after a successful first attempt.","#06 Recover Password button displays 'Re-Send Email' text after a successful first attempt.",""
"passed","Fri Feb 18 17:37:07 EET 2022","Fri Feb 18 17:37:21 EET 2022","14072","","My Profile > Contact Details","","My Profile > Contact Details","#06 Player can update country code number.","#06 Player can update country code number.",""
"failed","Fri Feb 18 17:37:26 EET 2022","Fri Feb 18 17:37:29 EET 2022","3055","","Home => Terms & Conditions","","Home => Terms & Conditions","#27 User can opened mail client after clicks/taps on “care@merkurslots.com” ","#27 User can opened mail client after clicks/taps on “care@merkurslots.com” ",""
"passed","Fri Feb 18 17:22:42 EET 2022","Fri Feb 18 17:22:47 EET 2022","4255","","Log In","","Log In","#03 Password field is a mandatory field.","#03 Password field is a mandatory field.",""
"failed","Fri Feb 18 17:42:57 EET 2022","Fri Feb 18 17:43:23 EET 2022","26305","","Spin Zone functionality testing","","Spin Zone functionality testing","#7 Player can see recently played games","#7 Player can see recently played games",""
"failed","Fri Feb 18 17:38:34 EET 2022","Fri Feb 18 17:38:47 EET 2022","13012","","My Account > Gambling Controls > Loss Limits","","My Account > Gambling Controls > Loss Limits","#9 User can successfully set a weekly loss limit if not already set ","#9 User can successfully set a weekly loss limit if not already set ",""
"passed","Fri Feb 18 17:21:54 EET 2022","Fri Feb 18 17:21:56 EET 2022","2668","","Landing Page/Shop Welcome page","","Landing Page/Shop Welcome page","#6 User can click on the WELCOME BONUS FULL TERMS AND CONDITIONS","#6 User can click on the WELCOME BONUS FULL TERMS AND CONDITIONS",""
"passed","Fri Feb 18 17:34:51 EET 2022","Fri Feb 18 17:35:06 EET 2022","14804","","Footer functionality testing","","Footer functionality testing","#1 Player can see a light grey bar at the top of the footer","#1 Player can see a light grey bar at the top of the footer",""
"passed","Fri Feb 18 17:30:14 EET 2022","Fri Feb 18 17:30:24 EET 2022","9796","","Registration > Step 4","","Registration > Step 4","#08 User can overwrite Select All option and de-select a preference.","#08 User can overwrite Select All option and de-select a preference.",""
"passed","Fri Feb 18 17:24:18 EET 2022","Fri Feb 18 17:24:33 EET 2022","15131","","My Account > Gambling Controls > Account Closure > Take A Break","","My Account > Gambling Controls > Account Closure > Take A Break","#5 Player cannot continue with 'Take A Break' if a duration is not selected.","#5 Player cannot continue with 'Take A Break' if a duration is not selected.",""
"passed","Fri Feb 18 17:30:07 EET 2022","Fri Feb 18 17:30:14 EET 2022","7046","","Registration > Step 4","","Registration > Step 4","#07 User can opt in to receive Phone marketing preferences.","#07 User can opt in to receive Phone marketing preferences.",""
"failed","Fri Feb 18 17:42:30 EET 2022","Fri Feb 18 17:42:57 EET 2022","26619","","Spin Zone functionality testing","","Spin Zone functionality testing","#6 Player can see total bonus balance","#6 Player can see total bonus balance",""
"failed","Fri Feb 18 17:22:03 EET 2022","Fri Feb 18 17:22:30 EET 2022","27804","","Inbox functionality testing","","Inbox functionality testing","#10 Deleting a message from the inbox which is marked as new should decrease the unread message count badge","#10 Deleting a message from the inbox which is marked as new should decrease the unread message count badge",""
"failed","Fri Feb 18 17:35:49 EET 2022","Fri Feb 18 17:35:52 EET 2022","2711","","Home page => Privacy Policy page","","Home page => Privacy Policy page","#4 User can come to the ICO(Information Commissioner's office) page from Privacy Policy page","#4 User can come to the ICO(Information Commissioner's office) page from Privacy Policy page",""
"failed","Fri Feb 18 17:41:35 EET 2022","Fri Feb 18 17:42:02 EET 2022","26925","","Spin Zone functionality testing","","Spin Zone functionality testing","#4 Player can see total withdrawable cash balance","#4 Player can see total withdrawable cash balance",""
"passed","Fri Feb 18 17:29:59 EET 2022","Fri Feb 18 17:30:10 EET 2022","10915","","Registration > Step 3","","Registration > Step 3","#06 Post Code field is a mandatory field.","#06 Post Code field is a mandatory field.",""
"passed","Fri Feb 18 17:35:09 EET 2022","Fri Feb 18 17:35:11 EET 2022","1813","","Expired Link Error","","Expired Link Error","#3 User can come to the Home page from ""Expired Link"" error page. ","#3 User can come to the Home page from ""Expired Link"" error page. ",""
"passed","Fri Feb 18 17:21:41 EET 2022","Fri Feb 18 17:21:46 EET 2022","4356","","Landing Page/Shop Welcome page","","Landing Page/Shop Welcome page","#4 User clicks on ""Be Aware Gambling"" link at Shop Welcome page","#4 User clicks on ""Be Aware Gambling"" link at Shop Welcome page",""
"failed","Fri Feb 18 17:43:44 EET 2022","Fri Feb 18 17:44:54 EET 2022","70588","","My Account -> Deposit","","My Account -> Deposit","#8 Check user is displayed with a declined modal when safecharge returns a declined response","#8 Check user is displayed with a declined modal when safecharge returns a declined response",""
"passed","Fri Feb 18 17:21:22 EET 2022","Fri Feb 18 17:21:26 EET 2022","3606","","Landing Page/Welcome Offer page","","Landing Page/Welcome Offer page","#8 User can come to the Promotion page from the Welcome Offer page","#8 User can come to the Promotion page from the Welcome Offer page",""
"passed","Fri Feb 18 17:24:32 EET 2022","Fri Feb 18 17:24:44 EET 2022","12737","","My Account > Gambling Controls > Account Closure > Self Exclusion","","My Account > Gambling Controls > Account Closure > Self Exclusion","#7 Player can choose 6 months option for 'Self Exclusion' and this option should be selected.","#7 Player can choose 6 months option for 'Self Exclusion' and this option should be selected.",""
"passed","Fri Feb 18 17:43:57 EET 2022","Fri Feb 18 17:44:11 EET 2022","13522","","My Account > Gambling Controls > Deposit Limits","","My Account > Gambling Controls > Deposit Limits","#23 Player can close 'How deposit limits work' modal.","#23 Player can close 'How deposit limits work' modal.",""
"passed","Fri Feb 18 17:26:43 EET 2022","Fri Feb 18 17:26:58 EET 2022","15015","","My Account > Gambling Controls > Account Closure > Self Exclusion","","My Account > Gambling Controls > Account Closure > Self Exclusion","#17 Player can press 'BACK' for confirmating modal after chosen for 6 months 'Self Exclusion' and should return to previous step.","#17 Player can press 'BACK' for confirmating modal after chosen for 6 months 'Self Exclusion' and should return to previous step.",""
"passed","Fri Feb 18 17:35:14 EET 2022","Fri Feb 18 17:35:16 EET 2022","1994","","Expired Link Error","","Expired Link Error","#5 User can click on Login button and see Login page. ","#5 User can click on Login button and see Login page. ",""
"passed","Fri Feb 18 17:35:19 EET 2022","Fri Feb 18 17:35:23 EET 2022","3735","","Footer functionality testing","","Footer functionality testing","#3 Player can see partners logos","#3 Player can see partners logos",""
"passed","Fri Feb 18 17:24:57 EET 2022","Fri Feb 18 17:25:11 EET 2022","13371","","My Account > Gambling Controls > Account Closure > Self Exclusion","","My Account > Gambling Controls > Account Closure > Self Exclusion","#9 Player can choose 18 months option for 'Self Exclusion' and this option should be selected.","#9 Player can choose 18 months option for 'Self Exclusion' and this option should be selected.",""
"passed","Fri Feb 18 17:35:16 EET 2022","Fri Feb 18 17:35:17 EET 2022","1055","","404 error page functionality testing.","","404 error page functionality testing.","#4 Player can click ""Join"" button and after that it will redirect to Register page.","#4 Player can click ""Join"" button and after that it will redirect to Register page.",""
"passed","Fri Feb 18 17:29:10 EET 2022","Fri Feb 18 17:29:14 EET 2022","3509","","Registration > Step 1","","Registration > Step 1","#29 User can successfully enter email address with uppercase letters.","#29 User can successfully enter email address with uppercase letters.",""
"passed","Fri Feb 18 17:21:01 EET 2022","Fri Feb 18 17:21:05 EET 2022","3693","","Landing Page/Welcome Offer page","","Landing Page/Welcome Offer page","#4 User clicks on ""Be Aware Gambling"" link at Welcome Offer page","#4 User clicks on ""Be Aware Gambling"" link at Welcome Offer page",""
"passed","Fri Feb 18 17:26:30 EET 2022","Fri Feb 18 17:26:43 EET 2022","12705","","My Account > Gambling Controls > Account Closure > Self Exclusion","","My Account > Gambling Controls > Account Closure > Self Exclusion","#16 Player can continue with chosen 5 years option to 'Self Exclusion' and confirming modal should display.","#16 Player can continue with chosen 5 years option to 'Self Exclusion' and confirming modal should display.",""
"failed","Fri Feb 18 17:44:22 EET 2022","Fri Feb 18 17:44:48 EET 2022","26096","","Spin Zone functionality testing","","Spin Zone functionality testing","#10 Player can close game","#10 Player can close game",""
"passed","Fri Feb 18 17:22:40 EET 2022","Fri Feb 18 17:22:47 EET 2022","7245","","Home page => Responsible Gambling page","","Home page => Responsible Gambling page","#4 User can come to the ""Block Access to Gambling Websites and Apps Worldwide"" page from Responsible Gambling page","#4 User can come to the ""Block Access to Gambling Websites and Apps Worldwide"" page from Responsible Gambling page",""
"passed","Fri Feb 18 17:40:17 EET 2022","Fri Feb 18 17:40:32 EET 2022","15443","","My Account > Gambling Controls > Deposit Limits","","My Account > Gambling Controls > Deposit Limits","#13 Player can open the Deposit Limits Delete modal on delete icon click and click on edit icon in the input field.","#13 Player can open the Deposit Limits Delete modal on delete icon click and click on edit icon in the input field.",""
"failed","Fri Feb 18 17:40:06 EET 2022","Fri Feb 18 17:40:17 EET 2022","10415","","My Account > Gambling Controls > Deposit Limits","","My Account > Gambling Controls > Deposit Limits","#12 Player can successfully set a monthly deposit limit if not already set.","#12 Player can successfully set a monthly deposit limit if not already set.",""
"passed","Fri Feb 18 17:36:52 EET 2022","Fri Feb 18 17:36:54 EET 2022","2550","","Home => Terms & Conditions","","Home => Terms & Conditions","#17 User can see the Errors, Interruptions and Malfunctions section on terms and conditions page","#17 User can see the Errors, Interruptions and Malfunctions section on terms and conditions page",""
"passed","Fri Feb 18 17:24:03 EET 2022","Fri Feb 18 17:24:18 EET 2022","14525","","My Account > Gambling Controls > Account Closure > Take A Break","","My Account > Gambling Controls > Account Closure > Take A Break","#3 Player can press 'Back' button of the 'Take A Break' modal.","#3 Player can press 'Back' button of the 'Take A Break' modal.",""
"passed","Fri Feb 18 17:35:17 EET 2022","Fri Feb 18 17:35:22 EET 2022","5424","","404 error page functionality testing.","","404 error page functionality testing.","#5 Player can click ""Login"" button, open login window and successfully login.","#5 Player can click ""Login"" button, open login window and successfully login.",""
"passed","Fri Feb 18 17:21:46 EET 2022","Fri Feb 18 17:21:54 EET 2022","8084","","Inbox functionality testing","","Inbox functionality testing","#8 Player with 15 or more messages, view more button is shown","#8 Player with 15 or more messages, view more button is shown",""
"passed","Fri Feb 18 17:36:10 EET 2022","Fri Feb 18 17:36:15 EET 2022","4597","","Home => Terms & Conditions","","Home => Terms & Conditions","#7 User can come to the GamStop page from terms and conditions page","#7 User can come to the GamStop page from terms and conditions page",""
"failed","Fri Feb 18 17:39:44 EET 2022","Fri Feb 18 17:39:56 EET 2022","11821","","My Profile > Communications Preferences","","My Profile > Communications Preferences","#12 Player can uneselect just phone preferences using the phone toggle (phone already toggled on), which upon saving updates the account area accordingly","#12 Player can uneselect just phone preferences using the phone toggle (phone already toggled on), which upon saving updates the account area accordingly",""
"passed","Fri Feb 18 17:30:56 EET 2022","Fri Feb 18 17:31:08 EET 2022","11337","","UnsubscribePage","","UnsubscribePage","#4 User can check ‘Other’ radio button and the text input will be displayed","#4 User can check ‘Other’ radio button and the text input will be displayed",""
"passed","Fri Feb 18 17:23:02 EET 2022","Fri Feb 18 17:23:07 EET 2022","5702","","Log In","","Log In","#07 Player cannot login when entering an incorrect password.","#07 Player cannot login when entering an incorrect password.",""
"passed","Fri Feb 18 17:28:59 EET 2022","Fri Feb 18 17:29:04 EET 2022","4422","","Registration > Step 2","","Registration > Step 2","#06 User cannot enter less that 2 characters into step 2 name input fields.","#06 User cannot enter less that 2 characters into step 2 name input fields.",""
"passed","Fri Feb 18 17:35:55 EET 2022","Fri Feb 18 17:35:59 EET 2022","4061","","Home => Terms & Conditions","","Home => Terms & Conditions","#4 User can come to the Responsible Gambling page from terms and conditions page","#4 User can come to the Responsible Gambling page from terms and conditions page",""
"passed","Fri Feb 18 17:36:25 EET 2022","Fri Feb 18 17:36:29 EET 2022","4013","","Home => Terms & Conditions","","Home => Terms & Conditions","#9 User can see Introduction section on terms and conditions page","#9 User can see Introduction section on terms and conditions page",""
"failed","Fri Feb 18 17:37:50 EET 2022","Fri Feb 18 17:38:00 EET 2022","9718","","My Account > Gambling Controls > Deposit Limits","","My Account > Gambling Controls > Deposit Limits","#3 Player can close the Deposit Limits modal.","#3 Player can close the Deposit Limits modal.",""
"passed","Fri Feb 18 17:24:47 EET 2022","Fri Feb 18 17:25:00 EET 2022","13005","","My Account > Gambling Controls > Account Closure > Take A Break","","My Account > Gambling Controls > Account Closure > Take A Break","#8 Player can choose 1 week option for 'Take A Break' and this option should be selected.","#8 Player can choose 1 week option for 'Take A Break' and this option should be selected.",""
"passed","Fri Feb 18 17:21:56 EET 2022","Fri Feb 18 17:22:00 EET 2022","3594","","Landing Page/Shop Welcome page","","Landing Page/Shop Welcome page","#7 User can come to the ""Be Gambling Aware"" site from the Shop Welcome page","#7 User can come to the ""Be Gambling Aware"" site from the Shop Welcome page",""
"failed","Fri Feb 18 17:41:34 EET 2022","Fri Feb 18 17:42:39 EET 2022","64802","","My Account -> Deposit","","My Account -> Deposit","#6 Check user is able to select PayPal payment method and is provided with the correct information for this payment method","#6 Check user is able to select PayPal payment method and is provided with the correct information for this payment method",""
"passed","Fri Feb 18 17:24:42 EET 2022","Fri Feb 18 17:25:01 EET 2022","19601","","My Account > Gambling Controls > Play Reminders","","My Account > Gambling Controls > Play Reminders","#6 Player can successfully set a 'Time Limit'.","#6 Player can successfully set a 'Time Limit'.",""
"passed","Fri Feb 18 17:24:17 EET 2022","Fri Feb 18 17:24:31 EET 2022","14683","","My Account > Gambling Controls > Account Closure > Self Exclusion","","My Account > Gambling Controls > Account Closure > Self Exclusion","#5 Player cannot continue with 'Self Exclusion' if a duration is not selected.","#5 Player cannot continue with 'Self Exclusion' if a duration is not selected.",""
"passed","Fri Feb 18 17:30:27 EET 2022","Fri Feb 18 17:30:34 EET 2022","7097","","Slots page","","Slots page","#8 User hover the game card and click on CTA 'INFO' and go to info page, click on JOIN and see register page","#8 User hover the game card and click on CTA 'INFO' and go to info page, click on JOIN and see register page",""
"failed","Fri Feb 18 17:39:33 EET 2022","Fri Feb 18 17:40:09 EET 2022","36229","","My Account > Gambling Controls > Loss Limits","","My Account > Gambling Controls > Loss Limits","#12 User can successfully change their Loss Limit with a decimal value and receive a success toast on submitting the new amount. ","#12 User can successfully change their Loss Limit with a decimal value and receive a success toast on submitting the new amount. ",""
"passed","Fri Feb 18 17:37:08 EET 2022","Fri Feb 18 17:37:11 EET 2022","2832","","Home => Terms & Conditions","","Home => Terms & Conditions","#22 User can see the Promotions section on terms and conditions page","#22 User can see the Promotions section on terms and conditions page",""
"passed","Fri Feb 18 17:35:27 EET 2022","Fri Feb 18 17:35:43 EET 2022","15915","","Home => Terms & Conditions","","Home => Terms & Conditions","#1 User can come to the help center from terms and conditions page","#1 User can come to the help center from terms and conditions page",""
"passed","Fri Feb 18 17:36:09 EET 2022","Fri Feb 18 17:36:24 EET 2022","15515","","My Profile > Contact Details","","My Profile > Contact Details","#03 Player can select to edit their telephone number and cancel out of the modal.","#03 Player can select to edit their telephone number and cancel out of the modal.",""
"passed","Fri Feb 18 17:35:57 EET 2022","Fri Feb 18 17:36:09 EET 2022","12001","","My Profile > Contact Details","","My Profile > Contact Details","#02 Player can select to edit their telephone number and be presented with an edit modal.","#02 Player can select to edit their telephone number and be presented with an edit modal.",""
"passed","Fri Feb 18 17:31:42 EET 2022","Fri Feb 18 17:31:54 EET 2022","11589","","UnsubscribePage","","UnsubscribePage","#7 User can click on ‘Continue’ button in the ‘Re-subscribe’ success window and the Home page will be displayed.","#7 User can click on ‘Continue’ button in the ‘Re-subscribe’ success window and the Home page will be displayed.",""
"passed","Fri Feb 18 17:23:54 EET 2022","Fri Feb 18 17:24:10 EET 2022","16600","","My Account > Gambling Controls > Play Reminders","","My Account > Gambling Controls > Play Reminders","#3 Player can cancel out of the 'Time Limit' modal.","#3 Player can cancel out of the 'Time Limit' modal.",""
"passed","Fri Feb 18 17:29:59 EET 2022","Fri Feb 18 17:30:07 EET 2022","7930","","Registration > Step 4","","Registration > Step 4","#06 User can opt in to receive Post marketing preferences.","#06 User can opt in to receive Post marketing preferences.",""
"passed","Fri Feb 18 17:36:29 EET 2022","Fri Feb 18 17:36:33 EET 2022","4120","","Home => Terms & Conditions","","Home => Terms & Conditions","#10 User can see the Terms and Conditions section on terms and conditions page","#10 User can see the Terms and Conditions section on terms and conditions page",""
"failed","Fri Feb 18 17:38:37 EET 2022","Fri Feb 18 17:38:47 EET 2022","10362","","My Profile > Communications Preferences","","My Profile > Communications Preferences","#6 Player can edit their preferences and select just the Text toggle, which upon saving updates the account area accordingly","#6 Player can edit their preferences and select just the Text toggle, which upon saving updates the account area accordingly",""
"passed","Fri Feb 18 17:21:31 EET 2022","Fri Feb 18 17:21:33 EET 2022","2850","","Landing Page/Shop Welcome page","","Landing Page/Shop Welcome page","#1 User come to the Shop Welcome page ","#1 User come to the Shop Welcome page ",""
"passed","Fri Feb 18 17:26:19 EET 2022","Fri Feb 18 17:26:34 EET 2022","14675","","My Account > Gambling Controls > Account Closure > Take A Break","","My Account > Gambling Controls > Account Closure > Take A Break","#15 Player can choose to view the 'Self Exclusion' service from the 'Take A Break' modal.","#15 Player can choose to view the 'Self Exclusion' service from the 'Take A Break' modal.",""
"passed","Fri Feb 18 17:28:36 EET 2022","Fri Feb 18 17:28:43 EET 2022","7447","","Registration > Step 1","","Registration > Step 1","#05 User can select the 'Login' button on the 'Account already exists' drawer and is displayed the Login form.","#05 User can select the 'Login' button on the 'Account already exists' drawer and is displayed the Login form.",""
"passed","Fri Feb 18 17:29:22 EET 2022","Fri Feb 18 17:29:27 EET 2022","4799","","Registration > Step 2","","Registration > Step 2","13 User is required to be 18 or over.","13 User is required to be 18 or over.",""
"failed","Fri Feb 18 17:40:32 EET 2022","Fri Feb 18 17:41:07 EET 2022","35133","","My Account > Gambling Controls > Deposit Limits","","My Account > Gambling Controls > Deposit Limits","#14 Player can successfully set Deposit Limit to the minimum allowed value and will receive a success toast on submitting the new amount.","#14 Player can successfully set Deposit Limit to the minimum allowed value and will receive a success toast on submitting the new amount.",""
"failed","Fri Feb 18 17:38:47 EET 2022","Fri Feb 18 17:39:00 EET 2022","12695","","My Account > Gambling Controls > Loss Limits","","My Account > Gambling Controls > Loss Limits","#10 User can successfully set a monthly loss limit if not already set ","#10 User can successfully set a monthly loss limit if not already set ",""
"passed","Fri Feb 18 17:22:47 EET 2022","Fri Feb 18 17:22:51 EET 2022","4696","","Log In","","Log In","#04 Player cannot submit blank details on the Login Form.","#04 Player cannot submit blank details on the Login Form.",""
"failed","Fri Feb 18 17:40:09 EET 2022","Fri Feb 18 17:40:43 EET 2022","33484","","My Account > Gambling Controls > Loss Limits","","My Account > Gambling Controls > Loss Limits","#13 User cannot set a Loss Limit lower than the minimum amount. ","#13 User cannot set a Loss Limit lower than the minimum amount. ",""
"passed","Fri Feb 18 17:30:34 EET 2022","Fri Feb 18 17:30:39 EET 2022","4348","","Slots page","","Slots page","#9 User hover the game card and click on it and login modal appears","#9 User hover the game card and click on it and login modal appears",""
"passed","Fri Feb 18 17:36:44 EET 2022","Fri Feb 18 17:36:59 EET 2022","15172","","My Account > Gambling Controls > Loss Limits","","My Account > Gambling Controls > Loss Limits","#3 User can close the Loss Limits Edit modal","#3 User can close the Loss Limits Edit modal",""
"passed","Fri Feb 18 17:20:21 EET 2022","Fri Feb 18 17:20:22 EET 2022","948","","User come to the 'Planned Maintenance' error page","","User come to the 'Planned Maintenance' error page","#2 User can come to the Home page from ""Planned Maintenance"" error page","#2 User can come to the Home page from ""Planned Maintenance"" error page",""
"passed","Fri Feb 18 17:23:15 EET 2022","Fri Feb 18 17:23:20 EET 2022","5163","","Log In","","Log In","#14 Player can select the link to recover their password.","#14 Player can select the link to recover their password.",""
"failed","Fri Feb 18 17:38:16 EET 2022","Fri Feb 18 17:38:27 EET 2022","10545","","My Profile > Communications Preferences","","My Profile > Communications Preferences","#4 Player can edit their preferences and toggle all preferences with the select all toggle, which upon saving updates the account area","#4 Player can edit their preferences and toggle all preferences with the select all toggle, which upon saving updates the account area",""
"passed","Fri Feb 18 17:25:23 EET 2022","Fri Feb 18 17:25:37 EET 2022","13408","","My Account > Gambling Controls > Account Closure > Self Exclusion","","My Account > Gambling Controls > Account Closure > Self Exclusion","#11 Player can choose 5 years option for 'Self Exclusion' and this option should be selected.","#11 Player can choose 5 years option for 'Self Exclusion' and this option should be selected.",""
"passed","Fri Feb 18 17:36:42 EET 2022","Fri Feb 18 17:36:45 EET 2022","3027","","Home => Terms & Conditions","","Home => Terms & Conditions","#14 User can see the Your Account section on terms and conditions page","#14 User can see the Your Account section on terms and conditions page",""
"failed","Fri Feb 18 17:37:29 EET 2022","Fri Feb 18 17:37:33 EET 2022","3929","","Home => Terms & Conditions","","Home => Terms & Conditions","#28 User can opened mail client after clicks/taps on “complaintsMGA@merkurslots.com” ","#28 User can opened mail client after clicks/taps on “complaintsMGA@merkurslots.com” ",""
"passed","Fri Feb 18 17:23:11 EET 2022","Fri Feb 18 17:23:15 EET 2022","4294","","Log In","","Log In","#13 Player should be able to show/hide their input into the Password field.","#13 Player should be able to show/hide their input into the Password field.",""
"passed","Fri Feb 18 17:37:59 EET 2022","Fri Feb 18 17:38:12 EET 2022","13016","","My Account > Settings > Change Password","","My Account > Settings > Change Password","#01 Player can cancel out of the Change Password modal.","#01 Player can cancel out of the Change Password modal.",""
"failed","Fri Feb 18 17:35:42 EET 2022","Fri Feb 18 17:35:57 EET 2022","14936","","My Profile > Contact Details","","My Profile > Contact Details","#01 Player can view their contact details.","#01 Player can view their contact details.",""
"passed","Fri Feb 18 17:37:35 EET 2022","Fri Feb 18 17:37:59 EET 2022","23768","","My Account > Settings > Change Password","","My Account > Settings > Change Password","#00 Player can close the Change Password modal.","#00 Player can close the Change Password modal.",""
"passed","Fri Feb 18 17:29:45 EET 2022","Fri Feb 18 17:29:52 EET 2022","6910","","Registration > Step 3","","Registration > Step 3","#03 Address Line 1 field is a mandatory field.","#03 Address Line 1 field is a mandatory field.",""
"failed","Fri Feb 18 17:42:39 EET 2022","Fri Feb 18 17:43:44 EET 2022","64809","","My Account -> Deposit","","My Account -> Deposit","#7 Check user is able to deposit with a valid card and is presented with success modal","#7 Check user is able to deposit with a valid card and is presented with success modal",""
"passed","Fri Feb 18 17:22:50 EET 2022","Fri Feb 18 17:23:05 EET 2022","14525","","Logout","","Logout","#01 Player can successfully logout.","#01 Player can successfully logout.",""
"passed","Fri Feb 18 17:20:08 EET 2022","Fri Feb 18 17:20:20 EET 2022","11976","","User come to the 'Planned Maintenance' error page","","User come to the 'Planned Maintenance' error page","#0 User come to the ""Planned Maintenance"" error page","#0 User come to the ""Planned Maintenance"" error page",""
"passed","Fri Feb 18 17:28:24 EET 2022","Fri Feb 18 17:28:29 EET 2022","5479","","Registration > Step 1","","Registration > Step 1","#03 User is prompted with the 'Account already exists' drawer if they enter an email address that already exists.","#03 User is prompted with the 'Account already exists' drawer if they enter an email address that already exists.",""
"passed","Fri Feb 18 17:29:32 EET 2022","Fri Feb 18 17:29:43 EET 2022","11003","","Registration > Step 4","","Registration > Step 4","#01 User is displayed the correct content and defaut options for Step 4.","#01 User is displayed the correct content and defaut options for Step 4.",""
"passed","Fri Feb 18 17:37:01 EET 2022","Fri Feb 18 17:37:04 EET 2022","3456","","Home => Terms & Conditions","","Home => Terms & Conditions","#20 User can see the Suspension/Termination of your Account section on terms and conditions page","#20 User can see the Suspension/Termination of your Account section on terms and conditions page",""
"failed","Fri Feb 18 17:41:48 EET 2022","Fri Feb 18 17:42:20 EET 2022","32234","","My Account > Gambling Controls > Loss Limits","","My Account > Gambling Controls > Loss Limits","#16 User can only enter numeric digits into the set Loss Limit field. ","#16 User can only enter numeric digits into the set Loss Limit field. ",""
"passed","Fri Feb 18 17:31:28 EET 2022","Fri Feb 18 17:31:34 EET 2022","6319","","Registration > Step 3","","Registration > Step 3","#19 User can select a Country Code from the dropdown menu.","#19 User can select a Country Code from the dropdown menu.",""
"passed","Fri Feb 18 17:23:36 EET 2022","Fri Feb 18 17:23:54 EET 2022","17662","","My Account > Gambling Controls > Play Reminders","","My Account > Gambling Controls > Play Reminders","#2 Player can close the 'Time Limit' modal.","#2 Player can close the 'Time Limit' modal.",""
"failed","Fri Feb 18 17:38:02 EET 2022","Fri Feb 18 17:38:34 EET 2022","32154","","My Account > Gambling Controls > Loss Limits","","My Account > Gambling Controls > Loss Limits","#8 User can successfully set a daily loss limit if not already set ","#8 User can successfully set a daily loss limit if not already set ",""
"passed","Fri Feb 18 17:30:39 EET 2022","Fri Feb 18 17:30:49 EET 2022","9590","","Registration > Step 3","","Registration > Step 3","#14 User can enter valid details on Step 3 and progress to Step 4 of the registration process.","#14 User can enter valid details on Step 3 and progress to Step 4 of the registration process.",""
"passed","Fri Feb 18 17:28:21 EET 2022","Fri Feb 18 17:28:24 EET 2022","2366","","Registration > Step 1","","Registration > Step 1","#02 Email Address is a mandatory field.","#02 Email Address is a mandatory field.",""
"passed","Fri Feb 18 17:31:22 EET 2022","Fri Feb 18 17:31:28 EET 2022","5934","","Registration > Step 3","","Registration > Step 3","#18 Country Code is populated by default.","#18 Country Code is populated by default.",""
"passed","Fri Feb 18 17:25:50 EET 2022","Fri Feb 18 17:26:04 EET 2022","13366","","My Account > Gambling Controls > Account Closure > Self Exclusion","","My Account > Gambling Controls > Account Closure > Self Exclusion","#13 Player can continue with chosen 12 months option to 'Self Exclusion' and confirming modal should display.","#13 Player can continue with chosen 12 months option to 'Self Exclusion' and confirming modal should display.",""
"passed","Fri Feb 18 17:25:53 EET 2022","Fri Feb 18 17:26:06 EET 2022","12980","","My Account > Gambling Controls > Account Closure > Take A Break","","My Account > Gambling Controls > Account Closure > Take A Break","#13 Player can continue with chosen 3 weeks option to 'Take A Break' and confirming modal should display.","#13 Player can continue with chosen 3 weeks option to 'Take A Break' and confirming modal should display.",""
"failed","Fri Feb 18 17:39:56 EET 2022","Fri Feb 18 17:40:06 EET 2022","10686","","My Account > Gambling Controls > Deposit Limits","","My Account > Gambling Controls > Deposit Limits","#11 Player can successfully set a weekly deposit limit if not already set.","#11 Player can successfully set a weekly deposit limit if not already set.",""
"passed","Fri Feb 18 17:30:37 EET 2022","Fri Feb 18 17:30:45 EET 2022","8343","","UnsubscribePage","","UnsubscribePage","#2 User can click on ‘I’ve changed my mind’ button and go to home page.","#2 User can click on ‘I’ve changed my mind’ button and go to home page.",""
"passed","Fri Feb 18 17:25:11 EET 2022","Fri Feb 18 17:25:23 EET 2022","12945","","My Account > Gambling Controls > Account Closure > Self Exclusion","","My Account > Gambling Controls > Account Closure > Self Exclusion","#10 Player can choose 2 years option for 'Self Exclusion' and this option should be selected.","#10 Player can choose 2 years option for 'Self Exclusion' and this option should be selected.",""
"passed","Fri Feb 18 17:31:05 EET 2022","Fri Feb 18 17:31:15 EET 2022","10265","","Registration > Step 4","","Registration > Step 4","#13 User doesn`t click on confirm checkbox, tries to click success registration button and error text is shown.","#13 User doesn`t click on confirm checkbox, tries to click success registration button and error text is shown.",""
"passed","Fri Feb 18 17:34:52 EET 2022","Fri Feb 18 17:35:12 EET 2022","20570","","Homepage","","Homepage","#1 Player can navigate to the registration page via the 'Join'.","#1 Player can navigate to the registration page via the 'Join'.",""
"passed","Fri Feb 18 17:36:02 EET 2022","Fri Feb 18 17:36:10 EET 2022","8258","","Home => Terms & Conditions","","Home => Terms & Conditions","#6 User can come to the GamCare page from terms and conditions page","#6 User can come to the GamCare page from terms and conditions page",""
"passed","Fri Feb 18 17:25:00 EET 2022","Fri Feb 18 17:25:13 EET 2022","13171","","My Account > Gambling Controls > Account Closure > Take A Break","","My Account > Gambling Controls > Account Closure > Take A Break","#9 Player can choose 3 weeks option for 'Take A Break' and this option should be selected.","#9 Player can choose 3 weeks option for 'Take A Break' and this option should be selected.",""
"passed","Fri Feb 18 17:23:16 EET 2022","Fri Feb 18 17:23:36 EET 2022","20071","","My Account > Gambling Controls > Play Reminders","","My Account > Gambling Controls > Play Reminders","#1 Player can select to edit their 'Time Limit' and is displayed the Play Reminders modal.","#1 Player can select to edit their 'Time Limit' and is displayed the Play Reminders modal.",""
"passed","Fri Feb 18 17:28:43 EET 2022","Fri Feb 18 17:28:49 EET 2022","6114","","Registration > Step 1","","Registration > Step 1","#06 User can not register with an email address that already exists.","#06 User can not register with an email address that already exists.",""
"passed","Fri Feb 18 17:31:32 EET 2022","Fri Feb 18 17:31:39 EET 2022","7119","","Registration > Step 4","","Registration > Step 4","#05 User can opt in to receive SMS marketing preferences.","#05 User can opt in to receive SMS marketing preferences.",""
"passed","Fri Feb 18 17:28:47 EET 2022","Fri Feb 18 17:28:51 EET 2022","4081","","Registration > Step 2","","Registration > Step 2","#03 First Name is a mandatory field.","#03 First Name is a mandatory field.",""
"passed","Fri Feb 18 17:30:24 EET 2022","Fri Feb 18 17:30:32 EET 2022","7564","","Registration > Step 3","","Registration > Step 3","#09 User cannot enter invalid characters into the City field.","#09 User cannot enter invalid characters into the City field.",""
"passed","Fri Feb 18 17:25:19 EET 2022","Fri Feb 18 17:25:32 EET 2022","12881","","My Account > Gambling Controls > Play Reminders","","My Account > Gambling Controls > Play Reminders","#8 Player can successfully delete their 'Time Limit' on delete icon click.","#8 Player can successfully delete their 'Time Limit' on delete icon click.",""
"failed","Fri Feb 18 17:35:54 EET 2022","Fri Feb 18 17:37:08 EET 2022","73471","","My Account -> Deposit","","My Account -> Deposit","#1 Check user is able to access the deposit modal via the account menu and is displayed with the option to fill in card details by default","#1 Check user is able to access the deposit modal via the account menu and is displayed with the option to fill in card details by default",""
"passed","Fri Feb 18 17:35:47 EET 2022","Fri Feb 18 17:35:55 EET 2022","7478","","Home => Terms & Conditions","","Home => Terms & Conditions","#3 User can come to the Gambling commission page from terms and conditions page","#3 User can come to the Gambling commission page from terms and conditions page",""
"failed","Fri Feb 18 17:38:37 EET 2022","Fri Feb 18 17:39:42 EET 2022","65283","","Homepage","","Homepage","#5 The details balance card is dismissed when the user clicks outside the modal","#5 The details balance card is dismissed when the user clicks outside the modal",""
"failed","Fri Feb 18 17:38:47 EET 2022","Fri Feb 18 17:38:58 EET 2022","10491","","My Profile > Communications Preferences","","My Profile > Communications Preferences","#7 Player can edit their preferences and select just the Post toggle, which upon saving updates the account area accordingly","#7 Player can edit their preferences and select just the Post toggle, which upon saving updates the account area accordingly",""
"passed","Fri Feb 18 17:21:14 EET 2022","Fri Feb 18 17:21:18 EET 2022","3554","","Landing Page/Welcome Offer page","","Landing Page/Welcome Offer page","#6 User can click on the WELCOME BONUS FULL TERMS AND CONDITIONS","#6 User can click on the WELCOME BONUS FULL TERMS AND CONDITIONS",""
"passed","Fri Feb 18 17:36:37 EET 2022","Fri Feb 18 17:36:40 EET 2022","3471","","Home => Terms & Conditions","","Home => Terms & Conditions","#12 User can see the Changes to the Terms section on terms and conditions page","#12 User can see the Changes to the Terms section on terms and conditions page",""
"passed","Fri Feb 18 17:29:55 EET 2022","Fri Feb 18 17:30:00 EET 2022","4899","","Slots page","","Slots page","#2 User can see hero banner carousel and can scroll it","#2 User can see hero banner carousel and can scroll it",""
"passed","Fri Feb 18 17:36:54 EET 2022","Fri Feb 18 17:36:58 EET 2022","3297","","Home => Terms & Conditions","","Home => Terms & Conditions","#18 User can see the Anti-Money Laundering section on terms and conditions page","#18 User can see the Anti-Money Laundering section on terms and conditions page",""
"passed","Fri Feb 18 17:31:06 EET 2022","Fri Feb 18 17:31:15 EET 2022","9481","","Registration > Step 3","","Registration > Step 3","#16 Phone Number will display an error when entering non-numeric values into input.","#16 Phone Number will display an error when entering non-numeric values into input.",""
"passed","Fri Feb 18 17:30:32 EET 2022","Fri Feb 18 17:30:39 EET 2022","7508","","Registration > Step 3","","Registration > Step 3","#11 User cannot enter invalid characters into the Post Code field.","#11 User cannot enter invalid characters into the Post Code field.",""
"passed","Fri Feb 18 17:22:38 EET 2022","Fri Feb 18 17:22:42 EET 2022","4256","","Log In","","Log In","#02 Email Address is a mandatory field.","#02 Email Address is a mandatory field.",""
"failed","Fri Feb 18 17:48:28 EET 2022","Fri Feb 18 17:49:32 EET 2022","64399","","Homepage","","Homepage","#14 Casino amount does not display when total bonus amount is zero and displays correct total balance of £0.00","#14 Casino amount does not display when total bonus amount is zero and displays correct total balance of £0.00",""
"passed","Fri Feb 18 17:27:50 EET 2022","Fri Feb 18 17:27:56 EET 2022","6331","","Recover Password","","Recover Password","#02 Player cannot submit a blank email address on the recover password form.","#02 Player cannot submit a blank email address on the recover password form.",""
"failed","Fri Feb 18 17:45:11 EET 2022","Fri Feb 18 17:46:19 EET 2022","68116","","Homepage","","Homepage","#11 User is displayed with the correct cash balance format in the dropdown card when balance exceeds 9999 (five figure balance)","#11 User is displayed with the correct cash balance format in the dropdown card when balance exceeds 9999 (five figure balance)",""
"passed","Fri Feb 18 17:21:46 EET 2022","Fri Feb 18 17:21:54 EET 2022","7910","","Landing Page/Shop Welcome page","","Landing Page/Shop Welcome page","#5 User try to click on PLAY CTA of Popular game at Shop Welcome page","#5 User try to click on PLAY CTA of Popular game at Shop Welcome page",""
"passed","Fri Feb 18 17:36:41 EET 2022","Fri Feb 18 17:36:54 EET 2022","13422","","My Profile > Contact Details","","My Profile > Contact Details","#04 Player can update their telephone number.","#04 Player can update their telephone number.",""
"failed","Fri Feb 18 17:40:47 EET 2022","Fri Feb 18 17:41:52 EET 2022","64826","","Homepage","","Homepage","#7 Balance preview updates correctly upon refresh when a users balance is adjusted","#7 Balance preview updates correctly upon refresh when a users balance is adjusted",""
"failed","Fri Feb 18 17:37:31 EET 2022","Fri Feb 18 17:38:37 EET 2022","65396","","Homepage","","Homepage","#4 The details balance card is dismissed when the user clicks it","#4 The details balance card is dismissed when the user clicks it",""
"failed","Fri Feb 18 17:42:59 EET 2022","Fri Feb 18 17:43:21 EET 2022","21855","","My Account > Gambling Controls > Deposit Limits","","My Account > Gambling Controls > Deposit Limits","#19 Player can only enter numeric digits into the set Deposit Limit field.","#19 Player can only enter numeric digits into the set Deposit Limit field.",""
"failed","Fri Feb 18 17:41:52 EET 2022","Fri Feb 18 17:42:57 EET 2022","64723","","Homepage","","Homepage","#8 Cash amount is updated correctly in the dropdown details when cash balance is adjusted","#8 Cash amount is updated correctly in the dropdown details when cash balance is adjusted",""
"passed","Fri Feb 18 17:30:42 EET 2022","Fri Feb 18 17:30:52 EET 2022","10181","","Slots page","","Slots page","#11 User logged in and hover the game card and click on CTA ""PLAY NOW"" and go to game page","#11 User logged in and hover the game card and click on CTA ""PLAY NOW"" and go to game page",""
"passed","Fri Feb 18 17:39:18 EET 2022","Fri Feb 18 17:39:31 EET 2022","12393","","My Account > Settings > Change Password","","My Account > Settings > Change Password","#07 New password must contain a number.","#07 New password must contain a number.",""
"failed","Fri Feb 18 17:42:24 EET 2022","Fri Feb 18 17:42:59 EET 2022","34276","","My Account > Gambling Controls > Deposit Limits","","My Account > Gambling Controls > Deposit Limits","#18 Player can submit a blank value in the Deposit Limits.","#18 Player can submit a blank value in the Deposit Limits.",""
"failed","Fri Feb 18 17:35:12 EET 2022","Fri Feb 18 17:36:23 EET 2022","70391","","Homepage","","Homepage","#2 Authenticated users can preview their balance in the navigation bar","#2 Authenticated users can preview their balance in the navigation bar",""
"passed","Fri Feb 18 17:43:32 EET 2022","Fri Feb 18 17:43:46 EET 2022","13990","","My Account > Gambling Controls > Deposit Limits","","My Account > Gambling Controls > Deposit Limits","#21 Player can close 'History' modal.","#21 Player can close 'History' modal.",""
"failed","Fri Feb 18 17:46:19 EET 2022","Fri Feb 18 17:47:24 EET 2022","65110","","Homepage","","Homepage","#12 Balance preview correctly displays £0.00 if user has no balance","#12 Balance preview correctly displays £0.00 if user has no balance",""
"failed","Fri Feb 18 17:42:57 EET 2022","Fri Feb 18 17:44:01 EET 2022","64486","","Homepage","","Homepage","#9 Bonus amount is updated correctly in the dropdown details when bonus balance is adjusted","#9 Bonus amount is updated correctly in the dropdown details when bonus balance is adjusted",""
"failed","Fri Feb 18 17:39:09 EET 2022","Fri Feb 18 17:39:20 EET 2022","10611","","My Profile > Communications Preferences","","My Profile > Communications Preferences","#9 Player can unselect all preferences using the select all toggle (select all toggle already active), which upon saving updates the account area accordingly","#9 Player can unselect all preferences using the select all toggle (select all toggle already active), which upon saving updates the account area accordingly",""
"passed","Fri Feb 18 17:21:33 EET 2022","Fri Feb 18 17:21:37 EET 2022","3548","","Landing Page/Shop Welcome page","","Landing Page/Shop Welcome page","#2 User try to Join at Shop Welcome page","#2 User try to Join at Shop Welcome page",""
"passed","Fri Feb 18 17:28:52 EET 2022","Fri Feb 18 17:28:55 EET 2022","2658","","Registration > Step 1","","Registration > Step 1","#08 User can not enter an invaild email address (space in email).","#08 User can not enter an invaild email address (space in email).",""
"failed","Fri Feb 18 17:40:28 EET 2022","Fri Feb 18 17:41:34 EET 2022","65589","","My Account -> Deposit","","My Account -> Deposit","#5 Check user is able to select Phone payment method and is provided with the correct information for this payment method","#5 Check user is able to select Phone payment method and is provided with the correct information for this payment method",""
"failed","Fri Feb 18 17:41:07 EET 2022","Fri Feb 18 17:41:43 EET 2022","35268","","My Account > Gambling Controls > Deposit Limits","","My Account > Gambling Controls > Deposit Limits","#15 Player can successfully change Deposit Limit with a decimal value and receive a success toast on submitting the new amount.","#15 Player can successfully change Deposit Limit with a decimal value and receive a success toast on submitting the new amount.",""
"passed","Fri Feb 18 17:26:34 EET 2022","Fri Feb 18 17:26:49 EET 2022","15959","","My Account > Gambling Controls > Account Closure > Take A Break","","My Account > Gambling Controls > Account Closure > Take A Break","#16 Player can press 'BACK' for confirmating modal after chosen for 24 hours 'Take A Break' and should return to previous step.","#16 Player can press 'BACK' for confirmating modal after chosen for 24 hours 'Take A Break' and should return to previous step.",""
"passed","Fri Feb 18 17:23:30 EET 2022","Fri Feb 18 17:23:47 EET 2022","17221","","My Account > Gambling Controls > Account Closure > Take A Break","","My Account > Gambling Controls > Account Closure > Take A Break","#1 Player can select take a break menu item from 'Account Closure' and Take A Break contain is displayed.","#1 Player can select take a break menu item from 'Account Closure' and Take A Break contain is displayed.",""
"passed","Fri Feb 18 17:28:55 EET 2022","Fri Feb 18 17:28:58 EET 2022","3309","","Registration > Step 1","","Registration > Step 1","#11 User can successfully enter email address with a combination of valid symbols, numbers and letters.","#11 User can successfully enter email address with a combination of valid symbols, numbers and letters.",""
"passed","Fri Feb 18 17:20:20 EET 2022","Fri Feb 18 17:20:21 EET 2022","1677","","User come to the 'Planned Maintenance' error page","","User come to the 'Planned Maintenance' error page","#1 Content of ""Planned Maintenance"" error page","#1 Content of ""Planned Maintenance"" error page",""
"passed","Fri Feb 18 17:28:49 EET 2022","Fri Feb 18 17:28:52 EET 2022","2894","","Registration > Step 1","","Registration > Step 1","#07 User can not enter an invaild email address (no @ sign).","#07 User can not enter an invaild email address (no @ sign).",""
"passed","Fri Feb 18 17:35:20 EET 2022","Fri Feb 18 17:35:25 EET 2022","4748","","Expired Link Error","","Expired Link Error","#8 User can enter an email and reset the password (Sent button with a tick will be displayed).","#8 User can enter an email and reset the password (Sent button with a tick will be displayed).",""
"passed","Fri Feb 18 17:38:54 EET 2022","Fri Feb 18 17:39:09 EET 2022","15346","","My Account > Gambling Controls > Deposit Limits","","My Account > Gambling Controls > Deposit Limits","#8 Player can close the Deposit Limits Delete modal","#8 Player can close the Deposit Limits Delete modal",""
"skipped","Fri Feb 18 17:24:33 EET 2022","Fri Feb 18 17:24:33 EET 2022","1","","My Account > Gambling Controls > Account Closure > Take A Break","","My Account > Gambling Controls > Account Closure > Take A Break","#6 Player can select a reason for taking a break from the drop down menu.","#6 Player can select a reason for taking a break from the drop down menu.",""
"passed","Fri Feb 18 17:36:40 EET 2022","Fri Feb 18 17:36:42 EET 2022","2127","","Home => Terms & Conditions","","Home => Terms & Conditions","#13 User can see the Other Important Terms section on terms and conditions page","#13 User can see the Other Important Terms section on terms and conditions page",""
"failed","Fri Feb 18 17:37:41 EET 2022","Fri Feb 18 17:37:50 EET 2022","9214","","My Account > Gambling Controls > Deposit Limits","","My Account > Gambling Controls > Deposit Limits","#2 Player is displayed 'Set Deposit Limit' text if no deposit limits are set.","#2 Player is displayed 'Set Deposit Limit' text if no deposit limits are set.",""
"passed","Fri Feb 18 17:24:44 EET 2022","Fri Feb 18 17:24:57 EET 2022","12925","","My Account > Gambling Controls > Account Closure > Self Exclusion","","My Account > Gambling Controls > Account Closure > Self Exclusion","#8 Player can choose 12 months option for 'Self Exclusion' and this option should be selected.","#8 Player can choose 12 months option for 'Self Exclusion' and this option should be selected.",""
"passed","Fri Feb 18 17:21:03 EET 2022","Fri Feb 18 17:21:11 EET 2022","7970","","Inbox functionality testing","","Inbox functionality testing","#4 Player can see their message list, with messages displaying the correct information (if messages > 1)","#4 Player can see their message list, with messages displaying the correct information (if messages > 1)",""
"passed","Fri Feb 18 17:29:27 EET 2022","Fri Feb 18 17:29:30 EET 2022","3402","","Registration > Step 2","","Registration > Step 2","#14 User cannot enter invalid characters into the date of birth field.","#14 User cannot enter invalid characters into the date of birth field.",""
"passed","Fri Feb 18 17:26:49 EET 2022","Fri Feb 18 17:27:04 EET 2022","14484","","My Account > Gambling Controls > Account Closure > Take A Break","","My Account > Gambling Controls > Account Closure > Take A Break","#17 Player can close the take a break modal.","#17 Player can close the take a break modal.",""
"passed","Fri Feb 18 17:30:06 EET 2022","Fri Feb 18 17:30:17 EET 2022","10918","","Slots page","","Slots page","#4 User can see game carousel and can scroll it","#4 User can see game carousel and can scroll it",""
"passed","Fri Feb 18 17:30:57 EET 2022","Fri Feb 18 17:31:06 EET 2022","9083","","Registration > Step 3","","Registration > Step 3","#15 Phone Number is a mandatory field.","#15 Phone Number is a mandatory field.",""
"passed","Fri Feb 18 17:25:26 EET 2022","Fri Feb 18 17:25:40 EET 2022","14012","","My Account > Gambling Controls > Account Closure > Take A Break","","My Account > Gambling Controls > Account Closure > Take A Break","#11 Player can continue with chosen 24 hours option to 'Take A Break' and confirming modal should display.","#11 Player can continue with chosen 24 hours option to 'Take A Break' and confirming modal should display.",""
"passed","Fri Feb 18 17:23:11 EET 2022","Fri Feb 18 17:23:21 EET 2022","10480","","Inbox functionality testing","","Inbox functionality testing","#15 Player is presented with an Empty Inbox image if the Inbox is empty (rather than a heading & message list)","#15 Player is presented with an Empty Inbox image if the Inbox is empty (rather than a heading & message list)",""
"failed","Fri Feb 18 17:41:15 EET 2022","Fri Feb 18 17:41:48 EET 2022","32525","","My Account > Gambling Controls > Loss Limits","","My Account > Gambling Controls > Loss Limits","#15 User can submit a blank value in the Loss Limit. ","#15 User can submit a blank value in the Loss Limit. ",""
"passed","Fri Feb 18 17:39:44 EET 2022","Fri Feb 18 17:39:58 EET 2022","14666","","My Account > Settings > Change Password","","My Account > Settings > Change Password","#09 New password must contain a combination of upper and lower case letters (all lower case).","#09 New password must contain a combination of upper and lower case letters (all lower case).",""
"passed","Fri Feb 18 17:38:52 EET 2022","Fri Feb 18 17:39:06 EET 2022","14551","","My Account > Settings > Change Password","","My Account > Settings > Change Password","#05 Player should be displayed an error if they submit the Change Password form with an incorrect Current Password.","#05 Player should be displayed an error if they submit the Change Password form with an incorrect Current Password.",""
"passed","Fri Feb 18 17:26:58 EET 2022","Fri Feb 18 17:27:15 EET 2022","17113","","My Account > Gambling Controls > Account Closure > Self Exclusion","","My Account > Gambling Controls > Account Closure > Self Exclusion","#18 Player can close the self exclusion modal.","#18 Player can close the self exclusion modal.",""
"passed","Fri Feb 18 17:28:16 EET 2022","Fri Feb 18 17:28:21 EET 2022","5107","","Registration > Step 1","","Registration > Step 1","#01.1 User can leave the registration process by clicking the Home link and click 'Yes I want to leave'.","#01.1 User can leave the registration process by clicking the Home link and click 'Yes I want to leave'.",""
"passed","Fri Feb 18 17:29:07 EET 2022","Fri Feb 18 17:29:10 EET 2022","3030","","Registration > Step 1","","Registration > Step 1","#28 User can enter valid details on Step 1 and progress to Step 2 of the registration process.","#28 User can enter valid details on Step 1 and progress to Step 2 of the registration process.",""
"passed","Fri Feb 18 17:29:39 EET 2022","Fri Feb 18 17:29:45 EET 2022","6158","","Registration > Step 3","","Registration > Step 3","#03 Player can select the Manual Input button and is displayed the address inputs.","#03 Player can select the Manual Input button and is displayed the address inputs.",""
"passed","Fri Feb 18 17:36:33 EET 2022","Fri Feb 18 17:36:37 EET 2022","3704","","Home => Terms & Conditions","","Home => Terms & Conditions","#11 User can see the Definitions section on terms and conditions page","#11 User can see the Definitions section on terms and conditions page",""
"failed","Fri Feb 18 17:35:25 EET 2022","Fri Feb 18 17:35:33 EET 2022","8362","","Expired Link Error","","Expired Link Error","#9 User can click on 'Back to Login' and open Login window and successfully login.","#9 User can click on 'Back to Login' and open Login window and successfully login.",""
"passed","Fri Feb 18 17:28:29 EET 2022","Fri Feb 18 17:28:36 EET 2022","6635","","Registration > Step 1","","Registration > Step 1","#04 User can select the 'Recover' button on the 'Account already exists' drawer and is displayed the Recover Password form.","#04 User can select the 'Recover' button on the 'Account already exists' drawer and is displayed the Recover Password form.",""
"passed","Fri Feb 18 17:24:26 EET 2022","Fri Feb 18 17:24:42 EET 2022","15566","","My Account > Gambling Controls > Play Reminders","","My Account > Gambling Controls > Play Reminders","#5 Player can select a time limit from the drop down menu.","#5 Player can select a time limit from the drop down menu.",""
"passed","Fri Feb 18 17:21:22 EET 2022","Fri Feb 18 17:21:33 EET 2022","11150","","Inbox functionality testing","","Inbox functionality testing","#6 Player can open message and display the message contents (heading, date/time & body)","#6 Player can open message and display the message contents (heading, date/time & body)",""
"failed","Fri Feb 18 17:39:31 EET 2022","Fri Feb 18 17:39:44 EET 2022","13459","","My Profile > Communications Preferences","","My Profile > Communications Preferences","#11 Player can uneselect just text preferences using the text toggle (text already toggled on), which upon saving updates the account area accordingly","#11 Player can uneselect just text preferences using the text toggle (text already toggled on), which upon saving updates the account area accordingly",""
"passed","Fri Feb 18 17:21:05 EET 2022","Fri Feb 18 17:21:14 EET 2022","9352","","Landing Page/Welcome Offer page","","Landing Page/Welcome Offer page","#5 User try to click on PLAY CTA of Popular game at Welcome Offer page","#5 User try to click on PLAY CTA of Popular game at Welcome Offer page",""
"passed","Fri Feb 18 17:40:50 EET 2022","Fri Feb 18 17:41:05 EET 2022","14635","","My Account > Settings > Change Password","","My Account > Settings > Change Password","#14 Player should be able to show/hide their inputs into the password fields.","#14 Player should be able to show/hide their inputs into the password fields.",""
"passed","Fri Feb 18 17:35:11 EET 2022","Fri Feb 18 17:35:14 EET 2022","2273","","Expired Link Error","","Expired Link Error","#4 User can click on Join button and see Register page. ","#4 User can click on Join button and see Register page. ",""
"passed","Fri Feb 18 17:21:33 EET 2022","Fri Feb 18 17:21:46 EET 2022","12599","","Inbox functionality testing","","Inbox functionality testing","#7 Player can mark a message as read using the message options, removing the new badge from a message and decreasing the unread message count badge","#7 Player can mark a message as read using the message options, removing the new badge from a message and decreasing the unread message count badge",""
"passed","Fri Feb 18 17:36:30 EET 2022","Fri Feb 18 17:36:44 EET 2022","13904","","My Account > Gambling Controls > Loss Limits","","My Account > Gambling Controls > Loss Limits","#2 User can open the Loss Limits Edit modal on edit icon click ","#2 User can open the Loss Limits Edit modal on edit icon click ",""
"failed","Fri Feb 18 17:39:20 EET 2022","Fri Feb 18 17:39:31 EET 2022","10842","","My Profile > Communications Preferences","","My Profile > Communications Preferences","#10 Player can unselect just email preferences using the email toggle (email already toggled on), which upon saving updates the account area accordingly","#10 Player can unselect just email preferences using the email toggle (email already toggled on), which upon saving updates the account area accordingly",""
"passed","Fri Feb 18 17:22:00 EET 2022","Fri Feb 18 17:22:04 EET 2022","4484","","Landing Page/Shop Welcome page","","Landing Page/Shop Welcome page","#8 User can come to the Promotion page from the Shop Welcome page","#8 User can come to the Promotion page from the Shop Welcome page",""
"passed","Fri Feb 18 17:37:04 EET 2022","Fri Feb 18 17:37:08 EET 2022","3771","","Home => Terms & Conditions","","Home => Terms & Conditions","#21 User can see the Responsible Gambling section on terms and conditions page","#21 User can see the Responsible Gambling section on terms and conditions page",""
"passed","Fri Feb 18 17:25:01 EET 2022","Fri Feb 18 17:25:19 EET 2022","17531","","My Account > Gambling Controls > Play Reminders","","My Account > Gambling Controls > Play Reminders","#7 Player can successfully edit their 'Time Limit'.","#7 Player can successfully edit their 'Time Limit'.",""
"failed","Fri Feb 18 17:38:00 EET 2022","Fri Feb 18 17:38:10 EET 2022","10006","","My Account > Gambling Controls > Deposit Limits","","My Account > Gambling Controls > Deposit Limits","#4 Player can cancel out of the Deposit Limits modal.","#4 Player can cancel out of the Deposit Limits modal.",""
"failed","Fri Feb 18 17:35:46 EET 2022","Fri Feb 18 17:35:49 EET 2022","3503","","Home page => Privacy Policy page","","Home page => Privacy Policy page","#3 User can come to the Merkur Casino page from Privacy Policy page","#3 User can come to the Merkur Casino page from Privacy Policy page",""
"failed","Fri Feb 18 17:40:09 EET 2022","Fri Feb 18 17:40:41 EET 2022","31791","","Spin Zone functionality testing","","Spin Zone functionality testing","#1 Player can see Menu button in the top left of the screen","#1 Player can see Menu button in the top left of the screen",""
"passed","Fri Feb 18 17:30:23 EET 2022","Fri Feb 18 17:30:27 EET 2022","3758","","Slots page","","Slots page","#7 User hover the game card and click 'Play now' and login modal appears","#7 User hover the game card and click 'Play now' and login modal appears",""
"failed","Fri Feb 18 17:44:01 EET 2022","Fri Feb 18 17:45:11 EET 2022","69110","","Homepage","","Homepage","#10 User is displayed with a shortened balance in the preview section when balance exceeds 9999 (five figure balance)","#10 User is displayed with a shortened balance in the preview section when balance exceeds 9999 (five figure balance)",""
"passed","Fri Feb 18 17:35:22 EET 2022","Fri Feb 18 17:35:24 EET 2022","1382","","404 error page functionality testing.","","404 error page functionality testing.","#6 Player can click ""Go to lobby"" button and after that it will redirect to Home page.","#6 Player can click ""Go to lobby"" button and after that it will redirect to Home page.",""
"passed","Fri Feb 18 17:28:08 EET 2022","Fri Feb 18 17:28:14 EET 2022","6755","","Recover Password","","Recover Password","#05 Player receives 'Sent' success feedback on submitting a valid email address.","#05 Player receives 'Sent' success feedback on submitting a valid email address.",""
"passed","Fri Feb 18 17:29:17 EET 2022","Fri Feb 18 17:29:22 EET 2022","4634","","Registration > Step 2","","Registration > Step 2","#12 User cannot enter an invalid date into the date of birth field.","#12 User cannot enter an invalid date into the date of birth field.",""
"passed","Fri Feb 18 17:23:03 EET 2022","Fri Feb 18 17:23:11 EET 2022","8152","","Inbox functionality testing","","Inbox functionality testing","#14 Unread message count is not present on Inbox navigation bar icon if player has no unread messages","#14 Unread message count is not present on Inbox navigation bar icon if player has no unread messages",""
"passed","Fri Feb 18 17:22:04 EET 2022","Fri Feb 18 17:22:08 EET 2022","3204","","Landing Page/Shop Welcome page","","Landing Page/Shop Welcome page","#9 User can come to the Terms & Conditions page from the Shop Welcome page","#9 User can come to the Terms & Conditions page from the Shop Welcome page",""
"failed","Fri Feb 18 17:39:42 EET 2022","Fri Feb 18 17:40:47 EET 2022","65200","","Homepage","","Homepage","#6 The details balance card is dismissed when the user clicks and drags the footer","#6 The details balance card is dismissed when the user clicks and drags the footer",""
"passed","Fri Feb 18 17:42:20 EET 2022","Fri Feb 18 17:42:32 EET 2022","11680","","My Account > Gambling Controls > Loss Limits","","My Account > Gambling Controls > Loss Limits","#17 User can open 'How loss limits work' modal. ","#17 User can open 'How loss limits work' modal. ",""
"passed","Fri Feb 18 17:22:30 EET 2022","Fri Feb 18 17:22:42 EET 2022","12130","","Inbox functionality testing","","Inbox functionality testing","#11 Player can delete a message using the message options, removing it from the list","#11 Player can delete a message using the message options, removing it from the list",""
"passed","Fri Feb 18 17:31:15 EET 2022","Fri Feb 18 17:31:23 EET 2022","8228","","Registration > Step 4","","Registration > Step 4","#03 User can opt in to receive All marketing preferences.","#03 User can opt in to receive All marketing preferences.",""
"passed","Fri Feb 18 17:30:37 EET 2022","Fri Feb 18 17:30:52 EET 2022","14985","","Registration > Step 4","","Registration > Step 4","#11 User can click and view the Privacy Policy.","#11 User can click and view the Privacy Policy.",""
"passed","Fri Feb 18 17:20:35 EET 2022","Fri Feb 18 17:20:44 EET 2022","9037","","Landing Page/Welcome Offer page","","Landing Page/Welcome Offer page","#1 User come to the Welcome Offer page ","#1 User come to the Welcome Offer page ",""
"passed","Fri Feb 18 17:31:15 EET 2022","Fri Feb 18 17:31:22 EET 2022","6692","","Registration > Step 3","","Registration > Step 3","#17 User cannot enter spaces into Phone Number field.","#17 User cannot enter spaces into Phone Number field.",""
"passed","Fri Feb 18 17:34:51 EET 2022","Fri Feb 18 17:35:08 EET 2022","16487","","404 error page functionality testing.","","404 error page functionality testing.","#1 404 error page is displayed.","#1 404 error page is displayed.",""
"passed","Fri Feb 18 17:30:20 EET 2022","Fri Feb 18 17:30:23 EET 2022","3466","","Slots page","","Slots page","#6 User can hover mouse on game card and see all needed elements","#6 User can hover mouse on game card and see all needed elements",""
"passed","Fri Feb 18 17:31:08 EET 2022","Fri Feb 18 17:31:29 EET 2022","21773","","UnsubscribePage","","UnsubscribePage","#5 User can check each radio button and submit the answer → result window will be displayed with the correct content","#5 User can check each radio button and submit the answer → result window will be displayed with the correct content",""
"failed","Fri Feb 18 17:42:05 EET 2022","Fri Feb 18 17:42:24 EET 2022","19558","","My Account > Gambling Controls > Deposit Limits","","My Account > Gambling Controls > Deposit Limits","#17 Player cannot set Deposit Limit higher than the maximum amount.","#17 Player cannot set Deposit Limit higher than the maximum amount.",""
"passed","Fri Feb 18 17:35:15 EET 2022","Fri Feb 18 17:35:16 EET 2022","1035","","404 error page functionality testing.","","404 error page functionality testing.","#3 Player can click ""Logo"" button and after that it will redirect to Home page.","#3 Player can click ""Logo"" button and after that it will redirect to Home page.",""
"passed","Fri Feb 18 17:20:48 EET 2022","Fri Feb 18 17:21:01 EET 2022","13681","","Landing Page/Welcome Offer page","","Landing Page/Welcome Offer page","#3 User clicks on ""Be Aware Gambling"" image at Welcome Offer page","#3 User clicks on ""Be Aware Gambling"" image at Welcome Offer page",""
"passed","Fri Feb 18 17:20:22 EET 2022","Fri Feb 18 17:20:25 EET 2022","2761","","Service unavailable","","Service unavailable","#1 The user is on the Location Error page","#1 The user is on the Location Error page",""
"passed","Fri Feb 18 17:36:24 EET 2022","Fri Feb 18 17:36:41 EET 2022","16532","","My Profile > Contact Details","","My Profile > Contact Details","# Player can select to edit their telephone number and close the modal to cancel out of the process.","# Player can select to edit their telephone number and close the modal to cancel out of the process.",""
"passed","Fri Feb 18 17:37:47 EET 2022","Fri Feb 18 17:38:02 EET 2022","15008","","My Account > Gambling Controls > Loss Limits","","My Account > Gambling Controls > Loss Limits","#7 User can open the Loss Limits Delete modal on edit icon click and click on edit icon in the input field ","#7 User can open the Loss Limits Delete modal on edit icon click and click on edit icon in the input field ",""
"failed","Fri Feb 18 17:36:23 EET 2022","Fri Feb 18 17:37:31 EET 2022","68991","","Homepage","","Homepage","#3 The detailed balance card is shown when the dropdown chevron is clicked","#3 The detailed balance card is shown when the dropdown chevron is clicked",""
"passed","Fri Feb 18 17:35:43 EET 2022","Fri Feb 18 17:35:47 EET 2022","4010","","Home => Terms & Conditions","","Home => Terms & Conditions","#2 User can come to the privacy policy page from terms and conditions page","#2 User can come to the privacy policy page from terms and conditions page",""
"passed","Fri Feb 18 17:30:00 EET 2022","Fri Feb 18 17:30:06 EET 2022","6737","","Slots page","","Slots page","#3 User can see static hero banner carousel and can click on it and see game info page","#3 User can see static hero banner carousel and can click on it and see game info page",""
"passed","Fri Feb 18 17:29:02 EET 2022","Fri Feb 18 17:29:04 EET 2022","2249","","Registration > Step 1","","Registration > Step 1","#13 Password is a mandatory field.","#13 Password is a mandatory field.",""
"failed","Fri Feb 18 17:37:24 EET 2022","Fri Feb 18 17:37:41 EET 2022","17339","","My Account > Gambling Controls > Deposit Limits","","My Account > Gambling Controls > Deposit Limits","#1 Player can view their deposit limits.","#1 Player can view their deposit limits.",""
"passed","Fri Feb 18 17:23:25 EET 2022","Fri Feb 18 17:23:46 EET 2022","21186","","My Account > Gambling Controls > Account Closure > Self Exclusion","","My Account > Gambling Controls > Account Closure > Self Exclusion","#1 Player can select the 'Self Exclusion' menu item and is displayed the Self Exclusion modal.","#1 Player can select the 'Self Exclusion' menu item and is displayed the Self Exclusion modal.",""
"passed","Fri Feb 18 17:28:51 EET 2022","Fri Feb 18 17:28:55 EET 2022","4653","","Registration > Step 2","","Registration > Step 2","#04 Last Name is a mandatory field.","#04 Last Name is a mandatory field.",""
"passed","Fri Feb 18 17:37:29 EET 2022","Fri Feb 18 17:37:47 EET 2022","18177","","My Account > Gambling Controls > Loss Limits","","My Account > Gambling Controls > Loss Limits","#6 User can successfully update their loss limits in the Loss Limits Delete modal ","#6 User can successfully update their loss limits in the Loss Limits Delete modal ",""
"passed","Fri Feb 18 17:39:31 EET 2022","Fri Feb 18 17:39:44 EET 2022","13011","","My Account > Settings > Change Password","","My Account > Settings > Change Password","#08 New password must contain a combination of upper and lower case letters (all upper case).","#08 New password must contain a combination of upper and lower case letters (all upper case).",""
"passed","Fri Feb 18 17:37:13 EET 2022","Fri Feb 18 17:37:29 EET 2022","16237","","My Account > Gambling Controls > Loss Limits","","My Account > Gambling Controls > Loss Limits","#5 User can close the Loss Limits Delete modal ","#5 User can close the Loss Limits Delete modal ",""
"failed","Fri Feb 18 17:43:49 EET 2022","Fri Feb 18 17:44:22 EET 2022","33559","","Spin Zone functionality testing","","Spin Zone functionality testing","#9 Player can see Exit Game button in bottom right","#9 Player can see Exit Game button in bottom right",""
"passed","Fri Feb 18 17:37:23 EET 2022","Fri Feb 18 17:37:26 EET 2022","3478","","Home => Terms & Conditions","","Home => Terms & Conditions","#26 User can see the Miscellaneous section on terms and conditions page","#26 User can see the Miscellaneous section on terms and conditions page",""
"passed","Fri Feb 18 17:22:35 EET 2022","Fri Feb 18 17:22:40 EET 2022","5226","","Home page => Responsible Gambling page","","Home page => Responsible Gambling page","#3 User can come to the Gamble Stop page from Responsible Gambling page","#3 User can come to the Gamble Stop page from Responsible Gambling page",""
"passed","Fri Feb 18 17:43:21 EET 2022","Fri Feb 18 17:43:32 EET 2022","11326","","My Account > Gambling Controls > Deposit Limits","","My Account > Gambling Controls > Deposit Limits","#20 Player can open 'History' modal.","#20 Player can open 'History' modal.",""
"passed","Fri Feb 18 17:23:47 EET 2022","Fri Feb 18 17:24:03 EET 2022","16176","","My Account > Gambling Controls > Account Closure > Take A Break","","My Account > Gambling Controls > Account Closure > Take A Break","#2 Player can close the take a break modal.","#2 Player can close the take a break modal.",""
"passed","Fri Feb 18 17:22:51 EET 2022","Fri Feb 18 17:22:55 EET 2022","3331","","Log In","","Log In","#05 Player can close the login modal.","#05 Player can close the login modal.",""
"passed","Fri Feb 18 17:38:12 EET 2022","Fri Feb 18 17:38:25 EET 2022","12416","","My Account > Settings > Change Password","","My Account > Settings > Change Password","#02 Current Password is a mandatory field.","#02 Current Password is a mandatory field.",""
"passed","Fri Feb 18 17:39:06 EET 2022","Fri Feb 18 17:39:18 EET 2022","12109","","My Account > Settings > Change Password","","My Account > Settings > Change Password","#06 Player is displayed with the password requirements when they start to enter a new password.","#06 Player is displayed with the password requirements when they start to enter a new password.",""
"passed","Fri Feb 18 17:35:17 EET 2022","Fri Feb 18 17:35:20 EET 2022","2711","","Expired Link Error","","Expired Link Error","#7 User can click on x button and close reset password window. ","#7 User can click on x button and close reset password window. ",""
"passed","Fri Feb 18 17:29:04 EET 2022","Fri Feb 18 17:29:08 EET 2022","4592","","Registration > Step 2","","Registration > Step 2","#07 User cannot enter numbers into step 2 name input fields.","#07 User cannot enter numbers into step 2 name input fields.",""
"passed","Fri Feb 18 17:22:52 EET 2022","Fri Feb 18 17:23:03 EET 2022","10639","","Inbox functionality testing","","Inbox functionality testing","#13 Unread message count is not present on Inbox navigation bar icon if no messages","#13 Unread message count is not present on Inbox navigation bar icon if no messages",""
"passed","Fri Feb 18 17:25:13 EET 2022","Fri Feb 18 17:25:26 EET 2022","12551","","My Account > Gambling Controls > Account Closure > Take A Break","","My Account > Gambling Controls > Account Closure > Take A Break","#10 Player can choose 6 weeks option for 'Take A Break' and this option should be selected.","#10 Player can choose 6 weeks option for 'Take A Break' and this option should be selected.",""
"passed","Fri Feb 18 17:21:45 EET 2022","Fri Feb 18 17:21:50 EET 2022","4879","","Home page => Responsible Gambling page","","Home page => Responsible Gambling page","Privacy notice link exists","Privacy notice link exists",""
"passed","Fri Feb 18 17:27:16 EET 2022","Fri Feb 18 17:27:35 EET 2022","19132","","My Profile > Personal Details","","My Profile > Personal Details","#01 Player can view their personal details.","#01 Player can view their personal details.",""
"passed","Fri Feb 18 17:28:55 EET 2022","Fri Feb 18 17:28:59 EET 2022","3895","","Registration > Step 2","","Registration > Step 2","#05 Date of Birth is a mandatory field.","#05 Date of Birth is a mandatory field.",""
"failed","Fri Feb 18 17:36:58 EET 2022","Fri Feb 18 17:37:01 EET 2022","3431","","Home => Terms & Conditions","","Home => Terms & Conditions","#19 User can see the Inactive Customer Accounts section on terms and conditions page","#19 User can see the Inactive Customer Accounts section on terms and conditions page",""
"passed","Fri Feb 18 17:28:58 EET 2022","Fri Feb 18 17:29:02 EET 2022","3826","","Registration > Step 1","","Registration > Step 1","#12 User can successfully enter email address with local domain (.de).","#12 User can successfully enter email address with local domain (.de).",""
"failed","Fri Feb 18 17:39:23 EET 2022","Fri Feb 18 17:40:28 EET 2022","65498","","My Account -> Deposit","","My Account -> Deposit","#4 Check user is able to select Instant Bank Transfer and is provided with the correct information for this payment method","#4 Check user is able to select Instant Bank Transfer and is provided with the correct information for this payment method",""
"passed","Fri Feb 18 17:29:48 EET 2022","Fri Feb 18 17:29:55 EET 2022","6278","","Slots page","","Slots page","#1 User can navigates to the slots page and all elements are persisted on the page","#1 User can navigates to the slots page and all elements are persisted on the page",""
"passed","Fri Feb 18 17:36:54 EET 2022","Fri Feb 18 17:37:07 EET 2022","12859","","My Profile > Contact Details","","My Profile > Contact Details","#05 Player try to update invalid phone number.","#05 Player try to update invalid phone number.",""
"failed","Fri Feb 18 17:34:51 EET 2022","Fri Feb 18 17:35:07 EET 2022","16225","","Service unavailable","","Service unavailable","#0 User come to the Error 500 page, when service is unavailable","#0 User come to the Error 500 page, when service is unavailable",""
"passed","Fri Feb 18 17:22:04 EET 2022","Fri Feb 18 17:22:22 EET 2022","17466","","Home page => Responsible Gambling page","","Home page => Responsible Gambling page","#1 User can come to the Be Gamble Aware page from Responsible Gambling page","#1 User can come to the Be Gamble Aware page from Responsible Gambling page",""
