"Status","Start Time","Stop Time","Duration in ms","Parent Suite","Suite","Sub Suite","Test Class","Test Method","Name","Description"
"passed","Tue Mar 15 21:05:15 EET 2022","Tue Mar 15 21:05:26 EET 2022","10531","","Recover Password","","Recover Password","#05 Player receives 'Sent' success feedback on submitting a valid email address.","#05 Player receives 'Sent' success feedback on submitting a valid email address.",""
"passed","Tue Mar 15 21:06:57 EET 2022","Tue Mar 15 21:07:02 EET 2022","5447","","Registration > Step 2","","Registration > Step 2","13 User is required to be 18 or over.","13 User is required to be 18 or over.",""
"failed","Tue Mar 15 21:25:05 EET 2022","Tue Mar 15 21:25:08 EET 2022","2856","","Registration > Step 1","","Registration > Step 1","#05 User can select the 'Login' button on the 'Account already exists' drawer and is displayed the Login form.","#05 User can select the 'Login' button on the 'Account already exists' drawer and is displayed the Login form.",""
"passed","Tue Mar 15 21:20:32 EET 2022","Tue Mar 15 21:20:38 EET 2022","6357","","Landing Page/Shop Welcome page","","Landing Page/Shop Welcome page","#2 User try to Join at Shop Welcome page","#2 User try to Join at Shop Welcome page",""
"failed","Tue Mar 15 21:25:35 EET 2022","Tue Mar 15 21:26:15 EET 2022","40100","","My Account > Gambling Controls > Loss Limits","","My Account > Gambling Controls > Loss Limits","#11 User can successfully set their Loss Limit to the minimum allowed value and will receive a success toast on submitting the new amount. ","#11 User can successfully set their Loss Limit to the minimum allowed value and will receive a success toast on submitting the new amount. ",""
"skipped","Tue Mar 15 21:22:33 EET 2022","Tue Mar 15 21:22:33 EET 2022","1","","My Account > Gambling Controls > Account Closure > Self Exclusion","","My Account > Gambling Controls > Account Closure > Self Exclusion","#4 Player cannot continue with 'Self Exclusion' if a reason is not selected.","#4 Player cannot continue with 'Self Exclusion' if a reason is not selected.",""
"failed","Tue Mar 15 21:26:45 EET 2022","Tue Mar 15 21:27:00 EET 2022","15369","","My Profile > Communications Preferences","","My Profile > Communications Preferences","#13 Player can uneselect just post preferences using the post toggle (post already toggled on), which upon saving updates the account area accordingly","#13 Player can uneselect just post preferences using the post toggle (post already toggled on), which upon saving updates the account area accordingly",""
"passed","Tue Mar 15 21:19:16 EET 2022","Tue Mar 15 21:19:21 EET 2022","5353","","Promotions functionality testing. Promotions functionality for unauthenticated user","","Promotions functionality testing. Promotions functionality for unauthenticated user","#52 User clicks button OPT IN for already OPTED IN bonus, successfully login and can see drawer ""This promotion is unavailable"".","#52 User clicks button OPT IN for already OPTED IN bonus, successfully login and can see drawer ""This promotion is unavailable"".",""
"passed","Tue Mar 15 21:23:47 EET 2022","Tue Mar 15 21:24:12 EET 2022","24584","","My Profile > Contact Details","","My Profile > Contact Details","#06 Player can update country code number.","#06 Player can update country code number.",""
"failed","Tue Mar 15 21:25:08 EET 2022","Tue Mar 15 21:25:11 EET 2022","2623","","Registration > Step 1","","Registration > Step 1","#06 User can not register with an email address that already exists.","#06 User can not register with an email address that already exists.",""
"passed","Tue Mar 15 21:07:10 EET 2022","Tue Mar 15 21:07:29 EET 2022","18665","","Spin Zone functionality testing","","Spin Zone functionality testing","#1 Player can see Menu button in the top left of the screen","#1 Player can see Menu button in the top left of the screen",""
"failed","Tue Mar 15 21:16:55 EET 2022","Tue Mar 15 21:17:21 EET 2022","25835","","Promotions functionality testing. Promotions functionality for authenticated user Individual promotions","","Promotions functionality testing. Promotions functionality for authenticated user Individual promotions","#29 User can click back button, close full terms conditions and return in deposit modal.","#29 User can click back button, close full terms conditions and return in deposit modal.",""
"passed","Tue Mar 15 20:58:34 EET 2022","Tue Mar 15 20:59:03 EET 2022","29476","","My Account > Gambling Controls > Play Reminders","","My Account > Gambling Controls > Play Reminders","#3 Player can cancel out of the 'Time Limit' modal.","#3 Player can cancel out of the 'Time Limit' modal.",""
"passed","Tue Mar 15 20:55:10 EET 2022","Tue Mar 15 20:55:35 EET 2022","24180","","Homepage","","Homepage","#8 Cash amount is updated correctly in the dropdown details when cash balance is adjusted","#8 Cash amount is updated correctly in the dropdown details when cash balance is adjusted",""
"passed","Tue Mar 15 21:19:59 EET 2022","Tue Mar 15 21:20:05 EET 2022","5726","","Expired Link Error","","Expired Link Error","#8 User can enter an email and reset the password (Sent button with a tick will be displayed).","#8 User can enter an email and reset the password (Sent button with a tick will be displayed).",""
"passed","Tue Mar 15 21:03:45 EET 2022","Tue Mar 15 21:04:05 EET 2022","19590","","My Account > Gambling Controls > Deposit Limits","","My Account > Gambling Controls > Deposit Limits","#21 Player can open 'How deposit limits work' modal.","#21 Player can open 'How deposit limits work' modal.",""
"passed","Tue Mar 15 21:22:39 EET 2022","Tue Mar 15 21:23:00 EET 2022","21263","","My Account > Gambling Controls > Loss Limits","","My Account > Gambling Controls > Loss Limits","#4 User can open the Loss Limits Delete modal on delete icon click ","#4 User can open the Loss Limits Delete modal on delete icon click ",""
"failed","Tue Mar 15 21:25:33 EET 2022","Tue Mar 15 21:25:37 EET 2022","4063","","Registration > Step 1","","Registration > Step 1","#13 Password is a mandatory field.","#13 Password is a mandatory field.",""
"passed","Tue Mar 15 21:21:01 EET 2022","Tue Mar 15 21:21:08 EET 2022","6955","","Home => Terms & Conditions","","Home => Terms & Conditions","#12 User can see the Changes to the Terms section on terms and conditions page","#12 User can see the Changes to the Terms section on terms and conditions page",""
"passed","Tue Mar 15 21:00:40 EET 2022","Tue Mar 15 21:01:02 EET 2022","22361","","My Account > Gambling Controls > Deposit Limits","","My Account > Gambling Controls > Deposit Limits","#10 Player can successfully set a daily deposit limit if not already set.","#10 Player can successfully set a daily deposit limit if not already set.",""
"passed","Tue Mar 15 21:02:38 EET 2022","Tue Mar 15 21:03:01 EET 2022","23529","","My Account > Gambling Controls > Deposit Limits","","My Account > Gambling Controls > Deposit Limits","#18 Player can submit a blank value in the Deposit Limits.","#18 Player can submit a blank value in the Deposit Limits.",""
"failed","Tue Mar 15 21:28:17 EET 2022","Tue Mar 15 21:28:22 EET 2022","5199","","Registration > Step 3","","Registration > Step 3","#19 User can select a Country Code from the dropdown menu.","#19 User can select a Country Code from the dropdown menu.",""
"passed","Tue Mar 15 21:26:20 EET 2022","Tue Mar 15 21:26:27 EET 2022","6963","","Slots page","","Slots page","#10 User click on category and go to category page","#10 User click on category and go to category page",""
"failed","Tue Mar 15 21:13:27 EET 2022","Tue Mar 15 21:13:53 EET 2022","25487","","Promotions functionality testing. Promotions functionality for authenticated user Individual promotions","","Promotions functionality testing. Promotions functionality for authenticated user Individual promotions","#21 User can opt in bonus and get confirmation modal with all sections.","#21 User can opt in bonus and get confirmation modal with all sections.",""
"passed","Tue Mar 15 20:55:59 EET 2022","Tue Mar 15 20:56:16 EET 2022","17311","","Homepage","","Homepage","#10 User is displayed with a shortened balance in the preview section when balance exceeds 9999 (five figure balance)","#10 User is displayed with a shortened balance in the preview section when balance exceeds 9999 (five figure balance)",""
"passed","Tue Mar 15 21:22:41 EET 2022","Tue Mar 15 21:22:49 EET 2022","7679","","Home => Terms & Conditions","","Home => Terms & Conditions","#26 User can see the Miscellaneous section on terms and conditions page","#26 User can see the Miscellaneous section on terms and conditions page",""
"passed","Tue Mar 15 20:55:55 EET 2022","Tue Mar 15 20:56:17 EET 2022","22084","","Deep Link -> Deposit Limits","","Deep Link -> Deposit Limits","#1 Deep link to deposit limits opens when logged in","#1 Deep link to deposit limits opens when logged in",""
"passed","Tue Mar 15 21:19:36 EET 2022","Tue Mar 15 21:19:46 EET 2022","10826","","Landing Page/Welcome Offer page","","Landing Page/Welcome Offer page","#1 User come to the Welcome Offer page ","#1 User come to the Welcome Offer page ",""
"passed","Tue Mar 15 21:19:56 EET 2022","Tue Mar 15 21:19:59 EET 2022","2756","","Expired Link Error","","Expired Link Error","#7 User can click on x button and close reset password window. ","#7 User can click on x button and close reset password window. ",""
"passed","Tue Mar 15 20:57:08 EET 2022","Tue Mar 15 20:57:30 EET 2022","22811","","My Account > Gambling Controls > Deposit Limits","","My Account > Gambling Controls > Deposit Limits","#1 Player can view their deposit limits.","#1 Player can view their deposit limits.",""
"failed","Tue Mar 15 21:22:47 EET 2022","Tue Mar 15 21:23:08 EET 2022","20543","","My Account > Gambling Controls > Account Closure > Take A Break","","My Account > Gambling Controls > Account Closure > Take A Break","#10 Player can choose 6 weeks option for 'Take A Break' and this option should be selected.","#10 Player can choose 6 weeks option for 'Take A Break' and this option should be selected.",""
"passed","Tue Mar 15 21:04:52 EET 2022","Tue Mar 15 21:04:57 EET 2022","4819","","Homepage","","Homepage","#6 After clicking on the link from 'Contact and DPO', the user should see the page  https://www.eyasgaming.com/.","#6 After clicking on the link from 'Contact and DPO', the user should see the page  https://www.eyasgaming.com/.",""
"failed","Tue Mar 15 21:20:22 EET 2022","Tue Mar 15 21:20:46 EET 2022","23904","","My Account > Gambling Controls > Account Closure > Take A Break","","My Account > Gambling Controls > Account Closure > Take A Break","#1 Player can select take a break menu item from 'Account Closure' and Take A Break contain is displayed.","#1 Player can select take a break menu item from 'Account Closure' and Take A Break contain is displayed.",""
"passed","Tue Mar 15 21:20:44 EET 2022","Tue Mar 15 21:20:50 EET 2022","5370","","Home => Terms & Conditions","","Home => Terms & Conditions","#9 User can see Introduction section on terms and conditions page","#9 User can see Introduction section on terms and conditions page",""
"passed","Tue Mar 15 21:18:38 EET 2022","Tue Mar 15 21:18:40 EET 2022","1548","","Promotions functionality testing. Promotions functionality for unauthenticated user","","Promotions functionality testing. Promotions functionality for unauthenticated user","#38 Applicable the expiry date of promotion card is displayed for not login user.","#38 Applicable the expiry date of promotion card is displayed for not login user.",""
"passed","Tue Mar 15 20:56:42 EET 2022","Tue Mar 15 20:56:56 EET 2022","14457","","Inbox functionality testing","","Inbox functionality testing","#12 Player with less than 15 messages should not be able to view more","#12 Player with less than 15 messages should not be able to view more",""
"failed","Tue Mar 15 21:21:25 EET 2022","Tue Mar 15 21:21:47 EET 2022","21675","","My Profile > Contact Details","","My Profile > Contact Details","#01 Player can view their contact details.","#01 Player can view their contact details.",""
"passed","Tue Mar 15 21:18:40 EET 2022","Tue Mar 15 21:18:42 EET 2022","1735","","Promotions functionality testing. Promotions functionality for unauthenticated user","","Promotions functionality testing. Promotions functionality for unauthenticated user","#39 Promo title of promotion card is displayed for not login user.","#39 Promo title of promotion card is displayed for not login user.",""
"failed","Tue Mar 15 21:26:29 EET 2022","Tue Mar 15 21:26:45 EET 2022","16393","","My Profile > Communications Preferences","","My Profile > Communications Preferences","#12 Player can uneselect just phone preferences using the phone toggle (phone already toggled on), which upon saving updates the account area accordingly","#12 Player can uneselect just phone preferences using the phone toggle (phone already toggled on), which upon saving updates the account area accordingly",""
"failed","Tue Mar 15 21:28:36 EET 2022","Tue Mar 15 21:29:11 EET 2022","34831","","My Account > Gambling Controls > Loss Limits","","My Account > Gambling Controls > Loss Limits","#16 User can only enter numeric digits into the set Loss Limit field. ","#16 User can only enter numeric digits into the set Loss Limit field. ",""
"failed","Tue Mar 15 21:11:16 EET 2022","Tue Mar 15 21:11:43 EET 2022","26411","","Promotions functionality testing. Promotions functionality for authenticated user Individual promotions","","Promotions functionality testing. Promotions functionality for authenticated user Individual promotions","#16 User can go to More Info page for active promotion, press CANCEL BONUS CTA and get cancel confirmation modal.","#16 User can go to More Info page for active promotion, press CANCEL BONUS CTA and get cancel confirmation modal.",""
"failed","Tue Mar 15 21:14:45 EET 2022","Tue Mar 15 21:15:11 EET 2022","25518","","Promotions functionality testing. Promotions functionality for authenticated user Individual promotions","","Promotions functionality testing. Promotions functionality for authenticated user Individual promotions","#24 User can press primary CTA for claimed confirmation message and proceed journey.","#24 User can press primary CTA for claimed confirmation message and proceed journey.",""
"failed","Tue Mar 15 21:20:26 EET 2022","Tue Mar 15 21:20:32 EET 2022","5444","","Home => Terms & Conditions","","Home => Terms & Conditions","#6 User can come to the GamCare page from terms and conditions page","#6 User can come to the GamCare page from terms and conditions page",""
"failed","Tue Mar 15 21:21:15 EET 2022","Tue Mar 15 21:21:20 EET 2022","5043","","Landing Page/Shop Welcome page","","Landing Page/Shop Welcome page","#9 User can come to the Terms & Conditions page from the Shop Welcome page","#9 User can come to the Terms & Conditions page from the Shop Welcome page",""
"passed","Tue Mar 15 21:20:50 EET 2022","Tue Mar 15 21:20:55 EET 2022","5303","","Home => Terms & Conditions","","Home => Terms & Conditions","#10 User can see the Terms and Conditions section on terms and conditions page","#10 User can see the Terms and Conditions section on terms and conditions page",""
"failed","Tue Mar 15 21:23:28 EET 2022","Tue Mar 15 21:23:49 EET 2022","20995","","My Account > Gambling Controls > Account Closure > Take A Break","","My Account > Gambling Controls > Account Closure > Take A Break","#12 Player can continue with chosen 1 week option to 'Take A Break' and confirming modal should display.","#12 Player can continue with chosen 1 week option to 'Take A Break' and confirming modal should display.",""
"failed","Tue Mar 15 21:24:55 EET 2022","Tue Mar 15 21:25:15 EET 2022","19797","","My Account > Gambling Controls > Loss Limits","","My Account > Gambling Controls > Loss Limits","#9 User can successfully set a weekly loss limit if not already set ","#9 User can successfully set a weekly loss limit if not already set ",""
"passed","Tue Mar 15 20:56:56 EET 2022","Tue Mar 15 20:57:13 EET 2022","16531","","Inbox functionality testing","","Inbox functionality testing","#13 Unread message count is not present on Inbox navigation bar icon if no messages","#13 Unread message count is not present on Inbox navigation bar icon if no messages",""
"passed","Tue Mar 15 20:54:51 EET 2022","Tue Mar 15 20:55:10 EET 2022","19060","","Homepage","","Homepage","#7 Balance preview updates correctly upon refresh when a users balance is adjusted","#7 Balance preview updates correctly upon refresh when a users balance is adjusted",""
"passed","Tue Mar 15 21:09:20 EET 2022","Tue Mar 15 21:09:36 EET 2022","15415","","Spin Zone functionality testing","","Spin Zone functionality testing","#8 Player can open 'Search Games' modal","#8 Player can open 'Search Games' modal",""
"failed","Tue Mar 15 21:10:01 EET 2022","Tue Mar 15 21:10:26 EET 2022","25222","","Promotions functionality testing. Promotions functionality for authenticated user Individual promotions","","Promotions functionality testing. Promotions functionality for authenticated user Individual promotions","#13 All main sections for card are displayed for DEPOSIT bonus.","#13 All main sections for card are displayed for DEPOSIT bonus.",""
"passed","Tue Mar 15 20:53:53 EET 2022","Tue Mar 15 20:54:08 EET 2022","15171","","Inbox functionality testing","","Inbox functionality testing","#2 Unread message count increases when player receives a new message (requires page refresh)","#2 Unread message count increases when player receives a new message (requires page refresh)",""
"passed","Tue Mar 15 21:21:03 EET 2022","Tue Mar 15 21:21:09 EET 2022","6024","","Landing Page/Shop Welcome page","","Landing Page/Shop Welcome page","#7 User can come to the ""Be Gambling Aware"" site from the Shop Welcome page","#7 User can come to the ""Be Gambling Aware"" site from the Shop Welcome page",""
"passed","Tue Mar 15 21:09:36 EET 2022","Tue Mar 15 21:09:49 EET 2022","13414","","Spin Zone functionality testing","","Spin Zone functionality testing","#9 Player can see Exit Game button in bottom right","#9 Player can see Exit Game button in bottom right",""
"passed","Tue Mar 15 21:18:37 EET 2022","Tue Mar 15 21:18:38 EET 2022","1805","","Promotions functionality testing. Promotions functionality for unauthenticated user","","Promotions functionality testing. Promotions functionality for unauthenticated user","#37 Promo image of promotion card is displayed for not login user.","#37 Promo image of promotion card is displayed for not login user.",""
"failed","Tue Mar 15 21:25:54 EET 2022","Tue Mar 15 21:26:14 EET 2022","19837","","My Account > Gambling Controls > Account Closure > Self Exclusion","","My Account > Gambling Controls > Account Closure > Self Exclusion","#16 Player can continue with chosen 5 years option to 'Self Exclusion' and confirming modal should display.","#16 Player can continue with chosen 5 years option to 'Self Exclusion' and confirming modal should display.",""
"passed","Tue Mar 15 20:54:20 EET 2022","Tue Mar 15 20:54:32 EET 2022","11656","","Inbox functionality testing","","Inbox functionality testing","#4 Player can see their message list, with messages displaying the correct information (if messages > 1)","#4 Player can see their message list, with messages displaying the correct information (if messages > 1)",""
"failed","Tue Mar 15 21:04:52 EET 2022","Tue Mar 15 21:05:22 EET 2022","29664","","Promotions functionality testing. Promotions functionality for authenticated user Blocks of promotions","","Promotions functionality testing. Promotions functionality for authenticated user Blocks of promotions","#2 All active promotions cards are displayed.","#2 All active promotions cards are displayed.",""
"passed","Tue Mar 15 21:19:50 EET 2022","Tue Mar 15 21:19:51 EET 2022","1684","","404 error page functionality testing.","","404 error page functionality testing.","#3 Player can click ""Logo"" button and after that it will redirect to Home page.","#3 Player can click ""Logo"" button and after that it will redirect to Home page.",""
"failed","Tue Mar 15 21:17:21 EET 2022","Tue Mar 15 21:17:47 EET 2022","25874","","Promotions functionality testing. Promotions functionality for authenticated user Individual promotions","","Promotions functionality testing. Promotions functionality for authenticated user Individual promotions","#30 User can click on the terms and conditions link and the terms and all sections of conditions are displayed for deposit bonus.","#30 User can click on the terms and conditions link and the terms and all sections of conditions are displayed for deposit bonus.",""
"passed","Tue Mar 15 20:56:17 EET 2022","Tue Mar 15 20:56:23 EET 2022","6446","","Log In","","Log In","#12 Players inputs into the password field should be masked by default.","#12 Players inputs into the password field should be masked by default.",""
"failed","Tue Mar 15 21:19:52 EET 2022","Tue Mar 15 21:19:57 EET 2022","5837","","Home page => Responsible Gambling page","","Home page => Responsible Gambling page","#2 User can come to the ""Help for problem gambling"" page from Responsible Gambling page","#2 User can come to the ""Help for problem gambling"" page from Responsible Gambling page",""
"failed","Tue Mar 15 21:21:25 EET 2022","Tue Mar 15 21:21:45 EET 2022","20682","","My Account > Gambling Controls > Account Closure > Take A Break","","My Account > Gambling Controls > Account Closure > Take A Break","#5 Player cannot continue with 'Take A Break' if a duration is not selected.","#5 Player cannot continue with 'Take A Break' if a duration is not selected.",""
"failed","Tue Mar 15 21:18:12 EET 2022","Tue Mar 15 21:18:28 EET 2022","15675","","Promotions functionality testing. Promotions functionality for authenticated user Individual promotions","","Promotions functionality testing. Promotions functionality for authenticated user Individual promotions","#32 User can make bonus deposit.","#32 User can make bonus deposit.",""
"failed","Tue Mar 15 21:07:17 EET 2022","Tue Mar 15 21:07:46 EET 2022","29079","","Promotions functionality testing. Promotions functionality for authenticated user Blocks of promotions","","Promotions functionality testing. Promotions functionality for authenticated user Blocks of promotions","#7 Featured promotions are displayed in correct order.","#7 Featured promotions are displayed in correct order.",""
"passed","Tue Mar 15 20:55:32 EET 2022","Tue Mar 15 20:55:58 EET 2022","25611","","Deep Link -> Change Password","","Deep Link -> Change Password","#1 Deep link to change password opens when logged in","#1 Deep link to change password opens when logged in",""
"failed","Tue Mar 15 21:25:42 EET 2022","Tue Mar 15 21:25:48 EET 2022","6169","","Registration > Step 1","","Registration > Step 1","#28 User can enter valid details on Step 1 and progress to Step 2 of the registration process.","#28 User can enter valid details on Step 1 and progress to Step 2 of the registration process.",""
"passed","Tue Mar 15 21:18:56 EET 2022","Tue Mar 15 21:18:58 EET 2022","1751","","Promotions functionality testing. Promotions functionality for unauthenticated user","","Promotions functionality testing. Promotions functionality for unauthenticated user","#46 User can click see full terms CTA and go to Term and Conditions.","#46 User can click see full terms CTA and go to Term and Conditions.",""
"passed","Tue Mar 15 20:53:41 EET 2022","Tue Mar 15 20:54:01 EET 2022","20397","","Homepage","","Homepage","#3 The detailed balance card is shown when the dropdown chevron is clicked","#3 The detailed balance card is shown when the dropdown chevron is clicked",""
"passed","Tue Mar 15 21:06:35 EET 2022","Tue Mar 15 21:06:51 EET 2022","16397","","My Account > Settings > Change Password","","My Account > Settings > Change Password","#13 Player inputs into the password fields should be masked by default.","#13 Player inputs into the password fields should be masked by default.",""
"passed","Tue Mar 15 21:28:12 EET 2022","Tue Mar 15 21:28:17 EET 2022","4803","","Registration > Step 3","","Registration > Step 3","#18 Country Code is populated by default.","#18 Country Code is populated by default.",""
"failed","Tue Mar 15 21:25:15 EET 2022","Tue Mar 15 21:25:34 EET 2022","19859","","My Account > Gambling Controls > Account Closure > Self Exclusion","","My Account > Gambling Controls > Account Closure > Self Exclusion","#14 Player can continue with chosen 18 months option to 'Self Exclusion' and confirming modal should display.","#14 Player can continue with chosen 18 months option to 'Self Exclusion' and confirming modal should display.",""
"passed","Tue Mar 15 21:20:46 EET 2022","Tue Mar 15 21:21:06 EET 2022","20085","","My Account > Gambling Controls > Account Closure > Take A Break","","My Account > Gambling Controls > Account Closure > Take A Break","#2 Player can close the take a break modal.","#2 Player can close the take a break modal.",""
"passed","Tue Mar 15 21:18:29 EET 2022","Tue Mar 15 21:18:31 EET 2022","2092","","Promotions functionality testing. Promotions functionality for unauthenticated user","","Promotions functionality testing. Promotions functionality for unauthenticated user","#34 Promotion page has correct title for not login user.","#34 Promotion page has correct title for not login user.",""
"passed","Tue Mar 15 20:53:16 EET 2022","Tue Mar 15 20:53:20 EET 2022","4906","","Footer functionality testing","","Footer functionality testing","#2 Player can see payment logos","#2 Player can see payment logos",""
"passed","Tue Mar 15 20:55:36 EET 2022","Tue Mar 15 20:55:51 EET 2022","15446","","Inbox functionality testing","","Inbox functionality testing","#9 Player is presented with an updated list of messages when clicking view more button","#9 Player is presented with an updated list of messages when clicking view more button",""
"passed","Tue Mar 15 21:01:02 EET 2022","Tue Mar 15 21:01:24 EET 2022","21976","","My Account > Gambling Controls > Deposit Limits","","My Account > Gambling Controls > Deposit Limits","#11 Player can successfully set a weekly deposit limit if not already set.","#11 Player can successfully set a weekly deposit limit if not already set.",""
"passed","Tue Mar 15 20:53:08 EET 2022","Tue Mar 15 20:53:13 EET 2022","5089","","User come to the 'Planned Maintenance' error page","","User come to the 'Planned Maintenance' error page","#0 User come to the ""Planned Maintenance"" error page","#0 User come to the ""Planned Maintenance"" error page",""
"failed","Tue Mar 15 21:24:48 EET 2022","Tue Mar 15 21:25:07 EET 2022","19128","","My Account > Gambling Controls > Account Closure > Take A Break","","My Account > Gambling Controls > Account Closure > Take A Break","#16 Player can press 'BACK' for confirmating modal after chosen for 24 hours 'Take A Break' and should return to previous step.","#16 Player can press 'BACK' for confirmating modal after chosen for 24 hours 'Take A Break' and should return to previous step.",""
"passed","Tue Mar 15 21:19:51 EET 2022","Tue Mar 15 21:19:54 EET 2022","3077","","Expired Link Error","","Expired Link Error","#5 User can click on Login button and see Login page. ","#5 User can click on Login button and see Login page. ",""
"failed","Tue Mar 15 21:24:10 EET 2022","Tue Mar 15 21:24:29 EET 2022","19666","","My Account > Gambling Controls > Account Closure > Take A Break","","My Account > Gambling Controls > Account Closure > Take A Break","#14 Player can continue with chosen 6 weeks option to 'Take A Break' and confirming modal should display.","#14 Player can continue with chosen 6 weeks option to 'Take A Break' and confirming modal should display.",""
"passed","Tue Mar 15 20:59:22 EET 2022","Tue Mar 15 20:59:43 EET 2022","21789","","My Account > Gambling Controls > Deposit Limits","","My Account > Gambling Controls > Deposit Limits","#7 Player can open the Deposit Limits Delete modal on delete icon click.","#7 Player can open the Deposit Limits Delete modal on delete icon click.",""
"passed","Tue Mar 15 21:22:27 EET 2022","Tue Mar 15 21:22:34 EET 2022","7108","","Home => Terms & Conditions","","Home => Terms & Conditions","#24 User can see the Limitation of Liability section on terms and conditions page","#24 User can see the Limitation of Liability section on terms and conditions page",""
"passed","Tue Mar 15 21:26:35 EET 2022","Tue Mar 15 21:26:47 EET 2022","11870","","Registration > Step 3","","Registration > Step 3","#03 Player can select the Manual Input button and is displayed the address inputs.","#03 Player can select the Manual Input button and is displayed the address inputs.",""
"skipped","Tue Mar 15 21:26:53 EET 2022","Tue Mar 15 21:26:53 EET 2022","0","","My Account > Gambling Controls > Account Closure > Self Exclusion","","My Account > Gambling Controls > Account Closure > Self Exclusion","#19 Player can continue with chosen 6 months option to 'Self Exclusion' and confirming modal should display.","#19 Player can continue with chosen 6 months option to 'Self Exclusion' and confirming modal should display.",""
"passed","Tue Mar 15 21:08:49 EET 2022","Tue Mar 15 21:09:05 EET 2022","16682","","Spin Zone functionality testing","","Spin Zone functionality testing","#6 Player can see total bonus balance","#6 Player can see total bonus balance",""
"passed","Tue Mar 15 20:59:29 EET 2022","Tue Mar 15 20:59:56 EET 2022","26729","","My Account > Gambling Controls > Play Reminders","","My Account > Gambling Controls > Play Reminders","#5 Player can select a time limit from the drop down menu.","#5 Player can select a time limit from the drop down menu.",""
"failed","Tue Mar 15 21:22:13 EET 2022","Tue Mar 15 21:22:33 EET 2022","19898","","My Account > Gambling Controls > Account Closure > Self Exclusion","","My Account > Gambling Controls > Account Closure > Self Exclusion","#3 Player can press 'Back' button of the 'Self Exlusion' modal.","#3 Player can press 'Back' button of the 'Self Exlusion' modal.",""
"failed","Tue Mar 15 21:09:35 EET 2022","Tue Mar 15 21:10:01 EET 2022","25399","","Promotions functionality testing. Promotions functionality for authenticated user Individual promotions","","Promotions functionality testing. Promotions functionality for authenticated user Individual promotions","#12 All main sections for card are displayed for OPT IN bonus.","#12 All main sections for card are displayed for OPT IN bonus.",""
"passed","Tue Mar 15 21:22:11 EET 2022","Tue Mar 15 21:22:35 EET 2022","23670","","My Profile > Contact Details","","My Profile > Contact Details","#03 Player can select to edit their telephone number and cancel out of the modal.","#03 Player can select to edit their telephone number and cancel out of the modal.",""
"passed","Tue Mar 15 20:58:12 EET 2022","Tue Mar 15 20:58:35 EET 2022","23013","","My Account > Gambling Controls > Deposit Limits","","My Account > Gambling Controls > Deposit Limits","#4 Player can cancel out of the Deposit Limits modal.","#4 Player can cancel out of the Deposit Limits modal.",""
"passed","Tue Mar 15 21:23:25 EET 2022","Tue Mar 15 21:23:51 EET 2022","26913","","My Account > Gambling Controls > Loss Limits","","My Account > Gambling Controls > Loss Limits","#6 User can successfully update their loss limits in the Loss Limits Delete modal ","#6 User can successfully update their loss limits in the Loss Limits Delete modal ",""
"failed","Tue Mar 15 21:23:31 EET 2022","Tue Mar 15 21:24:02 EET 2022","31273","","My Account -> Deposit","","My Account -> Deposit","#5 Check user is able to select Phone payment method and is provided with the correct information for this payment method","#5 Check user is able to select Phone payment method and is provided with the correct information for this payment method",""
"passed","Tue Mar 15 21:26:47 EET 2022","Tue Mar 15 21:26:59 EET 2022","11989","","Registration > Step 3","","Registration > Step 3","#03 Address Line 1 field is a mandatory field.","#03 Address Line 1 field is a mandatory field.",""
"passed","Tue Mar 15 20:55:35 EET 2022","Tue Mar 15 20:55:59 EET 2022","24483","","Homepage","","Homepage","#9 Bonus amount is updated correctly in the dropdown details when bonus balance is adjusted","#9 Bonus amount is updated correctly in the dropdown details when bonus balance is adjusted",""
"skipped","Tue Mar 15 21:07:10 EET 2022","Tue Mar 15 21:07:10 EET 2022","1","","My Account > Settings > Change Password","","My Account > Settings > Change Password","#15 Player can successfully update and sign in with their new password.","#15 Player can successfully update and sign in with their new password.",""
"passed","Tue Mar 15 21:05:58 EET 2022","Tue Mar 15 21:06:17 EET 2022","18753","","My Account > Settings > Change Password","","My Account > Settings > Change Password","#11 New password must not contain email address.","#11 New password must not contain email address.",""
"passed","Tue Mar 15 21:26:58 EET 2022","Tue Mar 15 21:27:09 EET 2022","11139","","Slots page","","Slots page","#13 User logged in and click on game card and game page appears","#13 User logged in and click on game card and game page appears",""
"passed","Tue Mar 15 20:53:14 EET 2022","Tue Mar 15 20:53:15 EET 2022","1553","","Service unavailable","","Service unavailable","#1 The user is on the Location Error page","#1 The user is on the Location Error page",""
"failed","Tue Mar 15 21:19:57 EET 2022","Tue Mar 15 21:20:03 EET 2022","6459","","Home => Terms & Conditions","","Home => Terms & Conditions","#1 User can come to the help center from terms and conditions page","#1 User can come to the help center from terms and conditions page",""
"passed","Tue Mar 15 20:56:58 EET 2022","Tue Mar 15 20:57:20 EET 2022","21310","","Deep Link -> Play Reminders","","Deep Link -> Play Reminders","#1 Deep link to play reminders opens when logged in","#1 Deep link to play reminders opens when logged in",""
"passed","Tue Mar 15 21:01:37 EET 2022","Tue Mar 15 21:02:01 EET 2022","23594","","My Profile > Personal Details","","My Profile > Personal Details","#01 Player can view their personal details.","#01 Player can view their personal details.",""
"passed","Tue Mar 15 21:06:51 EET 2022","Tue Mar 15 21:06:57 EET 2022","5802","","Registration > Step 2","","Registration > Step 2","#12 User cannot enter an invalid date into the date of birth field.","#12 User cannot enter an invalid date into the date of birth field.",""
"passed","Tue Mar 15 21:20:04 EET 2022","Tue Mar 15 21:20:11 EET 2022","7030","","Home page => Responsible Gambling page","","Home page => Responsible Gambling page","#4 User can come to the ""Block Access to Gambling Websites and Apps Worldwide"" page from Responsible Gambling page","#4 User can come to the ""Block Access to Gambling Websites and Apps Worldwide"" page from Responsible Gambling page",""
"passed","Tue Mar 15 21:03:01 EET 2022","Tue Mar 15 21:03:22 EET 2022","20740","","My Account > Gambling Controls > Deposit Limits","","My Account > Gambling Controls > Deposit Limits","#19 Player can open 'History' modal.","#19 Player can open 'History' modal.",""
"passed","Tue Mar 15 21:08:50 EET 2022","Tue Mar 15 21:08:59 EET 2022","9433","","Registration > Step 4","","Registration > Step 4","#04 User can opt in to receive Email marketing preferences.","#04 User can opt in to receive Email marketing preferences.",""
"passed","Tue Mar 15 21:02:54 EET 2022","Tue Mar 15 21:03:17 EET 2022","22310","","My Account > Settings > Change Password","","My Account > Settings > Change Password","#02 Current Password is a mandatory field.","#02 Current Password is a mandatory field.",""
"passed","Tue Mar 15 21:26:42 EET 2022","Tue Mar 15 21:26:58 EET 2022","15944","","Slots page","","Slots page","#12 User logged in hover the game card  and click on CTA ""INFO"" and go to INFO page and click on ""PLAY NOW"" and see game page","#12 User logged in hover the game card  and click on CTA ""INFO"" and go to INFO page and click on ""PLAY NOW"" and see game page",""
"failed","Tue Mar 15 21:21:06 EET 2022","Tue Mar 15 21:21:25 EET 2022","19058","","My Account > Gambling Controls > Account Closure > Take A Break","","My Account > Gambling Controls > Account Closure > Take A Break","#3 Player can press 'Back' button of the 'Take A Break' modal.","#3 Player can press 'Back' button of the 'Take A Break' modal.",""
"skipped","Tue Mar 15 21:02:07 EET 2022","Tue Mar 15 21:02:07 EET 2022","5","","My Account > Gambling Controls > Deposit Limits","","My Account > Gambling Controls > Deposit Limits","#14 Player can successfully set Deposit Limit to the minimum allowed value and will receive a success toast on submitting the new amount.","#14 Player can successfully set Deposit Limit to the minimum allowed value and will receive a success toast on submitting the new amount.",""
"failed","Tue Mar 15 21:20:38 EET 2022","Tue Mar 15 21:20:43 EET 2022","4852","","Landing Page/Shop Welcome page","","Landing Page/Shop Welcome page","#3 User clicks on ""Be Aware Gambling"" image at Shop Welcome page","#3 User clicks on ""Be Aware Gambling"" image at Shop Welcome page",""
"failed","Tue Mar 15 21:25:27 EET 2022","Tue Mar 15 21:25:33 EET 2022","5635","","Registration > Step 1","","Registration > Step 1","#12 User can successfully enter email address with local domain (.de).","#12 User can successfully enter email address with local domain (.de).",""
"failed","Tue Mar 15 21:25:48 EET 2022","Tue Mar 15 21:25:55 EET 2022","6677","","Registration > Step 1","","Registration > Step 1","#29 User can successfully enter email address with uppercase letters.","#29 User can successfully enter email address with uppercase letters.",""
"failed","Tue Mar 15 21:10:26 EET 2022","Tue Mar 15 21:10:51 EET 2022","24798","","Promotions functionality testing. Promotions functionality for authenticated user Individual promotions","","Promotions functionality testing. Promotions functionality for authenticated user Individual promotions","#14 All main sections for card are displayed for CLAIM bonus.","#14 All main sections for card are displayed for CLAIM bonus.",""
"passed","Tue Mar 15 20:55:22 EET 2022","Tue Mar 15 20:55:36 EET 2022","13809","","Inbox functionality testing","","Inbox functionality testing","#8 Player with 15 or more messages, view more button is shown","#8 Player with 15 or more messages, view more button is shown",""
"passed","Tue Mar 15 21:22:12 EET 2022","Tue Mar 15 21:22:19 EET 2022","7368","","Home => Terms & Conditions","","Home => Terms & Conditions","#22 User can see the Promotions section on terms and conditions page","#22 User can see the Promotions section on terms and conditions page",""
"skipped","Tue Mar 15 21:22:54 EET 2022","Tue Mar 15 21:22:54 EET 2022","0","","My Account > Gambling Controls > Account Closure > Self Exclusion","","My Account > Gambling Controls > Account Closure > Self Exclusion","#6 Player can select a reason for taking self exclusion the drop down menu.","#6 Player can select a reason for taking self exclusion the drop down menu.",""
"failed","Tue Mar 15 21:20:23 EET 2022","Tue Mar 15 21:20:27 EET 2022","4823","","Landing Page/Welcome Offer page","","Landing Page/Welcome Offer page","#9 User can come to the Terms & Conditions page from the Welcome Offer page","#9 User can come to the Terms & Conditions page from the Welcome Offer page",""
"passed","Tue Mar 15 20:58:35 EET 2022","Tue Mar 15 20:58:56 EET 2022","21429","","My Account > Gambling Controls > Deposit Limits","","My Account > Gambling Controls > Deposit Limits","#5 Player can open the Deposit Limits Edit modal on edit icon click.","#5 Player can open the Deposit Limits Edit modal on edit icon click.",""
"failed","Tue Mar 15 21:11:43 EET 2022","Tue Mar 15 21:12:09 EET 2022","26452","","Promotions functionality testing. Promotions functionality for authenticated user Individual promotions","","Promotions functionality testing. Promotions functionality for authenticated user Individual promotions","#17 User can press back for confirmation cancel bonus drawer and get not cancel bonus.","#17 User can press back for confirmation cancel bonus drawer and get not cancel bonus.",""
"failed","Tue Mar 15 21:21:09 EET 2022","Tue Mar 15 21:21:15 EET 2022","6163","","Landing Page/Shop Welcome page","","Landing Page/Shop Welcome page","#8 User can come to the Promotion page from the Shop Welcome page","#8 User can come to the Promotion page from the Shop Welcome page",""
"passed","Tue Mar 15 21:00:07 EET 2022","Tue Mar 15 21:00:40 EET 2022","32443","","My Account > Gambling Controls > Deposit Limits","","My Account > Gambling Controls > Deposit Limits","#9 Player can successfully update a daily deposit limit in the Deposit Limits Delete modal","#9 Player can successfully update a daily deposit limit in the Deposit Limits Delete modal",""
"passed","Tue Mar 15 21:05:06 EET 2022","Tue Mar 15 21:05:15 EET 2022","9744","","Recover Password","","Recover Password","#04 Player can select the 'Cancel and Back To Login' link and is displayed the login section.","#04 Player can select the 'Cancel and Back To Login' link and is displayed the login section.",""
"skipped","Tue Mar 15 21:21:25 EET 2022","Tue Mar 15 21:21:25 EET 2022","2","","My Account > Gambling Controls > Account Closure > Take A Break","","My Account > Gambling Controls > Account Closure > Take A Break","#4 Player cannot continue with 'Take A Break' if a reason is not selected.","#4 Player cannot continue with 'Take A Break' if a reason is not selected.",""
"failed","Tue Mar 15 21:25:37 EET 2022","Tue Mar 15 21:25:45 EET 2022","7222","","Slots page","","Slots page","#5 User can see on hero banner carousel primary button CTA, can click on it and see game info page","#5 User can see on hero banner carousel primary button CTA, can click on it and see game info page",""
"passed","Tue Mar 15 21:06:17 EET 2022","Tue Mar 15 21:06:35 EET 2022","18044","","My Account > Settings > Change Password","","My Account > Settings > Change Password","#12 Player cannot continue to next step if their new password does not meet the minimum password requirements.","#12 Player cannot continue to next step if their new password does not meet the minimum password requirements.",""
"failed","Tue Mar 15 21:06:19 EET 2022","Tue Mar 15 21:06:48 EET 2022","28998","","Promotions functionality testing. Promotions functionality for authenticated user Blocks of promotions","","Promotions functionality testing. Promotions functionality for authenticated user Blocks of promotions","#5 Less or equal 4 recent activity cards are displayed.","#5 Less or equal 4 recent activity cards are displayed.",""
"passed","Tue Mar 15 21:27:17 EET 2022","Tue Mar 15 21:27:30 EET 2022","12711","","UnsubscribePage","","UnsubscribePage","#7 User can click on ‘Continue’ button in the ‘Re-subscribe’ success window and the Home page will be displayed.","#7 User can click on ‘Continue’ button in the ‘Re-subscribe’ success window and the Home page will be displayed.",""
"failed","Tue Mar 15 21:25:53 EET 2022","Tue Mar 15 21:26:10 EET 2022","17161","","My Profile > Communications Preferences","","My Profile > Communications Preferences","#10 Player can unselect just email preferences using the email toggle (email already toggled on), which upon saving updates the account area accordingly","#10 Player can unselect just email preferences using the email toggle (email already toggled on), which upon saving updates the account area accordingly",""
"passed","Tue Mar 15 20:56:16 EET 2022","Tue Mar 15 20:56:37 EET 2022","21140","","Homepage","","Homepage","#11 User is displayed with the correct cash balance format in the dropdown card when balance exceeds 9999 (five figure balance)","#11 User is displayed with the correct cash balance format in the dropdown card when balance exceeds 9999 (five figure balance)",""
"failed","Tue Mar 15 21:19:49 EET 2022","Tue Mar 15 21:19:57 EET 2022","7960","","Home => Terms & Conditions","","Home => Terms & Conditions","#0 User can come to the terms and conditions page","#0 User can come to the terms and conditions page",""
"failed","Tue Mar 15 21:26:10 EET 2022","Tue Mar 15 21:26:29 EET 2022","18168","","My Profile > Communications Preferences","","My Profile > Communications Preferences","#11 Player can uneselect just text preferences using the text toggle (text already toggled on), which upon saving updates the account area accordingly","#11 Player can uneselect just text preferences using the text toggle (text already toggled on), which upon saving updates the account area accordingly",""
"passed","Tue Mar 15 21:23:51 EET 2022","Tue Mar 15 21:24:15 EET 2022","23441","","My Account > Gambling Controls > Loss Limits","","My Account > Gambling Controls > Loss Limits","#7 User can open the Loss Limits Delete modal on edit icon click and click on edit icon in the input field ","#7 User can open the Loss Limits Delete modal on edit icon click and click on edit icon in the input field ",""
"failed","Tue Mar 15 21:25:36 EET 2022","Tue Mar 15 21:25:53 EET 2022","17349","","My Profile > Communications Preferences","","My Profile > Communications Preferences","#9 Player can unselect all preferences using the select all toggle (select all toggle already active), which upon saving updates the account area accordingly","#9 Player can unselect all preferences using the select all toggle (select all toggle already active), which upon saving updates the account area accordingly",""
"passed","Tue Mar 15 21:01:00 EET 2022","Tue Mar 15 21:01:23 EET 2022","23749","","My Account > Gambling Controls > Play Reminders","","My Account > Gambling Controls > Play Reminders","#8 Player can successfully delete their 'Time Limit' on delete icon click.","#8 Player can successfully delete their 'Time Limit' on delete icon click.",""
"failed","Tue Mar 15 21:20:38 EET 2022","Tue Mar 15 21:20:44 EET 2022","6438","","Home => Terms & Conditions","","Home => Terms & Conditions","#8 User can come to the eCOGRA page from terms and conditions page","#8 User can come to the eCOGRA page from terms and conditions page",""
"passed","Tue Mar 15 20:53:50 EET 2022","Tue Mar 15 20:53:54 EET 2022","4437","","Footer functionality testing","","Footer functionality testing","#5 Player can see legal and company information","#5 Player can see legal and company information",""
"failed","Tue Mar 15 21:19:57 EET 2022","Tue Mar 15 21:20:04 EET 2022","6523","","Home page => Responsible Gambling page","","Home page => Responsible Gambling page","#3 User can come to the Gamble Stop page from Responsible Gambling page","#3 User can come to the Gamble Stop page from Responsible Gambling page",""
"passed","Tue Mar 15 21:19:54 EET 2022","Tue Mar 15 21:19:56 EET 2022","1819","","Expired Link Error","","Expired Link Error","#6 User can click on Recover Password button and see Reset your password window ","#6 User can click on Recover Password button and see Reset your password window ",""
"failed","Tue Mar 15 21:21:49 EET 2022","Tue Mar 15 21:21:56 EET 2022","7165","","Home => Terms & Conditions","","Home => Terms & Conditions","#19 User can see the Inactive Customer Accounts section on terms and conditions page","#19 User can see the Inactive Customer Accounts section on terms and conditions page",""
"failed","Tue Mar 15 21:24:21 EET 2022","Tue Mar 15 21:24:39 EET 2022","18421","","My Account -> Deposit","","My Account -> Deposit","#7 Check user is able to deposit with a valid card and is presented with success modal","#7 Check user is able to deposit with a valid card and is presented with success modal",""
"passed","Tue Mar 15 21:25:30 EET 2022","Tue Mar 15 21:25:37 EET 2022","6972","","Slots page","","Slots page","#4 User can see game carousel and can scroll it","#4 User can see game carousel and can scroll it",""
"skipped","Tue Mar 15 21:02:38 EET 2022","Tue Mar 15 21:02:38 EET 2022","1","","My Account > Gambling Controls > Deposit Limits","","My Account > Gambling Controls > Deposit Limits","#16 Player cannot set Deposit Limit lower than the minimum amount.","#16 Player cannot set Deposit Limit lower than the minimum amount.",""
"failed","Tue Mar 15 21:14:19 EET 2022","Tue Mar 15 21:14:45 EET 2022","25961","","Promotions functionality testing. Promotions functionality for authenticated user Individual promotions","","Promotions functionality testing. Promotions functionality for authenticated user Individual promotions","#23 User can opt in bonus and get claimed confirmation message.","#23 User can opt in bonus and get claimed confirmation message.",""
"failed","Tue Mar 15 21:09:09 EET 2022","Tue Mar 15 21:09:35 EET 2022","26164","","Promotions functionality testing. Promotions functionality for authenticated user Blocks of promotions","","Promotions functionality testing. Promotions functionality for authenticated user Blocks of promotions","#11 Feature promotions are excluded from the promotions section.","#11 Feature promotions are excluded from the promotions section.",""
"passed","Tue Mar 15 21:19:36 EET 2022","Tue Mar 15 21:19:43 EET 2022","7549","","Expired Link Error","","Expired Link Error","#1 Expired Link Error page is displayed","#1 Expired Link Error page is displayed",""
"passed","Tue Mar 15 20:55:58 EET 2022","Tue Mar 15 20:56:15 EET 2022","17594","","Deep Link -> Change Password","","Deep Link -> Change Password","#2 Deep link to change password open login when not logged in before change password","#2 Deep link to change password open login when not logged in before change password",""
"passed","Tue Mar 15 20:53:08 EET 2022","Tue Mar 15 20:53:16 EET 2022","7616","","Footer functionality testing","","Footer functionality testing","#1 Player can see a light grey bar at the top of the footer","#1 Player can see a light grey bar at the top of the footer",""
"passed","Tue Mar 15 20:56:38 EET 2022","Tue Mar 15 20:57:02 EET 2022","24193","","Deep Link -> Edit Phone","","Deep Link -> Edit Phone","#1 Deep link to edit phone opens when logged in","#1 Deep link to edit phone opens when logged in",""
"passed","Tue Mar 15 21:26:22 EET 2022","Tue Mar 15 21:26:36 EET 2022","14006","","UnsubscribePage","","UnsubscribePage","#4 User can check ‘Other’ radio button and the text input will be displayed","#4 User can check ‘Other’ radio button and the text input will be displayed",""
"failed","Tue Mar 15 21:24:19 EET 2022","Tue Mar 15 21:24:26 EET 2022","6609","","Registration > Step 1","","Registration > Step 1","#01 User is displayed the correct content and input fields for Step 1.","#01 User is displayed the correct content and input fields for Step 1.",""
"passed","Tue Mar 15 20:55:12 EET 2022","Tue Mar 15 20:55:33 EET 2022","20958","","Logout","","Logout","#01 Player can successfully logout.","#01 Player can successfully logout.",""
"passed","Tue Mar 15 21:20:55 EET 2022","Tue Mar 15 21:21:01 EET 2022","5672","","Home => Terms & Conditions","","Home => Terms & Conditions","#11 User can see the Definitions section on terms and conditions page","#11 User can see the Definitions section on terms and conditions page",""
"passed","Tue Mar 15 21:26:12 EET 2022","Tue Mar 15 21:26:20 EET 2022","8462","","Slots page","","Slots page","#9 User hover the game card and click on it and login modal appears","#9 User hover the game card and click on it and login modal appears",""
"passed","Tue Mar 15 20:57:02 EET 2022","Tue Mar 15 20:57:19 EET 2022","17656","","Deep Link -> Edit Phone","","Deep Link -> Edit Phone","#2 Deep link to change password open login when not logged in before change password","#2 Deep link to change password open login when not logged in before change password",""
"failed","Tue Mar 15 21:13:01 EET 2022","Tue Mar 15 21:13:27 EET 2022","26519","","Promotions functionality testing. Promotions functionality for authenticated user Individual promotions","","Promotions functionality testing. Promotions functionality for authenticated user Individual promotions","#20 User can press Back CTA for More Info page and be taken to the list of promotions.","#20 User can press Back CTA for More Info page and be taken to the list of promotions.",""
"passed","Tue Mar 15 20:55:02 EET 2022","Tue Mar 15 20:55:22 EET 2022","19872","","Inbox functionality testing","","Inbox functionality testing","#7 Player can mark a message as read using the message options, removing the new badge from a message and decreasing the unread message count badge","#7 Player can mark a message as read using the message options, removing the new badge from a message and decreasing the unread message count badge",""
"passed","Tue Mar 15 21:03:17 EET 2022","Tue Mar 15 21:03:37 EET 2022","20652","","My Account > Settings > Change Password","","My Account > Settings > Change Password","#03 New Password is a mandatory field.","#03 New Password is a mandatory field.",""
"passed","Tue Mar 15 21:04:15 EET 2022","Tue Mar 15 21:04:22 EET 2022","6599","","Homepage","","Homepage","#2 After clicking on the link from 'Introduction to Eyas Gaming', the user should see the page  https://www.eyasgaming.com/.","#2 After clicking on the link from 'Introduction to Eyas Gaming', the user should see the page  https://www.eyasgaming.com/.",""
"failed","Tue Mar 15 21:28:03 EET 2022","Tue Mar 15 21:28:36 EET 2022","32787","","My Account > Gambling Controls > Loss Limits","","My Account > Gambling Controls > Loss Limits","#15 User can submit a blank value in the Loss Limit. ","#15 User can submit a blank value in the Loss Limit. ",""
"passed","Tue Mar 15 21:03:30 EET 2022","Tue Mar 15 21:04:15 EET 2022","45635","","Homepage","","Homepage","#1 When the user clicks to link Privacy Policy user should watches the nex chapters.","#1 When the user clicks to link Privacy Policy user should watches the nex chapters.",""
"passed","Tue Mar 15 21:04:54 EET 2022","Tue Mar 15 21:05:06 EET 2022","11323","","Recover Password","","Recover Password","#03 Player cannot enter an invaild email address.","#03 Player cannot enter an invaild email address.",""
"failed","Tue Mar 15 21:05:51 EET 2022","Tue Mar 15 21:06:19 EET 2022","28495","","Promotions functionality testing. Promotions functionality for authenticated user Blocks of promotions","","Promotions functionality testing. Promotions functionality for authenticated user Blocks of promotions","#4 When Recent activity section is displayed then also Link ""See all Activity"" is displayed.","#4 When Recent activity section is displayed then also Link ""See all Activity"" is displayed.",""
"failed","Tue Mar 15 21:24:26 EET 2022","Tue Mar 15 21:24:53 EET 2022","27336","","Registration > Step 1","","Registration > Step 1","#01.1 User can leave the registration process by clicking the Home link and click 'Yes I want to leave'.","#01.1 User can leave the registration process by clicking the Home link and click 'Yes I want to leave'.",""
"passed","Tue Mar 15 21:02:06 EET 2022","Tue Mar 15 21:02:32 EET 2022","26179","","My Account > Settings > Change Password","","My Account > Settings > Change Password","#00 Player can close the Change Password modal.","#00 Player can close the Change Password modal.",""
"passed","Tue Mar 15 21:04:39 EET 2022","Tue Mar 15 21:04:59 EET 2022","19965","","My Account > Settings > Change Password","","My Account > Settings > Change Password","#07 New password must contain a number.","#07 New password must contain a number.",""
"failed","Tue Mar 15 21:25:02 EET 2022","Tue Mar 15 21:25:05 EET 2022","2855","","Registration > Step 1","","Registration > Step 1","#04 User can select the 'Recover' button on the 'Account already exists' drawer and is displayed the Recover Password form.","#04 User can select the 'Recover' button on the 'Account already exists' drawer and is displayed the Recover Password form.",""
"passed","Tue Mar 15 20:55:17 EET 2022","Tue Mar 15 20:55:27 EET 2022","9477","","Log In","","Log In","#02 Email Address is a mandatory field.","#02 Email Address is a mandatory field.",""
"passed","Tue Mar 15 21:09:07 EET 2022","Tue Mar 15 21:09:16 EET 2022","8605","","Registration > Step 4","","Registration > Step 4","#09 User can select multiple marketing preferences.","#09 User can select multiple marketing preferences.",""
"failed","Tue Mar 15 21:24:02 EET 2022","Tue Mar 15 21:24:21 EET 2022","19013","","My Account -> Deposit","","My Account -> Deposit","#6 Check user is able to select PayPal payment method and is provided with the correct information for this payment method","#6 Check user is able to select PayPal payment method and is provided with the correct information for this payment method",""
"failed","Tue Mar 15 21:26:58 EET 2022","Tue Mar 15 21:27:32 EET 2022","34735","","My Account > Gambling Controls > Loss Limits","","My Account > Gambling Controls > Loss Limits","#13 User cannot set a Loss Limit lower than the minimum amount. ","#13 User cannot set a Loss Limit lower than the minimum amount. ",""
"failed","Tue Mar 15 21:18:34 EET 2022","Tue Mar 15 21:18:37 EET 2022","2957","","Promotions functionality testing. Promotions functionality for unauthenticated user","","Promotions functionality testing. Promotions functionality for unauthenticated user","#36 Promotions are displayed in correct order for unauthenticated user","#36 Promotions are displayed in correct order for unauthenticated user",""
"failed","Tue Mar 15 21:08:43 EET 2022","Tue Mar 15 21:09:09 EET 2022","26677","","Promotions functionality testing. Promotions functionality for authenticated user Blocks of promotions","","Promotions functionality testing. Promotions functionality for authenticated user Blocks of promotions","#10 Active promotions are excluded from the promotions section.","#10 Active promotions are excluded from the promotions section.",""
"passed","Tue Mar 15 21:04:05 EET 2022","Tue Mar 15 21:04:26 EET 2022","21099","","My Account > Gambling Controls > Deposit Limits","","My Account > Gambling Controls > Deposit Limits","#22 Player can close 'How deposit limits work' modal.","#22 Player can close 'How deposit limits work' modal.",""
"passed","Tue Mar 15 21:07:02 EET 2022","Tue Mar 15 21:07:07 EET 2022","4373","","Registration > Step 2","","Registration > Step 2","#14 User cannot enter invalid characters into the date of birth field.","#14 User cannot enter invalid characters into the date of birth field.",""
"passed","Tue Mar 15 21:18:49 EET 2022","Tue Mar 15 21:18:53 EET 2022","3577","","Promotions functionality testing. Promotions functionality for unauthenticated user","","Promotions functionality testing. Promotions functionality for unauthenticated user","#44 All main sections for card are displayed for DEPOSIT bonus for unauthenticated user.","#44 All main sections for card are displayed for DEPOSIT bonus for unauthenticated user.",""
"passed","Tue Mar 15 21:21:47 EET 2022","Tue Mar 15 21:22:11 EET 2022","24521","","My Profile > Contact Details","","My Profile > Contact Details","#02 Player can select to edit their telephone number and be presented with an edit modal.","#02 Player can select to edit their telephone number and be presented with an edit modal.",""
"passed","Tue Mar 15 21:05:26 EET 2022","Tue Mar 15 21:05:41 EET 2022","14874","","Recover Password","","Recover Password","#06 Recover Password button displays 'Re-Send Email' text after a successful first attempt.","#06 Recover Password button displays 'Re-Send Email' text after a successful first attempt.",""
"passed","Tue Mar 15 20:55:35 EET 2022","Tue Mar 15 20:55:45 EET 2022","9946","","Log In","","Log In","#04 Player cannot submit blank details on the Login Form.","#04 Player cannot submit blank details on the Login Form.",""
"passed","Tue Mar 15 21:04:31 EET 2022","Tue Mar 15 21:04:42 EET 2022","11346","","Recover Password","","Recover Password","#01 Player can navigate to the recover password form and is displayed with the correct fields.","#01 Player can navigate to the recover password form and is displayed with the correct fields.",""
"passed","Tue Mar 15 21:06:47 EET 2022","Tue Mar 15 21:07:07 EET 2022","20064","","Registration > Step 4","","Registration > Step 4","#02 User can navigate back to the previous step.","#02 User can navigate back to the previous step.",""
"failed","Tue Mar 15 21:23:55 EET 2022","Tue Mar 15 21:24:15 EET 2022","20371","","My Account > Gambling Controls > Account Closure > Self Exclusion","","My Account > Gambling Controls > Account Closure > Self Exclusion","#10 Player can choose 2 years option for 'Self Exclusion' and this option should be selected.","#10 Player can choose 2 years option for 'Self Exclusion' and this option should be selected.",""
"passed","Tue Mar 15 21:18:46 EET 2022","Tue Mar 15 21:18:49 EET 2022","3342","","Promotions functionality testing. Promotions functionality for unauthenticated user","","Promotions functionality testing. Promotions functionality for unauthenticated user","#43 All main sections for card are displayed for OPT IN bonus for unauthenticated user.","#43 All main sections for card are displayed for OPT IN bonus for unauthenticated user.",""
"passed","Tue Mar 15 21:02:32 EET 2022","Tue Mar 15 21:02:54 EET 2022","21935","","My Account > Settings > Change Password","","My Account > Settings > Change Password","#01 Player can cancel out of the Change Password modal.","#01 Player can cancel out of the Change Password modal.",""
"failed","Tue Mar 15 21:22:27 EET 2022","Tue Mar 15 21:22:47 EET 2022","20498","","My Account > Gambling Controls > Account Closure > Take A Break","","My Account > Gambling Controls > Account Closure > Take A Break","#9 Player can choose 3 weeks option for 'Take A Break' and this option should be selected.","#9 Player can choose 3 weeks option for 'Take A Break' and this option should be selected.",""
"passed","Tue Mar 15 21:27:04 EET 2022","Tue Mar 15 21:27:17 EET 2022","12960","","UnsubscribePage","","UnsubscribePage","#6 User can click on ‘Re-subscribe’ button and success window will be displayed with the correct content","#6 User can click on ‘Re-subscribe’ button and success window will be displayed with the correct content",""
"failed","Tue Mar 15 21:18:53 EET 2022","Tue Mar 15 21:18:56 EET 2022","3217","","Promotions functionality testing. Promotions functionality for unauthenticated user","","Promotions functionality testing. Promotions functionality for unauthenticated user","#45 All main sections for card are displayed for CLAIM bonus for unauthenticated user.","#45 All main sections for card are displayed for CLAIM bonus for unauthenticated user.",""
"failed","Tue Mar 15 21:24:12 EET 2022","Tue Mar 15 21:24:29 EET 2022","17257","","My Profile > Communications Preferences","","My Profile > Communications Preferences","#4 Player can edit their preferences and toggle all preferences with the select all toggle, which upon saving updates the account area","#4 Player can edit their preferences and toggle all preferences with the select all toggle, which upon saving updates the account area",""
"passed","Tue Mar 15 21:07:31 EET 2022","Tue Mar 15 21:07:43 EET 2022","12140","","Registration > Step 4","","Registration > Step 4","#08 User can overwrite Select All option and de-select a preference.","#08 User can overwrite Select All option and de-select a preference.",""
"passed","Tue Mar 15 21:08:11 EET 2022","Tue Mar 15 21:08:29 EET 2022","17779","","Spin Zone functionality testing","","Spin Zone functionality testing","#4 Player can see total withdrawable cash balance","#4 Player can see total withdrawable cash balance",""
"passed","Tue Mar 15 20:53:19 EET 2022","Tue Mar 15 20:53:28 EET 2022","8774","","Homepage","","Homepage","#1 Player can navigate to the registration page via the 'Join'.","#1 Player can navigate to the registration page via the 'Join'.",""
"passed","Tue Mar 15 21:07:43 EET 2022","Tue Mar 15 21:08:01 EET 2022","17442","","Registration > Step 4","","Registration > Step 4","#10 User can click and view the T&Cs.","#10 User can click and view the T&Cs.",""
"passed","Tue Mar 15 21:19:49 EET 2022","Tue Mar 15 21:19:51 EET 2022","2696","","Expired Link Error","","Expired Link Error","#4 User can click on Join button and see Register page. ","#4 User can click on Join button and see Register page. ",""
"passed","Tue Mar 15 21:21:33 EET 2022","Tue Mar 15 21:21:41 EET 2022","7725","","Home => Terms & Conditions","","Home => Terms & Conditions","#17 User can see the Errors, Interruptions and Malfunctions section on terms and conditions page","#17 User can see the Errors, Interruptions and Malfunctions section on terms and conditions page",""
"passed","Tue Mar 15 21:00:31 EET 2022","Tue Mar 15 21:01:00 EET 2022","28923","","My Account > Gambling Controls > Play Reminders","","My Account > Gambling Controls > Play Reminders","#7 Player can successfully edit their 'Time Limit'.","#7 Player can successfully edit their 'Time Limit'.",""
"passed","Tue Mar 15 20:57:30 EET 2022","Tue Mar 15 20:57:49 EET 2022","18285","","My Account > Gambling Controls > Deposit Limits","","My Account > Gambling Controls > Deposit Limits","#2 Player is displayed 'Set Deposit Limit' text if no deposit limits are set.","#2 Player is displayed 'Set Deposit Limit' text if no deposit limits are set.",""
"passed","Tue Mar 15 21:19:54 EET 2022","Tue Mar 15 21:20:00 EET 2022","6309","","404 error page functionality testing.","","404 error page functionality testing.","#5 Player can click ""Login"" button, open login window and successfully login.","#5 Player can click ""Login"" button, open login window and successfully login.",""
"failed","Tue Mar 15 21:26:34 EET 2022","Tue Mar 15 21:26:53 EET 2022","19252","","My Account > Gambling Controls > Account Closure > Self Exclusion","","My Account > Gambling Controls > Account Closure > Self Exclusion","#18 Player can close the self exclusion modal.","#18 Player can close the self exclusion modal.",""
"passed","Tue Mar 15 21:29:11 EET 2022","Tue Mar 15 21:29:22 EET 2022","10839","","My Account > Gambling Controls > Loss Limits","","My Account > Gambling Controls > Loss Limits","#17 User can open 'How loss limits work' modal. ","#17 User can open 'How loss limits work' modal. ",""
"failed","Tue Mar 15 21:20:02 EET 2022","Tue Mar 15 21:21:17 EET 2022","74094","","404 error page functionality testing.","","404 error page functionality testing.","#7 Player can click ""Deposit"" button and open Deposit window.","#7 Player can click ""Deposit"" button and open Deposit window.",""
"failed","Tue Mar 15 21:10:51 EET 2022","Tue Mar 15 21:11:16 EET 2022","25342","","Promotions functionality testing. Promotions functionality for authenticated user Individual promotions","","Promotions functionality testing. Promotions functionality for authenticated user Individual promotions","#15 User can go to More Info details after click More Info CTA for authenticated user.","#15 User can go to More Info details after click More Info CTA for authenticated user.",""
"passed","Tue Mar 15 20:54:34 EET 2022","Tue Mar 15 20:54:51 EET 2022","17179","","Homepage","","Homepage","#6 The details balance card is dismissed when the user clicks and drags the footer","#6 The details balance card is dismissed when the user clicks and drags the footer",""
"failed","Tue Mar 15 21:22:56 EET 2022","Tue Mar 15 21:23:02 EET 2022","6362","","Home => Terms & Conditions","","Home => Terms & Conditions","#28 User can opened mail client after clicks/taps on “complaintsMGA@merkurslots.com” ","#28 User can opened mail client after clicks/taps on “complaintsMGA@merkurslots.com” ",""
"passed","Tue Mar 15 21:20:12 EET 2022","Tue Mar 15 21:20:17 EET 2022","5182","","Landing Page/Welcome Offer page","","Landing Page/Welcome Offer page","#7 User can come to the ""Be Gambling Aware"" site from the Welcome Offer page","#7 User can come to the ""Be Gambling Aware"" site from the Welcome Offer page",""
"passed","Tue Mar 15 21:19:12 EET 2022","Tue Mar 15 21:19:16 EET 2022","3308","","Promotions functionality testing. Promotions functionality for unauthenticated user","","Promotions functionality testing. Promotions functionality for unauthenticated user","#51 User can see list of promotions after click Back button from more info details.","#51 User can see list of promotions after click Back button from more info details.",""
"passed","Tue Mar 15 20:54:32 EET 2022","Tue Mar 15 20:54:46 EET 2022","14056","","Inbox functionality testing","","Inbox functionality testing","#5 Player can open message, removing the new badge from a message and decreasing the unread message count badge","#5 Player can open message, removing the new badge from a message and decreasing the unread message count badge",""
"failed","Tue Mar 15 21:19:46 EET 2022","Tue Mar 15 21:19:52 EET 2022","5613","","Home page => Responsible Gambling page","","Home page => Responsible Gambling page","#1 User can come to the Be Gamble Aware page from Responsible Gambling page","#1 User can come to the Be Gamble Aware page from Responsible Gambling page",""
"passed","Tue Mar 15 20:56:23 EET 2022","Tue Mar 15 20:56:42 EET 2022","18521","","Inbox functionality testing","","Inbox functionality testing","#11 Player can delete a message using the message options, removing it from the list","#11 Player can delete a message using the message options, removing it from the list",""
"passed","Tue Mar 15 21:04:42 EET 2022","Tue Mar 15 21:04:54 EET 2022","12180","","Recover Password","","Recover Password","#02 Player cannot submit a blank email address on the recover password form.","#02 Player cannot submit a blank email address on the recover password form.",""
"failed","Tue Mar 15 21:25:34 EET 2022","Tue Mar 15 21:25:54 EET 2022","19972","","My Account > Gambling Controls > Account Closure > Self Exclusion","","My Account > Gambling Controls > Account Closure > Self Exclusion","#15 Player can continue with chosen 2 years option to 'Self Exclusion' and confirming modal should display.","#15 Player can continue with chosen 2 years option to 'Self Exclusion' and confirming modal should display.",""
"passed","Tue Mar 15 20:57:27 EET 2022","Tue Mar 15 20:57:41 EET 2022","13587","","Inbox functionality testing","","Inbox functionality testing","#15 Player is presented with an Empty Inbox image if the Inbox is empty (rather than a heading & message list)","#15 Player is presented with an Empty Inbox image if the Inbox is empty (rather than a heading & message list)",""
"passed","Tue Mar 15 21:27:59 EET 2022","Tue Mar 15 21:28:06 EET 2022","7064","","Registration > Step 3","","Registration > Step 3","#16 Phone Number will display an error when entering non-numeric values into input.","#16 Phone Number will display an error when entering non-numeric values into input.",""
"passed","Tue Mar 15 20:56:54 EET 2022","Tue Mar 15 20:57:14 EET 2022","20540","","Homepage","","Homepage","#13 Balance details still correctly display balance of £0.00 if user has no cash balance","#13 Balance details still correctly display balance of £0.00 if user has no cash balance",""
"passed","Tue Mar 15 21:03:58 EET 2022","Tue Mar 15 21:04:20 EET 2022","22448","","My Account > Settings > Change Password","","My Account > Settings > Change Password","#05 Player should be displayed an error if they submit the Change Password form with an incorrect Current Password.","#05 Player should be displayed an error if they submit the Change Password form with an incorrect Current Password.",""
"passed","Tue Mar 15 21:20:00 EET 2022","Tue Mar 15 21:20:02 EET 2022","2365","","404 error page functionality testing.","","404 error page functionality testing.","#6 Player can click ""Go to lobby"" button and after that it will redirect to Home page.","#6 Player can click ""Go to lobby"" button and after that it will redirect to Home page.",""
"failed","Tue Mar 15 21:21:45 EET 2022","Tue Mar 15 21:22:06 EET 2022","20703","","My Account > Gambling Controls > Account Closure > Take A Break","","My Account > Gambling Controls > Account Closure > Take A Break","#7 Player can choose 24 hours option for 'Take A Break' and this option should be selected.","#7 Player can choose 24 hours option for 'Take A Break' and this option should be selected.",""
"failed","Tue Mar 15 21:20:32 EET 2022","Tue Mar 15 21:20:38 EET 2022","6198","","Home => Terms & Conditions","","Home => Terms & Conditions","#7 User can come to the GamStop page from terms and conditions page","#7 User can come to the GamStop page from terms and conditions page",""
"passed","Tue Mar 15 21:19:27 EET 2022","Tue Mar 15 21:19:32 EET 2022","4885","","Promotions functionality testing. Promotions functionality for unauthenticated user","","Promotions functionality testing. Promotions functionality for unauthenticated user","#54 User clicks button DEPOSIT for already DEPOSITED bonus, successfully login and can see drawer ""This promotion is unavailable"".","#54 User clicks button DEPOSIT for already DEPOSITED bonus, successfully login and can see drawer ""This promotion is unavailable"".",""
"passed","Tue Mar 15 20:55:05 EET 2022","Tue Mar 15 20:55:17 EET 2022","12021","","Log In","","Log In","#01 Player can open the Log In modal and is displayed with the correct fields.","#01 Player can open the Log In modal and is displayed with the correct fields.",""
"passed","Tue Mar 15 21:19:21 EET 2022","Tue Mar 15 21:19:27 EET 2022","5943","","Promotions functionality testing. Promotions functionality for unauthenticated user","","Promotions functionality testing. Promotions functionality for unauthenticated user","#53 User clicks button CLAIM for already CLAIMED bonus, successfully login and can see drawer ""This promotion is unavailable"".","#53 User clicks button CLAIM for already CLAIMED bonus, successfully login and can see drawer ""This promotion is unavailable"".",""
"passed","Tue Mar 15 21:20:48 EET 2022","Tue Mar 15 21:20:58 EET 2022","10130","","Landing Page/Shop Welcome page","","Landing Page/Shop Welcome page","#5 User try to click on PLAY CTA of Popular game at Shop Welcome page","#5 User try to click on PLAY CTA of Popular game at Shop Welcome page",""
"failed","Tue Mar 15 21:23:36 EET 2022","Tue Mar 15 21:23:55 EET 2022","18928","","My Profile > Communications Preferences","","My Profile > Communications Preferences","#2 Player can edit their preferences and exit using the x close button within the modal discarding changes","#2 Player can edit their preferences and exit using the x close button within the modal discarding changes",""
"passed","Tue Mar 15 21:22:58 EET 2022","Tue Mar 15 21:23:23 EET 2022","25186","","My Profile > Contact Details","","My Profile > Contact Details","#04 Player can update their telephone number.","#04 Player can update their telephone number.",""
"failed","Tue Mar 15 21:19:51 EET 2022","Tue Mar 15 21:19:55 EET 2022","4387","","Landing Page/Welcome Offer page","","Landing Page/Welcome Offer page","#3 User clicks on ""Be Aware Gambling"" image at Welcome Offer page","#3 User clicks on ""Be Aware Gambling"" image at Welcome Offer page",""
"passed","Tue Mar 15 21:06:33 EET 2022","Tue Mar 15 21:06:39 EET 2022","6038","","Registration > Step 2","","Registration > Step 2","#07 User cannot enter numbers into step 2 name input fields.","#07 User cannot enter numbers into step 2 name input fields.",""
"passed","Tue Mar 15 21:27:15 EET 2022","Tue Mar 15 21:27:22 EET 2022","6623","","Registration > Step 3","","Registration > Step 3","#07 User cannot enter invalid characters into the Address Line 1 field.","#07 User cannot enter invalid characters into the Address Line 1 field.",""
"passed","Tue Mar 15 21:08:29 EET 2022","Tue Mar 15 21:08:49 EET 2022","19663","","Spin Zone functionality testing","","Spin Zone functionality testing","#5 Player can open 'Deposit' modal","#5 Player can open 'Deposit' modal",""
"passed","Tue Mar 15 21:18:45 EET 2022","Tue Mar 15 21:18:46 EET 2022","1442","","Promotions functionality testing. Promotions functionality for unauthenticated user","","Promotions functionality testing. Promotions functionality for unauthenticated user","#42 Short terms and conditions of promotion card is displayed for not login user.","#42 Short terms and conditions of promotion card is displayed for not login user.",""
"passed","Tue Mar 15 21:05:41 EET 2022","Tue Mar 15 21:05:52 EET 2022","10815","","Recover Password","","Recover Password","#08 Player can submit an email address which does not exist and still receives a success message on submitting the recover password form.","#08 Player can submit an email address which does not exist and still receives a success message on submitting the recover password form.",""
"passed","Tue Mar 15 21:05:20 EET 2022","Tue Mar 15 21:05:39 EET 2022","19344","","My Account > Settings > Change Password","","My Account > Settings > Change Password","#09 New password must contain a combination of upper and lower case letters (all lower case).","#09 New password must contain a combination of upper and lower case letters (all lower case).",""
"passed","Tue Mar 15 21:01:44 EET 2022","Tue Mar 15 21:02:07 EET 2022","22698","","My Account > Gambling Controls > Deposit Limits","","My Account > Gambling Controls > Deposit Limits","#13 Player can open the Deposit Limits Delete modal on delete icon click and click on edit icon in the input field.","#13 Player can open the Deposit Limits Delete modal on delete icon click and click on edit icon in the input field.",""
"passed","Tue Mar 15 21:21:52 EET 2022","Tue Mar 15 21:22:15 EET 2022","23415","","My Account > Gambling Controls > Loss Limits","","My Account > Gambling Controls > Loss Limits","#2 User can open the Loss Limits Edit modal on edit icon click ","#2 User can open the Loss Limits Edit modal on edit icon click ",""
"passed","Tue Mar 15 21:01:24 EET 2022","Tue Mar 15 21:01:44 EET 2022","19849","","My Account > Gambling Controls > Deposit Limits","","My Account > Gambling Controls > Deposit Limits","#12 Player can successfully set a monthly deposit limit if not already set.","#12 Player can successfully set a monthly deposit limit if not already set.",""
"skipped","Tue Mar 15 21:25:27 EET 2022","Tue Mar 15 21:25:27 EET 2022","1","","My Account > Gambling Controls > Account Closure > Take A Break","","My Account > Gambling Controls > Account Closure > Take A Break","#18 Player can press 'CONFIRM' to finish 'Take A Break' a for 24 hours and should be logged out and unable to sign back into their account.","#18 Player can press 'CONFIRM' to finish 'Take A Break' a for 24 hours and should be logged out and unable to sign back into their account.",""
"passed","Tue Mar 15 20:58:07 EET 2022","Tue Mar 15 20:58:34 EET 2022","27279","","My Account > Gambling Controls > Play Reminders","","My Account > Gambling Controls > Play Reminders","#2 Player can close the 'Time Limit' modal.","#2 Player can close the 'Time Limit' modal.",""
"passed","Tue Mar 15 21:20:27 EET 2022","Tue Mar 15 21:20:32 EET 2022","4414","","Landing Page/Shop Welcome page","","Landing Page/Shop Welcome page","#1 User come to the Shop Welcome page ","#1 User come to the Shop Welcome page ",""
"failed","Tue Mar 15 21:20:08 EET 2022","Tue Mar 15 21:20:12 EET 2022","3652","","Landing Page/Welcome Offer page","","Landing Page/Welcome Offer page","#6 User can click on the WELCOME BONUS FULL TERMS AND CONDITIONS","#6 User can click on the WELCOME BONUS FULL TERMS AND CONDITIONS",""
"failed","Tue Mar 15 21:25:15 EET 2022","Tue Mar 15 21:25:35 EET 2022","20091","","My Account > Gambling Controls > Loss Limits","","My Account > Gambling Controls > Loss Limits","#10 User can successfully set a monthly loss limit if not already set ","#10 User can successfully set a monthly loss limit if not already set ",""
"passed","Tue Mar 15 21:04:38 EET 2022","Tue Mar 15 21:04:52 EET 2022","14194","","Homepage","","Homepage","#5 After click one of the links from 'Website Visitors', the user should see new page.","#5 After click one of the links from 'Website Visitors', the user should see new page.",""
"failed","Tue Mar 15 21:21:23 EET 2022","Tue Mar 15 21:21:48 EET 2022","25324","","My Account > Gambling Controls > Account Closure > Self Exclusion","","My Account > Gambling Controls > Account Closure > Self Exclusion","#1 Player can select the 'Self Exclusion' menu item and is displayed the Self Exclusion modal.","#1 Player can select the 'Self Exclusion' menu item and is displayed the Self Exclusion modal.",""
"passed","Tue Mar 15 21:19:48 EET 2022","Tue Mar 15 21:20:01 EET 2022","12560","","Home page => Privacy Policy page","","Home page => Privacy Policy page","#2 User can come to the Merkur Slots page from Privacy Policy page","#2 User can come to the Merkur Slots page from Privacy Policy page",""
"passed","Tue Mar 15 21:07:19 EET 2022","Tue Mar 15 21:07:31 EET 2022","11876","","Registration > Step 4","","Registration > Step 4","#07 User can opt in to receive Phone marketing preferences.","#07 User can opt in to receive Phone marketing preferences.",""
"failed","Tue Mar 15 21:24:29 EET 2022","Tue Mar 15 21:24:48 EET 2022","19058","","My Account > Gambling Controls > Account Closure > Take A Break","","My Account > Gambling Controls > Account Closure > Take A Break","#15 Player can choose to view the 'Self Exclusion' service from the 'Take A Break' modal.","#15 Player can choose to view the 'Self Exclusion' service from the 'Take A Break' modal.",""
"passed","Tue Mar 15 21:08:40 EET 2022","Tue Mar 15 21:08:50 EET 2022","9637","","Registration > Step 4","","Registration > Step 4","#03 User can opt in to receive All marketing preferences.","#03 User can opt in to receive All marketing preferences.",""
"passed","Tue Mar 15 21:25:15 EET 2022","Tue Mar 15 21:25:23 EET 2022","7607","","Slots page","","Slots page","#2 User can see hero banner carousel and can scroll it","#2 User can see hero banner carousel and can scroll it",""
"failed","Tue Mar 15 21:23:55 EET 2022","Tue Mar 15 21:24:12 EET 2022","17471","","My Profile > Communications Preferences","","My Profile > Communications Preferences","#3 Player can edit their preferences and exit using the Cancel CTA within the modal discarding changes","#3 Player can edit their preferences and exit using the Cancel CTA within the modal discarding changes",""
"passed","Tue Mar 15 21:27:29 EET 2022","Tue Mar 15 21:27:35 EET 2022","6287","","Registration > Step 3","","Registration > Step 3","#09 User cannot enter invalid characters into the City field.","#09 User cannot enter invalid characters into the City field.",""
"passed","Tue Mar 15 20:59:03 EET 2022","Tue Mar 15 20:59:29 EET 2022","25722","","My Account > Gambling Controls > Play Reminders","","My Account > Gambling Controls > Play Reminders","#4 Player cannot continue with 'Time Limit' if a limit is not selected.","#4 Player cannot continue with 'Time Limit' if a limit is not selected.",""
"failed","Tue Mar 15 21:20:43 EET 2022","Tue Mar 15 21:20:48 EET 2022","4792","","Landing Page/Shop Welcome page","","Landing Page/Shop Welcome page","#4 User clicks on ""Be Aware Gambling"" link at Shop Welcome page","#4 User clicks on ""Be Aware Gambling"" link at Shop Welcome page",""
"passed","Tue Mar 15 21:21:20 EET 2022","Tue Mar 15 21:21:27 EET 2022","6582","","Home => Terms & Conditions","","Home => Terms & Conditions","#15 User can see the Deposits and Withdrawals section on terms and conditions page","#15 User can see the Deposits and Withdrawals section on terms and conditions page",""
"passed","Tue Mar 15 21:23:00 EET 2022","Tue Mar 15 21:23:25 EET 2022","24114","","My Account > Gambling Controls > Loss Limits","","My Account > Gambling Controls > Loss Limits","#5 User can close the Loss Limits Delete modal ","#5 User can close the Loss Limits Delete modal ",""
"passed","Tue Mar 15 21:27:08 EET 2022","Tue Mar 15 21:27:15 EET 2022","7017","","Registration > Step 3","","Registration > Step 3","#06 Post Code field is a mandatory field.","#06 Post Code field is a mandatory field.",""
"passed","Tue Mar 15 20:56:44 EET 2022","Tue Mar 15 20:57:03 EET 2022","18966","","Deep Link -> Loss Limits","","Deep Link -> Loss Limits","#2 Deep link to loss limits open login when not logged in before loss limits","#2 Deep link to loss limits open login when not logged in before loss limits",""
"passed","Tue Mar 15 21:04:20 EET 2022","Tue Mar 15 21:04:39 EET 2022","19085","","My Account > Settings > Change Password","","My Account > Settings > Change Password","#06 Player is displayed with the password requirements when they start to enter a new password.","#06 Player is displayed with the password requirements when they start to enter a new password.",""
"passed","Tue Mar 15 20:55:45 EET 2022","Tue Mar 15 20:55:54 EET 2022","8439","","Log In","","Log In","#05 Player can close the login modal.","#05 Player can close the login modal.",""
"passed","Tue Mar 15 21:02:07 EET 2022","Tue Mar 15 21:02:38 EET 2022","31210","","My Account > Gambling Controls > Deposit Limits","","My Account > Gambling Controls > Deposit Limits","#15 Player can successfully change Deposit Limit with a decimal value and receive a success toast on submitting the new amount.","#15 Player can successfully change Deposit Limit with a decimal value and receive a success toast on submitting the new amount.",""
"passed","Tue Mar 15 21:26:27 EET 2022","Tue Mar 15 21:26:42 EET 2022","14537","","Slots page","","Slots page","#11 User logged in and hover the game card and click on CTA ""PLAY NOW"" and go to game page","#11 User logged in and hover the game card and click on CTA ""PLAY NOW"" and go to game page",""
"passed","Tue Mar 15 21:06:26 EET 2022","Tue Mar 15 21:06:33 EET 2022","6597","","Registration > Step 2","","Registration > Step 2","#06 User cannot enter less that 2 characters into step 2 name input fields.","#06 User cannot enter less that 2 characters into step 2 name input fields.",""
"passed","Tue Mar 15 21:21:08 EET 2022","Tue Mar 15 21:21:14 EET 2022","6203","","Home => Terms & Conditions","","Home => Terms & Conditions","#13 User can see the Other Important Terms section on terms and conditions page","#13 User can see the Other Important Terms section on terms and conditions page",""
"passed","Tue Mar 15 20:53:35 EET 2022","Tue Mar 15 20:53:53 EET 2022","18347","","Inbox functionality testing","","Inbox functionality testing","#1 Unread message count is present on Inbox navigation bar icon if player has unread messages","#1 Unread message count is present on Inbox navigation bar icon if player has unread messages",""
"failed","Tue Mar 15 21:23:49 EET 2022","Tue Mar 15 21:24:10 EET 2022","20693","","My Account > Gambling Controls > Account Closure > Take A Break","","My Account > Gambling Controls > Account Closure > Take A Break","#13 Player can continue with chosen 3 weeks option to 'Take A Break' and confirming modal should display.","#13 Player can continue with chosen 3 weeks option to 'Take A Break' and confirming modal should display.",""
"failed","Tue Mar 15 21:24:59 EET 2022","Tue Mar 15 21:25:02 EET 2022","3194","","Registration > Step 1","","Registration > Step 1","#03 User is prompted with the 'Account already exists' drawer if they enter an email address that already exists.","#03 User is prompted with the 'Account already exists' drawer if they enter an email address that already exists.",""
"failed","Tue Mar 15 21:24:35 EET 2022","Tue Mar 15 21:24:55 EET 2022","19777","","My Account > Gambling Controls > Account Closure > Self Exclusion","","My Account > Gambling Controls > Account Closure > Self Exclusion","#12 Player can continue with chosen 6 months option to 'Self Exclusion' and confirming modal should display.","#12 Player can continue with chosen 6 months option to 'Self Exclusion' and confirming modal should display.",""
"passed","Tue Mar 15 21:22:15 EET 2022","Tue Mar 15 21:22:39 EET 2022","24242","","My Account > Gambling Controls > Loss Limits","","My Account > Gambling Controls > Loss Limits","#3 User can close the Loss Limits Edit modal","#3 User can close the Loss Limits Edit modal",""
"passed","Tue Mar 15 21:26:02 EET 2022","Tue Mar 15 21:26:17 EET 2022","15285","","Registration > Step 3","","Registration > Step 3","#01 User is displayed the correct content and input fields for Step 3.","#01 User is displayed the correct content and input fields for Step 3.",""
"passed","Tue Mar 15 20:56:32 EET 2022","Tue Mar 15 20:56:41 EET 2022","8581","","Log In","","Log In","#14 Player can select the link to recover their password.","#14 Player can select the link to recover their password.",""
"passed","Tue Mar 15 21:27:53 EET 2022","Tue Mar 15 21:27:59 EET 2022","5805","","Registration > Step 3","","Registration > Step 3","#15 Phone Number is a mandatory field.","#15 Phone Number is a mandatory field.",""
"passed","Tue Mar 15 21:19:43 EET 2022","Tue Mar 15 21:19:46 EET 2022","2279","","Expired Link Error","","Expired Link Error","#2 All elements are persisted on the page. ","#2 All elements are persisted on the page. ",""
"passed","Tue Mar 15 21:04:59 EET 2022","Tue Mar 15 21:05:20 EET 2022","20557","","My Account > Settings > Change Password","","My Account > Settings > Change Password","#08 New password must contain a combination of upper and lower case letters (all upper case).","#08 New password must contain a combination of upper and lower case letters (all upper case).",""
"passed","Tue Mar 15 21:07:49 EET 2022","Tue Mar 15 21:08:11 EET 2022","22160","","Spin Zone functionality testing","","Spin Zone functionality testing","#3 Player can close Game menu","#3 Player can close Game menu",""
"passed","Tue Mar 15 21:23:23 EET 2022","Tue Mar 15 21:23:47 EET 2022","23658","","My Profile > Contact Details","","My Profile > Contact Details","#05 Player try to update invalid phone number.","#05 Player try to update invalid phone number.",""
"passed","Tue Mar 15 21:18:28 EET 2022","Tue Mar 15 21:18:29 EET 2022","1035","","Promotions functionality testing. Promotions functionality for unauthenticated user","","Promotions functionality testing. Promotions functionality for unauthenticated user","#33 Promotion page is displayed for not login user.","#33 Promotion page is displayed for not login user.",""
"passed","Tue Mar 15 20:53:13 EET 2022","Tue Mar 15 20:53:15 EET 2022","1799","","User come to the 'Planned Maintenance' error page","","User come to the 'Planned Maintenance' error page","#1 Content of ""Planned Maintenance"" error page","#1 Content of ""Planned Maintenance"" error page",""
"passed","Tue Mar 15 21:22:04 EET 2022","Tue Mar 15 21:22:12 EET 2022","7846","","Home => Terms & Conditions","","Home => Terms & Conditions","#21 User can see the Responsible Gambling section on terms and conditions page","#21 User can see the Responsible Gambling section on terms and conditions page",""
"passed","Tue Mar 15 21:19:42 EET 2022","Tue Mar 15 21:19:48 EET 2022","5852","","Home page => Privacy Policy page","","Home page => Privacy Policy page","#1 User can come to the Eyas Gaming page from Privacy Policy page","#1 User can come to the Eyas Gaming page from Privacy Policy page",""
"failed","Tue Mar 15 21:15:38 EET 2022","Tue Mar 15 21:16:04 EET 2022","25512","","Promotions functionality testing. Promotions functionality for authenticated user Individual promotions","","Promotions functionality testing. Promotions functionality for authenticated user Individual promotions","#26 User can click DEPOSIT CTA for deposit bonus and open deposit bonus modal with displaying all sections.","#26 User can click DEPOSIT CTA for deposit bonus and open deposit bonus modal with displaying all sections.",""
"failed","Tue Mar 15 21:27:32 EET 2022","Tue Mar 15 21:28:03 EET 2022","30865","","My Account > Gambling Controls > Loss Limits","","My Account > Gambling Controls > Loss Limits","#14 User cannot set a Loss Limit higher than the maximum amount. ","#14 User cannot set a Loss Limit higher than the maximum amount. ",""
"failed","Tue Mar 15 21:19:55 EET 2022","Tue Mar 15 21:19:59 EET 2022","4304","","Landing Page/Welcome Offer page","","Landing Page/Welcome Offer page","#4 User clicks on ""Be Aware Gambling"" link at Welcome Offer page","#4 User clicks on ""Be Aware Gambling"" link at Welcome Offer page",""
"failed","Tue Mar 15 21:20:03 EET 2022","Tue Mar 15 21:20:09 EET 2022","5938","","Home => Terms & Conditions","","Home => Terms & Conditions","#2 User can come to the privacy policy page from terms and conditions page","#2 User can come to the privacy policy page from terms and conditions page",""
"passed","Tue Mar 15 21:05:39 EET 2022","Tue Mar 15 21:05:58 EET 2022","18825","","My Account > Settings > Change Password","","My Account > Settings > Change Password","#10 New password must contain a minimum of 8 characters.","#10 New password must contain a minimum of 8 characters.",""
"passed","Tue Mar 15 21:20:36 EET 2022","Tue Mar 15 21:20:57 EET 2022","20372","","My Account -> Deposit","","My Account -> Deposit","#2 Check user is able to exit out of the deposit modal using the x button","#2 Check user is able to exit out of the deposit modal using the x button",""
"passed","Tue Mar 15 21:25:45 EET 2022","Tue Mar 15 21:25:52 EET 2022","7776","","Slots page","","Slots page","#6 User can hover mouse on game card and see all needed elements","#6 User can hover mouse on game card and see all needed elements",""
"passed","Tue Mar 15 21:19:36 EET 2022","Tue Mar 15 21:19:43 EET 2022","7616","","Service unavailable","","Service unavailable","#0 User come to the Error 500 page, when service is unavailable","#0 User come to the Error 500 page, when service is unavailable",""
"passed","Tue Mar 15 20:57:20 EET 2022","Tue Mar 15 20:57:35 EET 2022","15275","","Deep Link -> Play Reminders","","Deep Link -> Play Reminders","#2 Deep link to play reminders open login when not logged in before play reminders","#2 Deep link to play reminders open login when not logged in before play reminders",""
"passed","Tue Mar 15 21:21:14 EET 2022","Tue Mar 15 21:21:20 EET 2022","6359","","Home => Terms & Conditions","","Home => Terms & Conditions","#14 User can see the Your Account section on terms and conditions page","#14 User can see the Your Account section on terms and conditions page",""
"passed","Tue Mar 15 20:54:08 EET 2022","Tue Mar 15 20:54:20 EET 2022","12424","","Inbox functionality testing","","Inbox functionality testing","#3 New messages are marked with a NEW message sticker","#3 New messages are marked with a NEW message sticker",""
"passed","Tue Mar 15 21:19:46 EET 2022","Tue Mar 15 21:19:49 EET 2022","2943","","Expired Link Error","","Expired Link Error","#3 User can come to the Home page from ""Expired Link"" error page. ","#3 User can come to the Home page from ""Expired Link"" error page. ",""
"passed","Tue Mar 15 21:20:05 EET 2022","Tue Mar 15 21:20:12 EET 2022","7086","","Expired Link Error","","Expired Link Error","#9 User can click on 'Back to Login' and open Login window and successfully login.","#9 User can click on 'Back to Login' and open Login window and successfully login.",""
"passed","Tue Mar 15 21:26:17 EET 2022","Tue Mar 15 21:26:35 EET 2022","18602","","Registration > Step 3","","Registration > Step 3","#02 User can navigate back to the previous step.","#02 User can navigate back to the previous step.",""
"passed","Tue Mar 15 21:06:39 EET 2022","Tue Mar 15 21:06:45 EET 2022","6722","","Registration > Step 2","","Registration > Step 2","#08 User cannot enter invalid characters into step 2 name input fields.","#08 User cannot enter invalid characters into step 2 name input fields.",""
"passed","Tue Mar 15 21:21:56 EET 2022","Tue Mar 15 21:22:04 EET 2022","7986","","Home => Terms & Conditions","","Home => Terms & Conditions","#20 User can see the Suspension/Termination of your Account section on terms and conditions page","#20 User can see the Suspension/Termination of your Account section on terms and conditions page",""
"failed","Tue Mar 15 21:08:15 EET 2022","Tue Mar 15 21:08:43 EET 2022","27951","","Promotions functionality testing. Promotions functionality for authenticated user Blocks of promotions","","Promotions functionality testing. Promotions functionality for authenticated user Blocks of promotions","#9 Promotions are displayed in correct order.","#9 Promotions are displayed in correct order.",""
"passed","Tue Mar 15 21:26:59 EET 2022","Tue Mar 15 21:27:08 EET 2022","8778","","Registration > Step 3","","Registration > Step 3","#04 City field is a mandatory field.","#04 City field is a mandatory field.",""
"passed","Tue Mar 15 21:05:01 EET 2022","Tue Mar 15 21:05:03 EET 2022","2081","","Homepage","","Homepage","#8 The user can use to contact for DPO regarding any data protection issue dpo@merkurslots.com email","#8 The user can use to contact for DPO regarding any data protection issue dpo@merkurslots.com email",""
"passed","Tue Mar 15 20:57:13 EET 2022","Tue Mar 15 20:57:27 EET 2022","14328","","Inbox functionality testing","","Inbox functionality testing","#14 Unread message count is not present on Inbox navigation bar icon if player has no unread messages","#14 Unread message count is not present on Inbox navigation bar icon if player has no unread messages",""
"passed","Tue Mar 15 21:19:37 EET 2022","Tue Mar 15 21:19:46 EET 2022","8958","","Home page => Responsible Gambling page","","Home page => Responsible Gambling page","#0 User can come to the Responsible Gambling page","#0 User can come to the Responsible Gambling page",""
"failed","Tue Mar 15 21:26:15 EET 2022","Tue Mar 15 21:26:58 EET 2022","42232","","My Account > Gambling Controls > Loss Limits","","My Account > Gambling Controls > Loss Limits","#12 User can successfully change their Loss Limit with a decimal value and receive a success toast on submitting the new amount. ","#12 User can successfully change their Loss Limit with a decimal value and receive a success toast on submitting the new amount. ",""
"skipped","Tue Mar 15 21:21:45 EET 2022","Tue Mar 15 21:21:45 EET 2022","1","","My Account > Gambling Controls > Account Closure > Take A Break","","My Account > Gambling Controls > Account Closure > Take A Break","#6 Player can select a reason for taking a break from the drop down menu.","#6 Player can select a reason for taking a break from the drop down menu.",""
"passed","Tue Mar 15 21:19:59 EET 2022","Tue Mar 15 21:20:08 EET 2022","8775","","Landing Page/Welcome Offer page","","Landing Page/Welcome Offer page","#5 User try to click on PLAY CTA of Popular game at Welcome Offer page","#5 User try to click on PLAY CTA of Popular game at Welcome Offer page",""
"passed","Tue Mar 15 21:03:37 EET 2022","Tue Mar 15 21:03:58 EET 2022","20372","","My Account > Settings > Change Password","","My Account > Settings > Change Password","#04 Player cannot submit the Change Password form with blank details.","#04 Player cannot submit the Change Password form with blank details.",""
"passed","Tue Mar 15 20:56:17 EET 2022","Tue Mar 15 20:56:33 EET 2022","15475","","Deep Link -> Deposit Limits","","Deep Link -> Deposit Limits","#2 Deep link to deposit limits open login when not logged in before deposit limits","#2 Deep link to deposit limits open login when not logged in before deposit limits",""
"passed","Tue Mar 15 21:19:36 EET 2022","Tue Mar 15 21:19:43 EET 2022","7010","","404 error page functionality testing.","","404 error page functionality testing.","#1 404 error page is displayed.","#1 404 error page is displayed.",""
"failed","Tue Mar 15 21:23:34 EET 2022","Tue Mar 15 21:23:55 EET 2022","20338","","My Account > Gambling Controls > Account Closure > Self Exclusion","","My Account > Gambling Controls > Account Closure > Self Exclusion","#9 Player can choose 18 months option for 'Self Exclusion' and this option should be selected.","#9 Player can choose 18 months option for 'Self Exclusion' and this option should be selected.",""
"passed","Tue Mar 15 20:57:37 EET 2022","Tue Mar 15 20:58:07 EET 2022","29848","","My Account > Gambling Controls > Play Reminders","","My Account > Gambling Controls > Play Reminders","#1 Player can select to edit their 'Time Limit' and is displayed the Play Reminders modal.","#1 Player can select to edit their 'Time Limit' and is displayed the Play Reminders modal.",""
"failed","Tue Mar 15 21:05:22 EET 2022","Tue Mar 15 21:05:51 EET 2022","29203","","Promotions functionality testing. Promotions functionality for authenticated user Blocks of promotions","","Promotions functionality testing. Promotions functionality for authenticated user Blocks of promotions","#3 Active promotions are displayed in correct order.","#3 Active promotions are displayed in correct order.",""
"failed","Tue Mar 15 21:21:28 EET 2022","Tue Mar 15 21:21:52 EET 2022","23286","","My Account > Gambling Controls > Loss Limits","","My Account > Gambling Controls > Loss Limits","#1 User can view their Loss limits ","#1 User can view their Loss limits ",""
"passed","Tue Mar 15 20:55:27 EET 2022","Tue Mar 15 20:55:35 EET 2022","8552","","Log In","","Log In","#03 Password field is a mandatory field.","#03 Password field is a mandatory field.",""
"passed","Tue Mar 15 21:19:46 EET 2022","Tue Mar 15 21:19:51 EET 2022","4127","","Landing Page/Welcome Offer page","","Landing Page/Welcome Offer page","#2 User try to Join at Welcome Offer page","#2 User try to Join at Welcome Offer page",""
"failed","Tue Mar 15 21:25:03 EET 2022","Tue Mar 15 21:25:19 EET 2022","16372","","My Profile > Communications Preferences","","My Profile > Communications Preferences","#7 Player can edit their preferences and select just the Post toggle, which upon saving updates the account area accordingly","#7 Player can edit their preferences and select just the Post toggle, which upon saving updates the account area accordingly",""
"passed","Tue Mar 15 21:22:35 EET 2022","Tue Mar 15 21:22:58 EET 2022","23446","","My Profile > Contact Details","","My Profile > Contact Details","# Player can select to edit their telephone number and close the modal to cancel out of the process.","# Player can select to edit their telephone number and close the modal to cancel out of the process.",""
"failed","Tue Mar 15 21:22:49 EET 2022","Tue Mar 15 21:22:56 EET 2022","6795","","Home => Terms & Conditions","","Home => Terms & Conditions","#27 User can opened mail client after clicks/taps on “care@merkurslots.com” ","#27 User can opened mail client after clicks/taps on “care@merkurslots.com” ",""
"passed","Tue Mar 15 21:08:18 EET 2022","Tue Mar 15 21:08:29 EET 2022","11451","","Registration > Step 4","","Registration > Step 4","#12 User can click on confirm checkbox and click success registration button.","#12 User can click on confirm checkbox and click success registration button.",""
"failed","Tue Mar 15 20:55:51 EET 2022","Tue Mar 15 20:56:23 EET 2022","32231","","Inbox functionality testing","","Inbox functionality testing","#10 Deleting a message from the inbox which is marked as new should decrease the unread message count badge","#10 Deleting a message from the inbox which is marked as new should decrease the unread message count badge",""
"passed","Tue Mar 15 21:29:22 EET 2022","Tue Mar 15 21:29:36 EET 2022","13986","","My Account > Gambling Controls > Loss Limits","","My Account > Gambling Controls > Loss Limits","#18 User can close 'How loss limits work' modal. ","#18 User can close 'How loss limits work' modal. ",""
"passed","Tue Mar 15 21:06:06 EET 2022","Tue Mar 15 21:06:13 EET 2022","7443","","Registration > Step 2","","Registration > Step 2","#03 First Name is a mandatory field.","#03 First Name is a mandatory field.",""
"failed","Tue Mar 15 21:20:57 EET 2022","Tue Mar 15 21:23:09 EET 2022","132703","","My Account -> Deposit","","My Account -> Deposit","#3 Check user is able to fill in details of required fields for card deposits","#3 Check user is able to fill in details of required fields for card deposits",""
"passed","Tue Mar 15 21:25:52 EET 2022","Tue Mar 15 21:26:00 EET 2022","7858","","Slots page","","Slots page","#7 User hover the game card and click 'Play now' and login modal appears","#7 User hover the game card and click 'Play now' and login modal appears",""
"passed","Tue Mar 15 21:04:57 EET 2022","Tue Mar 15 21:05:01 EET 2022","3272","","Homepage","","Homepage","#7 The user can use for Malta contact@eyasgaming.com e-mail","#7 The user can use for Malta contact@eyasgaming.com e-mail",""
"failed","Tue Mar 15 21:25:07 EET 2022","Tue Mar 15 21:25:27 EET 2022","19714","","My Account > Gambling Controls > Account Closure > Take A Break","","My Account > Gambling Controls > Account Closure > Take A Break","#17 Player can close the take a break modal.","#17 Player can close the take a break modal.",""
"failed","Tue Mar 15 21:24:55 EET 2022","Tue Mar 15 21:25:15 EET 2022","19895","","My Account > Gambling Controls > Account Closure > Self Exclusion","","My Account > Gambling Controls > Account Closure > Self Exclusion","#13 Player can continue with chosen 12 months option to 'Self Exclusion' and confirming modal should display.","#13 Player can continue with chosen 12 months option to 'Self Exclusion' and confirming modal should display.",""
"failed","Tue Mar 15 21:20:15 EET 2022","Tue Mar 15 21:20:36 EET 2022","21322","","My Account -> Deposit","","My Account -> Deposit","#1 Check user is able to access the deposit modal via the account menu and is displayed with the option to fill in card details by default","#1 Check user is able to access the deposit modal via the account menu and is displayed with the option to fill in card details by default",""
"failed","Tue Mar 15 21:20:11 EET 2022","Tue Mar 15 21:20:17 EET 2022","6440","","Home page => Privacy Policy page","","Home page => Privacy Policy page","#4 User can come to the ICO(Information Commissioner's office) page from Privacy Policy page","#4 User can come to the ICO(Information Commissioner's office) page from Privacy Policy page",""
"passed","Tue Mar 15 20:54:46 EET 2022","Tue Mar 15 20:55:02 EET 2022","15639","","Inbox functionality testing","","Inbox functionality testing","#6 Player can open message and display the message contents (heading, date/time & body)","#6 Player can open message and display the message contents (heading, date/time & body)",""
"failed","Tue Mar 15 21:25:16 EET 2022","Tue Mar 15 21:25:21 EET 2022","4987","","Registration > Step 1","","Registration > Step 1","#08 User can not enter an invaild email address (space in email).","#08 User can not enter an invaild email address (space in email).",""
"passed","Tue Mar 15 21:18:58 EET 2022","Tue Mar 15 21:19:02 EET 2022","3566","","Promotions functionality testing. Promotions functionality for unauthenticated user","","Promotions functionality testing. Promotions functionality for unauthenticated user","#47 Login form appears after press OPT IN CTA for OPT IN bonus of unauthenticated user.","#47 Login form appears after press OPT IN CTA for OPT IN bonus of unauthenticated user.",""
"passed","Tue Mar 15 20:57:49 EET 2022","Tue Mar 15 20:58:12 EET 2022","23237","","My Account > Gambling Controls > Deposit Limits","","My Account > Gambling Controls > Deposit Limits","#3 Player can close the Deposit Limits modal.","#3 Player can close the Deposit Limits modal.",""
"passed","Tue Mar 15 21:27:42 EET 2022","Tue Mar 15 21:27:48 EET 2022","6020","","Registration > Step 3","","Registration > Step 3","#14 User can enter valid details on Step 3 and progress to Step 4 of the registration process.","#14 User can enter valid details on Step 3 and progress to Step 4 of the registration process.",""
"failed","Tue Mar 15 21:17:47 EET 2022","Tue Mar 15 21:18:12 EET 2022","25600","","Promotions functionality testing. Promotions functionality for authenticated user Individual promotions","","Promotions functionality testing. Promotions functionality for authenticated user Individual promotions","#31 User can close deposit bonus modal, remove display bonus modal and return to the launch screen.","#31 User can close deposit bonus modal, remove display bonus modal and return to the launch screen.",""
"passed","Tue Mar 15 21:04:34 EET 2022","Tue Mar 15 21:04:38 EET 2022","4687","","Homepage","","Homepage","#4 After clicking on the second link from 'What personal data do we collect? -> Players', the user should see the page  https://www.merkurcasino.com/.","#4 After clicking on the second link from 'What personal data do we collect? -> Players', the user should see the page  https://www.merkurcasino.com/.",""
"failed","Tue Mar 15 21:22:33 EET 2022","Tue Mar 15 21:22:54 EET 2022","20472","","My Account > Gambling Controls > Account Closure > Self Exclusion","","My Account > Gambling Controls > Account Closure > Self Exclusion","#5 Player cannot continue with 'Self Exclusion' if a duration is not selected.","#5 Player cannot continue with 'Self Exclusion' if a duration is not selected.",""
"failed","Tue Mar 15 21:24:53 EET 2022","Tue Mar 15 21:24:59 EET 2022","5855","","Registration > Step 1","","Registration > Step 1","#02 Email Address is a mandatory field.","#02 Email Address is a mandatory field.",""
"passed","Tue Mar 15 20:55:54 EET 2022","Tue Mar 15 20:56:04 EET 2022","10421","","Log In","","Log In","#06 Player cannot login when entering an incorrect email address.","#06 Player cannot login when entering an incorrect email address.",""
"failed","Tue Mar 15 21:24:45 EET 2022","Tue Mar 15 21:25:03 EET 2022","17451","","My Profile > Communications Preferences","","My Profile > Communications Preferences","#6 Player can edit their preferences and select just the Text toggle, which upon saving updates the account area accordingly","#6 Player can edit their preferences and select just the Text toggle, which upon saving updates the account area accordingly",""
"passed","Tue Mar 15 20:55:33 EET 2022","Tue Mar 15 20:55:50 EET 2022","16901","","Logout","","Logout","#02 Player is logged out of site if clearing there cookies.","#02 Player is logged out of site if clearing there cookies.",""
"failed","Tue Mar 15 21:12:35 EET 2022","Tue Mar 15 21:13:01 EET 2022","25992","","Promotions functionality testing. Promotions functionality for authenticated user Individual promotions","","Promotions functionality testing. Promotions functionality for authenticated user Individual promotions","#19 User can press NO THANKS CTA at confirmation modal for cancel bonus and get not cancel bonus.","#19 User can press NO THANKS CTA at confirmation modal for cancel bonus and get not cancel bonus.",""
"failed","Tue Mar 15 21:20:22 EET 2022","Tue Mar 15 21:20:26 EET 2022","4700","","Home => Terms & Conditions","","Home => Terms & Conditions","#5 User can come to the Gamble Aware page from terms and conditions page","#5 User can come to the Gamble Aware page from terms and conditions page",""
"passed","Tue Mar 15 21:07:07 EET 2022","Tue Mar 15 21:07:19 EET 2022","11968","","Registration > Step 4","","Registration > Step 4","#06 User can opt in to receive Post marketing preferences.","#06 User can opt in to receive Post marketing preferences.",""
"passed","Tue Mar 15 21:22:34 EET 2022","Tue Mar 15 21:22:41 EET 2022","7162","","Home => Terms & Conditions","","Home => Terms & Conditions","#25 User can see the Complaints and disputes section on terms and conditions page","#25 User can see the Complaints and disputes section on terms and conditions page",""
"passed","Tue Mar 15 20:56:20 EET 2022","Tue Mar 15 20:56:44 EET 2022","23329","","Deep Link -> Loss Limits","","Deep Link -> Loss Limits","#1 Deep link to loss limits opens when logged in","#1 Deep link to loss limits opens when logged in",""
"failed","Tue Mar 15 21:22:06 EET 2022","Tue Mar 15 21:22:27 EET 2022","20430","","My Account > Gambling Controls > Account Closure > Take A Break","","My Account > Gambling Controls > Account Closure > Take A Break","#8 Player can choose 1 week option for 'Take A Break' and this option should be selected.","#8 Player can choose 1 week option for 'Take A Break' and this option should be selected.",""
"passed","Tue Mar 15 20:53:28 EET 2022","Tue Mar 15 20:53:41 EET 2022","12736","","Homepage","","Homepage","#2 Authenticated users can preview their balance in the navigation bar","#2 Authenticated users can preview their balance in the navigation bar",""
"passed","Tue Mar 15 21:28:06 EET 2022","Tue Mar 15 21:28:12 EET 2022","6186","","Registration > Step 3","","Registration > Step 3","#17 User cannot enter spaces into Phone Number field.","#17 User cannot enter spaces into Phone Number field.",""
"passed","Tue Mar 15 21:25:23 EET 2022","Tue Mar 15 21:25:30 EET 2022","7506","","Slots page","","Slots page","#3 User can see static hero banner carousel and can click on it and see game info page","#3 User can see static hero banner carousel and can click on it and see game info page",""
"passed","Tue Mar 15 20:59:43 EET 2022","Tue Mar 15 21:00:07 EET 2022","23966","","My Account > Gambling Controls > Deposit Limits","","My Account > Gambling Controls > Deposit Limits","#8 Player can close the Deposit Limits Delete modal","#8 Player can close the Deposit Limits Delete modal",""
"passed","Tue Mar 15 20:56:23 EET 2022","Tue Mar 15 20:56:32 EET 2022","9014","","Log In","","Log In","#13 Player should be able to show/hide their input into the Password field.","#13 Player should be able to show/hide their input into the Password field.",""
"passed","Tue Mar 15 20:53:20 EET 2022","Tue Mar 15 20:53:25 EET 2022","4408","","Footer functionality testing","","Footer functionality testing","#3 Player can see partners logos","#3 Player can see partners logos",""
"passed","Tue Mar 15 21:26:36 EET 2022","Tue Mar 15 21:27:04 EET 2022","28591","","UnsubscribePage","","UnsubscribePage","#5 User can check each radio button and submit the answer → result window will be displayed with the correct content","#5 User can check each radio button and submit the answer → result window will be displayed with the correct content",""
"passed","Tue Mar 15 21:06:13 EET 2022","Tue Mar 15 21:06:19 EET 2022","5892","","Registration > Step 2","","Registration > Step 2","#04 Last Name is a mandatory field.","#04 Last Name is a mandatory field.",""
"passed","Tue Mar 15 21:18:31 EET 2022","Tue Mar 15 21:18:34 EET 2022","2550","","Promotions functionality testing. Promotions functionality for unauthenticated user","","Promotions functionality testing. Promotions functionality for unauthenticated user","#35 Promotion cards are displayed for not login user.","#35 Promotion cards are displayed for not login user.",""
"passed","Tue Mar 15 21:08:59 EET 2022","Tue Mar 15 21:09:07 EET 2022","8025","","Registration > Step 4","","Registration > Step 4","#05 User can opt in to receive SMS marketing preferences.","#05 User can opt in to receive SMS marketing preferences.",""
"passed","Tue Mar 15 21:06:33 EET 2022","Tue Mar 15 21:06:47 EET 2022","13873","","Registration > Step 4","","Registration > Step 4","#01 User is displayed the correct content and defaut options for Step 4.","#01 User is displayed the correct content and defaut options for Step 4.",""
"failed","Tue Mar 15 21:26:07 EET 2022","Tue Mar 15 21:26:22 EET 2022","14866","","UnsubscribePage","","UnsubscribePage","#3 User can click on ‘Unsubscribe’ button and successfully unsubscribe window will be displayed with the correct content","#3 User can click on ‘Unsubscribe’ button and successfully unsubscribe window will be displayed with the correct content",""
"passed","Tue Mar 15 21:06:45 EET 2022","Tue Mar 15 21:06:51 EET 2022","5672","","Registration > Step 2","","Registration > Step 2","#11 User can enter valid details on Step 2 and progress to Step 3 of the registration process.","#11 User can enter valid details on Step 2 and progress to Step 3 of the registration process.",""
"passed","Tue Mar 15 21:19:35 EET 2022","Tue Mar 15 21:19:42 EET 2022","6716","","Home page => Privacy Policy page","","Home page => Privacy Policy page","#0 User can come to the Privacy Policy page","#0 User can come to the Privacy Policy page",""
"passed","Tue Mar 15 21:09:49 EET 2022","Tue Mar 15 21:10:04 EET 2022","15038","","Spin Zone functionality testing","","Spin Zone functionality testing","#10 Player can close game","#10 Player can close game",""
"passed","Tue Mar 15 20:59:56 EET 2022","Tue Mar 15 21:00:31 EET 2022","34858","","My Account > Gambling Controls > Play Reminders","","My Account > Gambling Controls > Play Reminders","#6 Player can successfully set a 'Time Limit'.","#6 Player can successfully set a 'Time Limit'.",""
"passed","Tue Mar 15 21:19:02 EET 2022","Tue Mar 15 21:19:05 EET 2022","3490","","Promotions functionality testing. Promotions functionality for unauthenticated user","","Promotions functionality testing. Promotions functionality for unauthenticated user","#48 Login form appears after press DEPOSIT CTA for DEPOSIT bonus of unauthenticated user.","#48 Login form appears after press DEPOSIT CTA for DEPOSIT bonus of unauthenticated user.",""
"passed","Tue Mar 15 20:57:14 EET 2022","Tue Mar 15 20:57:31 EET 2022","17191","","Homepage","","Homepage","#14 Casino amount does not display when total bonus amount is zero and displays correct total balance of £0.00","#14 Casino amount does not display when total bonus amount is zero and displays correct total balance of £0.00",""
"passed","Tue Mar 15 20:56:41 EET 2022","Tue Mar 15 20:56:54 EET 2022","12857","","Log In","","Log In","#15 Player can successfully Log In when entering valid details.","#15 Player can successfully Log In when entering valid details.",""
"passed","Tue Mar 15 20:53:08 EET 2022","Tue Mar 15 20:53:14 EET 2022","5973","","Service unavailable","","Service unavailable","#0 User come to the Location Error page, when service is unavailable","#0 User come to the Location Error page, when service is unavailable",""
"passed","Tue Mar 15 20:58:56 EET 2022","Tue Mar 15 20:59:22 EET 2022","25181","","My Account > Gambling Controls > Deposit Limits","","My Account > Gambling Controls > Deposit Limits","#6 Player can close the Deposit Limits Edit modal","#6 Player can close the Deposit Limits Edit modal",""
"passed","Tue Mar 15 21:18:42 EET 2022","Tue Mar 15 21:18:43 EET 2022","1520","","Promotions functionality testing. Promotions functionality for unauthenticated user","","Promotions functionality testing. Promotions functionality for unauthenticated user","#40 Short description of promotion card is displayed for not login user.","#40 Short description of promotion card is displayed for not login user.",""
"passed","Tue Mar 15 21:21:41 EET 2022","Tue Mar 15 21:21:49 EET 2022","7514","","Home => Terms & Conditions","","Home => Terms & Conditions","#18 User can see the Anti-Money Laundering section on terms and conditions page","#18 User can see the Anti-Money Laundering section on terms and conditions page",""
"passed","Tue Mar 15 21:04:22 EET 2022","Tue Mar 15 21:04:34 EET 2022","11705","","Homepage","","Homepage","#3 After clicking on the first link from 'What personal data do we collect? -> Players', the user should see the page  https://www.merkurslots.com/.","#3 After clicking on the first link from 'What personal data do we collect? -> Players', the user should see the page  https://www.merkurslots.com/.",""
"failed","Tue Mar 15 21:25:32 EET 2022","Tue Mar 15 21:25:51 EET 2022","18708","","UnsubscribePage","","UnsubscribePage","#1 Unsubscribe page is displayed with correct content.","#1 Unsubscribe page is displayed with correct content.",""
"failed","Tue Mar 15 21:20:12 EET 2022","Tue Mar 15 21:21:24 EET 2022","71978","","Expired Link Error","","Expired Link Error","#10 User can click on 'Deposit' button opens Deposit window and successfully deposit.","#10 User can click on 'Deposit' button opens Deposit window and successfully deposit.",""
"passed","Tue Mar 15 20:54:19 EET 2022","Tue Mar 15 20:54:34 EET 2022","15167","","Homepage","","Homepage","#5 The details balance card is dismissed when the user clicks outside the modal","#5 The details balance card is dismissed when the user clicks outside the modal",""
"failed","Tue Mar 15 21:22:54 EET 2022","Tue Mar 15 21:23:14 EET 2022","20430","","My Account > Gambling Controls > Account Closure > Self Exclusion","","My Account > Gambling Controls > Account Closure > Self Exclusion","#7 Player can choose 6 months option for 'Self Exclusion' and this option should be selected.","#7 Player can choose 6 months option for 'Self Exclusion' and this option should be selected.",""
"passed","Tue Mar 15 21:09:05 EET 2022","Tue Mar 15 21:09:20 EET 2022","14999","","Spin Zone functionality testing","","Spin Zone functionality testing","#7 Player can see recently played games","#7 Player can see recently played games",""
"failed","Tue Mar 15 21:20:16 EET 2022","Tue Mar 15 21:20:22 EET 2022","6023","","Home => Terms & Conditions","","Home => Terms & Conditions","#4 User can come to the Responsible Gambling page from terms and conditions page","#4 User can come to the Responsible Gambling page from terms and conditions page",""
"passed","Tue Mar 15 21:03:22 EET 2022","Tue Mar 15 21:03:45 EET 2022","22968","","My Account > Gambling Controls > Deposit Limits","","My Account > Gambling Controls > Deposit Limits","#20 Player can close 'History' modal.","#20 Player can close 'History' modal.",""
"failed","Tue Mar 15 21:12:09 EET 2022","Tue Mar 15 21:12:35 EET 2022","25746","","Promotions functionality testing. Promotions functionality for authenticated user Individual promotions","","Promotions functionality testing. Promotions functionality for authenticated user Individual promotions","#18 User can press YES CANCEL CTA at confirmation modal for cancel bonus and get cancel bonus.","#18 User can press YES CANCEL CTA at confirmation modal for cancel bonus and get cancel bonus.",""
"failed","Tue Mar 15 21:07:46 EET 2022","Tue Mar 15 21:08:15 EET 2022","28739","","Promotions functionality testing. Promotions functionality for authenticated user Blocks of promotions","","Promotions functionality testing. Promotions functionality for authenticated user Blocks of promotions","#8 Active promotion are excluded from the featured section.","#8 Active promotion are excluded from the featured section.",""
"passed","Tue Mar 15 21:08:01 EET 2022","Tue Mar 15 21:08:18 EET 2022","17317","","Registration > Step 4","","Registration > Step 4","#11 User can click and view the Privacy Policy.","#11 User can click and view the Privacy Policy.",""
"skipped","Tue Mar 15 21:02:38 EET 2022","Tue Mar 15 21:02:38 EET 2022","5","","My Account > Gambling Controls > Deposit Limits","","My Account > Gambling Controls > Deposit Limits","#17 Player cannot set Deposit Limit higher than the maximum amount.","#17 Player cannot set Deposit Limit higher than the maximum amount.",""
"passed","Tue Mar 15 20:53:15 EET 2022","Tue Mar 15 20:53:17 EET 2022","1795","","User come to the 'Planned Maintenance' error page","","User come to the 'Planned Maintenance' error page","#2 User can come to the Home page from ""Planned Maintenance"" error page","#2 User can come to the Home page from ""Planned Maintenance"" error page",""
"passed","Tue Mar 15 20:56:04 EET 2022","Tue Mar 15 20:56:17 EET 2022","12447","","Log In","","Log In","#07 Player cannot login when entering an incorrect password.","#07 Player cannot login when entering an incorrect password.",""
"failed","Tue Mar 15 21:23:08 EET 2022","Tue Mar 15 21:23:36 EET 2022","27361","","My Profile > Communications Preferences","","My Profile > Communications Preferences","#1 Player can view their communication preferences (default preferences: empty communication preferences and English language)","#1 Player can view their communication preferences (default preferences: empty communication preferences and English language)",""
"failed","Tue Mar 15 21:06:48 EET 2022","Tue Mar 15 21:07:17 EET 2022","28376","","Promotions functionality testing. Promotions functionality for authenticated user Blocks of promotions","","Promotions functionality testing. Promotions functionality for authenticated user Blocks of promotions","#6 Bonus History Page is displayed after clicks ""See all Activity"" in Recenty Activity.","#6 Bonus History Page is displayed after clicks ""See all Activity"" in Recenty Activity.",""
"failed","Tue Mar 15 21:23:08 EET 2022","Tue Mar 15 21:23:28 EET 2022","20161","","My Account > Gambling Controls > Account Closure > Take A Break","","My Account > Gambling Controls > Account Closure > Take A Break","#11 Player can continue with chosen 24 hours option to 'Take A Break' and confirming modal should display.","#11 Player can continue with chosen 24 hours option to 'Take A Break' and confirming modal should display.",""
"failed","Tue Mar 15 21:24:29 EET 2022","Tue Mar 15 21:24:45 EET 2022","16098","","My Profile > Communications Preferences","","My Profile > Communications Preferences","#5 Player can edit their preferences and select just the email toggle, which upon saving updates the account area accordingly","#5 Player can edit their preferences and select just the email toggle, which upon saving updates the account area accordingly",""
"failed","Tue Mar 15 21:23:09 EET 2022","Tue Mar 15 21:23:31 EET 2022","21323","","My Account -> Deposit","","My Account -> Deposit","#4 Check user is able to select Instant Bank Transfer and is provided with the correct information for this payment method","#4 Check user is able to select Instant Bank Transfer and is provided with the correct information for this payment method",""
"failed","Tue Mar 15 21:20:58 EET 2022","Tue Mar 15 21:21:03 EET 2022","4610","","Landing Page/Shop Welcome page","","Landing Page/Shop Welcome page","#6 User can click on the WELCOME BONUS FULL TERMS AND CONDITIONS","#6 User can click on the WELCOME BONUS FULL TERMS AND CONDITIONS",""
"failed","Tue Mar 15 21:26:14 EET 2022","Tue Mar 15 21:26:34 EET 2022","19254","","My Account > Gambling Controls > Account Closure > Self Exclusion","","My Account > Gambling Controls > Account Closure > Self Exclusion","#17 Player can press 'BACK' for confirmating modal after chosen for 6 months 'Self Exclusion' and should return to previous step.","#17 Player can press 'BACK' for confirmating modal after chosen for 6 months 'Self Exclusion' and should return to previous step.",""
"passed","Tue Mar 15 21:27:35 EET 2022","Tue Mar 15 21:27:42 EET 2022","6710","","Registration > Step 3","","Registration > Step 3","#11 User cannot enter invalid characters into the Post Code field.","#11 User cannot enter invalid characters into the Post Code field.",""
"passed","Tue Mar 15 21:25:51 EET 2022","Tue Mar 15 21:26:07 EET 2022","16108","","UnsubscribePage","","UnsubscribePage","#2 User can click on ‘I’ve changed my mind’ button and go to home page.","#2 User can click on ‘I’ve changed my mind’ button and go to home page.",""
"failed","Tue Mar 15 21:25:11 EET 2022","Tue Mar 15 21:25:16 EET 2022","5468","","Registration > Step 1","","Registration > Step 1","#07 User can not enter an invaild email address (no @ sign).","#07 User can not enter an invaild email address (no @ sign).",""
"passed","Tue Mar 15 21:26:00 EET 2022","Tue Mar 15 21:26:12 EET 2022","11763","","Slots page","","Slots page","#8 User hover the game card and click on CTA 'INFO' and go to info page, click on JOIN and see register page","#8 User hover the game card and click on CTA 'INFO' and go to info page, click on JOIN and see register page",""
"passed","Tue Mar 15 21:21:27 EET 2022","Tue Mar 15 21:21:33 EET 2022","6575","","Home => Terms & Conditions","","Home => Terms & Conditions","#16 User can see the Playing for Real Money section on terms and conditions page","#16 User can see the Playing for Real Money section on terms and conditions page",""
"failed","Tue Mar 15 21:24:39 EET 2022","Tue Mar 15 21:24:58 EET 2022","19200","","My Account -> Deposit","","My Account -> Deposit","#8 Check user is displayed with a declined modal when safecharge returns a declined response","#8 Check user is displayed with a declined modal when safecharge returns a declined response",""
"failed","Tue Mar 15 21:24:15 EET 2022","Tue Mar 15 21:24:55 EET 2022","40432","","My Account > Gambling Controls > Loss Limits","","My Account > Gambling Controls > Loss Limits","#8 User can successfully set a daily loss limit if not already set ","#8 User can successfully set a daily loss limit if not already set ",""
"passed","Tue Mar 15 21:19:51 EET 2022","Tue Mar 15 21:19:54 EET 2022","2518","","404 error page functionality testing.","","404 error page functionality testing.","#4 Player can click ""Join"" button and after that it will redirect to Register page.","#4 Player can click ""Join"" button and after that it will redirect to Register page.",""
"passed","Tue Mar 15 21:21:48 EET 2022","Tue Mar 15 21:22:13 EET 2022","25168","","My Account > Gambling Controls > Account Closure > Self Exclusion","","My Account > Gambling Controls > Account Closure > Self Exclusion","#2 Player can close the 'Self Exclusion' modal.","#2 Player can close the 'Self Exclusion' modal.",""
"passed","Tue Mar 15 21:19:43 EET 2022","Tue Mar 15 21:19:50 EET 2022","6855","","404 error page functionality testing.","","404 error page functionality testing.","#2 All elements are persisted on 404 error page.","#2 All elements are persisted on 404 error page.",""
"passed","Tue Mar 15 20:56:37 EET 2022","Tue Mar 15 20:56:54 EET 2022","16113","","Homepage","","Homepage","#12 Balance preview correctly displays £0.00 if user has no balance","#12 Balance preview correctly displays £0.00 if user has no balance",""
"passed","Tue Mar 15 21:25:04 EET 2022","Tue Mar 15 21:25:15 EET 2022","11024","","Slots page","","Slots page","#1 User can navigates to the slots page and all elements are persisted on the page","#1 User can navigates to the slots page and all elements are persisted on the page",""
"passed","Tue Mar 15 20:54:01 EET 2022","Tue Mar 15 20:54:19 EET 2022","17681","","Homepage","","Homepage","#4 The details balance card is dismissed when the user clicks it","#4 The details balance card is dismissed when the user clicks it",""
"passed","Tue Mar 15 21:19:05 EET 2022","Tue Mar 15 21:19:10 EET 2022","5083","","Promotions functionality testing. Promotions functionality for unauthenticated user","","Promotions functionality testing. Promotions functionality for unauthenticated user","#49 Login form appears after press CLAIM CTA for CLAIM bonus of unauthenticated user.","#49 Login form appears after press CLAIM CTA for CLAIM bonus of unauthenticated user.",""
"passed","Tue Mar 15 21:18:43 EET 2022","Tue Mar 15 21:18:45 EET 2022","1448","","Promotions functionality testing. Promotions functionality for unauthenticated user","","Promotions functionality testing. Promotions functionality for unauthenticated user","#41 Relevant CTAs of promotion card are displayed for not login user.","#41 Relevant CTAs of promotion card are displayed for not login user.",""
"failed","Tue Mar 15 21:23:14 EET 2022","Tue Mar 15 21:23:34 EET 2022","20385","","My Account > Gambling Controls > Account Closure > Self Exclusion","","My Account > Gambling Controls > Account Closure > Self Exclusion","#8 Player can choose 12 months option for 'Self Exclusion' and this option should be selected.","#8 Player can choose 12 months option for 'Self Exclusion' and this option should be selected.",""
"passed","Tue Mar 15 21:19:10 EET 2022","Tue Mar 15 21:19:12 EET 2022","2382","","Promotions functionality testing. Promotions functionality for unauthenticated user","","Promotions functionality testing. Promotions functionality for unauthenticated user","#50 User can go to More Info details after click More Info CTA.","#50 User can go to More Info details after click More Info CTA.",""
"passed","Tue Mar 15 21:20:01 EET 2022","Tue Mar 15 21:20:11 EET 2022","10419","","Home page => Privacy Policy page","","Home page => Privacy Policy page","#3 User can come to the Merkur Casino page from Privacy Policy page","#3 User can come to the Merkur Casino page from Privacy Policy page",""
"failed","Tue Mar 15 21:25:21 EET 2022","Tue Mar 15 21:25:27 EET 2022","6426","","Registration > Step 1","","Registration > Step 1","#11 User can successfully enter email address with a combination of valid symbols, numbers and letters.","#11 User can successfully enter email address with a combination of valid symbols, numbers and letters.",""
"passed","Tue Mar 15 21:19:43 EET 2022","Tue Mar 15 21:19:46 EET 2022","2736","","Service unavailable","","Service unavailable","#1 User can come to the home page from Error 500 page","#1 User can come to the home page from Error 500 page",""
"passed","Tue Mar 15 21:05:57 EET 2022","Tue Mar 15 21:06:06 EET 2022","8868","","Registration > Step 2","","Registration > Step 2","#01 User is displayed the correct content and input fields for Step 2.","#01 User is displayed the correct content and input fields for Step 2.",""
"failed","Tue Mar 15 21:24:15 EET 2022","Tue Mar 15 21:24:35 EET 2022","19862","","My Account > Gambling Controls > Account Closure > Self Exclusion","","My Account > Gambling Controls > Account Closure > Self Exclusion","#11 Player can choose 5 years option for 'Self Exclusion' and this option should be selected.","#11 Player can choose 5 years option for 'Self Exclusion' and this option should be selected.",""
"failed","Tue Mar 15 21:20:09 EET 2022","Tue Mar 15 21:20:16 EET 2022","6446","","Home => Terms & Conditions","","Home => Terms & Conditions","#3 User can come to the Gambling commission page from terms and conditions page","#3 User can come to the Gambling commission page from terms and conditions page",""
"passed","Tue Mar 15 21:06:19 EET 2022","Tue Mar 15 21:06:26 EET 2022","7187","","Registration > Step 2","","Registration > Step 2","#05 Date of Birth is a mandatory field.","#05 Date of Birth is a mandatory field.",""
"failed","Tue Mar 15 21:13:53 EET 2022","Tue Mar 15 21:14:19 EET 2022","26589","","Promotions functionality testing. Promotions functionality for authenticated user Individual promotions","","Promotions functionality testing. Promotions functionality for authenticated user Individual promotions","#22 User can opt in bonus and get modal with all sections that bonus is opted in.","#22 User can opt in bonus and get modal with all sections that bonus is opted in.",""
"failed","Tue Mar 15 21:20:17 EET 2022","Tue Mar 15 21:20:23 EET 2022","5702","","Landing Page/Welcome Offer page","","Landing Page/Welcome Offer page","#8 User can come to the Promotion page from the Welcome Offer page","#8 User can come to the Promotion page from the Welcome Offer page",""
"passed","Tue Mar 15 21:22:19 EET 2022","Tue Mar 15 21:22:27 EET 2022","7845","","Home => Terms & Conditions","","Home => Terms & Conditions","#23 User can see the Intellectual Property section on terms and conditions page","#23 User can see the Intellectual Property section on terms and conditions page",""
"passed","Tue Mar 15 21:07:29 EET 2022","Tue Mar 15 21:07:49 EET 2022","20385","","Spin Zone functionality testing","","Spin Zone functionality testing","#2 Player can see Resume Game button in the top left of the screen","#2 Player can see Resume Game button in the top left of the screen",""
"failed","Tue Mar 15 21:04:19 EET 2022","Tue Mar 15 21:04:52 EET 2022","32618","","Promotions functionality testing. Promotions functionality for authenticated user Blocks of promotions","","Promotions functionality testing. Promotions functionality for authenticated user Blocks of promotions","#1 All sections are persisted on the promotion page.","#1 All sections are persisted on the promotion page.",""
"passed","Tue Mar 15 21:06:51 EET 2022","Tue Mar 15 21:07:10 EET 2022","19255","","My Account > Settings > Change Password","","My Account > Settings > Change Password","#14 Player should be able to show/hide their inputs into the password fields.","#14 Player should be able to show/hide their inputs into the password fields.",""
"passed","Tue Mar 15 21:27:22 EET 2022","Tue Mar 15 21:27:29 EET 2022","7343","","Registration > Step 3","","Registration > Step 3","#08 User cannot enter invalid characters into the Address Line 2 field.","#08 User cannot enter invalid characters into the Address Line 2 field.",""
"failed","Tue Mar 15 21:25:19 EET 2022","Tue Mar 15 21:25:36 EET 2022","16802","","My Profile > Communications Preferences","","My Profile > Communications Preferences","#8 Player can edit their preferences and select just the Phone toggle, which upon saving updates the account area accordingly","#8 Player can edit their preferences and select just the Phone toggle, which upon saving updates the account area accordingly",""
"passed","Tue Mar 15 20:53:25 EET 2022","Tue Mar 15 20:53:50 EET 2022","25121","","Footer functionality testing","","Footer functionality testing","#4 Player can see safer gambling logos","#4 Player can see safer gambling logos",""
"failed","Tue Mar 15 21:25:37 EET 2022","Tue Mar 15 21:25:42 EET 2022","5105","","Registration > Step 1","","Registration > Step 1","#23 User cannot continue to next step if their password does not meet the minimum password requirements.","#23 User cannot continue to next step if their password does not meet the minimum password requirements.",""
"failed","Tue Mar 15 21:15:11 EET 2022","Tue Mar 15 21:15:38 EET 2022","27241","","Promotions functionality testing. Promotions functionality for authenticated user Individual promotions","","Promotions functionality testing. Promotions functionality for authenticated user Individual promotions","#25 User can close confirmation message, return to the calling page and bonus has been claimed.","#25 User can close confirmation message, return to the calling page and bonus has been claimed.",""
"failed","Tue Mar 15 21:16:04 EET 2022","Tue Mar 15 21:16:29 EET 2022","25540","","Promotions functionality testing. Promotions functionality for authenticated user Individual promotions","","Promotions functionality testing. Promotions functionality for authenticated user Individual promotions","#27 Error message is displayed after user enters amount that is less than the qualification amount for deposit bonus.","#27 Error message is displayed after user enters amount that is less than the qualification amount for deposit bonus.",""
"passed","Tue Mar 15 21:08:29 EET 2022","Tue Mar 15 21:08:40 EET 2022","10514","","Registration > Step 4","","Registration > Step 4","#13 User doesn`t click on confirm checkbox, tries to click success registration button and error text is shown.","#13 User doesn`t click on confirm checkbox, tries to click success registration button and error text is shown.",""
"failed","Tue Mar 15 21:16:29 EET 2022","Tue Mar 15 21:16:55 EET 2022","25738","","Promotions functionality testing. Promotions functionality for authenticated user Individual promotions","","Promotions functionality testing. Promotions functionality for authenticated user Individual promotions","#28 User can click on the terms and conditions link and the terms and conditions are displayed for deposit bonus.","#28 User can click on the terms and conditions link and the terms and conditions are displayed for deposit bonus.",""
