"Status","Start Time","Stop Time","Duration in ms","Parent Suite","Suite","Sub Suite","Test Class","Test Method","Name","Description"
"passed","Tue Jun 21 17:28:50 EEST 2022","Tue Jun 21 17:29:06 EEST 2022","15911","","My Profile > Personal Details","","My Profile > Personal Details","#01 Player can view their personal details.","#01 Player can view their personal details.",""
"passed","Tue Jun 21 17:19:53 EEST 2022","Tue Jun 21 17:20:09 EEST 2022","15975","","Inbox functionality testing","","Inbox functionality testing","#1 Unread message count is present on Inbox navigation bar icon if player has unread messages","#1 Unread message count is present on Inbox navigation bar icon if player has unread messages",""
"passed","Tue Jun 21 17:27:05 EEST 2022","Tue Jun 21 17:27:19 EEST 2022","13431","","My Account > Gambling Controls > Loss Limits","","My Account > Gambling Controls > Loss Limits","#10 User can successfully set a monthly loss limit if not already set ","#10 User can successfully set a monthly loss limit if not already set ",""
"passed","Tue Jun 21 17:32:37 EEST 2022","Tue Jun 21 17:32:49 EEST 2022","12658","","Registration > Step 4","","Registration > Step 4","#06 User can opt in to receive Post marketing preferences.","#06 User can opt in to receive Post marketing preferences.",""
"passed","Tue Jun 21 17:31:59 EEST 2022","Tue Jun 21 17:32:15 EEST 2022","16535","","My Account > Settings > Change Password","","My Account > Settings > Change Password","#12 New password must not contain email address.","#12 New password must not contain email address.",""
"passed","Tue Jun 21 17:27:39 EEST 2022","Tue Jun 21 17:27:59 EEST 2022","19945","","My Account > Gambling Controls > Loss Limits","","My Account > Gambling Controls > Loss Limits","#14 User cannot set a Loss Limit higher than the maximum amount. ","#14 User cannot set a Loss Limit higher than the maximum amount. ",""
"passed","Tue Jun 21 17:33:38 EEST 2022","Tue Jun 21 17:33:51 EEST 2022","12865","","UnsubscribePage","","UnsubscribePage","#1 Unsubscribe page is displayed with correct content.","#1 Unsubscribe page is displayed with correct content.",""
"passed","Tue Jun 21 17:24:09 EEST 2022","Tue Jun 21 17:24:23 EEST 2022","13507","","Log In","","Log In","#07 Player cannot login when entering an incorrect password.","#07 Player cannot login when entering an incorrect password.",""
"passed","Tue Jun 21 17:21:15 EEST 2022","Tue Jun 21 17:21:24 EEST 2022","8855","","Home page => Privacy Policy page","","Home page => Privacy Policy page","#6 After clicking on the link from 'Introduction to Eyas Gaming', the user should see the page  https://www.eyasgaming.com/.","#6 After clicking on the link from 'Introduction to Eyas Gaming', the user should see the page  https://www.eyasgaming.com/.",""
"passed","Tue Jun 21 17:41:41 EEST 2022","Tue Jun 21 17:41:46 EEST 2022","5086","","Home => Terms & Conditions","","Home => Terms & Conditions","#24 User can see the Limitation of Liability section on terms and conditions page","#24 User can see the Limitation of Liability section on terms and conditions page",""
"passed","Tue Jun 21 17:39:34 EEST 2022","Tue Jun 21 17:39:45 EEST 2022","11162","","Live Casino","","Live Casino","#17 User has logged in, card is displayed, user hover a mouse on that card, the primary CTA is PLAY NOW, user clicks/taps on CTA PLAY NOW then user go to the game.","#17 User has logged in, card is displayed, user hover a mouse on that card, the primary CTA is PLAY NOW, user clicks/taps on CTA PLAY NOW then user go to the game.",""
"passed","Tue Jun 21 17:27:36 EEST 2022","Tue Jun 21 17:27:51 EEST 2022","15128","","My Account > Gambling Controls > Deposit Limits","","My Account > Gambling Controls > Deposit Limits","#12 Player can successfully set a monthly deposit limit if not already set.","#12 Player can successfully set a monthly deposit limit if not already set.",""
"passed","Tue Jun 21 17:37:14 EEST 2022","Tue Jun 21 17:37:18 EEST 2022","4163","","Promotions functionality testing. Promotions functionality for unauthenticated user.","","Promotions functionality testing. Promotions functionality for unauthenticated user.","#38 All main sections for card are displayed for CLAIM bonus for unauthenticated user.","#38 All main sections for card are displayed for CLAIM bonus for unauthenticated user.",""
"passed","Tue Jun 21 17:31:07 EEST 2022","Tue Jun 21 17:31:23 EEST 2022","16990","","Promotions functionality testing. Promotions functionality for authenticated user. Blocks of promotions.","","Promotions functionality testing. Promotions functionality for authenticated user. Blocks of promotions.","#7 Promotions are displayed in correct order.","#7 Promotions are displayed in correct order.",""
"passed","Tue Jun 21 17:30:13 EEST 2022","Tue Jun 21 17:30:35 EEST 2022","21170","","My Profile > Communications Preferences","","My Profile > Communications Preferences","#5 Player can edit their preferences and select just the email toggle, which upon saving updates the account area accordingly","#5 Player can edit their preferences and select just the email toggle, which upon saving updates the account area accordingly",""
"skipped","Tue Jun 21 17:30:37 EEST 2022","Tue Jun 21 17:30:37 EEST 2022","1","","Promotions functionality testing. Promotions functionality for authenticated user. Blocks of promotions.","","Promotions functionality testing. Promotions functionality for authenticated user. Blocks of promotions.","#4 Bonus History Page is displayed after clicks ""See all Activity"" in Recenty Activity.","#4 Bonus History Page is displayed after clicks ""See all Activity"" in Recenty Activity.",""
"failed","Tue Jun 21 17:40:51 EEST 2022","Tue Jun 21 17:41:13 EEST 2022","22168","","My Account > Gambling Controls > Account Closure > Take A Break","","My Account > Gambling Controls > Account Closure > Take A Break","#11 Player can continue with chosen 24 hours option to 'Take A Break' and confirming modal should display.","#11 Player can continue with chosen 24 hours option to 'Take A Break' and confirming modal should display.",""
"passed","Tue Jun 21 17:38:55 EEST 2022","Tue Jun 21 17:39:01 EEST 2022","5888","","Live Casino","","Live Casino","#09 All available game cards will be displayed, user click on arrow of navigation/swipes then the game cards of the carousel will scroll.","#09 All available game cards will be displayed, user click on arrow of navigation/swipes then the game cards of the carousel will scroll.",""
"passed","Tue Jun 21 17:34:51 EEST 2022","Tue Jun 21 17:35:05 EEST 2022","13794","","UnsubscribePage","","UnsubscribePage","#6 User can click on ‘Re-subscribe’ button and success window will be displayed with the correct content","#6 User can click on ‘Re-subscribe’ button and success window will be displayed with the correct content",""
"passed","Tue Jun 21 17:42:01 EEST 2022","Tue Jun 21 17:42:06 EEST 2022","4992","","Home => Terms & Conditions","","Home => Terms & Conditions","#28 User can opened mail client after clicks/taps on “complaintsMGA@merkurslots.com” ","#28 User can opened mail client after clicks/taps on “complaintsMGA@merkurslots.com” ",""
"passed","Tue Jun 21 17:30:20 EEST 2022","Tue Jun 21 17:30:26 EEST 2022","6334","","Registration > Step 1","","Registration > Step 1","#01 User is displayed the correct content and input fields for Step 1.","#01 User is displayed the correct content and input fields for Step 1.",""
"passed","Tue Jun 21 17:27:59 EEST 2022","Tue Jun 21 17:28:17 EEST 2022","18496","","My Account > Gambling Controls > Loss Limits","","My Account > Gambling Controls > Loss Limits","#15 User can submit a blank value in the Loss Limit. ","#15 User can submit a blank value in the Loss Limit. ",""
"passed","Tue Jun 21 17:20:57 EEST 2022","Tue Jun 21 17:21:03 EEST 2022","5653","","Landing Page/Welcome Games page","","Landing Page/Welcome Games page","#3 User clicks on ""Be Aware Gambling"" image at Welcome Games page","#3 User clicks on ""Be Aware Gambling"" image at Welcome Games page",""
"passed","Tue Jun 21 17:35:41 EEST 2022","Tue Jun 21 17:36:01 EEST 2022","20044","","Spin Zone functionality testing","","Spin Zone functionality testing","#8 Player can open 'Search Games' modal","#8 Player can open 'Search Games' modal",""
"passed","Tue Jun 21 17:20:35 EEST 2022","Tue Jun 21 17:20:41 EEST 2022","5718","","Landing Page/Welcome Offer page","","Landing Page/Welcome Offer page","#8 User can come to the Promotion page from the Welcome Offer page","#8 User can come to the Promotion page from the Welcome Offer page",""
"skipped","Tue Jun 21 17:39:18 EEST 2022","Tue Jun 21 17:39:18 EEST 2022","0","","My Account > Gambling Controls > Account Closure > Take A Break","","My Account > Gambling Controls > Account Closure > Take A Break","#6 Player can select a reason for taking a break from the drop down menu.","#6 Player can select a reason for taking a break from the drop down menu.",""
"passed","Tue Jun 21 17:40:50 EEST 2022","Tue Jun 21 17:40:55 EEST 2022","5166","","Home => Terms & Conditions","","Home => Terms & Conditions","#14 User can see the Your Account section on terms and conditions page","#14 User can see the Your Account section on terms and conditions page",""
"passed","Tue Jun 21 17:30:54 EEST 2022","Tue Jun 21 17:31:03 EEST 2022","8502","","Registration > Step 2","","Registration > Step 2","#01 User is displayed the correct content and input fields for Step 2.","#01 User is displayed the correct content and input fields for Step 2.",""
"passed","Tue Jun 21 17:36:55 EEST 2022","Tue Jun 21 17:36:58 EEST 2022","3554","","Promotions functionality testing. Promotions functionality for unauthenticated user.","","Promotions functionality testing. Promotions functionality for unauthenticated user.","#33 Short description of promotion card is displayed for not login user.","#33 Short description of promotion card is displayed for not login user.",""
"passed","Tue Jun 21 17:37:18 EEST 2022","Tue Jun 21 17:37:22 EEST 2022","3843","","Promotions functionality testing. Promotions functionality for unauthenticated user.","","Promotions functionality testing. Promotions functionality for unauthenticated user.","#39 User can click see full terms CTA and go to Term and Conditions.","#39 User can click see full terms CTA and go to Term and Conditions.",""
"passed","Tue Jun 21 17:31:36 EEST 2022","Tue Jun 21 17:31:54 EEST 2022","17539","","Registration > Step 3","","Registration > Step 3","#02 User can navigate back to the previous step.","#02 User can navigate back to the previous step.",""
"passed","Tue Jun 21 17:37:49 EEST 2022","Tue Jun 21 17:38:00 EEST 2022","11006","","Promotions functionality testing. Promotions functionality for unauthenticated user.","","Promotions functionality testing. Promotions functionality for unauthenticated user.","#46 User clicks button CLAIM for already CLAIMED bonus, successfully login and can see drawer ""This promotion is unavailable"".","#46 User clicks button CLAIM for already CLAIMED bonus, successfully login and can see drawer ""This promotion is unavailable"".",""
"passed","Tue Jun 21 17:27:56 EEST 2022","Tue Jun 21 17:28:15 EEST 2022","19039","","My Account > Gambling Controls > Account Closure > Self Exclusion","","My Account > Gambling Controls > Account Closure > Self Exclusion","#12 Player can continue with chosen 6 months option to 'Self Exclusion' and confirming modal should display.","#12 Player can continue with chosen 6 months option to 'Self Exclusion' and confirming modal should display.",""
"passed","Tue Jun 21 17:31:44 EEST 2022","Tue Jun 21 17:31:59 EEST 2022","14336","","My Account > Settings > Change Password","","My Account > Settings > Change Password","#11 New password must contain a minimum of 8 characters.","#11 New password must contain a minimum of 8 characters.",""
"passed","Tue Jun 21 17:21:10 EEST 2022","Tue Jun 21 17:21:27 EEST 2022","17196","","Inbox functionality testing","","Inbox functionality testing","#7 Player can mark a message as read using the message options, removing the new badge from a message and decreasing the unread message count badge","#7 Player can mark a message as read using the message options, removing the new badge from a message and decreasing the unread message count badge",""
"passed","Tue Jun 21 17:27:06 EEST 2022","Tue Jun 21 17:27:20 EEST 2022","13554","","My Account > Gambling Controls > Deposit Limits","","My Account > Gambling Controls > Deposit Limits","#10 Player can successfully set a daily deposit limit if not already set.","#10 Player can successfully set a daily deposit limit if not already set.",""
"passed","Tue Jun 21 17:34:17 EEST 2022","Tue Jun 21 17:34:29 EEST 2022","11555","","UnsubscribePage","","UnsubscribePage","#4 User can check ‘Other’ radio button and the text input will be displayed","#4 User can check ‘Other’ radio button and the text input will be displayed",""
"passed","Tue Jun 21 17:32:59 EEST 2022","Tue Jun 21 17:33:09 EEST 2022","10009","","Registration > Step 3","","Registration > Step 3","#09 User cannot enter invalid characters into the City field.","#09 User cannot enter invalid characters into the City field.",""
"passed","Tue Jun 21 17:37:26 EEST 2022","Tue Jun 21 17:37:30 EEST 2022","4168","","Promotions functionality testing. Promotions functionality for unauthenticated user.","","Promotions functionality testing. Promotions functionality for unauthenticated user.","#41 Login form appears after press DEPOSIT CTA for DEPOSIT bonus of unauthenticated user.","#41 Login form appears after press DEPOSIT CTA for DEPOSIT bonus of unauthenticated user.",""
"passed","Tue Jun 21 17:35:45 EEST 2022","Tue Jun 21 17:36:01 EEST 2022","16383","","Promotions functionality testing. Promotions functionality for authenticated user. Particular promotions.","","Promotions functionality testing. Promotions functionality for authenticated user. Particular promotions.","#23 User can click on the terms and conditions link and the terms and all sections of conditions are displayed for deposit bonus.","#23 User can click on the terms and conditions link and the terms and all sections of conditions are displayed for deposit bonus.",""
"failed","Tue Jun 21 17:39:18 EEST 2022","Tue Jun 21 17:39:42 EEST 2022","24488","","My Account > Gambling Controls > Account Closure > Take A Break","","My Account > Gambling Controls > Account Closure > Take A Break","#7 Player can choose 24 hours option for 'Take A Break' and this option should be selected.","#7 Player can choose 24 hours option for 'Take A Break' and this option should be selected.",""
"passed","Tue Jun 21 17:33:01 EEST 2022","Tue Jun 21 17:33:36 EEST 2022","34785","","My Account > Settings > Change Password","","My Account > Settings > Change Password","#16 Player can successfully update and sign in with their new password.","#16 Player can successfully update and sign in with their new password.",""
"passed","Tue Jun 21 17:38:39 EEST 2022","Tue Jun 21 17:38:45 EEST 2022","5684","","Live Casino","","Live Casino","#06 User can directed to info page of game after click/taps on hero banner carousel static.","#06 User can directed to info page of game after click/taps on hero banner carousel static.",""
"passed","Tue Jun 21 17:21:09 EEST 2022","Tue Jun 21 17:21:19 EEST 2022","9839","","Landing Page/Welcome Games page","","Landing Page/Welcome Games page","#5 User try to click on PLAY CTA of Popular game at Welcome Games page","#5 User try to click on PLAY CTA of Popular game at Welcome Games page",""
"passed","Tue Jun 21 17:24:15 EEST 2022","Tue Jun 21 17:24:34 EEST 2022","19263","","Deep Link -> Play Reminders","","Deep Link -> Play Reminders","#1 Deep link to play reminders opens when logged in","#1 Deep link to play reminders opens when logged in",""
"passed","Tue Jun 21 17:23:20 EEST 2022","Tue Jun 21 17:23:28 EEST 2022","7610","","Landing Page/Shop Welcome page","","Landing Page/Shop Welcome page","#8 User can come to the Promotion page from the Shop Welcome page","#8 User can come to the Promotion page from the Shop Welcome page",""
"passed","Tue Jun 21 17:19:41 EEST 2022","Tue Jun 21 17:19:50 EEST 2022","8897","","Footer functionality testing","","Footer functionality testing","#1 Player can see a light grey bar at the top of the footer","#1 Player can see a light grey bar at the top of the footer",""
"passed","Tue Jun 21 17:20:50 EEST 2022","Tue Jun 21 17:20:57 EEST 2022","7191","","Landing Page/Welcome Games page","","Landing Page/Welcome Games page","#2 User try to Join at Welcome Games page","#2 User try to Join at Welcome Games page",""
"passed","Tue Jun 21 17:31:54 EEST 2022","Tue Jun 21 17:32:05 EEST 2022","11235","","Registration > Step 3","","Registration > Step 3","#03 Player can select the Manual Input button and is displayed the address inputs.","#03 Player can select the Manual Input button and is displayed the address inputs.",""
"passed","Tue Jun 21 17:23:48 EEST 2022","Tue Jun 21 17:24:12 EEST 2022","23729","","Deep Link -> Change Password","","Deep Link -> Change Password","#2 Deep link to change password open login when not logged in before change password","#2 Deep link to change password open login when not logged in before change password",""
"passed","Tue Jun 21 17:36:01 EEST 2022","Tue Jun 21 17:36:18 EEST 2022","16967","","Promotions functionality testing. Promotions functionality for authenticated user. Particular promotions.","","Promotions functionality testing. Promotions functionality for authenticated user. Particular promotions.","#24 User can close deposit bonus modal, remove display bonus modal and return to the launch screen.","#24 User can close deposit bonus modal, remove display bonus modal and return to the launch screen.",""
"passed","Tue Jun 21 17:38:11 EEST 2022","Tue Jun 21 17:38:19 EEST 2022","8106","","Live Casino","","Live Casino","#01 User has not logged in, the user navigates to the live casino page and the live casino page is displayed.","#01 User has not logged in, the user navigates to the live casino page and the live casino page is displayed.",""
"passed","Tue Jun 21 17:23:06 EEST 2022","Tue Jun 21 17:23:21 EEST 2022","14590","","Homepage","","Homepage","#14 Casino amount does not display when total bonus amount is zero and displays correct total balance of £0.00","#14 Casino amount does not display when total bonus amount is zero and displays correct total balance of £0.00",""
"passed","Tue Jun 21 17:22:15 EEST 2022","Tue Jun 21 17:22:20 EEST 2022","5133","","Landing Page/Welcome Casino page","","Landing Page/Welcome Casino page","#6 User can click on the WELCOME BONUS FULL TERMS AND CONDITIONS","#6 User can click on the WELCOME BONUS FULL TERMS AND CONDITIONS",""
"passed","Tue Jun 21 17:20:09 EEST 2022","Tue Jun 21 17:20:21 EEST 2022","12716","","Inbox functionality testing","","Inbox functionality testing","#2 Unread message count increases when player receives a new message (requires page refresh)","#2 Unread message count increases when player receives a new message (requires page refresh)",""
"failed","Tue Jun 21 17:41:58 EEST 2022","Tue Jun 21 17:42:21 EEST 2022","22353","","My Account > Gambling Controls > Account Closure > Take A Break","","My Account > Gambling Controls > Account Closure > Take A Break","#14 Player can continue with chosen 6 weeks option to 'Take A Break' and confirming modal should display.","#14 Player can continue with chosen 6 weeks option to 'Take A Break' and confirming modal should display.",""
"passed","Tue Jun 21 17:33:38 EEST 2022","Tue Jun 21 17:33:53 EEST 2022","15089","","Promotions functionality testing. Promotions functionality for authenticated user. Particular promotions.","","Promotions functionality testing. Promotions functionality for authenticated user. Particular promotions.","#16 User can opt in bonus and get confirmation modal with all sections.","#16 User can opt in bonus and get confirmation modal with all sections.",""
"passed","Tue Jun 21 17:32:39 EEST 2022","Tue Jun 21 17:32:54 EEST 2022","14747","","Promotions functionality testing. Promotions functionality for authenticated user. Particular promotions.","","Promotions functionality testing. Promotions functionality for authenticated user. Particular promotions.","#12 All main sections for card are displayed for CLAIM bonus.","#12 All main sections for card are displayed for CLAIM bonus.",""
"passed","Tue Jun 21 17:20:04 EEST 2022","Tue Jun 21 17:20:52 EEST 2022","47155","","Footer functionality testing","","Footer functionality testing","#4 Player can see safer gambling logos","#4 Player can see safer gambling logos",""
"passed","Tue Jun 21 17:20:13 EEST 2022","Tue Jun 21 17:20:24 EEST 2022","10544","","Home page => Privacy Policy page","","Home page => Privacy Policy page","#2 User can come to the Merkur Slots page from Privacy Policy page","#2 User can come to the Merkur Slots page from Privacy Policy page",""
"passed","Tue Jun 21 17:29:12 EEST 2022","Tue Jun 21 17:29:35 EEST 2022","23552","","My Account > Gambling Controls > Account Closure > Self Exclusion","","My Account > Gambling Controls > Account Closure > Self Exclusion","#16 Player can continue with chosen 5 years option to 'Self Exclusion' and confirming modal should display.","#16 Player can continue with chosen 5 years option to 'Self Exclusion' and confirming modal should display.",""
"passed","Tue Jun 21 17:29:09 EEST 2022","Tue Jun 21 17:29:28 EEST 2022","19280","","My Profile > Communications Preferences","","My Profile > Communications Preferences","#1 Player can view their communication preferences (default preferences: empty communication preferences and English language)","#1 Player can view their communication preferences (default preferences: empty communication preferences and English language)",""
"passed","Tue Jun 21 17:22:31 EEST 2022","Tue Jun 21 17:22:43 EEST 2022","12526","","Inbox functionality testing","","Inbox functionality testing","#12 Player with less than 15 messages should not be able to view more","#12 Player with less than 15 messages should not be able to view more",""
"passed","Tue Jun 21 17:29:43 EEST 2022","Tue Jun 21 17:29:58 EEST 2022","15897","","My Account > Settings > Change Password","","My Account > Settings > Change Password","#3 Current Password is a mandatory field.","#3 Current Password is a mandatory field.",""
"passed","Tue Jun 21 17:28:05 EEST 2022","Tue Jun 21 17:28:23 EEST 2022","17636","","My Profile > Contact Details","","My Profile > Contact Details","#03 Player can select to edit their telephone number and cancel out of the modal.","#03 Player can select to edit their telephone number and cancel out of the modal.",""
"passed","Tue Jun 21 17:38:46 EEST 2022","Tue Jun 21 17:38:53 EEST 2022","7005","","Slots page","","Slots page","#6 User can hover mouse on game card and see all needed elements","#6 User can hover mouse on game card and see all needed elements",""
"passed","Tue Jun 21 17:41:31 EEST 2022","Tue Jun 21 17:41:36 EEST 2022","5137","","Home => Terms & Conditions","","Home => Terms & Conditions","#22 User can see the Promotions section on terms and conditions page","#22 User can see the Promotions section on terms and conditions page",""
"passed","Tue Jun 21 17:33:19 EEST 2022","Tue Jun 21 17:33:30 EEST 2022","10793","","Registration > Step 3","","Registration > Step 3","#14 User can enter valid details on Step 3 and progress to Step 4 of the registration process.","#14 User can enter valid details on Step 3 and progress to Step 4 of the registration process.",""
"passed","Tue Jun 21 17:22:48 EEST 2022","Tue Jun 21 17:22:53 EEST 2022","5649","","Landing Page/Shop Welcome page","","Landing Page/Shop Welcome page","#3 User clicks on ""Be Aware Gambling"" image at Shop Welcome page","#3 User clicks on ""Be Aware Gambling"" image at Shop Welcome page",""
"passed","Tue Jun 21 17:30:38 EEST 2022","Tue Jun 21 17:30:45 EEST 2022","6481","","Registration > Step 1","","Registration > Step 1","#03 User is prompted with the 'Account already exists' drawer if they enter an email address that already exists.","#03 User is prompted with the 'Account already exists' drawer if they enter an email address that already exists.",""
"passed","Tue Jun 21 17:29:49 EEST 2022","Tue Jun 21 17:30:14 EEST 2022","25155","","Promotions functionality testing. Promotions functionality for authenticated user. Blocks of promotions.","","Promotions functionality testing. Promotions functionality for authenticated user. Blocks of promotions.","#2 All active promotions cards are displayed.","#2 All active promotions cards are displayed.",""
"passed","Tue Jun 21 17:19:56 EEST 2022","Tue Jun 21 17:20:05 EEST 2022","8535","","Expired Link Error","","Expired Link Error","#8 User can enter an email and reset the password (Sent button with a tick will be displayed).","#8 User can enter an email and reset the password (Sent button with a tick will be displayed).",""
"passed","Tue Jun 21 17:23:15 EEST 2022","Tue Jun 21 17:23:20 EEST 2022","5437","","Landing Page/Shop Welcome page","","Landing Page/Shop Welcome page","#7 User can come to the ""Be Gambling Aware"" site from the Shop Welcome page","#7 User can come to the ""Be Gambling Aware"" site from the Shop Welcome page",""
"passed","Tue Jun 21 17:38:24 EEST 2022","Tue Jun 21 17:38:29 EEST 2022","4307","","Live Casino","","Live Casino","#03 All available game cards are displayed.","#03 All available game cards are displayed.",""
"passed","Tue Jun 21 17:23:12 EEST 2022","Tue Jun 21 17:23:24 EEST 2022","12133","","Log In","","Log In","#03 Password field is a mandatory field.","#03 Password field is a mandatory field.",""
"passed","Tue Jun 21 17:37:22 EEST 2022","Tue Jun 21 17:37:26 EEST 2022","4226","","Promotions functionality testing. Promotions functionality for unauthenticated user.","","Promotions functionality testing. Promotions functionality for unauthenticated user.","#40 Login form appears after press OPT IN CTA for OPT IN bonus of unauthenticated user.","#40 Login form appears after press OPT IN CTA for OPT IN bonus of unauthenticated user.",""
"passed","Tue Jun 21 17:27:18 EEST 2022","Tue Jun 21 17:27:37 EEST 2022","18830","","My Account > Gambling Controls > Account Closure > Self Exclusion","","My Account > Gambling Controls > Account Closure > Self Exclusion","#10 Player can choose 2 years option for 'Self Exclusion' and this option should be selected.","#10 Player can choose 2 years option for 'Self Exclusion' and this option should be selected.",""
"passed","Tue Jun 21 17:24:53 EEST 2022","Tue Jun 21 17:25:13 EEST 2022","20158","","My Account > Gambling Controls > Deposit Limits","","My Account > Gambling Controls > Deposit Limits","#3 Player can close the Deposit Limits modal.","#3 Player can close the Deposit Limits modal.",""
"passed","Tue Jun 21 17:19:49 EEST 2022","Tue Jun 21 17:19:57 EEST 2022","7586","","Landing Page/Welcome Offer page","","Landing Page/Welcome Offer page","#1 User come to the Welcome Offer page ","#1 User come to the Welcome Offer page ",""
"passed","Tue Jun 21 17:26:53 EEST 2022","Tue Jun 21 17:27:11 EEST 2022","17810","","My Account -> Deposit","","My Account -> Deposit","#2 Check user is able to exit out of the deposit modal using the x button","#2 Check user is able to exit out of the deposit modal using the x button",""
"passed","Tue Jun 21 17:23:15 EEST 2022","Tue Jun 21 17:23:35 EEST 2022","19358","","Logout","","Logout","#01 Player can successfully logout.","#01 Player can successfully logout.",""
"passed","Tue Jun 21 17:30:13 EEST 2022","Tue Jun 21 17:30:28 EEST 2022","15136","","My Account > Settings > Change Password","","My Account > Settings > Change Password","#5 Player cannot submit the Change Password form with blank details.","#5 Player cannot submit the Change Password form with blank details.",""
"failed","Tue Jun 21 17:39:03 EEST 2022","Tue Jun 21 17:39:27 EEST 2022","24135","","Home => Terms & Conditions","","Home => Terms & Conditions","#4 User can come to the Responsible Gambling page from terms and conditions page","#4 User can come to the Responsible Gambling page from terms and conditions page",""
"passed","Tue Jun 21 17:22:35 EEST 2022","Tue Jun 21 17:22:46 EEST 2022","10902","","Home page => Privacy Policy page","","Home page => Privacy Policy page","#12 The user can use to contact for DPO regarding any data protection issue dpo@merkurslots.com email","#12 The user can use to contact for DPO regarding any data protection issue dpo@merkurslots.com email",""
"passed","Tue Jun 21 17:36:40 EEST 2022","Tue Jun 21 17:36:44 EEST 2022","3960","","Promotions functionality testing. Promotions functionality for unauthenticated user.","","Promotions functionality testing. Promotions functionality for unauthenticated user.","#29 Promotions are displayed in correct order for unauthenticated user","#29 Promotions are displayed in correct order for unauthenticated user",""
"passed","Tue Jun 21 17:26:37 EEST 2022","Tue Jun 21 17:26:53 EEST 2022","16157","","My Account -> Deposit","","My Account -> Deposit","#1 Check user is able to access the deposit modal via the account menu and is displayed with the option to fill in card details by default","#1 Check user is able to access the deposit modal via the account menu and is displayed with the option to fill in card details by default",""
"skipped","Tue Jun 21 17:27:19 EEST 2022","Tue Jun 21 17:27:19 EEST 2022","0","","My Account > Gambling Controls > Loss Limits","","My Account > Gambling Controls > Loss Limits","#12 User can successfully change their Loss Limit with a decimal value and receive a success toast on submitting the new amount. ","#12 User can successfully change their Loss Limit with a decimal value and receive a success toast on submitting the new amount. ",""
"passed","Tue Jun 21 17:28:32 EEST 2022","Tue Jun 21 17:28:52 EEST 2022","19391","","My Account > Gambling Controls > Account Closure > Self Exclusion","","My Account > Gambling Controls > Account Closure > Self Exclusion","#14 Player can continue with chosen 18 months option to 'Self Exclusion' and confirming modal should display.","#14 Player can continue with chosen 18 months option to 'Self Exclusion' and confirming modal should display.",""
"passed","Tue Jun 21 17:24:55 EEST 2022","Tue Jun 21 17:25:19 EEST 2022","23782","","My Account > Gambling Controls > Account Closure > Self Exclusion","","My Account > Gambling Controls > Account Closure > Self Exclusion","#1 Player can select the 'Self Exclusion' menu item and is displayed the Self Exclusion modal.","#1 Player can select the 'Self Exclusion' menu item and is displayed the Self Exclusion modal.",""
"passed","Tue Jun 21 17:23:49 EEST 2022","Tue Jun 21 17:24:12 EEST 2022","23564","","Deep Link -> Deposit Limits","","Deep Link -> Deposit Limits","#2 Deep link to deposit limits open login when not logged in before deposit limits","#2 Deep link to deposit limits open login when not logged in before deposit limits",""
"passed","Tue Jun 21 17:26:12 EEST 2022","Tue Jun 21 17:26:31 EEST 2022","19649","","My Account > Gambling Controls > Play Reminders","","My Account > Gambling Controls > Play Reminders","#5 Player can select a time limit from the drop down menu.","#5 Player can select a time limit from the drop down menu.",""
"passed","Tue Jun 21 17:32:17 EEST 2022","Tue Jun 21 17:32:37 EEST 2022","19679","","Registration > Step 4","","Registration > Step 4","#02 User can navigate back to the previous step.","#02 User can navigate back to the previous step.",""
"passed","Tue Jun 21 17:38:29 EEST 2022","Tue Jun 21 17:38:34 EEST 2022","5493","","Live Casino","","Live Casino","#04 Hero carousel slide are displayed.","#04 Hero carousel slide are displayed.",""
"passed","Tue Jun 21 17:37:10 EEST 2022","Tue Jun 21 17:37:14 EEST 2022","4287","","Promotions functionality testing. Promotions functionality for unauthenticated user.","","Promotions functionality testing. Promotions functionality for unauthenticated user.","#37 All main sections for card are displayed for DEPOSIT bonus for unauthenticated user.","#37 All main sections for card are displayed for DEPOSIT bonus for unauthenticated user.",""
"passed","Tue Jun 21 17:22:19 EEST 2022","Tue Jun 21 17:22:28 EEST 2022","9041","","Home page => Privacy Policy page","","Home page => Privacy Policy page","#10 After clicking on the link from 'Contact and DPO', the user should see the page  https://www.eyasgaming.com/.","#10 After clicking on the link from 'Contact and DPO', the user should see the page  https://www.eyasgaming.com/.",""
"passed","Tue Jun 21 17:19:50 EEST 2022","Tue Jun 21 17:19:57 EEST 2022","6775","","Footer functionality testing","","Footer functionality testing","#2 Player can see payment logos","#2 Player can see payment logos",""
"passed","Tue Jun 21 17:22:49 EEST 2022","Tue Jun 21 17:23:00 EEST 2022","11794","","Log In","","Log In","#01 Player can open the Log In modal and is displayed with the correct fields.","#01 Player can open the Log In modal and is displayed with the correct fields.",""
"passed","Tue Jun 21 17:32:54 EEST 2022","Tue Jun 21 17:33:07 EEST 2022","12828","","Promotions functionality testing. Promotions functionality for authenticated user. Particular promotions.","","Promotions functionality testing. Promotions functionality for authenticated user. Particular promotions.","#13 User can go to More Info details after click More Info CTA for authenticated user.","#13 User can go to More Info details after click More Info CTA for authenticated user.",""
"passed","Tue Jun 21 17:41:56 EEST 2022","Tue Jun 21 17:42:01 EEST 2022","4612","","Home => Terms & Conditions","","Home => Terms & Conditions","#27 User can opened mail client after clicks/taps on “care@merkurslots.com” ","#27 User can opened mail client after clicks/taps on “care@merkurslots.com” ",""
"passed","Tue Jun 21 17:22:01 EEST 2022","Tue Jun 21 17:22:06 EEST 2022","4565","","Landing Page/Welcome Casino page","","Landing Page/Welcome Casino page","#4 User clicks on ""Be Aware Gambling"" link at Welcome Casino page","#4 User clicks on ""Be Aware Gambling"" link at Welcome Casino page",""
"passed","Tue Jun 21 17:38:11 EEST 2022","Tue Jun 21 17:38:22 EEST 2022","10876","","Slots page","","Slots page","#1 User can navigates to the slots page and all elements are persisted on the page","#1 User can navigates to the slots page and all elements are persisted on the page",""
"passed","Tue Jun 21 17:31:30 EEST 2022","Tue Jun 21 17:31:37 EEST 2022","6994","","Registration > Step 1","","Registration > Step 1","#12 User can successfully enter email address with local domain (.de).","#12 User can successfully enter email address with local domain (.de).",""
"passed","Tue Jun 21 17:30:57 EEST 2022","Tue Jun 21 17:31:12 EEST 2022","14976","","My Account > Settings > Change Password","","My Account > Settings > Change Password","#8 New password must contain a number.","#8 New password must contain a number.",""
"passed","Tue Jun 21 17:20:46 EEST 2022","Tue Jun 21 17:20:50 EEST 2022","3872","","Landing Page/Welcome Games page","","Landing Page/Welcome Games page","#1 User come to the Welcome Games page ","#1 User come to the Welcome Games page ",""
"passed","Tue Jun 21 17:31:50 EEST 2022","Tue Jun 21 17:32:09 EEST 2022","19188","","My Profile > Communications Preferences","","My Profile > Communications Preferences","#10 Player can unselect just email preferences using the email toggle (email already toggled on), which upon saving updates the account area accordingly","#10 Player can unselect just email preferences using the email toggle (email already toggled on), which upon saving updates the account area accordingly",""
"skipped","Tue Jun 21 17:26:03 EEST 2022","Tue Jun 21 17:26:03 EEST 2022","0","","My Account > Gambling Controls > Account Closure > Self Exclusion","","My Account > Gambling Controls > Account Closure > Self Exclusion","#4 Player cannot continue with 'Self Exclusion' if a reason is not selected.","#4 Player cannot continue with 'Self Exclusion' if a reason is not selected.",""
"passed","Tue Jun 21 17:30:37 EEST 2022","Tue Jun 21 17:31:07 EEST 2022","29526","","Promotions functionality testing. Promotions functionality for authenticated user. Blocks of promotions.","","Promotions functionality testing. Promotions functionality for authenticated user. Blocks of promotions.","#6 Active promotion is excluded from the featured section.","#6 Active promotion is excluded from the featured section.",""
"passed","Tue Jun 21 17:22:59 EEST 2022","Tue Jun 21 17:23:09 EEST 2022","9609","","Landing Page/Shop Welcome page","","Landing Page/Shop Welcome page","#5 User try to click on PLAY CTA of Popular game at Shop Welcome page","#5 User try to click on PLAY CTA of Popular game at Shop Welcome page",""
"passed","Tue Jun 21 17:23:39 EEST 2022","Tue Jun 21 17:23:50 EEST 2022","11260","","Log In","","Log In","#05 Player can close the login modal.","#05 Player can close the login modal.",""
"skipped","Tue Jun 21 17:28:31 EEST 2022","Tue Jun 21 17:28:31 EEST 2022","1","","My Account > Gambling Controls > Deposit Limits","","My Account > Gambling Controls > Deposit Limits","#16 Player cannot set Deposit Limit lower than the minimum amount.","#16 Player cannot set Deposit Limit lower than the minimum amount.",""
"passed","Tue Jun 21 17:34:12 EEST 2022","Tue Jun 21 17:34:29 EEST 2022","16875","","Promotions functionality testing. Promotions functionality for authenticated user. Particular promotions.","","Promotions functionality testing. Promotions functionality for authenticated user. Particular promotions.","#18 User can close confirmation message, return to the calling page and bonus has been claimed.","#18 User can close confirmation message, return to the calling page and bonus has been claimed.",""
"passed","Tue Jun 21 17:20:24 EEST 2022","Tue Jun 21 17:20:35 EEST 2022","11183","","Home page => Privacy Policy page","","Home page => Privacy Policy page","#3 User can come to the Merkur Casino page from Privacy Policy page","#3 User can come to the Merkur Casino page from Privacy Policy page",""
"passed","Tue Jun 21 17:30:28 EEST 2022","Tue Jun 21 17:30:43 EEST 2022","14781","","My Account > Settings > Change Password","","My Account > Settings > Change Password","#6 Player should be displayed an error if they submit the Change Password form with an incorrect Current Password.","#6 Player should be displayed an error if they submit the Change Password form with an incorrect Current Password.",""
"passed","Tue Jun 21 17:40:55 EEST 2022","Tue Jun 21 17:41:00 EEST 2022","4873","","Home => Terms & Conditions","","Home => Terms & Conditions","#15 User can see the Deposits and Withdrawals section on terms and conditions page","#15 User can see the Deposits and Withdrawals section on terms and conditions page",""
"passed","Tue Jun 21 17:29:38 EEST 2022","Tue Jun 21 17:29:49 EEST 2022","10277","","Promotions functionality testing. Promotions functionality for authenticated user. Blocks of promotions.","","Promotions functionality testing. Promotions functionality for authenticated user. Blocks of promotions.","#1 Featured Promotions and Promotions section are displayed.","#1 Featured Promotions and Promotions section are displayed.",""
"passed","Tue Jun 21 17:25:38 EEST 2022","Tue Jun 21 17:25:57 EEST 2022","18937","","My Account > Gambling Controls > Loss Limits","","My Account > Gambling Controls > Loss Limits","#5 User can close the Loss Limits Delete modal ","#5 User can close the Loss Limits Delete modal ",""
"passed","Tue Jun 21 17:39:15 EEST 2022","Tue Jun 21 17:39:20 EEST 2022","5020","","Slots page","","Slots page","#10 User click on category and go to category page","#10 User click on category and go to category page",""
"passed","Tue Jun 21 17:21:39 EEST 2022","Tue Jun 21 17:21:51 EEST 2022","11667","","Inbox functionality testing","","Inbox functionality testing","#9 Player is presented with an updated list of messages when clicking view more button","#9 Player is presented with an updated list of messages when clicking view more button",""
"passed","Tue Jun 21 17:36:48 EEST 2022","Tue Jun 21 17:36:51 EEST 2022","3627","","Promotions functionality testing. Promotions functionality for unauthenticated user.","","Promotions functionality testing. Promotions functionality for unauthenticated user.","#31 Applicable the expiry date of promotion card is displayed for not login user.","#31 Applicable the expiry date of promotion card is displayed for not login user.",""
"passed","Tue Jun 21 17:26:51 EEST 2022","Tue Jun 21 17:27:05 EEST 2022","14926","","My Account > Gambling Controls > Loss Limits","","My Account > Gambling Controls > Loss Limits","#9 User can successfully set a weekly loss limit if not already set ","#9 User can successfully set a weekly loss limit if not already set ",""
"passed","Tue Jun 21 17:20:24 EEST 2022","Tue Jun 21 17:20:37 EEST 2022","13037","","Homepage","","Homepage","#4 The details balance card is dismissed when the user clicks it","#4 The details balance card is dismissed when the user clicks it",""
"passed","Tue Jun 21 17:35:03 EEST 2022","Tue Jun 21 17:35:22 EEST 2022","19393","","Spin Zone functionality testing","","Spin Zone functionality testing","#6 Player can see total bonus balance","#6 Player can see total bonus balance",""
"passed","Tue Jun 21 17:21:48 EEST 2022","Tue Jun 21 17:21:55 EEST 2022","6677","","Landing Page/Welcome Casino page","","Landing Page/Welcome Casino page","#2 User try to Join at Welcome Casino page","#2 User try to Join at Welcome Casino page",""
"failed","Tue Jun 21 17:41:36 EEST 2022","Tue Jun 21 17:41:58 EEST 2022","22757","","My Account > Gambling Controls > Account Closure > Take A Break","","My Account > Gambling Controls > Account Closure > Take A Break","#13 Player can continue with chosen 4 weeks option to 'Take A Break' and confirming modal should display.","#13 Player can continue with chosen 4 weeks option to 'Take A Break' and confirming modal should display.",""
"passed","Tue Jun 21 17:30:33 EEST 2022","Tue Jun 21 17:30:38 EEST 2022","5130","","Registration > Step 1","","Registration > Step 1","#02 Email Address is a mandatory field.","#02 Email Address is a mandatory field.",""
"failed","Tue Jun 21 17:38:50 EEST 2022","Tue Jun 21 17:38:55 EEST 2022","5087","","Live Casino","","Live Casino","#08 The hero carousel slide is displayed, user click on arrow of navigation/swipes hero carousel slide then the content of the carousel will scroll.","#08 The hero carousel slide is displayed, user click on arrow of navigation/swipes hero carousel slide then the content of the carousel will scroll.",""
"passed","Tue Jun 21 17:27:01 EEST 2022","Tue Jun 21 17:27:18 EEST 2022","16863","","My Account > Gambling Controls > Account Closure > Self Exclusion","","My Account > Gambling Controls > Account Closure > Self Exclusion","#9 Player can choose 18 months option for 'Self Exclusion' and this option should be selected.","#9 Player can choose 18 months option for 'Self Exclusion' and this option should be selected.",""
"passed","Tue Jun 21 17:38:19 EEST 2022","Tue Jun 21 17:38:24 EEST 2022","5561","","Live Casino","","Live Casino","#02 All available categories are displayed and categories can be scrolled.","#02 All available categories are displayed and categories can be scrolled.",""
"passed","Tue Jun 21 17:28:15 EEST 2022","Tue Jun 21 17:28:32 EEST 2022","17734","","My Account > Gambling Controls > Account Closure > Self Exclusion","","My Account > Gambling Controls > Account Closure > Self Exclusion","#13 Player can continue with chosen 12 months option to 'Self Exclusion' and confirming modal should display.","#13 Player can continue with chosen 12 months option to 'Self Exclusion' and confirming modal should display.",""
"passed","Tue Jun 21 17:38:00 EEST 2022","Tue Jun 21 17:38:07 EEST 2022","6707","","Promotions functionality testing. Promotions functionality for unauthenticated user.","","Promotions functionality testing. Promotions functionality for unauthenticated user.","#47 User clicks button DEPOSIT for already DEPOSITED bonus, successfully login and can see drawer ""This promotion is unavailable"".","#47 User clicks button DEPOSIT for already DEPOSITED bonus, successfully login and can see drawer ""This promotion is unavailable"".",""
"failed","Tue Jun 21 17:40:28 EEST 2022","Tue Jun 21 17:40:51 EEST 2022","22355","","My Account > Gambling Controls > Account Closure > Take A Break","","My Account > Gambling Controls > Account Closure > Take A Break","#10 Player can choose 6 weeks option for 'Take A Break' and this option should be selected.","#10 Player can choose 6 weeks option for 'Take A Break' and this option should be selected.",""
"passed","Tue Jun 21 17:25:13 EEST 2022","Tue Jun 21 17:25:32 EEST 2022","18670","","My Account > Gambling Controls > Deposit Limits","","My Account > Gambling Controls > Deposit Limits","#4 Player can cancel out of the Deposit Limits modal.","#4 Player can cancel out of the Deposit Limits modal.",""
"passed","Tue Jun 21 17:23:24 EEST 2022","Tue Jun 21 17:23:48 EEST 2022","24473","","Deep Link -> Change Password","","Deep Link -> Change Password","#1 Deep link to change password opens when logged in","#1 Deep link to change password opens when logged in",""
"passed","Tue Jun 21 17:26:53 EEST 2022","Tue Jun 21 17:27:13 EEST 2022","20166","","My Account > Gambling Controls > Play Reminders","","My Account > Gambling Controls > Play Reminders","#7 Player can successfully edit their 'Time Limit'.","#7 Player can successfully edit their 'Time Limit'.",""
"passed","Tue Jun 21 17:19:57 EEST 2022","Tue Jun 21 17:20:04 EEST 2022","7818","","Footer functionality testing","","Footer functionality testing","#3 Player can see partners logos","#3 Player can see partners logos",""
"failed","Tue Jun 21 17:38:15 EEST 2022","Tue Jun 21 17:38:24 EEST 2022","8460","","venue > Venue pages","","venue > Venue pages","#01  Venue pages .","#01  Venue pages .",""
"passed","Tue Jun 21 17:23:51 EEST 2022","Tue Jun 21 17:24:24 EEST 2022","33045","","Deep Link -> Edit Phone","","Deep Link -> Edit Phone","#1 Deep link to edit phone opens when logged in","#1 Deep link to edit phone opens when logged in",""
"passed","Tue Jun 21 17:24:44 EEST 2022","Tue Jun 21 17:25:08 EEST 2022","23664","","My Account > Gambling Controls > Play Reminders","","My Account > Gambling Controls > Play Reminders","#1 Player can select to edit their 'Time Limit' and is displayed the Play Reminders modal.","#1 Player can select to edit their 'Time Limit' and is displayed the Play Reminders modal.",""
"passed","Tue Jun 21 17:34:14 EEST 2022","Tue Jun 21 17:34:36 EEST 2022","21786","","venue > Search enhancement - expanded view","","venue > Search enhancement - expanded view","#01 Player can click on input search and enter Town. When they expand the view and will see a CTA to ‘Get directions, Get directions, Telephone number, Opening times, More info’","#01 Player can click on input search and enter Town. When they expand the view and will see a CTA to ‘Get directions, Get directions, Telephone number, Opening times, More info’",""
"passed","Tue Jun 21 17:34:29 EEST 2022","Tue Jun 21 17:34:42 EEST 2022","13247","","Registration > Step 4","","Registration > Step 4","#04 User can opt in to receive Email marketing preferences.","#04 User can opt in to receive Email marketing preferences.",""
"passed","Tue Jun 21 17:25:30 EEST 2022","Tue Jun 21 17:25:52 EEST 2022","21976","","My Account > Gambling Controls > Play Reminders","","My Account > Gambling Controls > Play Reminders","#3 Player can cancel out of the 'Time Limit' modal.","#3 Player can cancel out of the 'Time Limit' modal.",""
"passed","Tue Jun 21 17:34:04 EEST 2022","Tue Jun 21 17:34:17 EEST 2022","12725","","Registration > Step 4","","Registration > Step 4","#13 User doesn`t click on confirm checkbox, tries to click success registration button and error text is shown.","#13 User doesn`t click on confirm checkbox, tries to click success registration button and error text is shown.",""
"passed","Tue Jun 21 17:20:03 EEST 2022","Tue Jun 21 17:20:11 EEST 2022","7834","","Landing Page/Welcome Offer page","","Landing Page/Welcome Offer page","#3 User clicks on ""Be Aware Gambling"" image at Welcome Offer page","#3 User clicks on ""Be Aware Gambling"" image at Welcome Offer page",""
"passed","Tue Jun 21 17:31:40 EEST 2022","Tue Jun 21 17:31:47 EEST 2022","7289","","Registration > Step 2","","Registration > Step 2","#08 User cannot enter invalid characters into step 2 name input fields.","#08 User cannot enter invalid characters into step 2 name input fields.",""
"passed","Tue Jun 21 17:37:05 EEST 2022","Tue Jun 21 17:37:10 EEST 2022","4277","","Promotions functionality testing. Promotions functionality for unauthenticated user.","","Promotions functionality testing. Promotions functionality for unauthenticated user.","#36 All main sections for card are displayed for OPT IN bonus for unauthenticated user.","#36 All main sections for card are displayed for OPT IN bonus for unauthenticated user.",""
"passed","Tue Jun 21 17:36:44 EEST 2022","Tue Jun 21 17:36:48 EEST 2022","3470","","Promotions functionality testing. Promotions functionality for unauthenticated user.","","Promotions functionality testing. Promotions functionality for unauthenticated user.","#30 Promo image of promotion card is displayed for not login user.","#30 Promo image of promotion card is displayed for not login user.",""
"passed","Tue Jun 21 17:25:19 EEST 2022","Tue Jun 21 17:25:41 EEST 2022","22198","","My Account > Gambling Controls > Account Closure > Self Exclusion","","My Account > Gambling Controls > Account Closure > Self Exclusion","#2 Player can close the 'Self Exclusion' modal.","#2 Player can close the 'Self Exclusion' modal.",""
"passed","Tue Jun 21 17:30:35 EEST 2022","Tue Jun 21 17:30:55 EEST 2022","20320","","My Profile > Communications Preferences","","My Profile > Communications Preferences","#6 Player can edit their preferences and select just the Text toggle, which upon saving updates the account area accordingly","#6 Player can edit their preferences and select just the Text toggle, which upon saving updates the account area accordingly",""
"passed","Tue Jun 21 17:24:08 EEST 2022","Tue Jun 21 17:24:24 EEST 2022","16225","","Deep Link -> Loss Limits","","Deep Link -> Loss Limits","#2 Deep link to loss limits open login when not logged in before loss limits","#2 Deep link to loss limits open login when not logged in before loss limits",""
"passed","Tue Jun 21 17:29:57 EEST 2022","Tue Jun 21 17:30:18 EEST 2022","20566","","My Account > Gambling Controls > Account Closure > Self Exclusion","","My Account > Gambling Controls > Account Closure > Self Exclusion","#18 Player can close the self exclusion modal.","#18 Player can close the self exclusion modal.",""
"passed","Tue Jun 21 17:34:17 EEST 2022","Tue Jun 21 17:34:29 EEST 2022","11910","","Registration > Step 4","","Registration > Step 4","#03 User can opt in to receive All marketing preferences.","#03 User can opt in to receive All marketing preferences.",""
"passed","Tue Jun 21 17:31:47 EEST 2022","Tue Jun 21 17:31:54 EEST 2022","6496","","Registration > Step 2","","Registration > Step 2","#11 User can enter valid details on Step 2 and progress to Step 3 of the registration process.","#11 User can enter valid details on Step 2 and progress to Step 3 of the registration process.",""
"passed","Tue Jun 21 17:24:23 EEST 2022","Tue Jun 21 17:24:34 EEST 2022","11176","","Log In","","Log In","#12 Players inputs into the password field should be masked by default.","#12 Players inputs into the password field should be masked by default.",""
"passed","Tue Jun 21 17:38:27 EEST 2022","Tue Jun 21 17:38:32 EEST 2022","5429","","Slots page","","Slots page","#3 User can see static hero banner carousel and can click on it and see game info page","#3 User can see static hero banner carousel and can click on it and see game info page",""
"passed","Tue Jun 21 17:32:05 EEST 2022","Tue Jun 21 17:32:16 EEST 2022","10908","","Registration > Step 3","","Registration > Step 3","#03 Address Line 1 field is a mandatory field.","#03 Address Line 1 field is a mandatory field.",""
"passed","Tue Jun 21 17:41:51 EEST 2022","Tue Jun 21 17:41:56 EEST 2022","4753","","Home => Terms & Conditions","","Home => Terms & Conditions","#26 User can see the Miscellaneous section on terms and conditions page","#26 User can see the Miscellaneous section on terms and conditions page",""
"passed","Tue Jun 21 17:40:35 EEST 2022","Tue Jun 21 17:40:40 EEST 2022","5006","","Home => Terms & Conditions","","Home => Terms & Conditions","#11 User can see the Definitions section on terms and conditions page","#11 User can see the Definitions section on terms and conditions page",""
"passed","Tue Jun 21 17:27:48 EEST 2022","Tue Jun 21 17:28:05 EEST 2022","17094","","My Profile > Contact Details","","My Profile > Contact Details","#02 Player can select to edit their telephone number and be presented with an edit modal.","#02 Player can select to edit their telephone number and be presented with an edit modal.",""
"failed","Tue Jun 21 17:42:32 EEST 2022","Tue Jun 21 17:42:54 EEST 2022","22086","","My Account > Gambling Controls > Account Closure > Take A Break","","My Account > Gambling Controls > Account Closure > Take A Break","#16 Player can press 'BACK' for confirmating modal after chosen for 24 hours 'Take A Break' and should return to previous step.","#16 Player can press 'BACK' for confirmating modal after chosen for 24 hours 'Take A Break' and should return to previous step.",""
"passed","Tue Jun 21 17:22:49 EEST 2022","Tue Jun 21 17:23:06 EEST 2022","17266","","Homepage","","Homepage","#13 Balance details still correctly display balance of £0.00 if user has no cash balance","#13 Balance details still correctly display balance of £0.00 if user has no cash balance",""
"passed","Tue Jun 21 17:22:19 EEST 2022","Tue Jun 21 17:22:34 EEST 2022","15627","","Homepage","","Homepage","#11 User is displayed with the correct cash balance format in the dropdown card when balance exceeds 9999 (five figure balance)","#11 User is displayed with the correct cash balance format in the dropdown card when balance exceeds 9999 (five figure balance)",""
"passed","Tue Jun 21 17:30:51 EEST 2022","Tue Jun 21 17:31:05 EEST 2022","13975","","Recover Password","","Recover Password","#06 Recover Password button displays 'Re-Send Email' text after a successful first attempt.","#06 Recover Password button displays 'Re-Send Email' text after a successful first attempt.",""
"passed","Tue Jun 21 17:19:57 EEST 2022","Tue Jun 21 17:20:05 EEST 2022","8326","","Home page => Privacy Policy page","","Home page => Privacy Policy page","#0 User can come to the Privacy Policy page","#0 User can come to the Privacy Policy page",""
"passed","Tue Jun 21 17:40:25 EEST 2022","Tue Jun 21 17:40:30 EEST 2022","4702","","Home => Terms & Conditions","","Home => Terms & Conditions","#9 User can see Introduction section on terms and conditions page","#9 User can see Introduction section on terms and conditions page",""
"passed","Tue Jun 21 17:29:24 EEST 2022","Tue Jun 21 17:29:41 EEST 2022","16471","","My Account > Gambling Controls > Deposit Limits","","My Account > Gambling Controls > Deposit Limits","#21 Player can open 'How deposit limits work' modal.","#21 Player can open 'How deposit limits work' modal.",""
"passed","Tue Jun 21 17:23:24 EEST 2022","Tue Jun 21 17:23:49 EEST 2022","24278","","Deep Link -> Deposit Limits","","Deep Link -> Deposit Limits","#1 Deep link to deposit limits opens when logged in","#1 Deep link to deposit limits opens when logged in",""
"passed","Tue Jun 21 17:21:47 EEST 2022","Tue Jun 21 17:22:19 EEST 2022","32144","","Home page => Privacy Policy page","","Home page => Privacy Policy page","#9 After click one of the links from 'Website Visitors', the user should see new page.","#9 After click one of the links from 'Website Visitors', the user should see new page.",""
"passed","Tue Jun 21 17:33:53 EEST 2022","Tue Jun 21 17:34:12 EEST 2022","18770","","Promotions functionality testing. Promotions functionality for authenticated user. Particular promotions.","","Promotions functionality testing. Promotions functionality for authenticated user. Particular promotions.","#17 User can opt in bonus and get modal with all sections, click on the primary CTA and procceds with the journey","#17 User can opt in bonus and get modal with all sections, click on the primary CTA and procceds with the journey",""
"failed","Tue Jun 21 17:39:33 EEST 2022","Tue Jun 21 17:39:45 EEST 2022","12236","","Slots page","","Slots page","#12 User logged in hover the game card  and click on CTA ""INFO"" and go to INFO page and click on ""PLAY NOW"" and see game page","#12 User logged in hover the game card  and click on CTA ""INFO"" and go to INFO page and click on ""PLAY NOW"" and see game page",""
"passed","Tue Jun 21 17:23:28 EEST 2022","Tue Jun 21 17:23:35 EEST 2022","7528","","Landing Page/Shop Welcome page","","Landing Page/Shop Welcome page","#9 User can come to the Terms & Conditions page from the Shop Welcome page","#9 User can come to the Terms & Conditions page from the Shop Welcome page",""
"passed","Tue Jun 21 17:26:24 EEST 2022","Tue Jun 21 17:26:42 EEST 2022","18551","","My Account > Gambling Controls > Deposit Limits","","My Account > Gambling Controls > Deposit Limits","#8 Player can close the Deposit Limits Delete modal","#8 Player can close the Deposit Limits Delete modal",""
"passed","Tue Jun 21 17:30:41 EEST 2022","Tue Jun 21 17:30:51 EEST 2022","10661","","Recover Password","","Recover Password","#05 Player receives 'Sent' success feedback on submitting a valid email address.","#05 Player receives 'Sent' success feedback on submitting a valid email address.",""
"skipped","Tue Jun 21 17:28:31 EEST 2022","Tue Jun 21 17:28:31 EEST 2022","0","","My Account > Gambling Controls > Deposit Limits","","My Account > Gambling Controls > Deposit Limits","#17 Player cannot set Deposit Limit higher than the maximum amount.","#17 Player cannot set Deposit Limit higher than the maximum amount.",""
"passed","Tue Jun 21 17:19:41 EEST 2022","Tue Jun 21 17:19:46 EEST 2022","5610","","404 error page functionality testing.","","404 error page functionality testing.","#1 404 error page is displayed.","#1 404 error page is displayed.",""
"passed","Tue Jun 21 17:31:04 EEST 2022","Tue Jun 21 17:31:12 EEST 2022","8240","","Registration > Step 1","","Registration > Step 1","#06 User can not register with an email address that already exists.","#06 User can not register with an email address that already exists.",""
"passed","Tue Jun 21 17:28:23 EEST 2022","Tue Jun 21 17:28:40 EEST 2022","17438","","My Profile > Contact Details","","My Profile > Contact Details","# Player can select to edit their telephone number and close the modal to cancel out of the process.","# Player can select to edit their telephone number and close the modal to cancel out of the process.",""
"failed","Tue Jun 21 17:38:30 EEST 2022","Tue Jun 21 17:38:55 EEST 2022","24526","","Home => Terms & Conditions","","Home => Terms & Conditions","#2 User can come to the privacy policy page from terms and conditions page","#2 User can come to the privacy policy page from terms and conditions page",""
"passed","Tue Jun 21 17:28:57 EEST 2022","Tue Jun 21 17:29:15 EEST 2022","17833","","My Profile > Contact Details","","My Profile > Contact Details","#05 Player try to update invalid phone number.","#05 Player try to update invalid phone number.",""
"passed","Tue Jun 21 17:34:42 EEST 2022","Tue Jun 21 17:34:52 EEST 2022","10119","","Registration > Step 4","","Registration > Step 4","#05 User can opt in to receive SMS marketing preferences.","#05 User can opt in to receive SMS marketing preferences.",""
"failed","Tue Jun 21 17:38:40 EEST 2022","Tue Jun 21 17:38:46 EEST 2022","5695","","Slots page","","Slots page","#5 User can see on hero banner carousel primary button CTA, can click on it and see game info page","#5 User can see on hero banner carousel primary button CTA, can click on it and see game info page",""
"passed","Tue Jun 21 17:34:12 EEST 2022","Tue Jun 21 17:34:37 EEST 2022","25069","","Spin Zone functionality testing","","Spin Zone functionality testing","#4 Player can see total withdrawable cash balance","#4 Player can see total withdrawable cash balance",""
"passed","Tue Jun 21 17:24:24 EEST 2022","Tue Jun 21 17:24:41 EEST 2022","17574","","Deep Link -> Edit Phone","","Deep Link -> Edit Phone","#2 Deep link to change password open login when not logged in before change password","#2 Deep link to change password open login when not logged in before change password",""
"passed","Tue Jun 21 17:22:32 EEST 2022","Tue Jun 21 17:22:38 EEST 2022","5772","","Landing Page/Welcome Casino page","","Landing Page/Welcome Casino page","#9 User can come to the Terms & Conditions page from the Welcome Casino page","#9 User can come to the Terms & Conditions page from the Welcome Casino page",""
"passed","Tue Jun 21 17:21:24 EEST 2022","Tue Jun 21 17:21:36 EEST 2022","11918","","Home page => Privacy Policy page","","Home page => Privacy Policy page","#7 After clicking on the first link from 'What personal data do we collect? -> Players', the user should see the page  https://www.merkurslots.com/.","#7 After clicking on the first link from 'What personal data do we collect? -> Players', the user should see the page  https://www.merkurslots.com/.",""
"passed","Tue Jun 21 17:36:35 EEST 2022","Tue Jun 21 17:36:37 EEST 2022","1831","","Promotions functionality testing. Promotions functionality for unauthenticated user.","","Promotions functionality testing. Promotions functionality for unauthenticated user.","#26 Promotion page is displayed for not login user.","#26 Promotion page is displayed for not login user.",""
"passed","Tue Jun 21 17:31:54 EEST 2022","Tue Jun 21 17:32:02 EEST 2022","7999","","Registration > Step 2","","Registration > Step 2","#12 User cannot enter an invalid date into the date of birth field.","#12 User cannot enter an invalid date into the date of birth field.",""
"passed","Tue Jun 21 17:28:33 EEST 2022","Tue Jun 21 17:28:47 EEST 2022","14698","","My Account > Gambling Controls > Loss Limits","","My Account > Gambling Controls > Loss Limits","#17 User can open 'How loss limits work' modal. ","#17 User can open 'How loss limits work' modal. ",""
"passed","Tue Jun 21 17:41:00 EEST 2022","Tue Jun 21 17:41:05 EEST 2022","4615","","Home => Terms & Conditions","","Home => Terms & Conditions","#16 User can see the Playing for Real Money section on terms and conditions page","#16 User can see the Playing for Real Money section on terms and conditions page",""
"passed","Tue Jun 21 17:30:14 EEST 2022","Tue Jun 21 17:30:37 EEST 2022","23060","","Promotions functionality testing. Promotions functionality for authenticated user. Blocks of promotions.","","Promotions functionality testing. Promotions functionality for authenticated user. Blocks of promotions.","#3 Active promotions are displayed in correct order.","#3 Active promotions are displayed in correct order.",""
"passed","Tue Jun 21 17:29:41 EEST 2022","Tue Jun 21 17:29:59 EEST 2022","17696","","My Account > Gambling Controls > Deposit Limits","","My Account > Gambling Controls > Deposit Limits","#22 Player can close 'How deposit limits work' modal.","#22 Player can close 'How deposit limits work' modal.",""
"passed","Tue Jun 21 17:32:47 EEST 2022","Tue Jun 21 17:32:59 EEST 2022","11339","","Registration > Step 3","","Registration > Step 3","#08 User cannot enter invalid characters into the Address Line 2 field.","#08 User cannot enter invalid characters into the Address Line 2 field.",""
"passed","Tue Jun 21 17:33:50 EEST 2022","Tue Jun 21 17:34:04 EEST 2022","14246","","Registration > Step 4","","Registration > Step 4","#12 User can click on confirm checkbox and click success registration button.","#12 User can click on confirm checkbox and click success registration button.",""
"passed","Tue Jun 21 17:27:27 EEST 2022","Tue Jun 21 17:27:41 EEST 2022","14244","","My Account -> Deposit","","My Account -> Deposit","#4 Check user is able to select Instant Bank Transfer and is provided with the correct information for this payment method","#4 Check user is able to select Instant Bank Transfer and is provided with the correct information for this payment method",""
"passed","Tue Jun 21 17:31:37 EEST 2022","Tue Jun 21 17:31:42 EEST 2022","5359","","Registration > Step 1","","Registration > Step 1","#13 Password is a mandatory field.","#13 Password is a mandatory field.",""
"passed","Tue Jun 21 17:21:55 EEST 2022","Tue Jun 21 17:22:01 EEST 2022","6643","","Landing Page/Welcome Casino page","","Landing Page/Welcome Casino page","#3 User clicks on ""Be Aware Gambling"" image at Welcome Casino page","#3 User clicks on ""Be Aware Gambling"" image at Welcome Casino page",""
"passed","Tue Jun 21 17:39:27 EEST 2022","Tue Jun 21 17:39:34 EEST 2022","6993","","Live Casino","","Live Casino","#16 Login modal can be appears after user clicks/taps on card.","#16 Login modal can be appears after user clicks/taps on card.",""
"passed","Tue Jun 21 17:30:55 EEST 2022","Tue Jun 21 17:31:04 EEST 2022","9376","","Registration > Step 1","","Registration > Step 1","#05 User can select the 'Login' button on the 'Account already exists' drawer and is displayed the Login form.","#05 User can select the 'Login' button on the 'Account already exists' drawer and is displayed the Login form.",""
"passed","Tue Jun 21 17:41:10 EEST 2022","Tue Jun 21 17:41:16 EEST 2022","5943","","Home => Terms & Conditions","","Home => Terms & Conditions","#18 User can see the Anti-Money Laundering section on terms and conditions page","#18 User can see the Anti-Money Laundering section on terms and conditions page",""
"passed","Tue Jun 21 17:41:36 EEST 2022","Tue Jun 21 17:41:41 EEST 2022","5540","","Home => Terms & Conditions","","Home => Terms & Conditions","#23 User can see the Intellectual Property section on terms and conditions page","#23 User can see the Intellectual Property section on terms and conditions page",""
"passed","Tue Jun 21 17:38:53 EEST 2022","Tue Jun 21 17:39:00 EEST 2022","7108","","Slots page","","Slots page","#7 User hover the game card and click 'Play now' and login modal appears","#7 User hover the game card and click 'Play now' and login modal appears",""
"passed","Tue Jun 21 17:34:37 EEST 2022","Tue Jun 21 17:35:03 EEST 2022","25568","","Spin Zone functionality testing","","Spin Zone functionality testing","#5 Player can open 'Deposit' modal","#5 Player can open 'Deposit' modal",""
"passed","Tue Jun 21 17:33:51 EEST 2022","Tue Jun 21 17:34:06 EEST 2022","14750","","UnsubscribePage","","UnsubscribePage","#2 User can click on ‘I’ve changed my mind’ button and go to home page.","#2 User can click on ‘I’ve changed my mind’ button and go to home page.",""
"passed","Tue Jun 21 17:23:24 EEST 2022","Tue Jun 21 17:23:39 EEST 2022","14517","","Log In","","Log In","#04 Player cannot submit blank details on the Login Form.","#04 Player cannot submit blank details on the Login Form.",""
"passed","Tue Jun 21 17:37:41 EEST 2022","Tue Jun 21 17:37:49 EEST 2022","8324","","Promotions functionality testing. Promotions functionality for unauthenticated user.","","Promotions functionality testing. Promotions functionality for unauthenticated user.","#44 User can see list of promotions after click Back button from more info details.","#44 User can see list of promotions after click Back button from more info details.",""
"skipped","Tue Jun 21 17:39:54 EEST 2022","Tue Jun 21 17:39:54 EEST 2022","0","","Live Casino","","Live Casino","#19 User has logged in, card is displayed, user hover a mouse on that card, the third CTA is DEMO, user clicks/taps on CTA DEMO then user go to the demo game.","#19 User has logged in, card is displayed, user hover a mouse on that card, the third CTA is DEMO, user clicks/taps on CTA DEMO then user go to the demo game.",""
"passed","Tue Jun 21 17:34:36 EEST 2022","Tue Jun 21 17:34:52 EEST 2022","16119","","venue > Search enhancement - expanded view","","venue > Search enhancement - expanded view","#02 After click  button `More info` user will be redirected to the venues detail page","#02 After click  button `More info` user will be redirected to the venues detail page",""
"passed","Tue Jun 21 17:31:23 EEST 2022","Tue Jun 21 17:31:30 EEST 2022","6613","","Registration > Step 1","","Registration > Step 1","#11 User can successfully enter email address with a combination of valid symbols, numbers and letters.","#11 User can successfully enter email address with a combination of valid symbols, numbers and letters.",""
"passed","Tue Jun 21 17:32:02 EEST 2022","Tue Jun 21 17:32:17 EEST 2022","14606","","Registration > Step 4","","Registration > Step 4","#01 User is displayed the correct content and defaut options for Step 4.","#01 User is displayed the correct content and defaut options for Step 4.",""
"passed","Tue Jun 21 17:22:20 EEST 2022","Tue Jun 21 17:22:25 EEST 2022","5276","","Landing Page/Welcome Casino page","","Landing Page/Welcome Casino page","#7 User can come to the ""Be Gambling Aware"" site from the Welcome Casino page","#7 User can come to the ""Be Gambling Aware"" site from the Welcome Casino page",""
"passed","Tue Jun 21 17:23:35 EEST 2022","Tue Jun 21 17:23:48 EEST 2022","12949","","Logout","","Logout","#02 Player is logged out of site if clearing there cookies.","#02 Player is logged out of site if clearing there cookies.",""
"passed","Tue Jun 21 17:39:57 EEST 2022","Tue Jun 21 17:40:03 EEST 2022","6156","","Home => Terms & Conditions","","Home => Terms & Conditions","#7 User can come to the GamStop page from terms and conditions page","#7 User can come to the GamStop page from terms and conditions page",""
"failed","Tue Jun 21 17:39:42 EEST 2022","Tue Jun 21 17:40:06 EEST 2022","23976","","My Account > Gambling Controls > Account Closure > Take A Break","","My Account > Gambling Controls > Account Closure > Take A Break","#8 Player can choose 1 week option for 'Take A Break' and this option should be selected.","#8 Player can choose 1 week option for 'Take A Break' and this option should be selected.",""
"passed","Tue Jun 21 17:39:20 EEST 2022","Tue Jun 21 17:39:33 EEST 2022","12699","","Slots page","","Slots page","#11 User logged in and hover the game card and click on CTA ""PLAY NOW"" and go to game page","#11 User logged in and hover the game card and click on CTA ""PLAY NOW"" and go to game page",""
"passed","Tue Jun 21 17:39:22 EEST 2022","Tue Jun 21 17:39:27 EEST 2022","5121","","Live Casino","","Live Casino","#15 All available categories will be displayed and user click/taps on category then user go to the category.","#15 All available categories will be displayed and user click/taps on category then user go to the category.",""
"passed","Tue Jun 21 17:20:55 EEST 2022","Tue Jun 21 17:21:10 EEST 2022","14623","","Inbox functionality testing","","Inbox functionality testing","#6 Player can open message and display the message contents (heading, date/time & body)","#6 Player can open message and display the message contents (heading, date/time & body)",""
"skipped","Tue Jun 21 17:26:24 EEST 2022","Tue Jun 21 17:26:24 EEST 2022","0","","My Account > Gambling Controls > Account Closure > Self Exclusion","","My Account > Gambling Controls > Account Closure > Self Exclusion","#6 Player can select a reason for taking self exclusion the drop down menu.","#6 Player can select a reason for taking self exclusion the drop down menu.",""
"passed","Tue Jun 21 17:38:22 EEST 2022","Tue Jun 21 17:38:27 EEST 2022","5432","","Slots page","","Slots page","#2 User can see hero banner carousel and can scroll it","#2 User can see hero banner carousel and can scroll it",""
"passed","Tue Jun 21 17:41:46 EEST 2022","Tue Jun 21 17:41:51 EEST 2022","4756","","Home => Terms & Conditions","","Home => Terms & Conditions","#25 User can see the Complaints and disputes section on terms and conditions page","#25 User can see the Complaints and disputes section on terms and conditions page",""
"passed","Tue Jun 21 17:38:10 EEST 2022","Tue Jun 21 17:38:21 EEST 2022","11088","","Home => Terms & Conditions","","Home => Terms & Conditions","#0 User can come to the terms and conditions page","#0 User can come to the terms and conditions page",""
"passed","Tue Jun 21 17:30:32 EEST 2022","Tue Jun 21 17:30:41 EEST 2022","8421","","Recover Password","","Recover Password","#04 Player can select the 'Cancel and Back To Login' link and is displayed the login section.","#04 Player can select the 'Cancel and Back To Login' link and is displayed the login section.",""
"passed","Tue Jun 21 17:28:26 EEST 2022","Tue Jun 21 17:28:48 EEST 2022","21729","","My Account -> Deposit","","My Account -> Deposit","#8 Check user is displayed with a declined modal when safecharge returns a declined response","#8 Check user is displayed with a declined modal when safecharge returns a declined response",""
"passed","Tue Jun 21 17:34:09 EEST 2022","Tue Jun 21 17:34:19 EEST 2022","10150","","Registration > Step 3","","Registration > Step 3","#18 Country Code is populated by default.","#18 Country Code is populated by default.",""
"passed","Tue Jun 21 17:19:41 EEST 2022","Tue Jun 21 17:19:47 EEST 2022","5484","","Expired Link Error","","Expired Link Error","#1 Expired Link Error page is displayed","#1 Expired Link Error page is displayed",""
"passed","Tue Jun 21 17:19:51 EEST 2022","Tue Jun 21 17:19:56 EEST 2022","5465","","Expired Link Error","","Expired Link Error","#7 User can click on x button and close reset password window. ","#7 User can click on x button and close reset password window. ",""
"passed","Tue Jun 21 17:29:42 EEST 2022","Tue Jun 21 17:29:57 EEST 2022","14414","","My Profile > Communications Preferences","","My Profile > Communications Preferences","#3 Player can edit their preferences and exit using the Cancel CTA within the modal discarding changes","#3 Player can edit their preferences and exit using the Cancel CTA within the modal discarding changes",""
"failed","Tue Jun 21 17:39:34 EEST 2022","Tue Jun 21 17:39:57 EEST 2022","23205","","Home => Terms & Conditions","","Home => Terms & Conditions","#6 User can come to the GamCare page from terms and conditions page","#6 User can come to the GamCare page from terms and conditions page",""
"passed","Tue Jun 21 17:31:05 EEST 2022","Tue Jun 21 17:31:16 EEST 2022","10904","","Recover Password","","Recover Password","#08 Player can submit an email address which does not exist and still receives a success message on submitting the recover password form.","#08 Player can submit an email address which does not exist and still receives a success message on submitting the recover password form.",""
"passed","Tue Jun 21 17:24:34 EEST 2022","Tue Jun 21 17:24:45 EEST 2022","11041","","Log In","","Log In","#13 Player should be able to show/hide their input into the Password field.","#13 Player should be able to show/hide their input into the Password field.",""
"passed","Tue Jun 21 17:39:01 EEST 2022","Tue Jun 21 17:39:07 EEST 2022","6040","","Live Casino","","Live Casino","#11 Card is displayed, user hover a mouse on that card then the primary CTA will be PLAY NOW, the secondary CTA will be INFO icon","#11 Card is displayed, user hover a mouse on that card then the primary CTA will be PLAY NOW, the secondary CTA will be INFO icon",""
"passed","Tue Jun 21 17:29:57 EEST 2022","Tue Jun 21 17:30:13 EEST 2022","16578","","My Profile > Communications Preferences","","My Profile > Communications Preferences","#4 Player can edit their preferences and toggle all preferences with the select all toggle, which upon saving updates the account area","#4 Player can edit their preferences and toggle all preferences with the select all toggle, which upon saving updates the account area",""
"passed","Tue Jun 21 17:23:50 EEST 2022","Tue Jun 21 17:24:09 EEST 2022","19509","","Log In","","Log In","#06 Player cannot login when entering an incorrect email address.","#06 Player cannot login when entering an incorrect email address.",""
"passed","Tue Jun 21 17:33:09 EEST 2022","Tue Jun 21 17:33:19 EEST 2022","10594","","Registration > Step 3","","Registration > Step 3","#11 User cannot enter invalid characters into the Post Code field.","#11 User cannot enter invalid characters into the Post Code field.",""
"passed","Tue Jun 21 17:28:17 EEST 2022","Tue Jun 21 17:28:33 EEST 2022","15427","","My Account > Gambling Controls > Loss Limits","","My Account > Gambling Controls > Loss Limits","#16 User can only enter numeric digits into the set Loss Limit field. ","#16 User can only enter numeric digits into the set Loss Limit field. ",""
"passed","Tue Jun 21 17:21:31 EEST 2022","Tue Jun 21 17:21:37 EEST 2022","6804","","Landing Page/Welcome Games page","","Landing Page/Welcome Games page","#8 User can come to the Promotion page from the Welcome Games page","#8 User can come to the Promotion page from the Welcome Games page",""
"passed","Tue Jun 21 17:25:47 EEST 2022","Tue Jun 21 17:26:07 EEST 2022","19229","","My Account > Gambling Controls > Deposit Limits","","My Account > Gambling Controls > Deposit Limits","#6 Player can close the Deposit Limits Edit modal","#6 Player can close the Deposit Limits Edit modal",""
"passed","Tue Jun 21 17:34:06 EEST 2022","Tue Jun 21 17:34:17 EEST 2022","11318","","UnsubscribePage","","UnsubscribePage","#3 User can click on ‘Unsubscribe’ button and successfully unsubscribe window will be displayed with the correct content","#3 User can click on ‘Unsubscribe’ button and successfully unsubscribe window will be displayed with the correct content",""
"passed","Tue Jun 21 17:31:24 EEST 2022","Tue Jun 21 17:31:32 EEST 2022","8712","","Registration > Step 2","","Registration > Step 2","#06 User cannot enter less that 2 characters into step 2 name input fields.","#06 User cannot enter less that 2 characters into step 2 name input fields.",""
"passed","Tue Jun 21 17:31:12 EEST 2022","Tue Jun 21 17:31:30 EEST 2022","18130","","My Profile > Communications Preferences","","My Profile > Communications Preferences","#8 Player can edit their preferences and select just the Phone toggle, which upon saving updates the account area accordingly","#8 Player can edit their preferences and select just the Phone toggle, which upon saving updates the account area accordingly",""
"passed","Tue Jun 21 17:21:25 EEST 2022","Tue Jun 21 17:21:31 EEST 2022","6123","","Landing Page/Welcome Games page","","Landing Page/Welcome Games page","#7 User can come to the ""Be Gambling Aware"" site from the Welcome Games page","#7 User can come to the ""Be Gambling Aware"" site from the Welcome Games page",""
"passed","Tue Jun 21 17:20:08 EEST 2022","Tue Jun 21 17:20:19 EEST 2022","11380","","Home page => Responsible Gambling page","","Home page => Responsible Gambling page","#0 User can come to the Responsible Gambling page","#0 User can come to the Responsible Gambling page",""
"passed","Tue Jun 21 17:34:29 EEST 2022","Tue Jun 21 17:34:48 EEST 2022","19123","","Promotions functionality testing. Promotions functionality for authenticated user. Particular promotions.","","Promotions functionality testing. Promotions functionality for authenticated user. Particular promotions.","#19 User can click DEPOSIT CTA for deposit bonus and open deposit bonus modal with displaying all sections.","#19 User can click DEPOSIT CTA for deposit bonus and open deposit bonus modal with displaying all sections.",""
"passed","Tue Jun 21 17:19:41 EEST 2022","Tue Jun 21 17:19:45 EEST 2022","4119","","Service unavailable","","Service unavailable","#0 User come to the Location Error page, when service is unavailable","#0 User come to the Location Error page, when service is unavailable",""
"passed","Tue Jun 21 17:32:15 EEST 2022","Tue Jun 21 17:32:30 EEST 2022","15121","","My Account > Settings > Change Password","","My Account > Settings > Change Password","#13 Player cannot continue to next step if their new password does not meet the minimum password requirements.","#13 Player cannot continue to next step if their new password does not meet the minimum password requirements.",""
"passed","Tue Jun 21 17:19:57 EEST 2022","Tue Jun 21 17:20:03 EEST 2022","6327","","Landing Page/Welcome Offer page","","Landing Page/Welcome Offer page","#2 User try to Join at Welcome Offer page","#2 User try to Join at Welcome Offer page",""
"passed","Tue Jun 21 17:33:50 EEST 2022","Tue Jun 21 17:34:01 EEST 2022","11305","","Registration > Step 3","","Registration > Step 3","#16 Phone Number will display an error when entering non-numeric values into input.","#16 Phone Number will display an error when entering non-numeric values into input.",""
"passed","Tue Jun 21 17:22:06 EEST 2022","Tue Jun 21 17:22:19 EEST 2022","12651","","Homepage","","Homepage","#10 User is displayed with a shortened balance in the preview section when balance exceeds 9999 (five figure balance)","#10 User is displayed with a shortened balance in the preview section when balance exceeds 9999 (five figure balance)",""
"passed","Tue Jun 21 17:21:51 EEST 2022","Tue Jun 21 17:22:16 EEST 2022","24976","","Inbox functionality testing","","Inbox functionality testing","#10 Deleting a message from the inbox which is marked as new should decrease the unread message count badge","#10 Deleting a message from the inbox which is marked as new should decrease the unread message count badge",""
"passed","Tue Jun 21 17:36:37 EEST 2022","Tue Jun 21 17:36:40 EEST 2022","3404","","Promotions functionality testing. Promotions functionality for unauthenticated user.","","Promotions functionality testing. Promotions functionality for unauthenticated user.","#28 Promotion cards are displayed for not login user.","#28 Promotion cards are displayed for not login user.",""
"passed","Tue Jun 21 17:29:15 EEST 2022","Tue Jun 21 17:29:36 EEST 2022","20909","","My Profile > Contact Details","","My Profile > Contact Details","#06 Player can update country code number.","#06 Player can update country code number.",""
"passed","Tue Jun 21 17:20:19 EEST 2022","Tue Jun 21 17:20:29 EEST 2022","10040","","Home page => Responsible Gambling page","","Home page => Responsible Gambling page","#1 User can come to the Be Gamble Aware page from Responsible Gambling page","#1 User can come to the Be Gamble Aware page from Responsible Gambling page",""
"passed","Tue Jun 21 17:39:00 EEST 2022","Tue Jun 21 17:39:08 EEST 2022","8728","","Slots page","","Slots page","#8 User hover the game card and click on CTA 'INFO' and go to info page, click on JOIN and see register page","#8 User hover the game card and click on CTA 'INFO' and go to info page, click on JOIN and see register page",""
"passed","Tue Jun 21 17:41:21 EEST 2022","Tue Jun 21 17:41:25 EEST 2022","4652","","Home => Terms & Conditions","","Home => Terms & Conditions","#20 User can see the Suspension/Termination of your Account section on terms and conditions page","#20 User can see the Suspension/Termination of your Account section on terms and conditions page",""
"passed","Tue Jun 21 17:32:30 EEST 2022","Tue Jun 21 17:32:44 EEST 2022","13915","","My Account > Settings > Change Password","","My Account > Settings > Change Password","#14 Player inputs into the password fields should be masked by default.","#14 Player inputs into the password fields should be masked by default.",""
"passed","Tue Jun 21 17:26:31 EEST 2022","Tue Jun 21 17:26:53 EEST 2022","21479","","My Account > Gambling Controls > Play Reminders","","My Account > Gambling Controls > Play Reminders","#6 Player can successfully set a 'Time Limit'.","#6 Player can successfully set a 'Time Limit'.",""
"passed","Tue Jun 21 17:21:27 EEST 2022","Tue Jun 21 17:21:39 EEST 2022","11915","","Inbox functionality testing","","Inbox functionality testing","#8 Player with 15 or more messages, view more button is shown","#8 Player with 15 or more messages, view more button is shown",""
"passed","Tue Jun 21 17:39:45 EEST 2022","Tue Jun 21 17:39:57 EEST 2022","11394","","Slots page","","Slots page","#13 User logged in and click on game card and game page appears","#13 User logged in and click on game card and game page appears",""
"passed","Tue Jun 21 17:20:11 EEST 2022","Tue Jun 21 17:20:17 EEST 2022","5602","","Landing Page/Welcome Offer page","","Landing Page/Welcome Offer page","#4 User clicks on ""Be Aware Gambling"" link at Welcome Offer page","#4 User clicks on ""Be Aware Gambling"" link at Welcome Offer page",""
"passed","Tue Jun 21 17:25:22 EEST 2022","Tue Jun 21 17:25:38 EEST 2022","15896","","My Account > Gambling Controls > Loss Limits","","My Account > Gambling Controls > Loss Limits","#4 User can open the Loss Limits Delete modal on delete icon click ","#4 User can open the Loss Limits Delete modal on delete icon click ",""
"passed","Tue Jun 21 17:32:47 EEST 2022","Tue Jun 21 17:33:06 EEST 2022","19379","","My Profile > Communications Preferences","","My Profile > Communications Preferences","#13 Player can uneselect just post preferences using the post toggle (post already toggled on), which upon saving updates the account area accordingly","#13 Player can uneselect just post preferences using the post toggle (post already toggled on), which upon saving updates the account area accordingly",""
"passed","Tue Jun 21 17:31:12 EEST 2022","Tue Jun 21 17:31:27 EEST 2022","15864","","My Account > Settings > Change Password","","My Account > Settings > Change Password","#9 New password must contain a combination of upper and lower case letters (all upper case).","#9 New password must contain a combination of upper and lower case letters (all upper case).",""
"passed","Tue Jun 21 17:31:32 EEST 2022","Tue Jun 21 17:31:40 EEST 2022","7753","","Registration > Step 2","","Registration > Step 2","#07 User cannot enter numbers into step 2 name input fields.","#07 User cannot enter numbers into step 2 name input fields.",""
"passed","Tue Jun 21 17:20:43 EEST 2022","Tue Jun 21 17:21:15 EEST 2022","32010","","Home page => Privacy Policy page","","Home page => Privacy Policy page","#5 When the user clicks to link Privacy Policy user should watches the nex chapters.","#5 When the user clicks to link Privacy Policy user should watches the nex chapters.",""
"passed","Tue Jun 21 17:27:31 EEST 2022","Tue Jun 21 17:27:48 EEST 2022","16793","","My Profile > Contact Details","","My Profile > Contact Details","#01 Player can view their contact details.","#01 Player can view their contact details.",""
"passed","Tue Jun 21 17:25:52 EEST 2022","Tue Jun 21 17:26:12 EEST 2022","19780","","My Account > Gambling Controls > Play Reminders","","My Account > Gambling Controls > Play Reminders","#4 Player cannot continue with 'Time Limit' if a limit is not selected.","#4 Player cannot continue with 'Time Limit' if a limit is not selected.",""
"passed","Tue Jun 21 17:20:32 EEST 2022","Tue Jun 21 17:20:42 EEST 2022","10757","","Inbox functionality testing","","Inbox functionality testing","#4 Player can see their message list, with messages displaying the correct information (if messages > 1)","#4 Player can see their message list, with messages displaying the correct information (if messages > 1)",""
"passed","Tue Jun 21 17:38:21 EEST 2022","Tue Jun 21 17:38:30 EEST 2022","9092","","Home => Terms & Conditions","","Home => Terms & Conditions","#1 User can come to the help center from terms and conditions page","#1 User can come to the help center from terms and conditions page",""
"failed","Tue Jun 21 17:41:13 EEST 2022","Tue Jun 21 17:41:36 EEST 2022","22629","","My Account > Gambling Controls > Account Closure > Take A Break","","My Account > Gambling Controls > Account Closure > Take A Break","#12 Player can continue with chosen 1 week option to 'Take A Break' and confirming modal should display.","#12 Player can continue with chosen 1 week option to 'Take A Break' and confirming modal should display.",""
"passed","Tue Jun 21 17:26:18 EEST 2022","Tue Jun 21 17:26:36 EEST 2022","17857","","My Account > Gambling Controls > Loss Limits","","My Account > Gambling Controls > Loss Limits","#7 User can open the Loss Limits Delete modal on edit icon click and click on edit icon in the input field ","#7 User can open the Loss Limits Delete modal on edit icon click and click on edit icon in the input field ",""
"failed","Tue Jun 21 17:38:48 EEST 2022","Tue Jun 21 17:39:03 EEST 2022","15316","","My Account > Gambling Controls > Account Closure > Take A Break","","My Account > Gambling Controls > Account Closure > Take A Break","#3 Player can press 'Back' button of the 'Take A Break' modal and then should be displayed previous step.","#3 Player can press 'Back' button of the 'Take A Break' modal and then should be displayed previous step.",""
"passed","Tue Jun 21 17:28:50 EEST 2022","Tue Jun 21 17:29:05 EEST 2022","14649","","My Account > Gambling Controls > Deposit Limits","","My Account > Gambling Controls > Deposit Limits","#19 Player can open 'History' modal.","#19 Player can open 'History' modal.",""
"passed","Tue Jun 21 17:27:11 EEST 2022","Tue Jun 21 17:27:27 EEST 2022","15907","","My Account -> Deposit","","My Account -> Deposit","#3 Check user is able to fill in details of required fields for card deposits","#3 Check user is able to fill in details of required fields for card deposits",""
"passed","Tue Jun 21 17:32:24 EEST 2022","Tue Jun 21 17:32:39 EEST 2022","15336","","Promotions functionality testing. Promotions functionality for authenticated user. Particular promotions.","","Promotions functionality testing. Promotions functionality for authenticated user. Particular promotions.","#11 All main sections for card are displayed for DEPOSIT bonus.","#11 All main sections for card are displayed for DEPOSIT bonus.",""
"passed","Tue Jun 21 17:35:05 EEST 2022","Tue Jun 21 17:35:19 EEST 2022","13789","","UnsubscribePage","","UnsubscribePage","#7 User can click on ‘Continue’ button in the ‘Re-subscribe’ success window and the Home page will be displayed.","#7 User can click on ‘Continue’ button in the ‘Re-subscribe’ success window and the Home page will be displayed.",""
"passed","Tue Jun 21 17:33:24 EEST 2022","Tue Jun 21 17:33:38 EEST 2022","13976","","Promotions functionality testing. Promotions functionality for authenticated user. Particular promotions.","","Promotions functionality testing. Promotions functionality for authenticated user. Particular promotions.","#15 User can press Back CTA for More Info page and be taken to the list of promotions.","#15 User can press Back CTA for More Info page and be taken to the list of promotions.",""
"passed","Tue Jun 21 17:20:51 EEST 2022","Tue Jun 21 17:21:05 EEST 2022","14096","","Home page => Responsible Gambling page","","Home page => Responsible Gambling page","#4 User can come to the ""Block Access to Gambling Websites and Apps Worldwide"" page from Responsible Gambling page","#4 User can come to the ""Block Access to Gambling Websites and Apps Worldwide"" page from Responsible Gambling page",""
"passed","Tue Jun 21 17:30:26 EEST 2022","Tue Jun 21 17:30:33 EEST 2022","6502","","Registration > Step 1","","Registration > Step 1","#01.1 User can leave the registration process by clicking the Home link and click 'Yes I want to leave'.","#01.1 User can leave the registration process by clicking the Home link and click 'Yes I want to leave'.",""
"passed","Tue Jun 21 17:40:40 EEST 2022","Tue Jun 21 17:40:45 EEST 2022","4919","","Home => Terms & Conditions","","Home => Terms & Conditions","#12 User can see the Changes to the Terms section on terms and conditions page","#12 User can see the Changes to the Terms section on terms and conditions page",""
"passed","Tue Jun 21 17:29:28 EEST 2022","Tue Jun 21 17:29:42 EEST 2022","14529","","My Profile > Communications Preferences","","My Profile > Communications Preferences","#2 Player can edit their preferences and exit using the x close button within the modal discarding changes","#2 Player can edit their preferences and exit using the x close button within the modal discarding changes",""
"passed","Tue Jun 21 17:21:37 EEST 2022","Tue Jun 21 17:21:43 EEST 2022","5374","","Landing Page/Welcome Games page","","Landing Page/Welcome Games page","#9 User can come to the Terms & Conditions page from the Welcome Games page","#9 User can come to the Terms & Conditions page from the Welcome Games page",""
"passed","Tue Jun 21 17:31:09 EEST 2022","Tue Jun 21 17:31:16 EEST 2022","6655","","Registration > Step 2","","Registration > Step 2","#04 Last Name is a mandatory field.","#04 Last Name is a mandatory field.",""
"passed","Tue Jun 21 17:31:30 EEST 2022","Tue Jun 21 17:31:50 EEST 2022","20146","","My Profile > Communications Preferences","","My Profile > Communications Preferences","#9 Player can unselect all preferences using the select all toggle (select all toggle already active), which upon saving updates the account area accordingly","#9 Player can unselect all preferences using the select all toggle (select all toggle already active), which upon saving updates the account area accordingly",""
"failed","Tue Jun 21 17:42:54 EEST 2022","Tue Jun 21 17:43:15 EEST 2022","21110","","My Account > Gambling Controls > Account Closure > Take A Break","","My Account > Gambling Controls > Account Closure > Take A Break","#17 Player can close the take a break modal.","#17 Player can close the take a break modal.",""
"passed","Tue Jun 21 17:33:32 EEST 2022","Tue Jun 21 17:33:50 EEST 2022","18150","","Registration > Step 4","","Registration > Step 4","#11 User can click and view the Privacy Policy.","#11 User can click and view the Privacy Policy.",""
"passed","Tue Jun 21 17:38:45 EEST 2022","Tue Jun 21 17:38:50 EEST 2022","5244","","Live Casino","","Live Casino","#07 Game image will be displayed.","#07 Game image will be displayed.",""
"passed","Tue Jun 21 17:28:08 EEST 2022","Tue Jun 21 17:28:26 EEST 2022","18345","","My Account -> Deposit","","My Account -> Deposit","#7 Check user is able to deposit with a valid card and is presented with success modal","#7 Check user is able to deposit with a valid card and is presented with success modal",""
"passed","Tue Jun 21 17:25:57 EEST 2022","Tue Jun 21 17:26:18 EEST 2022","21162","","My Account > Gambling Controls > Loss Limits","","My Account > Gambling Controls > Loss Limits","#6 User can successfully update their loss limits in the Loss Limits Delete modal ","#6 User can successfully update their loss limits in the Loss Limits Delete modal ",""
"passed","Tue Jun 21 17:33:39 EEST 2022","Tue Jun 21 17:33:50 EEST 2022","10585","","Registration > Step 3","","Registration > Step 3","#15 Phone Number is a mandatory field.","#15 Phone Number is a mandatory field.",""
"passed","Tue Jun 21 17:28:52 EEST 2022","Tue Jun 21 17:29:12 EEST 2022","20135","","My Account > Gambling Controls > Account Closure > Self Exclusion","","My Account > Gambling Controls > Account Closure > Self Exclusion","#15 Player can continue with chosen 2 years option to 'Self Exclusion' and confirming modal should display.","#15 Player can continue with chosen 2 years option to 'Self Exclusion' and confirming modal should display.",""
"passed","Tue Jun 21 17:28:07 EEST 2022","Tue Jun 21 17:28:31 EEST 2022","24227","","My Account > Gambling Controls > Deposit Limits","","My Account > Gambling Controls > Deposit Limits","#15 Player can successfully change Deposit Limit with a decimal value and receive a success toast on submitting the new amount.","#15 Player can successfully change Deposit Limit with a decimal value and receive a success toast on submitting the new amount.",""
"passed","Tue Jun 21 17:23:38 EEST 2022","Tue Jun 21 17:24:08 EEST 2022","29920","","Deep Link -> Loss Limits","","Deep Link -> Loss Limits","#1 Deep link to loss limits opens when logged in","#1 Deep link to loss limits opens when logged in",""
"passed","Tue Jun 21 17:30:43 EEST 2022","Tue Jun 21 17:30:57 EEST 2022","13593","","My Account > Settings > Change Password","","My Account > Settings > Change Password","#7 Player is displayed with the password requirements when they start to enter a new password.","#7 Player is displayed with the password requirements when they start to enter a new password.",""
"passed","Tue Jun 21 17:20:35 EEST 2022","Tue Jun 21 17:20:43 EEST 2022","7664","","Home page => Privacy Policy page","","Home page => Privacy Policy page","#4 User can come to the ICO(Information Commissioner's office) page from Privacy Policy page","#4 User can come to the ICO(Information Commissioner's office) page from Privacy Policy page",""
"passed","Tue Jun 21 17:31:23 EEST 2022","Tue Jun 21 17:31:56 EEST 2022","32891","","Promotions functionality testing. Promotions functionality for authenticated user. Blocks of promotions.","","Promotions functionality testing. Promotions functionality for authenticated user. Blocks of promotions.","#8 Active promotions are excluded from the promotions section.","#8 Active promotions are excluded from the promotions section.",""
"skipped","Tue Jun 21 17:39:01 EEST 2022","Tue Jun 21 17:39:01 EEST 2022","2","","Live Casino","","Live Casino","#10 User can go to the category after clicks/taps on CTA VIEW GAMES.","#10 User can go to the category after clicks/taps on CTA VIEW GAMES.",""
"passed","Tue Jun 21 17:32:16 EEST 2022","Tue Jun 21 17:32:27 EEST 2022","11419","","Registration > Step 3","","Registration > Step 3","#04 City field is a mandatory field.","#04 City field is a mandatory field.",""
"passed","Tue Jun 21 17:19:47 EEST 2022","Tue Jun 21 17:19:51 EEST 2022","4467","","Expired Link Error","","Expired Link Error","#6 User can click on Recover Password button and see Reset your password window ","#6 User can click on Recover Password button and see Reset your password window ",""
"passed","Tue Jun 21 17:20:37 EEST 2022","Tue Jun 21 17:20:51 EEST 2022","14339","","Homepage","","Homepage","#5 The details balance card is dismissed when the user clicks outside the modal","#5 The details balance card is dismissed when the user clicks outside the modal",""
"passed","Tue Jun 21 17:29:26 EEST 2022","Tue Jun 21 17:29:43 EEST 2022","16258","","My Account > Settings > Change Password","","My Account > Settings > Change Password","#2 Player can cancel out of the Change Password modal.","#2 Player can cancel out of the Change Password modal.",""
"passed","Tue Jun 21 17:35:24 EEST 2022","Tue Jun 21 17:35:45 EEST 2022","21192","","Promotions functionality testing. Promotions functionality for authenticated user. Particular promotions.","","Promotions functionality testing. Promotions functionality for authenticated user. Particular promotions.","#22 User can enter amount, go to full terms and conditions, click back button, close full terms conditions and return in deposit modal.","#22 User can enter amount, go to full terms and conditions, click back button, close full terms conditions and return in deposit modal.",""
"passed","Tue Jun 21 17:20:30 EEST 2022","Tue Jun 21 17:20:35 EEST 2022","5125","","Landing Page/Welcome Offer page","","Landing Page/Welcome Offer page","#7 User can come to the ""Be Gambling Aware"" site from the Welcome Offer page","#7 User can come to the ""Be Gambling Aware"" site from the Welcome Offer page",""
"passed","Tue Jun 21 17:22:53 EEST 2022","Tue Jun 21 17:22:59 EEST 2022","5883","","Landing Page/Shop Welcome page","","Landing Page/Shop Welcome page","#4 User clicks on ""Be Aware Gambling"" link at Shop Welcome page","#4 User clicks on ""Be Aware Gambling"" link at Shop Welcome page",""
"passed","Tue Jun 21 17:30:23 EEST 2022","Tue Jun 21 17:30:32 EEST 2022","9555","","Recover Password","","Recover Password","#03 Player cannot enter an invaild email address.","#03 Player cannot enter an invaild email address.",""
"passed","Tue Jun 21 17:31:42 EEST 2022","Tue Jun 21 17:31:47 EEST 2022","4896","","Registration > Step 1","","Registration > Step 1","#23 User cannot continue to next step if their password does not meet the minimum password requirements.","#23 User cannot continue to next step if their password does not meet the minimum password requirements.",""
"passed","Tue Jun 21 17:19:43 EEST 2022","Tue Jun 21 17:19:53 EEST 2022","9773","","Homepage","","Homepage","#1 Player can navigate to the registration page via the 'Join'.","#1 Player can navigate to the registration page via the 'Join'.",""
"passed","Tue Jun 21 17:34:01 EEST 2022","Tue Jun 21 17:34:09 EEST 2022","8121","","Registration > Step 3","","Registration > Step 3","#17 User cannot enter spaces into Phone Number field.","#17 User cannot enter spaces into Phone Number field.",""
"passed","Tue Jun 21 17:24:28 EEST 2022","Tue Jun 21 17:24:47 EEST 2022","18870","","My Account > Gambling Controls > Loss Limits","","My Account > Gambling Controls > Loss Limits","#1 User can view their Loss limits ","#1 User can view their Loss limits ",""
"skipped","Tue Jun 21 17:27:19 EEST 2022","Tue Jun 21 17:27:19 EEST 2022","1","","My Account > Gambling Controls > Loss Limits","","My Account > Gambling Controls > Loss Limits","#11 User can successfully set their Loss Limit to the minimum allowed value and will receive a success toast on submitting the new amount. ","#11 User can successfully set their Loss Limit to the minimum allowed value and will receive a success toast on submitting the new amount. ",""
"passed","Tue Jun 21 17:21:03 EEST 2022","Tue Jun 21 17:21:09 EEST 2022","6649","","Landing Page/Welcome Games page","","Landing Page/Welcome Games page","#4 User clicks on ""Be Aware Gambling"" link at Welcome Games page","#4 User clicks on ""Be Aware Gambling"" link at Welcome Games page",""
"passed","Tue Jun 21 17:36:58 EEST 2022","Tue Jun 21 17:37:02 EEST 2022","3513","","Promotions functionality testing. Promotions functionality for unauthenticated user.","","Promotions functionality testing. Promotions functionality for unauthenticated user.","#34 Relevant CTAs of promotion card are displayed for not login user.","#34 Relevant CTAs of promotion card are displayed for not login user.",""
"passed","Tue Jun 21 17:32:44 EEST 2022","Tue Jun 21 17:33:01 EEST 2022","16936","","My Account > Settings > Change Password","","My Account > Settings > Change Password","#15 Player should be able to show/hide their inputs into the password fields.","#15 Player should be able to show/hide their inputs into the password fields.",""
"passed","Tue Jun 21 17:28:47 EEST 2022","Tue Jun 21 17:29:04 EEST 2022","16134","","My Account > Gambling Controls > Loss Limits","","My Account > Gambling Controls > Loss Limits","#18 User can close 'How loss limits work' modal. ","#18 User can close 'How loss limits work' modal. ",""
"passed","Tue Jun 21 17:23:00 EEST 2022","Tue Jun 21 17:23:12 EEST 2022","11489","","Log In","","Log In","#02 Email Address is a mandatory field.","#02 Email Address is a mandatory field.",""
"passed","Tue Jun 21 17:26:42 EEST 2022","Tue Jun 21 17:27:06 EEST 2022","23726","","My Account > Gambling Controls > Deposit Limits","","My Account > Gambling Controls > Deposit Limits","#9 Player can successfully update a daily deposit limit in the Deposit Limits Delete modal","#9 Player can successfully update a daily deposit limit in the Deposit Limits Delete modal",""
"passed","Tue Jun 21 17:38:55 EEST 2022","Tue Jun 21 17:39:03 EEST 2022","8476","","Home => Terms & Conditions","","Home => Terms & Conditions","#3 User can come to the Gambling commission page from terms and conditions page","#3 User can come to the Gambling commission page from terms and conditions page",""
"passed","Tue Jun 21 17:21:26 EEST 2022","Tue Jun 21 17:21:46 EEST 2022","20485","","Homepage","","Homepage","#8 Cash amount is updated correctly in the dropdown details when cash balance is adjusted","#8 Cash amount is updated correctly in the dropdown details when cash balance is adjusted",""
"passed","Tue Jun 21 17:30:01 EEST 2022","Tue Jun 21 17:30:12 EEST 2022","10970","","Recover Password","","Recover Password","#01 Player can navigate to the recover password form and is displayed with the correct fields.","#01 Player can navigate to the recover password form and is displayed with the correct fields.",""
"passed","Tue Jun 21 17:32:02 EEST 2022","Tue Jun 21 17:32:09 EEST 2022","6729","","Registration > Step 2","","Registration > Step 2","13 User is required to be 18 or over.","13 User is required to be 18 or over.",""
"passed","Tue Jun 21 17:37:34 EEST 2022","Tue Jun 21 17:37:41 EEST 2022","6044","","Promotions functionality testing. Promotions functionality for unauthenticated user.","","Promotions functionality testing. Promotions functionality for unauthenticated user.","#43 User can go to More Info details after click More Info CTA.","#43 User can go to More Info details after click More Info CTA.",""
"skipped","Tue Jun 21 17:37:49 EEST 2022","Tue Jun 21 17:37:49 EEST 2022","3","","Promotions functionality testing. Promotions functionality for unauthenticated user.","","Promotions functionality testing. Promotions functionality for unauthenticated user.","#45 User clicks button OPT IN for already OPTED IN bonus, successfully login and can see drawer ""This promotion is unavailable"".","#45 User clicks button OPT IN for already OPTED IN bonus, successfully login and can see drawer ""This promotion is unavailable"".",""
"passed","Tue Jun 21 17:26:36 EEST 2022","Tue Jun 21 17:26:51 EEST 2022","14424","","My Account > Gambling Controls > Loss Limits","","My Account > Gambling Controls > Loss Limits","#8 User can successfully set a daily loss limit if not already set ","#8 User can successfully set a daily loss limit if not already set ",""
"passed","Tue Jun 21 17:22:34 EEST 2022","Tue Jun 21 17:22:49 EEST 2022","14517","","Homepage","","Homepage","#12 Balance preview correctly displays £0.00 if user has no balance","#12 Balance preview correctly displays £0.00 if user has no balance",""
"passed","Tue Jun 21 17:24:18 EEST 2022","Tue Jun 21 17:24:37 EEST 2022","19146","","My Account > Gambling Controls > Deposit Limits","","My Account > Gambling Controls > Deposit Limits","#1 Player can view their deposit limits.","#1 Player can view their deposit limits.",""
"passed","Tue Jun 21 17:26:03 EEST 2022","Tue Jun 21 17:26:24 EEST 2022","21013","","My Account > Gambling Controls > Account Closure > Self Exclusion","","My Account > Gambling Controls > Account Closure > Self Exclusion","#5 Player cannot continue with 'Self Exclusion' if a duration is not selected.","#5 Player cannot continue with 'Self Exclusion' if a duration is not selected.",""
"passed","Tue Jun 21 17:22:16 EEST 2022","Tue Jun 21 17:22:31 EEST 2022","15127","","Inbox functionality testing","","Inbox functionality testing","#11 Player can delete a message using the message options, removing it from the list","#11 Player can delete a message using the message options, removing it from the list",""
"passed","Tue Jun 21 17:22:42 EEST 2022","Tue Jun 21 17:22:48 EEST 2022","5644","","Landing Page/Shop Welcome page","","Landing Page/Shop Welcome page","#2 User try to Join at Shop Welcome page","#2 User try to Join at Shop Welcome page",""
"passed","Tue Jun 21 17:38:34 EEST 2022","Tue Jun 21 17:38:39 EEST 2022","4644","","Live Casino","","Live Casino","#05 Hero banner static carousel will be displayed.","#05 Hero banner static carousel will be displayed.",""
"passed","Tue Jun 21 17:22:06 EEST 2022","Tue Jun 21 17:22:15 EEST 2022","8917","","Landing Page/Welcome Casino page","","Landing Page/Welcome Casino page","#5 User try to click on PLAY CTA of Popular game at Welcome Casino page","#5 User try to click on PLAY CTA of Popular game at Welcome Casino page",""
"passed","Tue Jun 21 17:28:40 EEST 2022","Tue Jun 21 17:28:57 EEST 2022","17304","","My Profile > Contact Details","","My Profile > Contact Details","#04 Player can update their telephone number.","#04 Player can update their telephone number.",""
"passed","Tue Jun 21 17:27:51 EEST 2022","Tue Jun 21 17:28:07 EEST 2022","15864","","My Account > Gambling Controls > Deposit Limits","","My Account > Gambling Controls > Deposit Limits","#13 Player can open the Deposit Limits Delete modal on delete icon click and click on edit icon in the input field.","#13 Player can open the Deposit Limits Delete modal on delete icon click and click on edit icon in the input field.",""
"passed","Tue Jun 21 17:39:08 EEST 2022","Tue Jun 21 17:39:15 EEST 2022","6916","","Slots page","","Slots page","#9 User hover the game card and click on it and login modal appears","#9 User hover the game card and click on it and login modal appears",""
"passed","Tue Jun 21 17:31:56 EEST 2022","Tue Jun 21 17:32:08 EEST 2022","12104","","Promotions functionality testing. Promotions functionality for authenticated user. Blocks of promotions.","","Promotions functionality testing. Promotions functionality for authenticated user. Blocks of promotions.","#9 Featured promotions are excluded from the promotions section.","#9 Featured promotions are excluded from the promotions section.",""
"passed","Tue Jun 21 17:29:58 EEST 2022","Tue Jun 21 17:30:13 EEST 2022","14718","","My Account > Settings > Change Password","","My Account > Settings > Change Password","#4 New Password is a mandatory field.","#4 New Password is a mandatory field.",""
"passed","Tue Jun 21 17:26:43 EEST 2022","Tue Jun 21 17:27:01 EEST 2022","17841","","My Account > Gambling Controls > Account Closure > Self Exclusion","","My Account > Gambling Controls > Account Closure > Self Exclusion","#8 Player can choose 12 months option for 'Self Exclusion' and this option should be selected.","#8 Player can choose 12 months option for 'Self Exclusion' and this option should be selected.",""
"passed","Tue Jun 21 17:29:05 EEST 2022","Tue Jun 21 17:29:24 EEST 2022","19733","","My Account > Gambling Controls > Deposit Limits","","My Account > Gambling Controls > Deposit Limits","#20 Player can close 'History' modal.","#20 Player can close 'History' modal.",""
"passed","Tue Jun 21 17:41:25 EEST 2022","Tue Jun 21 17:41:31 EEST 2022","5335","","Home => Terms & Conditions","","Home => Terms & Conditions","#21 User can see the Responsible Gambling section on terms and conditions page","#21 User can see the Responsible Gambling section on terms and conditions page",""
"passed","Tue Jun 21 17:37:30 EEST 2022","Tue Jun 21 17:37:34 EEST 2022","4199","","Promotions functionality testing. Promotions functionality for unauthenticated user.","","Promotions functionality testing. Promotions functionality for unauthenticated user.","#42 Login form appears after press CLAIM CTA for CLAIM bonus of unauthenticated user.","#42 Login form appears after press CLAIM CTA for CLAIM bonus of unauthenticated user.",""
"failed","Tue Jun 21 17:39:45 EEST 2022","Tue Jun 21 17:39:54 EEST 2022","9443","","Live Casino","","Live Casino","#18 User has logged in, card is displayed, user hover a mouse on that card, the secondary CTA is INFO, user clicks/taps on CTA INFO, user go to info page of the game, user click on CTA PLAY GAME then user go to the game.","#18 User has logged in, card is displayed, user hover a mouse on that card, the secondary CTA is INFO, user clicks/taps on CTA INFO, user go to info page of the game, user click on CTA PLAY GAME then user go to the game.",""
"passed","Tue Jun 21 17:20:25 EEST 2022","Tue Jun 21 17:20:30 EEST 2022","4671","","Landing Page/Welcome Offer page","","Landing Page/Welcome Offer page","#6 User can click on the WELCOME BONUS FULL TERMS AND CONDITIONS","#6 User can click on the WELCOME BONUS FULL TERMS AND CONDITIONS",""
"passed","Tue Jun 21 17:40:45 EEST 2022","Tue Jun 21 17:40:50 EEST 2022","5145","","Home => Terms & Conditions","","Home => Terms & Conditions","#13 User can see the Other Important Terms section on terms and conditions page","#13 User can see the Other Important Terms section on terms and conditions page",""
"passed","Tue Jun 21 17:25:08 EEST 2022","Tue Jun 21 17:25:30 EEST 2022","22109","","My Account > Gambling Controls > Play Reminders","","My Account > Gambling Controls > Play Reminders","#2 Player can close the 'Time Limit' modal.","#2 Player can close the 'Time Limit' modal.",""
"passed","Tue Jun 21 17:24:47 EEST 2022","Tue Jun 21 17:25:04 EEST 2022","17605","","My Account > Gambling Controls > Loss Limits","","My Account > Gambling Controls > Loss Limits","#2 User can open the Loss Limits Edit modal on edit icon click ","#2 User can open the Loss Limits Edit modal on edit icon click ",""
"passed","Tue Jun 21 17:20:40 EEST 2022","Tue Jun 21 17:20:51 EEST 2022","10650","","Home page => Responsible Gambling page","","Home page => Responsible Gambling page","#3 User can come to the Gamble Stop page from Responsible Gambling page","#3 User can come to the Gamble Stop page from Responsible Gambling page",""
"failed","Tue Jun 21 17:38:11 EEST 2022","Tue Jun 21 17:38:29 EEST 2022","18659","","My Account > Gambling Controls > Account Closure > Take A Break","","My Account > Gambling Controls > Account Closure > Take A Break","#1 Player can select take a break menu item from 'Account Closure' and Take A Break contain is displayed.","#1 Player can select take a break menu item from 'Account Closure' and Take A Break contain is displayed.",""
"skipped","Tue Jun 21 17:28:07 EEST 2022","Tue Jun 21 17:28:07 EEST 2022","0","","My Account > Gambling Controls > Deposit Limits","","My Account > Gambling Controls > Deposit Limits","#14 Player can successfully set Deposit Limit to the minimum allowed value and will receive a success toast on submitting the new amount.","#14 Player can successfully set Deposit Limit to the minimum allowed value and will receive a success toast on submitting the new amount.",""
"passed","Tue Jun 21 17:41:16 EEST 2022","Tue Jun 21 17:41:21 EEST 2022","5106","","Home => Terms & Conditions","","Home => Terms & Conditions","#19 User can see the Inactive Customer Accounts section on terms and conditions page","#19 User can see the Inactive Customer Accounts section on terms and conditions page",""
"passed","Tue Jun 21 17:36:51 EEST 2022","Tue Jun 21 17:36:55 EEST 2022","3489","","Promotions functionality testing. Promotions functionality for unauthenticated user.","","Promotions functionality testing. Promotions functionality for unauthenticated user.","#32 Promo title of promotion card is displayed for not login user.","#32 Promo title of promotion card is displayed for not login user.",""
"passed","Tue Jun 21 17:26:24 EEST 2022","Tue Jun 21 17:26:43 EEST 2022","19173","","My Account > Gambling Controls > Account Closure > Self Exclusion","","My Account > Gambling Controls > Account Closure > Self Exclusion","#7 Player can choose 6 months option for 'Self Exclusion' and this option should be selected.","#7 Player can choose 6 months option for 'Self Exclusion' and this option should be selected.",""
"passed","Tue Jun 21 17:32:37 EEST 2022","Tue Jun 21 17:32:47 EEST 2022","10315","","Registration > Step 3","","Registration > Step 3","#07 User cannot enter invalid characters into the Address Line 1 field.","#07 User cannot enter invalid characters into the Address Line 1 field.",""
"passed","Tue Jun 21 17:27:41 EEST 2022","Tue Jun 21 17:27:55 EEST 2022","13823","","My Account -> Deposit","","My Account -> Deposit","#5 Check user is able to select Phone payment method and is provided with the correct information for this payment method","#5 Check user is able to select Phone payment method and is provided with the correct information for this payment method",""
"passed","Tue Jun 21 17:28:31 EEST 2022","Tue Jun 21 17:28:50 EEST 2022","19275","","My Account > Gambling Controls > Deposit Limits","","My Account > Gambling Controls > Deposit Limits","#18 Player can submit a blank value in the Deposit Limits.","#18 Player can submit a blank value in the Deposit Limits.",""
"passed","Tue Jun 21 17:23:09 EEST 2022","Tue Jun 21 17:23:15 EEST 2022","5663","","Landing Page/Shop Welcome page","","Landing Page/Shop Welcome page","#6 User can click on the WELCOME BONUS FULL TERMS AND CONDITIONS","#6 User can click on the WELCOME BONUS FULL TERMS AND CONDITIONS",""
"passed","Tue Jun 21 17:33:47 EEST 2022","Tue Jun 21 17:34:12 EEST 2022","24738","","Spin Zone functionality testing","","Spin Zone functionality testing","#3 Player can close Game menu","#3 Player can close Game menu",""
"passed","Tue Jun 21 17:34:29 EEST 2022","Tue Jun 21 17:34:51 EEST 2022","22571","","UnsubscribePage","","UnsubscribePage","#5 User can check each radio button and submit the answer → result window will be displayed with the correct content","#5 User can check each radio button and submit the answer → result window will be displayed with the correct content",""
"passed","Tue Jun 21 17:29:06 EEST 2022","Tue Jun 21 17:29:26 EEST 2022","20514","","My Account > Settings > Change Password","","My Account > Settings > Change Password","#1 Player can close the Change Password modal.","#1 Player can close the Change Password modal.",""
"passed","Tue Jun 21 17:39:54 EEST 2022","Tue Jun 21 17:40:04 EEST 2022","9559","","Live Casino","","Live Casino","#20 User has logged in, card is displayed, user clicks/taps on card then the user go to the game.","#20 User has logged in, card is displayed, user clicks/taps on card then the user go to the game.",""
"passed","Tue Jun 21 17:27:13 EEST 2022","Tue Jun 21 17:27:29 EEST 2022","15575","","My Account > Gambling Controls > Play Reminders","","My Account > Gambling Controls > Play Reminders","#8 Player can successfully delete their 'Time Limit' on delete icon click.","#8 Player can successfully delete their 'Time Limit' on delete icon click.",""
"passed","Tue Jun 21 17:31:03 EEST 2022","Tue Jun 21 17:31:09 EEST 2022","6771","","Registration > Step 2","","Registration > Step 2","#03 First Name is a mandatory field.","#03 First Name is a mandatory field.",""
"passed","Tue Jun 21 17:20:41 EEST 2022","Tue Jun 21 17:20:46 EEST 2022","5529","","Landing Page/Welcome Offer page","","Landing Page/Welcome Offer page","#9 User can come to the Terms & Conditions page from the Welcome Offer page","#9 User can come to the Terms & Conditions page from the Welcome Offer page",""
"passed","Tue Jun 21 17:20:52 EEST 2022","Tue Jun 21 17:20:59 EEST 2022","7003","","Footer functionality testing","","Footer functionality testing","#5 Player can see legal and company information","#5 Player can see legal and company information",""
"passed","Tue Jun 21 17:26:07 EEST 2022","Tue Jun 21 17:26:24 EEST 2022","17222","","My Account > Gambling Controls > Deposit Limits","","My Account > Gambling Controls > Deposit Limits","#7 Player can open the Deposit Limits Delete modal on delete icon click.","#7 Player can open the Deposit Limits Delete modal on delete icon click.",""
"skipped","Tue Jun 21 17:30:18 EEST 2022","Tue Jun 21 17:30:18 EEST 2022","1","","My Account > Gambling Controls > Account Closure > Self Exclusion","","My Account > Gambling Controls > Account Closure > Self Exclusion","#19 Player can continue with chosen 6 months option to 'Self Exclusion' and confirming modal should display.","#19 Player can continue with chosen 6 months option to 'Self Exclusion' and confirming modal should display.",""
"passed","Tue Jun 21 17:19:53 EEST 2022","Tue Jun 21 17:20:06 EEST 2022","13268","","Homepage","","Homepage","#2 Authenticated users can preview their balance in the navigation bar","#2 Authenticated users can preview their balance in the navigation bar",""
"failed","Tue Jun 21 17:42:21 EEST 2022","Tue Jun 21 17:42:32 EEST 2022","11242","","My Account > Gambling Controls > Account Closure > Take A Break","","My Account > Gambling Controls > Account Closure > Take A Break","#15 Player can choose to view the 'Self Exclusion' service from the 'Take A Break' modal.","#15 Player can choose to view the 'Self Exclusion' service from the 'Take A Break' modal.",""
"passed","Tue Jun 21 17:31:47 EEST 2022","Tue Jun 21 17:31:52 EEST 2022","4960","","Registration > Step 1","","Registration > Step 1","#28 User can enter valid details on Step 1 and progress to Step 2 of the registration process.","#28 User can enter valid details on Step 1 and progress to Step 2 of the registration process.",""
"passed","Tue Jun 21 17:23:09 EEST 2022","Tue Jun 21 17:23:21 EEST 2022","12141","","Inbox functionality testing","","Inbox functionality testing","#15 Player is presented with an Empty Inbox image if the Inbox is empty (rather than a heading & message list)","#15 Player is presented with an Empty Inbox image if the Inbox is empty (rather than a heading & message list)",""
"failed","Tue Jun 21 17:39:03 EEST 2022","Tue Jun 21 17:39:18 EEST 2022","14203","","My Account > Gambling Controls > Account Closure > Take A Break","","My Account > Gambling Controls > Account Closure > Take A Break","#5 Player cannot continue with 'Take A Break' if a duration is not selected.","#5 Player cannot continue with 'Take A Break' if a duration is not selected.",""
"passed","Tue Jun 21 17:34:48 EEST 2022","Tue Jun 21 17:35:07 EEST 2022","19124","","Promotions functionality testing. Promotions functionality for authenticated user. Particular promotions.","","Promotions functionality testing. Promotions functionality for authenticated user. Particular promotions.","#20 Error message is displayed after user enters amount that is less than the qualification amount for deposit bonus.","#20 Error message is displayed after user enters amount that is less than the qualification amount for deposit bonus.",""
"passed","Tue Jun 21 17:32:27 EEST 2022","Tue Jun 21 17:32:37 EEST 2022","9835","","Registration > Step 3","","Registration > Step 3","#06 Post Code field is a mandatory field.","#06 Post Code field is a mandatory field.",""
"passed","Tue Jun 21 17:31:16 EEST 2022","Tue Jun 21 17:31:24 EEST 2022","7410","","Registration > Step 2","","Registration > Step 2","#05 Date of Birth is a mandatory field.","#05 Date of Birth is a mandatory field.",""
"failed","Tue Jun 21 17:40:06 EEST 2022","Tue Jun 21 17:40:28 EEST 2022","22399","","My Account > Gambling Controls > Account Closure > Take A Break","","My Account > Gambling Controls > Account Closure > Take A Break","#9 Player can choose 4 weeks option for 'Take A Break' and this option should be selected.","#9 Player can choose 4 weeks option for 'Take A Break' and this option should be selected.",""
"passed","Tue Jun 21 17:20:05 EEST 2022","Tue Jun 21 17:20:13 EEST 2022","8434","","Home page => Privacy Policy page","","Home page => Privacy Policy page","#1 User can come to the Eyas Gaming page from Privacy Policy page","#1 User can come to the Eyas Gaming page from Privacy Policy page",""
"passed","Tue Jun 21 17:22:38 EEST 2022","Tue Jun 21 17:22:42 EEST 2022","4417","","Landing Page/Shop Welcome page","","Landing Page/Shop Welcome page","#1 User come to the Shop Welcome page ","#1 User come to the Shop Welcome page ",""
"passed","Tue Jun 21 17:25:32 EEST 2022","Tue Jun 21 17:25:47 EEST 2022","15847","","My Account > Gambling Controls > Deposit Limits","","My Account > Gambling Controls > Deposit Limits","#5 Player can open the Deposit Limits Edit modal on edit icon click.","#5 Player can open the Deposit Limits Edit modal on edit icon click.",""
"passed","Tue Jun 21 17:29:35 EEST 2022","Tue Jun 21 17:29:57 EEST 2022","21519","","My Account > Gambling Controls > Account Closure > Self Exclusion","","My Account > Gambling Controls > Account Closure > Self Exclusion","#17 Player can press 'BACK' for confirmating modal after chosen for 6 months 'Self Exclusion' and should return to previous step.","#17 Player can press 'BACK' for confirmating modal after chosen for 6 months 'Self Exclusion' and should return to previous step.",""
"passed","Tue Jun 21 17:22:43 EEST 2022","Tue Jun 21 17:22:58 EEST 2022","15020","","Inbox functionality testing","","Inbox functionality testing","#13 Unread message count is not present on Inbox navigation bar icon if no messages","#13 Unread message count is not present on Inbox navigation bar icon if no messages",""
"passed","Tue Jun 21 17:27:37 EEST 2022","Tue Jun 21 17:27:56 EEST 2022","18944","","My Account > Gambling Controls > Account Closure > Self Exclusion","","My Account > Gambling Controls > Account Closure > Self Exclusion","#11 Player can choose 5 years option for 'Self Exclusion' and this option should be selected.","#11 Player can choose 5 years option for 'Self Exclusion' and this option should be selected.",""
"passed","Tue Jun 21 17:39:07 EEST 2022","Tue Jun 21 17:39:14 EEST 2022","6842","","Live Casino","","Live Casino","#12 Card is displayed, user hover a mouse on that card, the primary CTA is PLAY NOW, user clicks/taps on CTA PLAY NOW then the login modal appears.","#12 Card is displayed, user hover a mouse on that card, the primary CTA is PLAY NOW, user clicks/taps on CTA PLAY NOW then the login modal appears.",""
"passed","Tue Jun 21 17:32:09 EEST 2022","Tue Jun 21 17:32:28 EEST 2022","19186","","My Profile > Communications Preferences","","My Profile > Communications Preferences","#11 Player can uneselect just text preferences using the text toggle (text already toggled on), which upon saving updates the account area accordingly","#11 Player can uneselect just text preferences using the text toggle (text already toggled on), which upon saving updates the account area accordingly",""
"passed","Tue Jun 21 17:33:15 EEST 2022","Tue Jun 21 17:33:32 EEST 2022","17179","","Registration > Step 4","","Registration > Step 4","#10 User can click and view the T&Cs.","#10 User can click and view the T&Cs.",""
"passed","Tue Jun 21 17:41:05 EEST 2022","Tue Jun 21 17:41:10 EEST 2022","5137","","Home => Terms & Conditions","","Home => Terms & Conditions","#17 User can see the Errors, Interruptions and Malfunctions section on terms and conditions page","#17 User can see the Errors, Interruptions and Malfunctions section on terms and conditions page",""
"passed","Tue Jun 21 17:32:28 EEST 2022","Tue Jun 21 17:32:47 EEST 2022","18475","","My Profile > Communications Preferences","","My Profile > Communications Preferences","#12 Player can uneselect just phone preferences using the phone toggle (phone already toggled on), which upon saving updates the account area accordingly","#12 Player can uneselect just phone preferences using the phone toggle (phone already toggled on), which upon saving updates the account area accordingly",""
"passed","Tue Jun 21 17:34:19 EEST 2022","Tue Jun 21 17:34:30 EEST 2022","10732","","Registration > Step 3","","Registration > Step 3","#19 User can select a Country Code from the dropdown menu.","#19 User can select a Country Code from the dropdown menu.",""
"passed","Tue Jun 21 17:31:18 EEST 2022","Tue Jun 21 17:31:23 EEST 2022","5066","","Registration > Step 1","","Registration > Step 1","#08 User can not enter an invaild email address (space in email).","#08 User can not enter an invaild email address (space in email).",""
"passed","Tue Jun 21 17:39:27 EEST 2022","Tue Jun 21 17:39:34 EEST 2022","6207","","Home => Terms & Conditions","","Home => Terms & Conditions","#5 User can come to the Gamble Aware page from terms and conditions page","#5 User can come to the Gamble Aware page from terms and conditions page",""
"passed","Tue Jun 21 17:40:30 EEST 2022","Tue Jun 21 17:40:35 EEST 2022","4962","","Home => Terms & Conditions","","Home => Terms & Conditions","#10 User can see the Terms and Conditions section on terms and conditions page","#10 User can see the Terms and Conditions section on terms and conditions page",""
"passed","Tue Jun 21 17:21:43 EEST 2022","Tue Jun 21 17:21:48 EEST 2022","5298","","Landing Page/Welcome Casino page","","Landing Page/Welcome Casino page","#1 User come to the Welcome Casino page ","#1 User come to the Welcome Casino page ",""
"passed","Tue Jun 21 17:21:08 EEST 2022","Tue Jun 21 17:21:26 EEST 2022","17933","","Homepage","","Homepage","#7 Balance preview updates correctly upon refresh when a users balance is adjusted","#7 Balance preview updates correctly upon refresh when a users balance is adjusted",""
"passed","Tue Jun 21 17:33:25 EEST 2022","Tue Jun 21 17:33:47 EEST 2022","22115","","Spin Zone functionality testing","","Spin Zone functionality testing","#2 Player can see Resume Game button in the top left of the screen","#2 Player can see Resume Game button in the top left of the screen",""
"skipped","Tue Jun 21 17:39:22 EEST 2022","Tue Jun 21 17:39:22 EEST 2022","0","","Live Casino","","Live Casino","#14 Card is displayed, user hover a mouse on that card, the third CTA is DEMO, user clicks/taps on CTA DEMO then the login modal appears.","#14 Card is displayed, user hover a mouse on that card, the third CTA is DEMO, user clicks/taps on CTA DEMO then the login modal appears.",""
"passed","Tue Jun 21 17:25:41 EEST 2022","Tue Jun 21 17:26:03 EEST 2022","22167","","My Account > Gambling Controls > Account Closure > Self Exclusion","","My Account > Gambling Controls > Account Closure > Self Exclusion","#3 Player can press 'Back' button of the 'Self Exlusion' modal and should return to previous step.","#3 Player can press 'Back' button of the 'Self Exlusion' modal and should return to previous step.",""
"passed","Tue Jun 21 17:39:14 EEST 2022","Tue Jun 21 17:39:22 EEST 2022","8078","","Live Casino","","Live Casino","#13 Card is displayed, user hover a mouse on that card, the secondary CTA is INFO, user clicks/taps on CTA INFO, user go to info page of the game, user click on CTA JOIN then join modal appears.","#13 Card is displayed, user hover a mouse on that card, the secondary CTA is INFO, user clicks/taps on CTA INFO, user go to info page of the game, user click on CTA JOIN then join modal appears.",""
"passed","Tue Jun 21 17:32:49 EEST 2022","Tue Jun 21 17:33:02 EEST 2022","12840","","Registration > Step 4","","Registration > Step 4","#07 User can opt in to receive Phone marketing preferences.","#07 User can opt in to receive Phone marketing preferences.",""
"passed","Tue Jun 21 17:22:28 EEST 2022","Tue Jun 21 17:22:35 EEST 2022","7310","","Home page => Privacy Policy page","","Home page => Privacy Policy page","#11 The user can use for Malta contact@eyasgaming.com e-mail","#11 The user can use for Malta contact@eyasgaming.com e-mail",""
"passed","Tue Jun 21 17:20:29 EEST 2022","Tue Jun 21 17:20:40 EEST 2022","10620","","Home page => Responsible Gambling page","","Home page => Responsible Gambling page","#2 User can come to the ""Help for problem gambling"" page from Responsible Gambling page","#2 User can come to the ""Help for problem gambling"" page from Responsible Gambling page",""
"passed","Tue Jun 21 17:36:17 EEST 2022","Tue Jun 21 17:36:35 EEST 2022","18068","","Spin Zone functionality testing","","Spin Zone functionality testing","#10 Player can close game","#10 Player can close game",""
"passed","Tue Jun 21 17:30:55 EEST 2022","Tue Jun 21 17:31:12 EEST 2022","16770","","My Profile > Communications Preferences","","My Profile > Communications Preferences","#7 Player can edit their preferences and select just the Post toggle, which upon saving updates the account area accordingly","#7 Player can edit their preferences and select just the Post toggle, which upon saving updates the account area accordingly",""
"passed","Tue Jun 21 17:20:51 EEST 2022","Tue Jun 21 17:21:08 EEST 2022","16335","","Homepage","","Homepage","#6 The details balance card is dismissed when the user clicks and drags the footer","#6 The details balance card is dismissed when the user clicks and drags the footer",""
"passed","Tue Jun 21 17:24:34 EEST 2022","Tue Jun 21 17:24:52 EEST 2022","17464","","Deep Link -> Play Reminders","","Deep Link -> Play Reminders","#2 Deep link to play reminders open login when not logged in before play reminders","#2 Deep link to play reminders open login when not logged in before play reminders",""
"passed","Tue Jun 21 17:32:09 EEST 2022","Tue Jun 21 17:32:15 EEST 2022","6747","","Registration > Step 2","","Registration > Step 2","#14 User cannot enter invalid characters into the date of birth field.","#14 User cannot enter invalid characters into the date of birth field.",""
"passed","Tue Jun 21 17:22:58 EEST 2022","Tue Jun 21 17:23:09 EEST 2022","10633","","Inbox functionality testing","","Inbox functionality testing","#14 Unread message count is not present on Inbox navigation bar icon if player has no unread messages","#14 Unread message count is not present on Inbox navigation bar icon if player has no unread messages",""
"passed","Tue Jun 21 17:32:09 EEST 2022","Tue Jun 21 17:32:24 EEST 2022","15201","","Promotions functionality testing. Promotions functionality for authenticated user. Particular promotions.","","Promotions functionality testing. Promotions functionality for authenticated user. Particular promotions.","#10 All main sections for card are displayed for OPT IN bonus.","#10 All main sections for card are displayed for OPT IN bonus.",""
"passed","Tue Jun 21 17:19:45 EEST 2022","Tue Jun 21 17:19:47 EEST 2022","1572","","Service unavailable","","Service unavailable","#1 The user is on the Location Error page","#1 The user is on the Location Error page",""
"passed","Tue Jun 21 17:31:27 EEST 2022","Tue Jun 21 17:31:44 EEST 2022","16690","","My Account > Settings > Change Password","","My Account > Settings > Change Password","#10 New password must contain a combination of upper and lower case letters (all lower case).","#10 New password must contain a combination of upper and lower case letters (all lower case).",""
"failed","Tue Jun 21 17:40:03 EEST 2022","Tue Jun 21 17:40:25 EEST 2022","22096","","Home => Terms & Conditions","","Home => Terms & Conditions","#8 User can come to the eCOGRA page from terms and conditions page","#8 User can come to the eCOGRA page from terms and conditions page",""
"skipped","Tue Jun 21 17:43:15 EEST 2022","Tue Jun 21 17:43:15 EEST 2022","1","","My Account > Gambling Controls > Account Closure > Take A Break","","My Account > Gambling Controls > Account Closure > Take A Break","#18 Player can press 'CONFIRM' to finish 'Take A Break' a for 24 hours and should be logged out and unable to sign back into their account.","#18 Player can press 'CONFIRM' to finish 'Take A Break' a for 24 hours and should be logged out and unable to sign back into their account.",""
"passed","Tue Jun 21 17:24:37 EEST 2022","Tue Jun 21 17:24:53 EEST 2022","15356","","My Account > Gambling Controls > Deposit Limits","","My Account > Gambling Controls > Deposit Limits","#2 Player is displayed 'Set Deposit Limit' text if no deposit limits are set.","#2 Player is displayed 'Set Deposit Limit' text if no deposit limits are set.",""
"passed","Tue Jun 21 17:33:09 EEST 2022","Tue Jun 21 17:33:25 EEST 2022","16432","","Spin Zone functionality testing","","Spin Zone functionality testing","#1 Player can see Menu button in the top left of the screen","#1 Player can see Menu button in the top left of the screen",""
"passed","Tue Jun 21 17:24:55 EEST 2022","Tue Jun 21 17:25:09 EEST 2022","13518","","Log In","","Log In","#15 Player can successfully Log In when entering valid details.","#15 Player can successfully Log In when entering valid details.",""
"passed","Tue Jun 21 17:24:45 EEST 2022","Tue Jun 21 17:24:55 EEST 2022","10357","","Log In","","Log In","#14 Player can select the link to recover their password.","#14 Player can select the link to recover their password.",""
"passed","Tue Jun 21 17:36:01 EEST 2022","Tue Jun 21 17:36:17 EEST 2022","16043","","Spin Zone functionality testing","","Spin Zone functionality testing","#9 Player can see Exit Game button in bottom right","#9 Player can see Exit Game button in bottom right",""
"passed","Tue Jun 21 17:38:29 EEST 2022","Tue Jun 21 17:38:48 EEST 2022","18709","","My Account > Gambling Controls > Account Closure > Take A Break","","My Account > Gambling Controls > Account Closure > Take A Break","#2 Player can close the take a break modal.","#2 Player can close the take a break modal.",""
"passed","Tue Jun 21 17:20:17 EEST 2022","Tue Jun 21 17:20:25 EEST 2022","8398","","Landing Page/Welcome Offer page","","Landing Page/Welcome Offer page","#5 User try to click on PLAY CTA of Popular game at Welcome Offer page","#5 User try to click on PLAY CTA of Popular game at Welcome Offer page",""
"passed","Tue Jun 21 17:31:12 EEST 2022","Tue Jun 21 17:31:18 EEST 2022","6263","","Registration > Step 1","","Registration > Step 1","#07 User can not enter an invaild email address (no @ sign).","#07 User can not enter an invaild email address (no @ sign).",""
"passed","Tue Jun 21 17:27:19 EEST 2022","Tue Jun 21 17:27:39 EEST 2022","20024","","My Account > Gambling Controls > Loss Limits","","My Account > Gambling Controls > Loss Limits","#13 User cannot set a Loss Limit lower than the minimum amount. ","#13 User cannot set a Loss Limit lower than the minimum amount. ",""
"passed","Tue Jun 21 17:25:04 EEST 2022","Tue Jun 21 17:25:22 EEST 2022","18073","","My Account > Gambling Controls > Loss Limits","","My Account > Gambling Controls > Loss Limits","#3 User can close the Loss Limits Edit modal","#3 User can close the Loss Limits Edit modal",""
"passed","Tue Jun 21 17:30:12 EEST 2022","Tue Jun 21 17:30:23 EEST 2022","10752","","Recover Password","","Recover Password","#02 Player cannot submit a blank email address on the recover password form.","#02 Player cannot submit a blank email address on the recover password form.",""
"passed","Tue Jun 21 17:31:19 EEST 2022","Tue Jun 21 17:31:36 EEST 2022","17072","","Registration > Step 3","","Registration > Step 3","#01 User is displayed the correct content and input fields for Step 3.","#01 User is displayed the correct content and input fields for Step 3.",""
"passed","Tue Jun 21 17:20:06 EEST 2022","Tue Jun 21 17:20:24 EEST 2022","17824","","Homepage","","Homepage","#3 The detailed balance card is shown when the dropdown chevron is clicked","#3 The detailed balance card is shown when the dropdown chevron is clicked",""
"passed","Tue Jun 21 17:20:21 EEST 2022","Tue Jun 21 17:20:32 EEST 2022","10287","","Inbox functionality testing","","Inbox functionality testing","#3 New messages are marked with a NEW message sticker","#3 New messages are marked with a NEW message sticker",""
"passed","Tue Jun 21 17:31:52 EEST 2022","Tue Jun 21 17:31:59 EEST 2022","6633","","Registration > Step 1","","Registration > Step 1","#29 User can successfully enter email address with uppercase letters.","#29 User can successfully enter email address with uppercase letters.",""
"passed","Tue Jun 21 17:35:07 EEST 2022","Tue Jun 21 17:35:24 EEST 2022","16843","","Promotions functionality testing. Promotions functionality for authenticated user. Particular promotions.","","Promotions functionality testing. Promotions functionality for authenticated user. Particular promotions.","#21 User can click on the terms and conditions link and the terms and conditions are displayed for deposit bonus.","#21 User can click on the terms and conditions link and the terms and conditions are displayed for deposit bonus.",""
"passed","Tue Jun 21 17:21:19 EEST 2022","Tue Jun 21 17:21:25 EEST 2022","5266","","Landing Page/Welcome Games page","","Landing Page/Welcome Games page","#6 User can click on the WELCOME BONUS FULL TERMS AND CONDITIONS","#6 User can click on the WELCOME BONUS FULL TERMS AND CONDITIONS",""
"passed","Tue Jun 21 17:30:45 EEST 2022","Tue Jun 21 17:30:55 EEST 2022","9940","","Registration > Step 1","","Registration > Step 1","#04 User can select the 'Recover' button on the 'Account already exists' drawer and is displayed the Recover Password form.","#04 User can select the 'Recover' button on the 'Account already exists' drawer and is displayed the Recover Password form.",""
"passed","Tue Jun 21 17:37:02 EEST 2022","Tue Jun 21 17:37:05 EEST 2022","3482","","Promotions functionality testing. Promotions functionality for unauthenticated user.","","Promotions functionality testing. Promotions functionality for unauthenticated user.","#35 Short terms and conditions of promotion card is displayed for not login user.","#35 Short terms and conditions of promotion card is displayed for not login user.",""
"passed","Tue Jun 21 17:36:18 EEST 2022","Tue Jun 21 17:36:35 EEST 2022","16751","","Promotions functionality testing. Promotions functionality for authenticated user. Particular promotions.","","Promotions functionality testing. Promotions functionality for authenticated user. Particular promotions.","#25 User can make bonus deposit.","#25 User can make bonus deposit.",""
"passed","Tue Jun 21 17:34:52 EEST 2022","Tue Jun 21 17:35:02 EEST 2022","9446","","Registration > Step 4","","Registration > Step 4","#09 User can select multiple marketing preferences.","#09 User can select multiple marketing preferences.",""
"passed","Tue Jun 21 17:38:32 EEST 2022","Tue Jun 21 17:38:40 EEST 2022","7355","","Slots page","","Slots page","#4 User can see game carousel and can scroll it","#4 User can see game carousel and can scroll it",""
"passed","Tue Jun 21 17:21:46 EEST 2022","Tue Jun 21 17:22:06 EEST 2022","19899","","Homepage","","Homepage","#9 Bonus amount is updated correctly in the dropdown details when bonus balance is adjusted","#9 Bonus amount is updated correctly in the dropdown details when bonus balance is adjusted",""
"passed","Tue Jun 21 17:27:20 EEST 2022","Tue Jun 21 17:27:36 EEST 2022","15885","","My Account > Gambling Controls > Deposit Limits","","My Account > Gambling Controls > Deposit Limits","#11 Player can successfully set a weekly deposit limit if not already set.","#11 Player can successfully set a weekly deposit limit if not already set.",""
"skipped","Tue Jun 21 17:39:03 EEST 2022","Tue Jun 21 17:39:03 EEST 2022","1","","My Account > Gambling Controls > Account Closure > Take A Break","","My Account > Gambling Controls > Account Closure > Take A Break","#4 Player cannot continue with 'Take A Break' if a reason is not selected.","#4 Player cannot continue with 'Take A Break' if a reason is not selected.",""
"passed","Tue Jun 21 17:27:55 EEST 2022","Tue Jun 21 17:28:08 EEST 2022","13008","","My Account -> Deposit","","My Account -> Deposit","#6 Check user is able to select PayPal payment method and is provided with the correct information for this payment method","#6 Check user is able to select PayPal payment method and is provided with the correct information for this payment method",""
"passed","Tue Jun 21 17:20:42 EEST 2022","Tue Jun 21 17:20:55 EEST 2022","12883","","Inbox functionality testing","","Inbox functionality testing","#5 Player can open message, removing the new badge from a message and decreasing the unread message count badge","#5 Player can open message, removing the new badge from a message and decreasing the unread message count badge",""
"passed","Tue Jun 21 17:35:22 EEST 2022","Tue Jun 21 17:35:41 EEST 2022","18664","","Spin Zone functionality testing","","Spin Zone functionality testing","#7 Player can see recently played games","#7 Player can see recently played games",""
"passed","Tue Jun 21 17:33:02 EEST 2022","Tue Jun 21 17:33:15 EEST 2022","12644","","Registration > Step 4","","Registration > Step 4","#08 User can overwrite Select All option and de-select a preference.","#08 User can overwrite Select All option and de-select a preference.",""
"passed","Tue Jun 21 17:33:07 EEST 2022","Tue Jun 21 17:33:24 EEST 2022","17265","","Promotions functionality testing. Promotions functionality for authenticated user. Particular promotions.","","Promotions functionality testing. Promotions functionality for authenticated user. Particular promotions.","#14 User can click OPT IN primary CTA in more info details page and get confirmation modal with all sections.","#14 User can click OPT IN primary CTA in more info details page and get confirmation modal with all sections.",""
"passed","Tue Jun 21 17:22:25 EEST 2022","Tue Jun 21 17:22:32 EEST 2022","6581","","Landing Page/Welcome Casino page","","Landing Page/Welcome Casino page","#8 User can come to the Promotion page from the Welcome Casino page","#8 User can come to the Promotion page from the Welcome Casino page",""
"passed","Tue Jun 21 17:21:36 EEST 2022","Tue Jun 21 17:21:47 EEST 2022","10890","","Home page => Privacy Policy page","","Home page => Privacy Policy page","#8 After clicking on the second link from 'What personal data do we collect? -> Players', the user should see the page  https://www.merkurcasino.com/.","#8 After clicking on the second link from 'What personal data do we collect? -> Players', the user should see the page  https://www.merkurcasino.com/.",""
