"Status","Start Time","Stop Time","Duration in ms","Parent Suite","Suite","Sub Suite","Test Class","Test Method","Name","Description"
"passed","Tue Apr 12 12:59:04 EEST 2022","Tue Apr 12 12:59:19 EEST 2022","14728","","Homepage","","Homepage","#3 The detailed balance card is shown when the dropdown chevron is clicked","#3 The detailed balance card is shown when the dropdown chevron is clicked",""
"passed","Tue Apr 12 13:02:01 EEST 2022","Tue Apr 12 13:02:19 EEST 2022","18709","","My Account > Gambling Controls > Loss Limits","","My Account > Gambling Controls > Loss Limits","#7 User can open the Loss Limits Delete modal on edit icon click and click on edit icon in the input field ","#7 User can open the Loss Limits Delete modal on edit icon click and click on edit icon in the input field ",""
"passed","Tue Apr 12 13:05:39 EEST 2022","Tue Apr 12 13:05:48 EEST 2022","9365","","Recover Password","","Recover Password","#08 Player can submit an email address which does not exist and still receives a success message on submitting the recover password form.","#08 Player can submit an email address which does not exist and still receives a success message on submitting the recover password form.",""
"passed","Tue Apr 12 12:41:20 EEST 2022","Tue Apr 12 12:41:37 EEST 2022","16801","","My Account > Settings > Change Password","","My Account > Settings > Change Password","#12 Player cannot continue to next step if their new password does not meet the minimum password requirements.","#12 Player cannot continue to next step if their new password does not meet the minimum password requirements.",""
"passed","Tue Apr 12 12:58:58 EEST 2022","Tue Apr 12 12:59:01 EEST 2022","2633","","Expired Link Error","","Expired Link Error","#4 User can click on Join button and see Register page. ","#4 User can click on Join button and see Register page. ",""
"passed","Tue Apr 12 13:01:11 EEST 2022","Tue Apr 12 13:01:21 EEST 2022","10071","","Inbox functionality testing","","Inbox functionality testing","#8 Player with 15 or more messages, view more button is shown","#8 Player with 15 or more messages, view more button is shown",""
"failed","Tue Apr 12 13:01:43 EEST 2022","Tue Apr 12 13:01:48 EEST 2022","5794","","Home => Terms & Conditions","","Home => Terms & Conditions","#19 User can see the Inactive Customer Accounts section on terms and conditions page","#19 User can see the Inactive Customer Accounts section on terms and conditions page",""
"failed","Tue Apr 12 12:50:44 EEST 2022","Tue Apr 12 12:51:19 EEST 2022","34753","","Promotions functionality testing. Promotions functionality for unauthenticated user.","","Promotions functionality testing. Promotions functionality for unauthenticated user.","#34 Relevant CTAs of promotion card are displayed for not login user.","#34 Relevant CTAs of promotion card are displayed for not login user.",""
"passed","Tue Apr 12 12:42:34 EEST 2022","Tue Apr 12 12:42:49 EEST 2022","14890","","Spin Zone functionality testing","","Spin Zone functionality testing","#2 Player can see Resume Game button in the top left of the screen","#2 Player can see Resume Game button in the top left of the screen",""
"passed","Tue Apr 12 13:01:05 EEST 2022","Tue Apr 12 13:01:10 EEST 2022","5612","","Landing Page/Welcome Offer page","","Landing Page/Welcome Offer page","#9 User can come to the Terms & Conditions page from the Welcome Offer page","#9 User can come to the Terms & Conditions page from the Welcome Offer page",""
"failed","Tue Apr 12 13:04:12 EEST 2022","Tue Apr 12 13:04:18 EEST 2022","5958","","Homepage","","Homepage","#1 When the user clicks to link Privacy Policy user should watches the nex chapters.","#1 When the user clicks to link Privacy Policy user should watches the nex chapters.",""
"passed","Tue Apr 12 13:01:52 EEST 2022","Tue Apr 12 13:02:08 EEST 2022","16037","","Homepage","","Homepage","#13 Balance details still correctly display balance of £0.00 if user has no cash balance","#13 Balance details still correctly display balance of £0.00 if user has no cash balance",""
"passed","Tue Apr 12 13:04:21 EEST 2022","Tue Apr 12 13:04:45 EEST 2022","24451","","My Account > Gambling Controls > Play Reminders","","My Account > Gambling Controls > Play Reminders","#6 Player can successfully set a 'Time Limit'.","#6 Player can successfully set a 'Time Limit'.",""
"passed","Tue Apr 12 13:04:57 EEST 2022","Tue Apr 12 13:05:13 EEST 2022","16300","","My Account > Gambling Controls > Deposit Limits","","My Account > Gambling Controls > Deposit Limits","#19 Player can open 'History' modal.","#19 Player can open 'History' modal.",""
"passed","Tue Apr 12 13:05:46 EEST 2022","Tue Apr 12 13:05:50 EEST 2022","4211","","Registration > Step 1","","Registration > Step 1","#02 Email Address is a mandatory field.","#02 Email Address is a mandatory field.",""
"passed","Tue Apr 12 13:01:28 EEST 2022","Tue Apr 12 13:01:44 EEST 2022","15722","","My Account > Gambling Controls > Deposit Limits","","My Account > Gambling Controls > Deposit Limits","#5 Player can open the Deposit Limits Edit modal on edit icon click.","#5 Player can open the Deposit Limits Edit modal on edit icon click.",""
"passed","Tue Apr 12 12:59:02 EEST 2022","Tue Apr 12 12:59:03 EEST 2022","1351","","Expired Link Error","","Expired Link Error","#6 User can click on Recover Password button and see Reset your password window ","#6 User can click on Recover Password button and see Reset your password window ",""
"passed","Tue Apr 12 13:07:17 EEST 2022","Tue Apr 12 13:07:34 EEST 2022","17036","","My Profile > Communications Preferences","","My Profile > Communications Preferences","#6 Player can edit their preferences and select just the Text toggle, which upon saving updates the account area accordingly","#6 Player can edit their preferences and select just the Text toggle, which upon saving updates the account area accordingly",""
"passed","Tue Apr 12 12:44:24 EEST 2022","Tue Apr 12 12:44:39 EEST 2022","15049","","Spin Zone functionality testing","","Spin Zone functionality testing","#8 Player can open 'Search Games' modal","#8 Player can open 'Search Games' modal",""
"passed","Tue Apr 12 12:43:11 EEST 2022","Tue Apr 12 12:43:18 EEST 2022","7167","","Registration > Step 3","","Registration > Step 3","#17 User cannot enter spaces into Phone Number field.","#17 User cannot enter spaces into Phone Number field.",""
"passed","Tue Apr 12 12:58:46 EEST 2022","Tue Apr 12 12:58:51 EEST 2022","5674","","404 error page functionality testing.","","404 error page functionality testing.","#1 404 error page is displayed.","#1 404 error page is displayed.",""
"passed","Tue Apr 12 12:41:04 EEST 2022","Tue Apr 12 12:41:20 EEST 2022","16308","","My Account > Settings > Change Password","","My Account > Settings > Change Password","#11 New password must not contain email address.","#11 New password must not contain email address.",""
"passed","Tue Apr 12 13:06:45 EEST 2022","Tue Apr 12 13:06:51 EEST 2022","5341","","Slots page","","Slots page","#7 User hover the game card and click 'Play now' and login modal appears","#7 User hover the game card and click 'Play now' and login modal appears",""
"passed","Tue Apr 12 12:20:26 EEST 2022","Tue Apr 12 12:20:28 EEST 2022","1471","","User come to the 'Planned Maintenance' error page","","User come to the 'Planned Maintenance' error page","#2 User can come to the Home page from ""Planned Maintenance"" error page","#2 User can come to the Home page from ""Planned Maintenance"" error page",""
"passed","Tue Apr 12 13:07:48 EEST 2022","Tue Apr 12 13:08:01 EEST 2022","12954","","My Profile > Communications Preferences","","My Profile > Communications Preferences","#8 Player can edit their preferences and select just the Phone toggle, which upon saving updates the account area accordingly","#8 Player can edit their preferences and select just the Phone toggle, which upon saving updates the account area accordingly",""
"passed","Tue Apr 12 13:03:42 EEST 2022","Tue Apr 12 13:03:47 EEST 2022","5565","","Landing Page/Shop Welcome page","","Landing Page/Shop Welcome page","#6 User can click on the WELCOME BONUS FULL TERMS AND CONDITIONS","#6 User can click on the WELCOME BONUS FULL TERMS AND CONDITIONS",""
"passed","Tue Apr 12 13:02:07 EEST 2022","Tue Apr 12 13:02:12 EEST 2022","5495","","Landing Page/Welcome Casino page","","Landing Page/Welcome Casino page","#1 User come to the Welcome Casino page ","#1 User come to the Welcome Casino page ",""
"passed","Tue Apr 12 13:00:22 EEST 2022","Tue Apr 12 13:00:30 EEST 2022","7647","","Landing Page/Welcome Offer page","","Landing Page/Welcome Offer page","#3 User clicks on ""Be Aware Gambling"" image at Welcome Offer page","#3 User clicks on ""Be Aware Gambling"" image at Welcome Offer page",""
"failed","Tue Apr 12 13:01:20 EEST 2022","Tue Apr 12 13:01:26 EEST 2022","5452","","Home => Terms & Conditions","","Home => Terms & Conditions","#15 User can see the Deposits and Withdrawals section on terms and conditions page","#15 User can see the Deposits and Withdrawals section on terms and conditions page",""
"passed","Tue Apr 12 12:59:10 EEST 2022","Tue Apr 12 12:59:16 EEST 2022","5663","","Expired Link Error","","Expired Link Error","#9 User can click on 'Back to Login' and open Login window and successfully login.","#9 User can click on 'Back to Login' and open Login window and successfully login.",""
"passed","Tue Apr 12 13:05:55 EEST 2022","Tue Apr 12 13:06:12 EEST 2022","16463","","My Account > Gambling Controls > Account Closure > Self Exclusion","","My Account > Gambling Controls > Account Closure > Self Exclusion","#13 Player can continue with chosen 12 months option to 'Self Exclusion' and confirming modal should display.","#13 Player can continue with chosen 12 months option to 'Self Exclusion' and confirming modal should display.",""
"passed","Tue Apr 12 13:06:38 EEST 2022","Tue Apr 12 13:06:41 EEST 2022","3203","","Registration > Step 1","","Registration > Step 1","#13 Password is a mandatory field.","#13 Password is a mandatory field.",""
"passed","Tue Apr 12 12:58:53 EEST 2022","Tue Apr 12 12:59:04 EEST 2022","11363","","Homepage","","Homepage","#2 Authenticated users can preview their balance in the navigation bar","#2 Authenticated users can preview their balance in the navigation bar",""
"passed","Tue Apr 12 12:25:14 EEST 2022","Tue Apr 12 12:25:53 EEST 2022","38293","","Deep Link -> Change Password","","Deep Link -> Change Password","#1 Deep link to change password opens when logged in","#1 Deep link to change password opens when logged in",""
"passed","Tue Apr 12 13:03:18 EEST 2022","Tue Apr 12 13:03:40 EEST 2022","22316","","My Account > Gambling Controls > Play Reminders","","My Account > Gambling Controls > Play Reminders","#3 Player can cancel out of the 'Time Limit' modal.","#3 Player can cancel out of the 'Time Limit' modal.",""
"failed","Tue Apr 12 13:07:34 EEST 2022","Tue Apr 12 13:07:56 EEST 2022","22254","","My Account > Gambling Controls > Account Closure > Take A Break","","My Account > Gambling Controls > Account Closure > Take A Break","#9 Player can choose 3 weeks option for 'Take A Break' and this option should be selected.","#9 Player can choose 3 weeks option for 'Take A Break' and this option should be selected.",""
"passed","Tue Apr 12 12:40:36 EEST 2022","Tue Apr 12 12:40:46 EEST 2022","9466","","Registration > Step 3","","Registration > Step 3","#01 User is displayed the correct content and input fields for Step 3.","#01 User is displayed the correct content and input fields for Step 3.",""
"passed","Tue Apr 12 12:41:03 EEST 2022","Tue Apr 12 12:41:09 EEST 2022","5920","","Registration > Step 2","","Registration > Step 2","#14 User cannot enter invalid characters into the date of birth field.","#14 User cannot enter invalid characters into the date of birth field.",""
"failed","Tue Apr 12 12:58:46 EEST 2022","Tue Apr 12 12:59:00 EEST 2022","14179","","Home page => Responsible Gambling page","","Home page => Responsible Gambling page","#0 User can come to the Responsible Gambling page","#0 User can come to the Responsible Gambling page",""
"passed","Tue Apr 12 13:05:13 EEST 2022","Tue Apr 12 13:05:32 EEST 2022","18690","","My Account > Gambling Controls > Deposit Limits","","My Account > Gambling Controls > Deposit Limits","#20 Player can close 'History' modal.","#20 Player can close 'History' modal.",""
"passed","Tue Apr 12 12:58:59 EEST 2022","Tue Apr 12 12:59:05 EEST 2022","6210","","Log In","","Log In","#02 Email Address is a mandatory field.","#02 Email Address is a mandatory field.",""
"failed","Tue Apr 12 13:08:10 EEST 2022","Tue Apr 12 13:08:21 EEST 2022","11926","","Registration > Step 4","","Registration > Step 4","#11 User can click and view the Privacy Policy.","#11 User can click and view the Privacy Policy.",""
"passed","Tue Apr 12 12:59:11 EEST 2022","Tue Apr 12 12:59:17 EEST 2022","6166","","Home page => Privacy Policy page","","Home page => Privacy Policy page","#3 User can come to the Merkur Casino page from Privacy Policy page","#3 User can come to the Merkur Casino page from Privacy Policy page",""
"skipped","Tue Apr 12 13:10:30 EEST 2022","Tue Apr 12 13:10:30 EEST 2022","0","","My Account > Gambling Controls > Account Closure > Take A Break","","My Account > Gambling Controls > Account Closure > Take A Break","#18 Player can press 'CONFIRM' to finish 'Take A Break' a for 24 hours and should be logged out and unable to sign back into their account.","#18 Player can press 'CONFIRM' to finish 'Take A Break' a for 24 hours and should be logged out and unable to sign back into their account.",""
"passed","Tue Apr 12 13:06:44 EEST 2022","Tue Apr 12 13:07:02 EEST 2022","18000","","My Profile > Contact Details","","My Profile > Contact Details","#05 Player try to update invalid phone number.","#05 Player try to update invalid phone number.",""
"skipped","Tue Apr 12 13:04:03 EEST 2022","Tue Apr 12 13:04:03 EEST 2022","1","","My Account > Gambling Controls > Account Closure > Self Exclusion","","My Account > Gambling Controls > Account Closure > Self Exclusion","#6 Player can select a reason for taking self exclusion the drop down menu.","#6 Player can select a reason for taking self exclusion the drop down menu.",""
"skipped","Tue Apr 12 13:06:41 EEST 2022","Tue Apr 12 13:06:41 EEST 2022","1","","My Account > Gambling Controls > Account Closure > Take A Break","","My Account > Gambling Controls > Account Closure > Take A Break","#6 Player can select a reason for taking a break from the drop down menu.","#6 Player can select a reason for taking a break from the drop down menu.",""
"passed","Tue Apr 12 13:00:49 EEST 2022","Tue Apr 12 13:01:07 EEST 2022","18670","","My Account > Gambling Controls > Loss Limits","","My Account > Gambling Controls > Loss Limits","#3 User can close the Loss Limits Edit modal","#3 User can close the Loss Limits Edit modal",""
"passed","Tue Apr 12 12:44:39 EEST 2022","Tue Apr 12 12:45:19 EEST 2022","40003","","Spin Zone functionality testing","","Spin Zone functionality testing","#9 Player can see Exit Game button in bottom right","#9 Player can see Exit Game button in bottom right",""
"failed","Tue Apr 12 12:58:46 EEST 2022","Tue Apr 12 12:58:56 EEST 2022","10339","","Home page => Privacy Policy page","","Home page => Privacy Policy page","#0 User can come to the Privacy Policy page","#0 User can come to the Privacy Policy page",""
"passed","Tue Apr 12 13:06:30 EEST 2022","Tue Apr 12 13:06:48 EEST 2022","18046","","My Account > Gambling Controls > Account Closure > Self Exclusion","","My Account > Gambling Controls > Account Closure > Self Exclusion","#15 Player can continue with chosen 2 years option to 'Self Exclusion' and confirming modal should display.","#15 Player can continue with chosen 2 years option to 'Self Exclusion' and confirming modal should display.",""
"failed","Tue Apr 12 13:06:09 EEST 2022","Tue Apr 12 13:06:25 EEST 2022","16012","","My Account > Gambling Controls > Account Closure > Take A Break","","My Account > Gambling Controls > Account Closure > Take A Break","#3 Player can press 'Back' button of the 'Take A Break' modal and then should be displayed previous step.","#3 Player can press 'Back' button of the 'Take A Break' modal and then should be displayed previous step.",""
"passed","Tue Apr 12 13:09:02 EEST 2022","Tue Apr 12 13:09:09 EEST 2022","6545","","Registration > Step 4","","Registration > Step 4","#04 User can opt in to receive Email marketing preferences.","#04 User can opt in to receive Email marketing preferences.",""
"passed","Tue Apr 12 12:40:41 EEST 2022","Tue Apr 12 12:40:46 EEST 2022","4659","","Registration > Step 2","","Registration > Step 2","#07 User cannot enter numbers into step 2 name input fields.","#07 User cannot enter numbers into step 2 name input fields.",""
"passed","Tue Apr 12 12:59:19 EEST 2022","Tue Apr 12 12:59:34 EEST 2022","14851","","Homepage","","Homepage","#4 The details balance card is dismissed when the user clicks it","#4 The details balance card is dismissed when the user clicks it",""
"passed","Tue Apr 12 12:58:46 EEST 2022","Tue Apr 12 12:58:52 EEST 2022","6100","","Expired Link Error","","Expired Link Error","#1 Expired Link Error page is displayed","#1 Expired Link Error page is displayed",""
"passed","Tue Apr 12 12:42:49 EEST 2022","Tue Apr 12 12:43:15 EEST 2022","26105","","Spin Zone functionality testing","","Spin Zone functionality testing","#3 Player can close Game menu","#3 Player can close Game menu",""
"passed","Tue Apr 12 12:42:06 EEST 2022","Tue Apr 12 12:42:21 EEST 2022","14770","","Promotions functionality testing. Promotions functionality for authenticated user. Particular promotions.","","Promotions functionality testing. Promotions functionality for authenticated user. Particular promotions.","#12 All main sections for card are displayed for CLAIM bonus.","#12 All main sections for card are displayed for CLAIM bonus.",""
"passed","Tue Apr 12 13:06:45 EEST 2022","Tue Apr 12 13:06:50 EEST 2022","4582","","Registration > Step 1","","Registration > Step 1","#28 User can enter valid details on Step 1 and progress to Step 2 of the registration process.","#28 User can enter valid details on Step 1 and progress to Step 2 of the registration process.",""
"failed","Tue Apr 12 13:04:10 EEST 2022","Tue Apr 12 13:04:37 EEST 2022","26783","","My Account > Gambling Controls > Deposit Limits","","My Account > Gambling Controls > Deposit Limits","#15 Player can successfully change Deposit Limit with a decimal value and receive a success toast on submitting the new amount.","#15 Player can successfully change Deposit Limit with a decimal value and receive a success toast on submitting the new amount.",""
"passed","Tue Apr 12 13:07:07 EEST 2022","Tue Apr 12 13:07:27 EEST 2022","20159","","My Account > Gambling Controls > Account Closure > Self Exclusion","","My Account > Gambling Controls > Account Closure > Self Exclusion","#17 Player can press 'BACK' for confirmating modal after chosen for 6 months 'Self Exclusion' and should return to previous step.","#17 Player can press 'BACK' for confirmating modal after chosen for 6 months 'Self Exclusion' and should return to previous step.",""
"passed","Tue Apr 12 12:59:16 EEST 2022","Tue Apr 12 12:59:30 EEST 2022","13843","","Expired Link Error","","Expired Link Error","#10 User can click on 'Deposit' button opens Deposit window","#10 User can click on 'Deposit' button opens Deposit window",""
"failed","Tue Apr 12 13:01:08 EEST 2022","Tue Apr 12 13:01:14 EEST 2022","5338","","Home => Terms & Conditions","","Home => Terms & Conditions","#13 User can see the Other Important Terms section on terms and conditions page","#13 User can see the Other Important Terms section on terms and conditions page",""
"passed","Tue Apr 12 12:40:32 EEST 2022","Tue Apr 12 12:40:45 EEST 2022","13759","","Promotions functionality testing. Promotions functionality for authenticated user. Blocks of promotions.","","Promotions functionality testing. Promotions functionality for authenticated user. Blocks of promotions.","#8 Active promotions are excluded from the promotions section.","#8 Active promotions are excluded from the promotions section.",""
"passed","Tue Apr 12 12:37:03 EEST 2022","Tue Apr 12 12:37:17 EEST 2022","14307","","My Account > Settings > Change Password","","My Account > Settings > Change Password","#03 New Password is a mandatory field.","#03 New Password is a mandatory field.",""
"failed","Tue Apr 12 13:02:00 EEST 2022","Tue Apr 12 13:02:05 EEST 2022","5275","","Home => Terms & Conditions","","Home => Terms & Conditions","#22 User can see the Promotions section on terms and conditions page","#22 User can see the Promotions section on terms and conditions page",""
"passed","Tue Apr 12 13:07:35 EEST 2022","Tue Apr 12 13:07:44 EEST 2022","8771","","Registration > Step 4","","Registration > Step 4","#06 User can opt in to receive Post marketing preferences.","#06 User can opt in to receive Post marketing preferences.",""
"skipped","Tue Apr 12 13:07:43 EEST 2022","Tue Apr 12 13:07:43 EEST 2022","0","","My Account > Gambling Controls > Account Closure > Self Exclusion","","My Account > Gambling Controls > Account Closure > Self Exclusion","#19 Player can continue with chosen 6 months option to 'Self Exclusion' and confirming modal should display.","#19 Player can continue with chosen 6 months option to 'Self Exclusion' and confirming modal should display.",""
"passed","Tue Apr 12 12:59:34 EEST 2022","Tue Apr 12 12:59:41 EEST 2022","6221","","Log In","","Log In","#12 Players inputs into the password field should be masked by default.","#12 Players inputs into the password field should be masked by default.",""
"passed","Tue Apr 12 13:00:14 EEST 2022","Tue Apr 12 13:00:18 EEST 2022","4198","","Footer functionality testing","","Footer functionality testing","#5 Player can see legal and company information","#5 Player can see legal and company information",""
"passed","Tue Apr 12 13:04:32 EEST 2022","Tue Apr 12 13:04:33 EEST 2022","1464","","Homepage","","Homepage","#8 The user can use to contact for DPO regarding any data protection issue dpo@merkurslots.com email","#8 The user can use to contact for DPO regarding any data protection issue dpo@merkurslots.com email",""
"passed","Tue Apr 12 12:25:45 EEST 2022","Tue Apr 12 12:25:53 EEST 2022","7576","","Logout","","Logout","#02 Player is logged out of site if clearing there cookies.","#02 Player is logged out of site if clearing there cookies.",""
"passed","Tue Apr 12 13:09:09 EEST 2022","Tue Apr 12 13:09:16 EEST 2022","6565","","Registration > Step 4","","Registration > Step 4","#05 User can opt in to receive SMS marketing preferences.","#05 User can opt in to receive SMS marketing preferences.",""
"failed","Tue Apr 12 12:39:02 EEST 2022","Tue Apr 12 12:39:31 EEST 2022","29471","","Promotions functionality testing. Promotions functionality for authenticated user. Blocks of promotions.","","Promotions functionality testing. Promotions functionality for authenticated user. Blocks of promotions.","#6 Active promotion is excluded from the featured section.","#6 Active promotion is excluded from the featured section.",""
"passed","Tue Apr 12 12:36:31 EEST 2022","Tue Apr 12 12:36:47 EEST 2022","16156","","My Account > Settings > Change Password","","My Account > Settings > Change Password","#01 Player can cancel out of the Change Password modal.","#01 Player can cancel out of the Change Password modal.",""
"passed","Tue Apr 12 12:20:17 EEST 2022","Tue Apr 12 12:20:27 EEST 2022","10054","","Service unavailable","","Service unavailable","#0 User come to the Error 500 page, when service is unavailable","#0 User come to the Error 500 page, when service is unavailable",""
"passed","Tue Apr 12 13:00:17 EEST 2022","Tue Apr 12 13:00:22 EEST 2022","5577","","Landing Page/Welcome Offer page","","Landing Page/Welcome Offer page","#2 User try to Join at Welcome Offer page","#2 User try to Join at Welcome Offer page",""
"passed","Tue Apr 12 12:42:48 EEST 2022","Tue Apr 12 12:43:46 EEST 2022","57470","","Promotions functionality testing. Promotions functionality for authenticated user. Particular promotions.","","Promotions functionality testing. Promotions functionality for authenticated user. Particular promotions.","#15 User can press Back CTA for More Info page and be taken to the list of promotions.","#15 User can press Back CTA for More Info page and be taken to the list of promotions.",""
"failed","Tue Apr 12 13:06:41 EEST 2022","Tue Apr 12 13:07:09 EEST 2022","27532","","My Account > Gambling Controls > Account Closure > Take A Break","","My Account > Gambling Controls > Account Closure > Take A Break","#7 Player can choose 24 hours option for 'Take A Break' and this option should be selected.","#7 Player can choose 24 hours option for 'Take A Break' and this option should be selected.",""
"passed","Tue Apr 12 12:39:31 EEST 2022","Tue Apr 12 12:40:32 EEST 2022","60648","","Promotions functionality testing. Promotions functionality for authenticated user. Blocks of promotions.","","Promotions functionality testing. Promotions functionality for authenticated user. Blocks of promotions.","#7 Promotions are displayed in correct order.","#7 Promotions are displayed in correct order.",""
"passed","Tue Apr 12 13:00:36 EEST 2022","Tue Apr 12 13:00:47 EEST 2022","10352","","Landing Page/Welcome Offer page","","Landing Page/Welcome Offer page","#5 User try to click on PLAY CTA of Popular game at Welcome Offer page","#5 User try to click on PLAY CTA of Popular game at Welcome Offer page",""
"failed","Tue Apr 12 13:04:25 EEST 2022","Tue Apr 12 13:04:28 EEST 2022","2390","","Homepage","","Homepage","#5 After click one of the links from 'Website Visitors', the user should see new page.","#5 After click one of the links from 'Website Visitors', the user should see new page.",""
"passed","Tue Apr 12 13:03:19 EEST 2022","Tue Apr 12 13:03:35 EEST 2022","16100","","My Account > Gambling Controls > Deposit Limits","","My Account > Gambling Controls > Deposit Limits","#11 Player can successfully set a weekly deposit limit if not already set.","#11 Player can successfully set a weekly deposit limit if not already set.",""
"passed","Tue Apr 12 12:41:31 EEST 2022","Tue Apr 12 12:42:06 EEST 2022","35615","","Promotions functionality testing. Promotions functionality for authenticated user. Particular promotions.","","Promotions functionality testing. Promotions functionality for authenticated user. Particular promotions.","#11 All main sections for card are displayed for DEPOSIT bonus.","#11 All main sections for card are displayed for DEPOSIT bonus.",""
"passed","Tue Apr 12 12:58:59 EEST 2022","Tue Apr 12 12:59:02 EEST 2022","2700","","404 error page functionality testing.","","404 error page functionality testing.","#4 Player can click ""Join"" button and after that it will redirect to Register page.","#4 Player can click ""Join"" button and after that it will redirect to Register page.",""
"passed","Tue Apr 12 13:00:51 EEST 2022","Tue Apr 12 13:01:09 EEST 2022","17876","","Homepage","","Homepage","#9 Bonus amount is updated correctly in the dropdown details when bonus balance is adjusted","#9 Bonus amount is updated correctly in the dropdown details when bonus balance is adjusted",""
"failed","Tue Apr 12 12:50:22 EEST 2022","Tue Apr 12 12:50:44 EEST 2022","21648","","Promotions functionality testing. Promotions functionality for unauthenticated user.","","Promotions functionality testing. Promotions functionality for unauthenticated user.","#33 Short description of promotion card is displayed for not login user.","#33 Short description of promotion card is displayed for not login user.",""
"passed","Tue Apr 12 12:47:42 EEST 2022","Tue Apr 12 12:47:44 EEST 2022","1897","","Promotions functionality testing. Promotions functionality for unauthenticated user.","","Promotions functionality testing. Promotions functionality for unauthenticated user.","#27 Promotion page has correct title for not login user.","#27 Promotion page has correct title for not login user.",""
"passed","Tue Apr 12 13:01:15 EEST 2022","Tue Apr 12 13:01:21 EEST 2022","5978","","Landing Page/Welcome Games page","","Landing Page/Welcome Games page","#2 User try to Join at Welcome Games page","#2 User try to Join at Welcome Games page",""
"passed","Tue Apr 12 12:42:16 EEST 2022","Tue Apr 12 12:42:24 EEST 2022","7957","","Registration > Step 3","","Registration > Step 3","#09 User cannot enter invalid characters into the City field.","#09 User cannot enter invalid characters into the City field.",""
"passed","Tue Apr 12 12:40:39 EEST 2022","Tue Apr 12 12:40:51 EEST 2022","12596","","My Account > Settings > Change Password","","My Account > Settings > Change Password","#09 New password must contain a combination of upper and lower case letters (all lower case).","#09 New password must contain a combination of upper and lower case letters (all lower case).",""
"failed","Tue Apr 12 12:59:07 EEST 2022","Tue Apr 12 12:59:13 EEST 2022","6099","","Home page => Responsible Gambling page","","Home page => Responsible Gambling page","#2 User can come to the ""Help for problem gambling"" page from Responsible Gambling page","#2 User can come to the ""Help for problem gambling"" page from Responsible Gambling page",""
"passed","Tue Apr 12 12:58:47 EEST 2022","Tue Apr 12 12:58:53 EEST 2022","5537","","Homepage","","Homepage","#1 Player can navigate to the registration page via the 'Join'.","#1 Player can navigate to the registration page via the 'Join'.",""
"passed","Tue Apr 12 13:02:55 EEST 2022","Tue Apr 12 13:03:18 EEST 2022","22438","","My Account > Gambling Controls > Play Reminders","","My Account > Gambling Controls > Play Reminders","#2 Player can close the 'Time Limit' modal.","#2 Player can close the 'Time Limit' modal.",""
"failed","Tue Apr 12 12:51:56 EEST 2022","Tue Apr 12 12:52:20 EEST 2022","23918","","Promotions functionality testing. Promotions functionality for unauthenticated user.","","Promotions functionality testing. Promotions functionality for unauthenticated user.","#36 All main sections for card are displayed for OPT IN bonus for unauthenticated user.","#36 All main sections for card are displayed for OPT IN bonus for unauthenticated user.",""
"passed","Tue Apr 12 13:07:03 EEST 2022","Tue Apr 12 13:07:07 EEST 2022","3781","","Slots page","","Slots page","#10 User click on category and go to category page","#10 User click on category and go to category page",""
"passed","Tue Apr 12 12:39:19 EEST 2022","Tue Apr 12 12:40:24 EEST 2022","64628","","Registration > Step 2","","Registration > Step 2","#01 User is displayed the correct content and input fields for Step 2.","#01 User is displayed the correct content and input fields for Step 2.",""
"passed","Tue Apr 12 13:02:08 EEST 2022","Tue Apr 12 13:02:23 EEST 2022","14987","","Homepage","","Homepage","#14 Casino amount does not display when total bonus amount is zero and displays correct total balance of £0.00","#14 Casino amount does not display when total bonus amount is zero and displays correct total balance of £0.00",""
"passed","Tue Apr 12 13:03:45 EEST 2022","Tue Apr 12 13:04:03 EEST 2022","17897","","My Account > Gambling Controls > Account Closure > Self Exclusion","","My Account > Gambling Controls > Account Closure > Self Exclusion","#5 Player cannot continue with 'Self Exclusion' if a duration is not selected.","#5 Player cannot continue with 'Self Exclusion' if a duration is not selected.",""
"failed","Tue Apr 12 13:05:30 EEST 2022","Tue Apr 12 13:05:50 EEST 2022","20720","","My Account > Gambling Controls > Account Closure > Take A Break","","My Account > Gambling Controls > Account Closure > Take A Break","#1 Player can select take a break menu item from 'Account Closure' and Take A Break contain is displayed.","#1 Player can select take a break menu item from 'Account Closure' and Take A Break contain is displayed.",""
"passed","Tue Apr 12 13:01:21 EEST 2022","Tue Apr 12 13:01:27 EEST 2022","6025","","Landing Page/Welcome Games page","","Landing Page/Welcome Games page","#3 User clicks on ""Be Aware Gambling"" image at Welcome Games page","#3 User clicks on ""Be Aware Gambling"" image at Welcome Games page",""
"skipped","Tue Apr 12 13:03:11 EEST 2022","Tue Apr 12 13:03:11 EEST 2022","1","","My Account > Gambling Controls > Loss Limits","","My Account > Gambling Controls > Loss Limits","#11 User can successfully set their Loss Limit to the minimum allowed value and will receive a success toast on submitting the new amount. ","#11 User can successfully set their Loss Limit to the minimum allowed value and will receive a success toast on submitting the new amount. ",""
"passed","Tue Apr 12 13:02:47 EEST 2022","Tue Apr 12 13:02:57 EEST 2022","10927","","Inbox functionality testing","","Inbox functionality testing","#15 Player is presented with an Empty Inbox image if the Inbox is empty (rather than a heading & message list)","#15 Player is presented with an Empty Inbox image if the Inbox is empty (rather than a heading & message list)",""
"failed","Tue Apr 12 13:06:37 EEST 2022","Tue Apr 12 13:06:41 EEST 2022","3510","","Slots page","","Slots page","#5 User can see on hero banner carousel primary button CTA, can click on it and see game info page","#5 User can see on hero banner carousel primary button CTA, can click on it and see game info page",""
"failed","Tue Apr 12 12:49:35 EEST 2022","Tue Apr 12 12:50:22 EEST 2022","47202","","Promotions functionality testing. Promotions functionality for unauthenticated user.","","Promotions functionality testing. Promotions functionality for unauthenticated user.","#32 Promo title of promotion card is displayed for not login user.","#32 Promo title of promotion card is displayed for not login user.",""
"passed","Tue Apr 12 12:43:52 EEST 2022","Tue Apr 12 12:44:08 EEST 2022","16171","","Spin Zone functionality testing","","Spin Zone functionality testing","#6 Player can see total bonus balance","#6 Player can see total bonus balance",""
"passed","Tue Apr 12 13:01:07 EEST 2022","Tue Apr 12 13:01:22 EEST 2022","15053","","My Account > Gambling Controls > Loss Limits","","My Account > Gambling Controls > Loss Limits","#4 User can open the Loss Limits Delete modal on delete icon click ","#4 User can open the Loss Limits Delete modal on delete icon click ",""
"passed","Tue Apr 12 13:01:22 EEST 2022","Tue Apr 12 13:01:41 EEST 2022","18550","","My Account > Gambling Controls > Loss Limits","","My Account > Gambling Controls > Loss Limits","#5 User can close the Loss Limits Delete modal ","#5 User can close the Loss Limits Delete modal ",""
"passed","Tue Apr 12 13:03:32 EEST 2022","Tue Apr 12 13:03:42 EEST 2022","10015","","Landing Page/Shop Welcome page","","Landing Page/Shop Welcome page","#5 User try to click on PLAY CTA of Popular game at Shop Welcome page","#5 User try to click on PLAY CTA of Popular game at Shop Welcome page",""
"passed","Tue Apr 12 13:06:06 EEST 2022","Tue Apr 12 13:06:25 EEST 2022","18400","","My Profile > Contact Details","","My Profile > Contact Details","# Player can select to edit their telephone number and close the modal to cancel out of the process.","# Player can select to edit their telephone number and close the modal to cancel out of the process.",""
"passed","Tue Apr 12 13:07:26 EEST 2022","Tue Apr 12 13:07:35 EEST 2022","8443","","Slots page","","Slots page","#13 User logged in and click on game card and game page appears","#13 User logged in and click on game card and game page appears",""
"passed","Tue Apr 12 12:42:36 EEST 2022","Tue Apr 12 12:42:47 EEST 2022","11009","","UnsubscribePage","","UnsubscribePage","#2 User can click on ‘I’ve changed my mind’ button and go to home page.","#2 User can click on ‘I’ve changed my mind’ button and go to home page.",""
"passed","Tue Apr 12 13:00:29 EEST 2022","Tue Apr 12 13:00:37 EEST 2022","7332","","Home => Terms & Conditions","","Home => Terms & Conditions","#7 User can come to the GamStop page from terms and conditions page","#7 User can come to the GamStop page from terms and conditions page",""
"passed","Tue Apr 12 12:43:18 EEST 2022","Tue Apr 12 12:43:35 EEST 2022","17311","","Registration > Step 3","","Registration > Step 3","#18 Country Code is populated by default.","#18 Country Code is populated by default.",""
"passed","Tue Apr 12 12:43:34 EEST 2022","Tue Apr 12 12:43:52 EEST 2022","17727","","Spin Zone functionality testing","","Spin Zone functionality testing","#5 Player can open 'Deposit' modal","#5 Player can open 'Deposit' modal",""
"passed","Tue Apr 12 12:44:03 EEST 2022","Tue Apr 12 12:44:14 EEST 2022","11311","","UnsubscribePage","","UnsubscribePage","#6 User can click on ‘Re-subscribe’ button and success window will be displayed with the correct content","#6 User can click on ‘Re-subscribe’ button and success window will be displayed with the correct content",""
"passed","Tue Apr 12 12:42:33 EEST 2022","Tue Apr 12 12:42:48 EEST 2022","14873","","Promotions functionality testing. Promotions functionality for authenticated user. Particular promotions.","","Promotions functionality testing. Promotions functionality for authenticated user. Particular promotions.","#14 User can click OPT IN primary CTA in more info details page and get confirmation modal with all sections.","#14 User can click OPT IN primary CTA in more info details page and get confirmation modal with all sections.",""
"failed","Tue Apr 12 13:02:18 EEST 2022","Tue Apr 12 13:02:24 EEST 2022","5953","","Home => Terms & Conditions","","Home => Terms & Conditions","#25 User can see the Complaints and disputes section on terms and conditions page","#25 User can see the Complaints and disputes section on terms and conditions page",""
"failed","Tue Apr 12 12:56:58 EEST 2022","Tue Apr 12 12:57:18 EEST 2022","20796","","Promotions functionality testing. Promotions functionality for unauthenticated user.","","Promotions functionality testing. Promotions functionality for unauthenticated user.","#43 User can go to More Info details after click More Info CTA.","#43 User can go to More Info details after click More Info CTA.",""
"passed","Tue Apr 12 13:01:32 EEST 2022","Tue Apr 12 13:01:54 EEST 2022","22640","","Inbox functionality testing","","Inbox functionality testing","#10 Deleting a message from the inbox which is marked as new should decrease the unread message count badge","#10 Deleting a message from the inbox which is marked as new should decrease the unread message count badge",""
"passed","Tue Apr 12 13:04:38 EEST 2022","Tue Apr 12 13:04:47 EEST 2022","9543","","Recover Password","","Recover Password","#01 Player can navigate to the recover password form and is displayed with the correct fields.","#01 Player can navigate to the recover password form and is displayed with the correct fields.",""
"passed","Tue Apr 12 13:05:30 EEST 2022","Tue Apr 12 13:05:48 EEST 2022","18327","","My Profile > Contact Details","","My Profile > Contact Details","#02 Player can select to edit their telephone number and be presented with an edit modal.","#02 Player can select to edit their telephone number and be presented with an edit modal.",""
"failed","Tue Apr 12 12:49:09 EEST 2022","Tue Apr 12 12:49:35 EEST 2022","26224","","Promotions functionality testing. Promotions functionality for unauthenticated user.","","Promotions functionality testing. Promotions functionality for unauthenticated user.","#31 Applicable the expiry date of promotion card is displayed for not login user.","#31 Applicable the expiry date of promotion card is displayed for not login user.",""
"passed","Tue Apr 12 13:08:16 EEST 2022","Tue Apr 12 13:08:31 EEST 2022","15195","","My Profile > Communications Preferences","","My Profile > Communications Preferences","#10 Player can unselect just email preferences using the email toggle (email already toggled on), which upon saving updates the account area accordingly","#10 Player can unselect just email preferences using the email toggle (email already toggled on), which upon saving updates the account area accordingly",""
"passed","Tue Apr 12 12:59:00 EEST 2022","Tue Apr 12 12:59:07 EEST 2022","7334","","Home page => Responsible Gambling page","","Home page => Responsible Gambling page","#1 User can come to the Be Gamble Aware page from Responsible Gambling page","#1 User can come to the Be Gamble Aware page from Responsible Gambling page",""
"passed","Tue Apr 12 13:02:28 EEST 2022","Tue Apr 12 13:02:55 EEST 2022","27702","","My Account > Gambling Controls > Play Reminders","","My Account > Gambling Controls > Play Reminders","#1 Player can select to edit their 'Time Limit' and is displayed the Play Reminders modal.","#1 Player can select to edit their 'Time Limit' and is displayed the Play Reminders modal.",""
"passed","Tue Apr 12 13:01:44 EEST 2022","Tue Apr 12 13:02:02 EEST 2022","17918","","My Account > Gambling Controls > Deposit Limits","","My Account > Gambling Controls > Deposit Limits","#6 Player can close the Deposit Limits Edit modal","#6 Player can close the Deposit Limits Edit modal",""
"failed","Tue Apr 12 12:55:55 EEST 2022","Tue Apr 12 12:56:16 EEST 2022","21018","","Promotions functionality testing. Promotions functionality for unauthenticated user.","","Promotions functionality testing. Promotions functionality for unauthenticated user.","#40 Login form appears after press OPT IN CTA for OPT IN bonus of unauthenticated user.","#40 Login form appears after press OPT IN CTA for OPT IN bonus of unauthenticated user.",""
"passed","Tue Apr 12 12:58:51 EEST 2022","Tue Apr 12 12:58:57 EEST 2022","5778","","404 error page functionality testing.","","404 error page functionality testing.","#2 All elements are persisted on 404 error page.","#2 All elements are persisted on 404 error page.",""
"passed","Tue Apr 12 13:04:57 EEST 2022","Tue Apr 12 13:05:07 EEST 2022","9616","","Recover Password","","Recover Password","#03 Player cannot enter an invaild email address.","#03 Player cannot enter an invaild email address.",""
"passed","Tue Apr 12 12:59:48 EEST 2022","Tue Apr 12 13:00:14 EEST 2022","26041","","Footer functionality testing","","Footer functionality testing","#4 Player can see safer gambling logos","#4 Player can see safer gambling logos",""
"passed","Tue Apr 12 12:44:14 EEST 2022","Tue Apr 12 12:44:26 EEST 2022","11309","","UnsubscribePage","","UnsubscribePage","#7 User can click on ‘Continue’ button in the ‘Re-subscribe’ success window and the Home page will be displayed.","#7 User can click on ‘Continue’ button in the ‘Re-subscribe’ success window and the Home page will be displayed.",""
"passed","Tue Apr 12 12:40:58 EEST 2022","Tue Apr 12 12:41:03 EEST 2022","4469","","Registration > Step 2","","Registration > Step 2","13 User is required to be 18 or over.","13 User is required to be 18 or over.",""
"passed","Tue Apr 12 13:06:24 EEST 2022","Tue Apr 12 13:06:38 EEST 2022","14913","","My Profile > Communications Preferences","","My Profile > Communications Preferences","#3 Player can edit their preferences and exit using the Cancel CTA within the modal discarding changes","#3 Player can edit their preferences and exit using the Cancel CTA within the modal discarding changes",""
"passed","Tue Apr 12 12:58:52 EEST 2022","Tue Apr 12 12:58:54 EEST 2022","1728","","Expired Link Error","","Expired Link Error","#2 All elements are persisted on the page. ","#2 All elements are persisted on the page. ",""
"passed","Tue Apr 12 12:46:18 EEST 2022","Tue Apr 12 12:47:24 EEST 2022","66614","","Promotions functionality testing. Promotions functionality for authenticated user. Particular promotions.","","Promotions functionality testing. Promotions functionality for authenticated user. Particular promotions.","#24 User can close deposit bonus modal, remove display bonus modal and return to the launch screen.","#24 User can close deposit bonus modal, remove display bonus modal and return to the launch screen.",""
"passed","Tue Apr 12 13:09:01 EEST 2022","Tue Apr 12 13:09:17 EEST 2022","15459","","My Profile > Communications Preferences","","My Profile > Communications Preferences","#13 Player can uneselect just post preferences using the post toggle (post already toggled on), which upon saving updates the account area accordingly","#13 Player can uneselect just post preferences using the post toggle (post already toggled on), which upon saving updates the account area accordingly",""
"passed","Tue Apr 12 12:26:52 EEST 2022","Tue Apr 12 12:27:43 EEST 2022","50766","","Deep Link -> Loss Limits","","Deep Link -> Loss Limits","#2 Deep link to loss limits open login when not logged in before loss limits","#2 Deep link to loss limits open login when not logged in before loss limits",""
"passed","Tue Apr 12 13:08:56 EEST 2022","Tue Apr 12 13:09:02 EEST 2022","6790","","Registration > Step 4","","Registration > Step 4","#03 User can opt in to receive All marketing preferences.","#03 User can opt in to receive All marketing preferences.",""
"passed","Tue Apr 12 13:05:09 EEST 2022","Tue Apr 12 13:05:27 EEST 2022","18709","","My Account > Gambling Controls > Play Reminders","","My Account > Gambling Controls > Play Reminders","#8 Player can successfully delete their 'Time Limit' on delete icon click.","#8 Player can successfully delete their 'Time Limit' on delete icon click.",""
"failed","Tue Apr 12 13:01:03 EEST 2022","Tue Apr 12 13:01:08 EEST 2022","5145","","Home => Terms & Conditions","","Home => Terms & Conditions","#12 User can see the Changes to the Terms section on terms and conditions page","#12 User can see the Changes to the Terms section on terms and conditions page",""
"passed","Tue Apr 12 13:07:16 EEST 2022","Tue Apr 12 13:07:35 EEST 2022","19186","","Registration > Step 4","","Registration > Step 4","#02 User can navigate back to the previous step.","#02 User can navigate back to the previous step.",""
"passed","Tue Apr 12 12:46:04 EEST 2022","Tue Apr 12 12:46:18 EEST 2022","13983","","Promotions functionality testing. Promotions functionality for authenticated user. Particular promotions.","","Promotions functionality testing. Promotions functionality for authenticated user. Particular promotions.","#23 User can click on the terms and conditions link and the terms and all sections of conditions are displayed for deposit bonus.","#23 User can click on the terms and conditions link and the terms and all sections of conditions are displayed for deposit bonus.",""
"failed","Tue Apr 12 12:58:21 EEST 2022","Tue Apr 12 12:58:42 EEST 2022","20777","","Promotions functionality testing. Promotions functionality for unauthenticated user.","","Promotions functionality testing. Promotions functionality for unauthenticated user.","#47 User clicks button DEPOSIT for already DEPOSITED bonus, successfully login and can see drawer ""This promotion is unavailable"".","#47 User clicks button DEPOSIT for already DEPOSITED bonus, successfully login and can see drawer ""This promotion is unavailable"".",""
"passed","Tue Apr 12 12:59:34 EEST 2022","Tue Apr 12 12:59:44 EEST 2022","10081","","Home => Terms & Conditions","","Home => Terms & Conditions","#0 User can come to the terms and conditions page","#0 User can come to the terms and conditions page",""
"failed","Tue Apr 12 12:47:44 EEST 2022","Tue Apr 12 12:48:05 EEST 2022","21131","","Promotions functionality testing. Promotions functionality for unauthenticated user.","","Promotions functionality testing. Promotions functionality for unauthenticated user.","#28 Promotion cards are displayed for not login user.","#28 Promotion cards are displayed for not login user.",""
"passed","Tue Apr 12 13:05:07 EEST 2022","Tue Apr 12 13:05:14 EEST 2022","7783","","Recover Password","","Recover Password","#04 Player can select the 'Cancel and Back To Login' link and is displayed the login section.","#04 Player can select the 'Cancel and Back To Login' link and is displayed the login section.",""
"passed","Tue Apr 12 13:07:27 EEST 2022","Tue Apr 12 13:07:43 EEST 2022","15946","","My Account > Gambling Controls > Account Closure > Self Exclusion","","My Account > Gambling Controls > Account Closure > Self Exclusion","#18 Player can close the self exclusion modal.","#18 Player can close the self exclusion modal.",""
"passed","Tue Apr 12 13:06:58 EEST 2022","Tue Apr 12 13:07:17 EEST 2022","18936","","My Profile > Communications Preferences","","My Profile > Communications Preferences","#5 Player can edit their preferences and select just the email toggle, which upon saving updates the account area accordingly","#5 Player can edit their preferences and select just the email toggle, which upon saving updates the account area accordingly",""
"passed","Tue Apr 12 12:45:23 EEST 2022","Tue Apr 12 12:45:37 EEST 2022","14068","","Promotions functionality testing. Promotions functionality for authenticated user. Particular promotions.","","Promotions functionality testing. Promotions functionality for authenticated user. Particular promotions.","#19 User can click DEPOSIT CTA for deposit bonus and open deposit bonus modal with displaying all sections.","#19 User can click DEPOSIT CTA for deposit bonus and open deposit bonus modal with displaying all sections.",""
"passed","Tue Apr 12 13:01:34 EEST 2022","Tue Apr 12 13:01:44 EEST 2022","9860","","Landing Page/Welcome Games page","","Landing Page/Welcome Games page","#5 User try to click on PLAY CTA of Popular game at Welcome Games page","#5 User try to click on PLAY CTA of Popular game at Welcome Games page",""
"passed","Tue Apr 12 13:07:34 EEST 2022","Tue Apr 12 13:07:48 EEST 2022","13914","","My Profile > Communications Preferences","","My Profile > Communications Preferences","#7 Player can edit their preferences and select just the Post toggle, which upon saving updates the account area accordingly","#7 Player can edit their preferences and select just the Post toggle, which upon saving updates the account area accordingly",""
"passed","Tue Apr 12 13:07:44 EEST 2022","Tue Apr 12 13:07:50 EEST 2022","6517","","Registration > Step 4","","Registration > Step 4","#07 User can opt in to receive Phone marketing preferences.","#07 User can opt in to receive Phone marketing preferences.",""
"passed","Tue Apr 12 13:01:54 EEST 2022","Tue Apr 12 13:02:08 EEST 2022","13872","","Inbox functionality testing","","Inbox functionality testing","#11 Player can delete a message using the message options, removing it from the list","#11 Player can delete a message using the message options, removing it from the list",""
"failed","Tue Apr 12 13:07:09 EEST 2022","Tue Apr 12 13:07:34 EEST 2022","25416","","My Account > Gambling Controls > Account Closure > Take A Break","","My Account > Gambling Controls > Account Closure > Take A Break","#8 Player can choose 1 week option for 'Take A Break' and this option should be selected.","#8 Player can choose 1 week option for 'Take A Break' and this option should be selected.",""
"passed","Tue Apr 12 13:05:56 EEST 2022","Tue Apr 12 13:06:05 EEST 2022","8981","","Registration > Step 1","","Registration > Step 1","#04 User can select the 'Recover' button on the 'Account already exists' drawer and is displayed the Recover Password form.","#04 User can select the 'Recover' button on the 'Account already exists' drawer and is displayed the Recover Password form.",""
"failed","Tue Apr 12 12:52:20 EEST 2022","Tue Apr 12 12:53:36 EEST 2022","75433","","Promotions functionality testing. Promotions functionality for unauthenticated user.","","Promotions functionality testing. Promotions functionality for unauthenticated user.","#37 All main sections for card are displayed for DEPOSIT bonus for unauthenticated user.","#37 All main sections for card are displayed for DEPOSIT bonus for unauthenticated user.",""
"passed","Tue Apr 12 12:41:17 EEST 2022","Tue Apr 12 12:41:27 EEST 2022","10759","","Registration > Step 3","","Registration > Step 3","#04 City field is a mandatory field.","#04 City field is a mandatory field.",""
"failed","Tue Apr 12 13:01:26 EEST 2022","Tue Apr 12 13:01:31 EEST 2022","5898","","Home => Terms & Conditions","","Home => Terms & Conditions","#16 User can see the Playing for Real Money section on terms and conditions page","#16 User can see the Playing for Real Money section on terms and conditions page",""
"passed","Tue Apr 12 13:02:01 EEST 2022","Tue Apr 12 13:02:07 EEST 2022","5235","","Landing Page/Welcome Games page","","Landing Page/Welcome Games page","#9 User can come to the Terms & Conditions page from the Welcome Games page","#9 User can come to the Terms & Conditions page from the Welcome Games page",""
"passed","Tue Apr 12 13:03:01 EEST 2022","Tue Apr 12 13:03:07 EEST 2022","6014","","Landing Page/Welcome Casino page","","Landing Page/Welcome Casino page","#9 User can come to the Terms & Conditions page from the Welcome Casino page","#9 User can come to the Terms & Conditions page from the Welcome Casino page",""
"passed","Tue Apr 12 12:41:27 EEST 2022","Tue Apr 12 12:41:49 EEST 2022","21664","","Registration > Step 3","","Registration > Step 3","#06 Post Code field is a mandatory field.","#06 Post Code field is a mandatory field.",""
"passed","Tue Apr 12 13:02:38 EEST 2022","Tue Apr 12 13:02:54 EEST 2022","16058","","My Account > Gambling Controls > Loss Limits","","My Account > Gambling Controls > Loss Limits","#9 User can successfully set a weekly loss limit if not already set ","#9 User can successfully set a weekly loss limit if not already set ",""
"passed","Tue Apr 12 13:03:47 EEST 2022","Tue Apr 12 13:03:53 EEST 2022","6296","","Landing Page/Shop Welcome page","","Landing Page/Shop Welcome page","#7 User can come to the ""Be Gambling Aware"" site from the Shop Welcome page","#7 User can come to the ""Be Gambling Aware"" site from the Shop Welcome page",""
"passed","Tue Apr 12 12:59:39 EEST 2022","Tue Apr 12 12:59:48 EEST 2022","9133","","Footer functionality testing","","Footer functionality testing","#3 Player can see partners logos","#3 Player can see partners logos",""
"passed","Tue Apr 12 12:43:15 EEST 2022","Tue Apr 12 12:43:34 EEST 2022","18578","","Spin Zone functionality testing","","Spin Zone functionality testing","#4 Player can see total withdrawable cash balance","#4 Player can see total withdrawable cash balance",""
"passed","Tue Apr 12 13:03:52 EEST 2022","Tue Apr 12 13:04:10 EEST 2022","18173","","My Account > Gambling Controls > Deposit Limits","","My Account > Gambling Controls > Deposit Limits","#13 Player can open the Deposit Limits Delete modal on delete icon click and click on edit icon in the input field.","#13 Player can open the Deposit Limits Delete modal on delete icon click and click on edit icon in the input field.",""
"passed","Tue Apr 12 13:00:37 EEST 2022","Tue Apr 12 13:00:47 EEST 2022","10586","","Home => Terms & Conditions","","Home => Terms & Conditions","#8 User can come to the eCOGRA page from terms and conditions page","#8 User can come to the eCOGRA page from terms and conditions page",""
"passed","Tue Apr 12 13:05:50 EEST 2022","Tue Apr 12 13:05:56 EEST 2022","5735","","Registration > Step 1","","Registration > Step 1","#03 User is prompted with the 'Account already exists' drawer if they enter an email address that already exists.","#03 User is prompted with the 'Account already exists' drawer if they enter an email address that already exists.",""
"skipped","Tue Apr 12 12:46:04 EEST 2022","Tue Apr 12 12:46:04 EEST 2022","0","","Promotions functionality testing. Promotions functionality for authenticated user. Particular promotions.","","Promotions functionality testing. Promotions functionality for authenticated user. Particular promotions.","#22 User can enter amount, go to full terms and conditions, click back button, close full terms conditions and return in deposit modal.","#22 User can enter amount, go to full terms and conditions, click back button, close full terms conditions and return in deposit modal.",""
"passed","Tue Apr 12 12:41:07 EEST 2022","Tue Apr 12 12:41:17 EEST 2022","9436","","Registration > Step 3","","Registration > Step 3","#03 Address Line 1 field is a mandatory field.","#03 Address Line 1 field is a mandatory field.",""
"passed","Tue Apr 12 13:05:37 EEST 2022","Tue Apr 12 13:05:46 EEST 2022","9176","","Registration > Step 1","","Registration > Step 1","#01.1 User can leave the registration process by clicking the Home link and click 'Yes I want to leave'.","#01.1 User can leave the registration process by clicking the Home link and click 'Yes I want to leave'.",""
"passed","Tue Apr 12 13:03:53 EEST 2022","Tue Apr 12 13:04:15 EEST 2022","21237","","My Account > Gambling Controls > Loss Limits","","My Account > Gambling Controls > Loss Limits","#15 User can submit a blank value in the Loss Limit. ","#15 User can submit a blank value in the Loss Limit. ",""
"passed","Tue Apr 12 13:04:01 EEST 2022","Tue Apr 12 13:04:21 EEST 2022","19963","","My Account > Gambling Controls > Play Reminders","","My Account > Gambling Controls > Play Reminders","#5 Player can select a time limit from the drop down menu.","#5 Player can select a time limit from the drop down menu.",""
"failed","Tue Apr 12 13:03:01 EEST 2022","Tue Apr 12 13:03:18 EEST 2022","17124","","My Account -> Deposit","","My Account -> Deposit","#1 Check user is able to access the deposit modal via the account menu and is displayed with the option to fill in card details by default","#1 Check user is able to access the deposit modal via the account menu and is displayed with the option to fill in card details by default",""
"passed","Tue Apr 12 13:02:45 EEST 2022","Tue Apr 12 13:03:06 EEST 2022","21061","","My Account > Gambling Controls > Account Closure > Self Exclusion","","My Account > Gambling Controls > Account Closure > Self Exclusion","#1 Player can select the 'Self Exclusion' menu item and is displayed the Self Exclusion modal.","#1 Player can select the 'Self Exclusion' menu item and is displayed the Self Exclusion modal.",""
"passed","Tue Apr 12 13:00:30 EEST 2022","Tue Apr 12 13:00:36 EEST 2022","6464","","Landing Page/Welcome Offer page","","Landing Page/Welcome Offer page","#4 User clicks on ""Be Aware Gambling"" link at Welcome Offer page","#4 User clicks on ""Be Aware Gambling"" link at Welcome Offer page",""
"passed","Tue Apr 12 12:41:00 EEST 2022","Tue Apr 12 12:41:07 EEST 2022","7690","","Registration > Step 3","","Registration > Step 3","#03 Player can select the Manual Input button and is displayed the address inputs.","#03 Player can select the Manual Input button and is displayed the address inputs.",""
"passed","Tue Apr 12 13:09:16 EEST 2022","Tue Apr 12 13:09:22 EEST 2022","6661","","Registration > Step 4","","Registration > Step 4","#09 User can select multiple marketing preferences.","#09 User can select multiple marketing preferences.",""
"passed","Tue Apr 12 13:01:10 EEST 2022","Tue Apr 12 13:01:15 EEST 2022","4969","","Landing Page/Welcome Games page","","Landing Page/Welcome Games page","#1 User come to the Welcome Games page ","#1 User come to the Welcome Games page ",""
"failed","Tue Apr 12 13:04:28 EEST 2022","Tue Apr 12 13:04:31 EEST 2022","2729","","Homepage","","Homepage","#6 After clicking on the link from 'Contact and DPO', the user should see the page  https://www.eyasgaming.com/.","#6 After clicking on the link from 'Contact and DPO', the user should see the page  https://www.eyasgaming.com/.",""
"passed","Tue Apr 12 13:03:07 EEST 2022","Tue Apr 12 13:03:12 EEST 2022","5427","","Landing Page/Shop Welcome page","","Landing Page/Shop Welcome page","#1 User come to the Shop Welcome page ","#1 User come to the Shop Welcome page ",""
"passed","Tue Apr 12 13:05:48 EEST 2022","Tue Apr 12 13:06:06 EEST 2022","18190","","My Profile > Contact Details","","My Profile > Contact Details","#03 Player can select to edit their telephone number and cancel out of the modal.","#03 Player can select to edit their telephone number and cancel out of the modal.",""
"passed","Tue Apr 12 13:05:20 EEST 2022","Tue Apr 12 13:05:38 EEST 2022","17463","","My Account > Gambling Controls > Account Closure > Self Exclusion","","My Account > Gambling Controls > Account Closure > Self Exclusion","#11 Player can choose 5 years option for 'Self Exclusion' and this option should be selected.","#11 Player can choose 5 years option for 'Self Exclusion' and this option should be selected.",""
"passed","Tue Apr 12 13:02:12 EEST 2022","Tue Apr 12 13:02:20 EEST 2022","7718","","Landing Page/Welcome Casino page","","Landing Page/Welcome Casino page","#2 User try to Join at Welcome Casino page","#2 User try to Join at Welcome Casino page",""
"passed","Tue Apr 12 12:42:31 EEST 2022","Tue Apr 12 12:42:39 EEST 2022","8156","","Registration > Step 3","","Registration > Step 3","#14 User can enter valid details on Step 3 and progress to Step 4 of the registration process.","#14 User can enter valid details on Step 3 and progress to Step 4 of the registration process.",""
"passed","Tue Apr 12 13:02:35 EEST 2022","Tue Apr 12 13:02:40 EEST 2022","5481","","Home => Terms & Conditions","","Home => Terms & Conditions","#28 User can opened mail client after clicks/taps on “complaintsMGA@merkurslots.com” ","#28 User can opened mail client after clicks/taps on “complaintsMGA@merkurslots.com” ",""
"failed","Tue Apr 12 13:04:12 EEST 2022","Tue Apr 12 13:04:39 EEST 2022","27038","","My Account -> Deposit","","My Account -> Deposit","#5 Check user is able to select Phone payment method and is provided with the correct information for this payment method","#5 Check user is able to select Phone payment method and is provided with the correct information for this payment method",""
"failed","Tue Apr 12 13:04:20 EEST 2022","Tue Apr 12 13:04:23 EEST 2022","2680","","Homepage","","Homepage","#3 After clicking on the first link from 'What personal data do we collect? -> Players', the user should see the page  https://www.merkurslots.com/.","#3 After clicking on the first link from 'What personal data do we collect? -> Players', the user should see the page  https://www.merkurslots.com/.",""
"failed","Tue Apr 12 13:05:10 EEST 2022","Tue Apr 12 13:05:25 EEST 2022","15106","","My Account -> Deposit","","My Account -> Deposit","#8 Check user is displayed with a declined modal when safecharge returns a declined response","#8 Check user is displayed with a declined modal when safecharge returns a declined response",""
"passed","Tue Apr 12 12:36:47 EEST 2022","Tue Apr 12 12:37:03 EEST 2022","16208","","My Account > Settings > Change Password","","My Account > Settings > Change Password","#02 Current Password is a mandatory field.","#02 Current Password is a mandatory field.",""
"passed","Tue Apr 12 12:20:17 EEST 2022","Tue Apr 12 12:20:25 EEST 2022","8299","","User come to the 'Planned Maintenance' error page","","User come to the 'Planned Maintenance' error page","#0 User come to the ""Planned Maintenance"" error page","#0 User come to the ""Planned Maintenance"" error page",""
"passed","Tue Apr 12 13:01:22 EEST 2022","Tue Apr 12 13:01:38 EEST 2022","15844","","Homepage","","Homepage","#11 User is displayed with the correct cash balance format in the dropdown card when balance exceeds 9999 (five figure balance)","#11 User is displayed with the correct cash balance format in the dropdown card when balance exceeds 9999 (five figure balance)",""
"failed","Tue Apr 12 12:59:49 EEST 2022","Tue Apr 12 13:00:03 EEST 2022","14537","","Deep Link -> Deposit Limits","","Deep Link -> Deposit Limits","#2 Deep link to deposit limits open login when not logged in before deposit limits","#2 Deep link to deposit limits open login when not logged in before deposit limits",""
"passed","Tue Apr 12 13:05:38 EEST 2022","Tue Apr 12 13:05:55 EEST 2022","17447","","My Account > Gambling Controls > Account Closure > Self Exclusion","","My Account > Gambling Controls > Account Closure > Self Exclusion","#12 Player can continue with chosen 6 months option to 'Self Exclusion' and confirming modal should display.","#12 Player can continue with chosen 6 months option to 'Self Exclusion' and confirming modal should display.",""
"passed","Tue Apr 12 13:00:47 EEST 2022","Tue Apr 12 13:00:53 EEST 2022","5822","","Landing Page/Welcome Offer page","","Landing Page/Welcome Offer page","#6 User can click on the WELCOME BONUS FULL TERMS AND CONDITIONS","#6 User can click on the WELCOME BONUS FULL TERMS AND CONDITIONS",""
"passed","Tue Apr 12 12:59:32 EEST 2022","Tue Apr 12 12:59:39 EEST 2022","7350","","Footer functionality testing","","Footer functionality testing","#2 Player can see payment logos","#2 Player can see payment logos",""
"failed","Tue Apr 12 13:06:24 EEST 2022","Tue Apr 12 13:06:32 EEST 2022","7698","","Slots page","","Slots page","#3 User can see static hero banner carousel and can click on it and see game info page","#3 User can see static hero banner carousel and can click on it and see game info page",""
"passed","Tue Apr 12 13:00:22 EEST 2022","Tue Apr 12 13:00:39 EEST 2022","16854","","My Account > Gambling Controls > Deposit Limits","","My Account > Gambling Controls > Deposit Limits","#1 Player can view their deposit limits.","#1 Player can view their deposit limits.",""
"passed","Tue Apr 12 13:00:17 EEST 2022","Tue Apr 12 13:00:33 EEST 2022","15313","","My Account > Gambling Controls > Loss Limits","","My Account > Gambling Controls > Loss Limits","#1 User can view their Loss limits ","#1 User can view their Loss limits ",""
"passed","Tue Apr 12 13:05:49 EEST 2022","Tue Apr 12 13:06:07 EEST 2022","18470","","My Account > Gambling Controls > Deposit Limits","","My Account > Gambling Controls > Deposit Limits","#22 Player can close 'How deposit limits work' modal.","#22 Player can close 'How deposit limits work' modal.",""
"passed","Tue Apr 12 13:08:01 EEST 2022","Tue Apr 12 13:08:16 EEST 2022","14993","","My Profile > Communications Preferences","","My Profile > Communications Preferences","#9 Player can unselect all preferences using the select all toggle (select all toggle already active), which upon saving updates the account area accordingly","#9 Player can unselect all preferences using the select all toggle (select all toggle already active), which upon saving updates the account area accordingly",""
"passed","Tue Apr 12 13:06:50 EEST 2022","Tue Apr 12 13:06:55 EEST 2022","5017","","Registration > Step 1","","Registration > Step 1","#29 User can successfully enter email address with uppercase letters.","#29 User can successfully enter email address with uppercase letters.",""
"failed","Tue Apr 12 13:06:25 EEST 2022","Tue Apr 12 13:06:41 EEST 2022","16348","","My Account > Gambling Controls > Account Closure > Take A Break","","My Account > Gambling Controls > Account Closure > Take A Break","#5 Player cannot continue with 'Take A Break' if a duration is not selected.","#5 Player cannot continue with 'Take A Break' if a duration is not selected.",""
"failed","Tue Apr 12 13:03:39 EEST 2022","Tue Apr 12 13:03:54 EEST 2022","15598","","My Account -> Deposit","","My Account -> Deposit","#3 Check user is able to fill in details of required fields for card deposits","#3 Check user is able to fill in details of required fields for card deposits",""
"passed","Tue Apr 12 13:01:10 EEST 2022","Tue Apr 12 13:01:28 EEST 2022","18117","","My Account > Gambling Controls > Deposit Limits","","My Account > Gambling Controls > Deposit Limits","#4 Player can cancel out of the Deposit Limits modal.","#4 Player can cancel out of the Deposit Limits modal.",""
"passed","Tue Apr 12 12:59:34 EEST 2022","Tue Apr 12 12:59:50 EEST 2022","16058","","Homepage","","Homepage","#5 The details balance card is dismissed when the user clicks outside the modal","#5 The details balance card is dismissed when the user clicks outside the modal",""
"passed","Tue Apr 12 13:07:02 EEST 2022","Tue Apr 12 13:07:21 EEST 2022","18877","","My Profile > Contact Details","","My Profile > Contact Details","#06 Player can update country code number.","#06 Player can update country code number.",""
"passed","Tue Apr 12 13:06:08 EEST 2022","Tue Apr 12 13:06:24 EEST 2022","15600","","My Profile > Communications Preferences","","My Profile > Communications Preferences","#2 Player can edit their preferences and exit using the x close button within the modal discarding changes","#2 Player can edit their preferences and exit using the x close button within the modal discarding changes",""
"passed","Tue Apr 12 12:59:50 EEST 2022","Tue Apr 12 13:00:06 EEST 2022","15505","","Homepage","","Homepage","#6 The details balance card is dismissed when the user clicks and drags the footer","#6 The details balance card is dismissed when the user clicks and drags the footer",""
"passed","Tue Apr 12 13:02:21 EEST 2022","Tue Apr 12 13:02:36 EEST 2022","14681","","Inbox functionality testing","","Inbox functionality testing","#13 Unread message count is not present on Inbox navigation bar icon if no messages","#13 Unread message count is not present on Inbox navigation bar icon if no messages",""
"passed","Tue Apr 12 12:59:09 EEST 2022","Tue Apr 12 12:59:18 EEST 2022","8800","","404 error page functionality testing.","","404 error page functionality testing.","#7 Player can click ""Deposit"" button and open Deposit window.","#7 Player can click ""Deposit"" button and open Deposit window.",""
"passed","Tue Apr 12 13:02:08 EEST 2022","Tue Apr 12 13:02:21 EEST 2022","12703","","Inbox functionality testing","","Inbox functionality testing","#12 Player with less than 15 messages should not be able to view more","#12 Player with less than 15 messages should not be able to view more",""
"passed","Tue Apr 12 12:42:24 EEST 2022","Tue Apr 12 12:42:31 EEST 2022","7238","","Registration > Step 3","","Registration > Step 3","#11 User cannot enter invalid characters into the Post Code field.","#11 User cannot enter invalid characters into the Post Code field.",""
"passed","Tue Apr 12 13:02:19 EEST 2022","Tue Apr 12 13:02:37 EEST 2022","18782","","My Account > Gambling Controls > Deposit Limits","","My Account > Gambling Controls > Deposit Limits","#8 Player can close the Deposit Limits Delete modal","#8 Player can close the Deposit Limits Delete modal",""
"failed","Tue Apr 12 13:07:17 EEST 2022","Tue Apr 12 13:07:26 EEST 2022","9432","","Slots page","","Slots page","#12 User logged in hover the game card  and click on CTA ""INFO"" and go to INFO page and click on ""PLAY NOW"" and see game page","#12 User logged in hover the game card  and click on CTA ""INFO"" and go to INFO page and click on ""PLAY NOW"" and see game page",""
"passed","Tue Apr 12 12:44:05 EEST 2022","Tue Apr 12 12:44:26 EEST 2022","21757","","Promotions functionality testing. Promotions functionality for authenticated user. Particular promotions.","","Promotions functionality testing. Promotions functionality for authenticated user. Particular promotions.","#17 User can opt in bonus and get modal with all sections, click on the primary CTA and procceds with the journey","#17 User can opt in bonus and get modal with all sections, click on the primary CTA and procceds with the journey",""
"passed","Tue Apr 12 13:06:33 EEST 2022","Tue Apr 12 13:06:38 EEST 2022","4889","","Registration > Step 1","","Registration > Step 1","#12 User can successfully enter email address with local domain (.de).","#12 User can successfully enter email address with local domain (.de).",""
"passed","Tue Apr 12 12:40:46 EEST 2022","Tue Apr 12 12:41:00 EEST 2022","13704","","Registration > Step 3","","Registration > Step 3","#02 User can navigate back to the previous step.","#02 User can navigate back to the previous step.",""
"passed","Tue Apr 12 12:59:15 EEST 2022","Tue Apr 12 12:59:20 EEST 2022","4642","","Log In","","Log In","#05 Player can close the login modal.","#05 Player can close the login modal.",""
"passed","Tue Apr 12 12:42:25 EEST 2022","Tue Apr 12 12:42:36 EEST 2022","10979","","UnsubscribePage","","UnsubscribePage","#1 Unsubscribe page is displayed with correct content.","#1 Unsubscribe page is displayed with correct content.",""
"passed","Tue Apr 12 12:59:26 EEST 2022","Tue Apr 12 12:59:34 EEST 2022","8363","","Log In","","Log In","#07 Player cannot login when entering an incorrect password.","#07 Player cannot login when entering an incorrect password.",""
"passed","Tue Apr 12 13:02:41 EEST 2022","Tue Apr 12 13:02:47 EEST 2022","5877","","Landing Page/Welcome Casino page","","Landing Page/Welcome Casino page","#6 User can click on the WELCOME BONUS FULL TERMS AND CONDITIONS","#6 User can click on the WELCOME BONUS FULL TERMS AND CONDITIONS",""
"passed","Tue Apr 12 12:41:37 EEST 2022","Tue Apr 12 12:41:55 EEST 2022","18242","","My Account > Settings > Change Password","","My Account > Settings > Change Password","#13 Player inputs into the password fields should be masked by default.","#13 Player inputs into the password fields should be masked by default.",""
"passed","Tue Apr 12 13:00:07 EEST 2022","Tue Apr 12 13:00:13 EEST 2022","6233","","Home => Terms & Conditions","","Home => Terms & Conditions","#4 User can come to the Responsible Gambling page from terms and conditions page","#4 User can come to the Responsible Gambling page from terms and conditions page",""
"passed","Tue Apr 12 12:58:57 EEST 2022","Tue Apr 12 12:58:59 EEST 2022","1792","","404 error page functionality testing.","","404 error page functionality testing.","#3 Player can click ""Logo"" button and after that it will redirect to Home page.","#3 Player can click ""Logo"" button and after that it will redirect to Home page.",""
"passed","Tue Apr 12 12:45:50 EEST 2022","Tue Apr 12 12:46:04 EEST 2022","13732","","Promotions functionality testing. Promotions functionality for authenticated user. Particular promotions.","","Promotions functionality testing. Promotions functionality for authenticated user. Particular promotions.","#21 User can click on the terms and conditions link and the terms and conditions are displayed for deposit bonus.","#21 User can click on the terms and conditions link and the terms and conditions are displayed for deposit bonus.",""
"passed","Tue Apr 12 12:59:59 EEST 2022","Tue Apr 12 13:00:07 EEST 2022","7783","","Home => Terms & Conditions","","Home => Terms & Conditions","#3 User can come to the Gambling commission page from terms and conditions page","#3 User can come to the Gambling commission page from terms and conditions page",""
"failed","Tue Apr 12 13:04:03 EEST 2022","Tue Apr 12 13:04:29 EEST 2022","25819","","My Account > Gambling Controls > Account Closure > Self Exclusion","","My Account > Gambling Controls > Account Closure > Self Exclusion","#7 Player can choose 6 months option for 'Self Exclusion' and this option should be selected.","#7 Player can choose 6 months option for 'Self Exclusion' and this option should be selected.",""
"failed","Tue Apr 12 12:41:07 EEST 2022","Tue Apr 12 12:41:31 EEST 2022","23511","","Promotions functionality testing. Promotions functionality for authenticated user. Particular promotions.","","Promotions functionality testing. Promotions functionality for authenticated user. Particular promotions.","#10 All main sections for card are displayed for OPT IN bonus.","#10 All main sections for card are displayed for OPT IN bonus.",""
"passed","Tue Apr 12 13:00:13 EEST 2022","Tue Apr 12 13:00:18 EEST 2022","5633","","Home => Terms & Conditions","","Home => Terms & Conditions","#5 User can come to the Gamble Aware page from terms and conditions page","#5 User can come to the Gamble Aware page from terms and conditions page",""
"passed","Tue Apr 12 13:04:29 EEST 2022","Tue Apr 12 13:04:46 EEST 2022","16749","","My Account > Gambling Controls > Account Closure > Self Exclusion","","My Account > Gambling Controls > Account Closure > Self Exclusion","#8 Player can choose 12 months option for 'Self Exclusion' and this option should be selected.","#8 Player can choose 12 months option for 'Self Exclusion' and this option should be selected.",""
"passed","Tue Apr 12 12:59:48 EEST 2022","Tue Apr 12 12:59:55 EEST 2022","6926","","Log In","","Log In","#14 Player can select the link to recover their password.","#14 Player can select the link to recover their password.",""
"passed","Tue Apr 12 12:59:04 EEST 2022","Tue Apr 12 12:59:11 EEST 2022","7580","","Home page => Privacy Policy page","","Home page => Privacy Policy page","#2 User can come to the Merkur Slots page from Privacy Policy page","#2 User can come to the Merkur Slots page from Privacy Policy page",""
"failed","Tue Apr 12 12:44:26 EEST 2022","Tue Apr 12 12:45:23 EEST 2022","56609","","Promotions functionality testing. Promotions functionality for authenticated user. Particular promotions.","","Promotions functionality testing. Promotions functionality for authenticated user. Particular promotions.","#18 User can close confirmation message, return to the calling page and bonus has been claimed.","#18 User can close confirmation message, return to the calling page and bonus has been claimed.",""
"passed","Tue Apr 12 13:01:41 EEST 2022","Tue Apr 12 13:02:01 EEST 2022","19654","","My Account > Gambling Controls > Loss Limits","","My Account > Gambling Controls > Loss Limits","#6 User can successfully update their loss limits in the Loss Limits Delete modal ","#6 User can successfully update their loss limits in the Loss Limits Delete modal ",""
"passed","Tue Apr 12 13:06:12 EEST 2022","Tue Apr 12 13:06:30 EEST 2022","18468","","My Account > Gambling Controls > Account Closure > Self Exclusion","","My Account > Gambling Controls > Account Closure > Self Exclusion","#14 Player can continue with chosen 18 months option to 'Self Exclusion' and confirming modal should display.","#14 Player can continue with chosen 18 months option to 'Self Exclusion' and confirming modal should display.",""
"passed","Tue Apr 12 13:06:32 EEST 2022","Tue Apr 12 13:06:37 EEST 2022","4999","","Slots page","","Slots page","#4 User can see game carousel and can scroll it","#4 User can see game carousel and can scroll it",""
"failed","Tue Apr 12 13:06:17 EEST 2022","Tue Apr 12 13:06:24 EEST 2022","7252","","Slots page","","Slots page","#2 User can see hero banner carousel and can scroll it","#2 User can see hero banner carousel and can scroll it",""
"passed","Tue Apr 12 12:45:19 EEST 2022","Tue Apr 12 12:45:36 EEST 2022","17483","","Spin Zone functionality testing","","Spin Zone functionality testing","#10 Player can close game","#10 Player can close game",""
"failed","Tue Apr 12 12:57:18 EEST 2022","Tue Apr 12 12:57:40 EEST 2022","21277","","Promotions functionality testing. Promotions functionality for unauthenticated user.","","Promotions functionality testing. Promotions functionality for unauthenticated user.","#44 User can see list of promotions after click Back button from more info details.","#44 User can see list of promotions after click Back button from more info details.",""
"passed","Tue Apr 12 12:45:37 EEST 2022","Tue Apr 12 12:45:50 EEST 2022","12929","","Promotions functionality testing. Promotions functionality for authenticated user. Particular promotions.","","Promotions functionality testing. Promotions functionality for authenticated user. Particular promotions.","#20 Error message is displayed after user enters amount that is less than the qualification amount for deposit bonus.","#20 Error message is displayed after user enters amount that is less than the qualification amount for deposit bonus.",""
"passed","Tue Apr 12 13:01:38 EEST 2022","Tue Apr 12 13:01:52 EEST 2022","13732","","Homepage","","Homepage","#12 Balance preview correctly displays £0.00 if user has no balance","#12 Balance preview correctly displays £0.00 if user has no balance",""
"passed","Tue Apr 12 13:05:32 EEST 2022","Tue Apr 12 13:05:49 EEST 2022","16857","","My Account > Gambling Controls > Deposit Limits","","My Account > Gambling Controls > Deposit Limits","#21 Player can open 'How deposit limits work' modal.","#21 Player can open 'How deposit limits work' modal.",""
"failed","Tue Apr 12 12:59:26 EEST 2022","Tue Apr 12 12:59:32 EEST 2022","5340","","Footer functionality testing","","Footer functionality testing","#1 Player can see a light grey bar at the top of the footer","#1 Player can see a light grey bar at the top of the footer",""
"passed","Tue Apr 12 12:59:11 EEST 2022","Tue Apr 12 12:59:15 EEST 2022","4349","","Log In","","Log In","#04 Player cannot submit blank details on the Login Form.","#04 Player cannot submit blank details on the Login Form.",""
"failed","Tue Apr 12 13:04:37 EEST 2022","Tue Apr 12 13:04:57 EEST 2022","20325","","My Account > Gambling Controls > Deposit Limits","","My Account > Gambling Controls > Deposit Limits","#18 Player can submit a blank value in the Deposit Limits.","#18 Player can submit a blank value in the Deposit Limits.",""
"passed","Tue Apr 12 12:39:12 EEST 2022","Tue Apr 12 12:40:23 EEST 2022","71628","","My Account > Settings > Change Password","","My Account > Settings > Change Password","#07 New password must contain a number.","#07 New password must contain a number.",""
"passed","Tue Apr 12 12:26:43 EEST 2022","Tue Apr 12 12:27:14 EEST 2022","30364","","Deep Link -> Play Reminders","","Deep Link -> Play Reminders","#1 Deep link to play reminders opens when logged in","#1 Deep link to play reminders opens when logged in",""
"passed","Tue Apr 12 13:02:19 EEST 2022","Tue Apr 12 13:02:38 EEST 2022","18334","","My Account > Gambling Controls > Loss Limits","","My Account > Gambling Controls > Loss Limits","#8 User can successfully set a daily loss limit if not already set ","#8 User can successfully set a daily loss limit if not already set ",""
"passed","Tue Apr 12 12:40:33 EEST 2022","Tue Apr 12 12:40:37 EEST 2022","4330","","Registration > Step 2","","Registration > Step 2","#05 Date of Birth is a mandatory field.","#05 Date of Birth is a mandatory field.",""
"passed","Tue Apr 12 13:07:07 EEST 2022","Tue Apr 12 13:07:17 EEST 2022","9717","","Slots page","","Slots page","#11 User logged in and hover the game card and click on CTA ""PLAY NOW"" and go to game page","#11 User logged in and hover the game card and click on CTA ""PLAY NOW"" and go to game page",""
"failed","Tue Apr 12 13:00:54 EEST 2022","Tue Apr 12 13:01:00 EEST 2022","5964","","Home => Terms & Conditions","","Home => Terms & Conditions","#10 User can see the Terms and Conditions section on terms and conditions page","#10 User can see the Terms and Conditions section on terms and conditions page",""
"passed","Tue Apr 12 12:47:24 EEST 2022","Tue Apr 12 12:47:40 EEST 2022","15810","","Promotions functionality testing. Promotions functionality for authenticated user. Particular promotions.","","Promotions functionality testing. Promotions functionality for authenticated user. Particular promotions.","#25 User can make bonus deposit.","#25 User can make bonus deposit.",""
"passed","Tue Apr 12 13:04:31 EEST 2022","Tue Apr 12 13:04:32 EEST 2022","1272","","Homepage","","Homepage","#7 The user can use for Malta contact@eyasgaming.com e-mail","#7 The user can use for Malta contact@eyasgaming.com e-mail",""
"failed","Tue Apr 12 13:08:21 EEST 2022","Tue Apr 12 13:08:49 EEST 2022","27490","","Registration > Step 4","","Registration > Step 4","#12 User can click on confirm checkbox and click success registration button.","#12 User can click on confirm checkbox and click success registration button.",""
"passed","Tue Apr 12 13:01:55 EEST 2022","Tue Apr 12 13:02:01 EEST 2022","6686","","Landing Page/Welcome Games page","","Landing Page/Welcome Games page","#8 User can come to the Promotion page from the Welcome Games page","#8 User can come to the Promotion page from the Welcome Games page",""
"passed","Tue Apr 12 13:03:27 EEST 2022","Tue Apr 12 13:03:45 EEST 2022","18685","","My Account > Gambling Controls > Account Closure > Self Exclusion","","My Account > Gambling Controls > Account Closure > Self Exclusion","#3 Player can press 'Back' button of the 'Self Exlusion' modal and should return to previous step.","#3 Player can press 'Back' button of the 'Self Exlusion' modal and should return to previous step.",""
"failed","Tue Apr 12 12:59:44 EEST 2022","Tue Apr 12 12:59:52 EEST 2022","8489","","Home => Terms & Conditions","","Home => Terms & Conditions","#1 User can come to the help center from terms and conditions page","#1 User can come to the help center from terms and conditions page",""
"passed","Tue Apr 12 13:05:14 EEST 2022","Tue Apr 12 13:05:24 EEST 2022","10092","","Recover Password","","Recover Password","#05 Player receives 'Sent' success feedback on submitting a valid email address.","#05 Player receives 'Sent' success feedback on submitting a valid email address.",""
"skipped","Tue Apr 12 12:42:18 EEST 2022","Tue Apr 12 12:42:18 EEST 2022","0","","My Account > Settings > Change Password","","My Account > Settings > Change Password","#15 Player can successfully update and sign in with their new password.","#15 Player can successfully update and sign in with their new password.",""
"passed","Tue Apr 12 13:04:32 EEST 2022","Tue Apr 12 13:04:49 EEST 2022","17025","","My Account > Gambling Controls > Loss Limits","","My Account > Gambling Controls > Loss Limits","#17 User can open 'How loss limits work' modal. ","#17 User can open 'How loss limits work' modal. ",""
"passed","Tue Apr 12 13:00:18 EEST 2022","Tue Apr 12 13:00:31 EEST 2022","13156","","Inbox functionality testing","","Inbox functionality testing","#4 Player can see their message list, with messages displaying the correct information (if messages > 1)","#4 Player can see their message list, with messages displaying the correct information (if messages > 1)",""
"passed","Tue Apr 12 13:04:47 EEST 2022","Tue Apr 12 13:04:57 EEST 2022","9759","","Recover Password","","Recover Password","#02 Player cannot submit a blank email address on the recover password form.","#02 Player cannot submit a blank email address on the recover password form.",""
"passed","Tue Apr 12 12:37:17 EEST 2022","Tue Apr 12 12:38:41 EEST 2022","83758","","My Account > Settings > Change Password","","My Account > Settings > Change Password","#04 Player cannot submit the Change Password form with blank details.","#04 Player cannot submit the Change Password form with blank details.",""
"failed","Tue Apr 12 13:01:31 EEST 2022","Tue Apr 12 13:01:37 EEST 2022","5476","","Home => Terms & Conditions","","Home => Terms & Conditions","#17 User can see the Errors, Interruptions and Malfunctions section on terms and conditions page","#17 User can see the Errors, Interruptions and Malfunctions section on terms and conditions page",""
"passed","Tue Apr 12 12:26:39 EEST 2022","Tue Apr 12 12:26:57 EEST 2022","17768","","Deep Link -> Edit Phone","","Deep Link -> Edit Phone","#1 Deep link to edit phone opens when logged in","#1 Deep link to edit phone opens when logged in",""
"passed","Tue Apr 12 13:06:20 EEST 2022","Tue Apr 12 13:06:24 EEST 2022","4482","","Registration > Step 1","","Registration > Step 1","#07 User can not enter an invaild email address (no @ sign).","#07 User can not enter an invaild email address (no @ sign).",""
"passed","Tue Apr 12 12:20:26 EEST 2022","Tue Apr 12 12:20:27 EEST 2022","1313","","Service unavailable","","Service unavailable","#1 The user is on the Location Error page","#1 The user is on the Location Error page",""
"failed","Tue Apr 12 13:02:24 EEST 2022","Tue Apr 12 13:02:30 EEST 2022","6196","","Home => Terms & Conditions","","Home => Terms & Conditions","#26 User can see the Miscellaneous section on terms and conditions page","#26 User can see the Miscellaneous section on terms and conditions page",""
"failed","Tue Apr 12 12:37:08 EEST 2022","Tue Apr 12 12:37:37 EEST 2022","29329","","Promotions functionality testing. Promotions functionality for authenticated user. Blocks of promotions.","","Promotions functionality testing. Promotions functionality for authenticated user. Blocks of promotions.","#2 All active promotions cards are displayed.","#2 All active promotions cards are displayed.",""
"passed","Tue Apr 12 13:01:49 EEST 2022","Tue Apr 12 13:01:55 EEST 2022","5633","","Landing Page/Welcome Games page","","Landing Page/Welcome Games page","#7 User can come to the ""Be Gambling Aware"" site from the Welcome Games page","#7 User can come to the ""Be Gambling Aware"" site from the Welcome Games page",""
"passed","Tue Apr 12 13:06:11 EEST 2022","Tue Apr 12 13:06:17 EEST 2022","6368","","Slots page","","Slots page","#1 User can navigates to the slots page and all elements are persisted on the page","#1 User can navigates to the slots page and all elements are persisted on the page",""
"failed","Tue Apr 12 13:00:47 EEST 2022","Tue Apr 12 13:00:54 EEST 2022","6551","","Home => Terms & Conditions","","Home => Terms & Conditions","#9 User can see Introduction section on terms and conditions page","#9 User can see Introduction section on terms and conditions page",""
"passed","Tue Apr 12 13:04:45 EEST 2022","Tue Apr 12 13:05:09 EEST 2022","23762","","My Account > Gambling Controls > Play Reminders","","My Account > Gambling Controls > Play Reminders","#7 Player can successfully edit their 'Time Limit'.","#7 Player can successfully edit their 'Time Limit'.",""
"passed","Tue Apr 12 13:00:39 EEST 2022","Tue Apr 12 13:00:52 EEST 2022","13202","","My Account > Gambling Controls > Deposit Limits","","My Account > Gambling Controls > Deposit Limits","#2 Player is displayed 'Set Deposit Limit' text if no deposit limits are set.","#2 Player is displayed 'Set Deposit Limit' text if no deposit limits are set.",""
"passed","Tue Apr 12 12:59:05 EEST 2022","Tue Apr 12 12:59:11 EEST 2022","5371","","Log In","","Log In","#03 Password field is a mandatory field.","#03 Password field is a mandatory field.",""
"skipped","Tue Apr 12 13:04:37 EEST 2022","Tue Apr 12 13:04:37 EEST 2022","0","","My Account > Gambling Controls > Deposit Limits","","My Account > Gambling Controls > Deposit Limits","#16 Player cannot set Deposit Limit lower than the minimum amount.","#16 Player cannot set Deposit Limit lower than the minimum amount.",""
"failed","Tue Apr 12 12:53:36 EEST 2022","Tue Apr 12 12:55:34 EEST 2022","118206","","Promotions functionality testing. Promotions functionality for unauthenticated user.","","Promotions functionality testing. Promotions functionality for unauthenticated user.","#38 All main sections for card are displayed for CLAIM bonus for unauthenticated user.","#38 All main sections for card are displayed for CLAIM bonus for unauthenticated user.",""
"passed","Tue Apr 12 13:02:30 EEST 2022","Tue Apr 12 13:02:35 EEST 2022","4731","","Home => Terms & Conditions","","Home => Terms & Conditions","#27 User can opened mail client after clicks/taps on “care@merkurslots.com” ","#27 User can opened mail client after clicks/taps on “care@merkurslots.com” ",""
"passed","Tue Apr 12 12:38:58 EEST 2022","Tue Apr 12 12:39:12 EEST 2022","13702","","My Account > Settings > Change Password","","My Account > Settings > Change Password","#06 Player is displayed with the password requirements when they start to enter a new password.","#06 Player is displayed with the password requirements when they start to enter a new password.",""
"failed","Tue Apr 12 12:48:37 EEST 2022","Tue Apr 12 12:49:09 EEST 2022","32385","","Promotions functionality testing. Promotions functionality for unauthenticated user.","","Promotions functionality testing. Promotions functionality for unauthenticated user.","#30 Promo image of promotion card is displayed for not login user.","#30 Promo image of promotion card is displayed for not login user.",""
"passed","Tue Apr 12 12:58:54 EEST 2022","Tue Apr 12 12:58:58 EEST 2022","4040","","Expired Link Error","","Expired Link Error","#3 User can come to the Home page from ""Expired Link"" error page. ","#3 User can come to the Home page from ""Expired Link"" error page. ",""
"passed","Tue Apr 12 13:02:02 EEST 2022","Tue Apr 12 13:02:19 EEST 2022","16577","","My Account > Gambling Controls > Deposit Limits","","My Account > Gambling Controls > Deposit Limits","#7 Player can open the Deposit Limits Delete modal on delete icon click.","#7 Player can open the Deposit Limits Delete modal on delete icon click.",""
"passed","Tue Apr 12 13:05:32 EEST 2022","Tue Apr 12 13:05:37 EEST 2022","5068","","Registration > Step 1","","Registration > Step 1","#01 User is displayed the correct content and input fields for Step 1.","#01 User is displayed the correct content and input fields for Step 1.",""
"passed","Tue Apr 12 13:06:13 EEST 2022","Tue Apr 12 13:06:20 EEST 2022","7201","","Registration > Step 1","","Registration > Step 1","#06 User can not register with an email address that already exists.","#06 User can not register with an email address that already exists.",""
"passed","Tue Apr 12 12:40:37 EEST 2022","Tue Apr 12 12:40:41 EEST 2022","4156","","Registration > Step 2","","Registration > Step 2","#06 User cannot enter less that 2 characters into step 2 name input fields.","#06 User cannot enter less that 2 characters into step 2 name input fields.",""
"failed","Tue Apr 12 13:01:37 EEST 2022","Tue Apr 12 13:01:43 EEST 2022","5643","","Home => Terms & Conditions","","Home => Terms & Conditions","#18 User can see the Anti-Money Laundering section on terms and conditions page","#18 User can see the Anti-Money Laundering section on terms and conditions page",""
"passed","Tue Apr 12 12:40:51 EEST 2022","Tue Apr 12 12:41:04 EEST 2022","12267","","My Account > Settings > Change Password","","My Account > Settings > Change Password","#10 New password must contain a minimum of 8 characters.","#10 New password must contain a minimum of 8 characters.",""
"failed","Tue Apr 12 12:48:05 EEST 2022","Tue Apr 12 12:48:37 EEST 2022","31651","","Promotions functionality testing. Promotions functionality for unauthenticated user.","","Promotions functionality testing. Promotions functionality for unauthenticated user.","#29 Promotions are displayed in correct order for unauthenticated user","#29 Promotions are displayed in correct order for unauthenticated user",""
"passed","Tue Apr 12 13:02:54 EEST 2022","Tue Apr 12 13:03:11 EEST 2022","17572","","My Account > Gambling Controls > Loss Limits","","My Account > Gambling Controls > Loss Limits","#10 User can successfully set a monthly loss limit if not already set ","#10 User can successfully set a monthly loss limit if not already set ",""
"passed","Tue Apr 12 13:03:11 EEST 2022","Tue Apr 12 13:03:33 EEST 2022","21453","","My Account > Gambling Controls > Loss Limits","","My Account > Gambling Controls > Loss Limits","#13 User cannot set a Loss Limit lower than the minimum amount. ","#13 User cannot set a Loss Limit lower than the minimum amount. ",""
"passed","Tue Apr 12 12:43:16 EEST 2022","Tue Apr 12 12:43:48 EEST 2022","31879","","UnsubscribePage","","UnsubscribePage","#4 User can check ‘Other’ radio button and the text input will be displayed","#4 User can check ‘Other’ radio button and the text input will be displayed",""
"passed","Tue Apr 12 12:43:35 EEST 2022","Tue Apr 12 12:43:47 EEST 2022","11247","","Registration > Step 3","","Registration > Step 3","#19 User can select a Country Code from the dropdown menu.","#19 User can select a Country Code from the dropdown menu.",""
"passed","Tue Apr 12 12:59:03 EEST 2022","Tue Apr 12 12:59:06 EEST 2022","2622","","Expired Link Error","","Expired Link Error","#7 User can click on x button and close reset password window. ","#7 User can click on x button and close reset password window. ",""
"passed","Tue Apr 12 12:25:53 EEST 2022","Tue Apr 12 12:26:24 EEST 2022","30872","","Deep Link -> Change Password","","Deep Link -> Change Password","#2 Deep link to change password open login when not logged in before change password","#2 Deep link to change password open login when not logged in before change password",""
"passed","Tue Apr 12 13:06:41 EEST 2022","Tue Apr 12 13:06:45 EEST 2022","3650","","Registration > Step 1","","Registration > Step 1","#23 User cannot continue to next step if their password does not meet the minimum password requirements.","#23 User cannot continue to next step if their password does not meet the minimum password requirements.",""
"passed","Tue Apr 12 12:27:14 EEST 2022","Tue Apr 12 12:28:02 EEST 2022","48545","","Deep Link -> Play Reminders","","Deep Link -> Play Reminders","#2 Deep link to play reminders open login when not logged in before play reminders","#2 Deep link to play reminders open login when not logged in before play reminders",""
"failed","Tue Apr 12 13:10:10 EEST 2022","Tue Apr 12 13:10:30 EEST 2022","20026","","My Account > Gambling Controls > Account Closure > Take A Break","","My Account > Gambling Controls > Account Closure > Take A Break","#17 Player can close the take a break modal.","#17 Player can close the take a break modal.",""
"passed","Tue Apr 12 13:01:09 EEST 2022","Tue Apr 12 13:01:22 EEST 2022","13552","","Homepage","","Homepage","#10 User is displayed with a shortened balance in the preview section when balance exceeds 9999 (five figure balance)","#10 User is displayed with a shortened balance in the preview section when balance exceeds 9999 (five figure balance)",""
"passed","Tue Apr 12 12:26:25 EEST 2022","Tue Apr 12 12:26:52 EEST 2022","26573","","Deep Link -> Loss Limits","","Deep Link -> Loss Limits","#1 Deep link to loss limits opens when logged in","#1 Deep link to loss limits opens when logged in",""
"failed","Tue Apr 12 12:56:37 EEST 2022","Tue Apr 12 12:56:58 EEST 2022","20810","","Promotions functionality testing. Promotions functionality for unauthenticated user.","","Promotions functionality testing. Promotions functionality for unauthenticated user.","#42 Login form appears after press CLAIM CTA for CLAIM bonus of unauthenticated user.","#42 Login form appears after press CLAIM CTA for CLAIM bonus of unauthenticated user.",""
"passed","Tue Apr 12 13:05:24 EEST 2022","Tue Apr 12 13:05:39 EEST 2022","14100","","Recover Password","","Recover Password","#06 Recover Password button displays 'Re-Send Email' text after a successful first attempt.","#06 Recover Password button displays 'Re-Send Email' text after a successful first attempt.",""
"passed","Tue Apr 12 13:00:18 EEST 2022","Tue Apr 12 13:00:29 EEST 2022","10837","","Home => Terms & Conditions","","Home => Terms & Conditions","#6 User can come to the GamCare page from terms and conditions page","#6 User can come to the GamCare page from terms and conditions page",""
"passed","Tue Apr 12 12:42:21 EEST 2022","Tue Apr 12 12:42:33 EEST 2022","12072","","Promotions functionality testing. Promotions functionality for authenticated user. Particular promotions.","","Promotions functionality testing. Promotions functionality for authenticated user. Particular promotions.","#13 User can go to More Info details after click More Info CTA for authenticated user.","#13 User can go to More Info details after click More Info CTA for authenticated user.",""
"failed","Tue Apr 12 13:04:39 EEST 2022","Tue Apr 12 13:04:55 EEST 2022","16159","","My Account -> Deposit","","My Account -> Deposit","#6 Check user is able to select PayPal payment method and is provided with the correct information for this payment method","#6 Check user is able to select PayPal payment method and is provided with the correct information for this payment method",""
"passed","Tue Apr 12 12:42:47 EEST 2022","Tue Apr 12 12:43:16 EEST 2022","29369","","UnsubscribePage","","UnsubscribePage","#3 User can click on ‘Unsubscribe’ button and successfully unsubscribe window will be displayed with the correct content","#3 User can click on ‘Unsubscribe’ button and successfully unsubscribe window will be displayed with the correct content",""
"passed","Tue Apr 12 12:59:28 EEST 2022","Tue Apr 12 12:59:49 EEST 2022","21118","","Deep Link -> Deposit Limits","","Deep Link -> Deposit Limits","#1 Deep link to deposit limits opens when logged in","#1 Deep link to deposit limits opens when logged in",""
"passed","Tue Apr 12 13:00:44 EEST 2022","Tue Apr 12 13:00:55 EEST 2022","11416","","Inbox functionality testing","","Inbox functionality testing","#6 Player can open message and display the message contents (heading, date/time & body)","#6 Player can open message and display the message contents (heading, date/time & body)",""
"passed","Tue Apr 12 12:25:06 EEST 2022","Tue Apr 12 12:25:45 EEST 2022","38952","","Logout","","Logout","#01 Player can successfully logout.","#01 Player can successfully logout.",""
"passed","Tue Apr 12 12:59:06 EEST 2022","Tue Apr 12 12:59:09 EEST 2022","2954","","404 error page functionality testing.","","404 error page functionality testing.","#6 Player can click ""Go to lobby"" button and after that it will redirect to Home page.","#6 Player can click ""Go to lobby"" button and after that it will redirect to Home page.",""
"passed","Tue Apr 12 12:59:29 EEST 2022","Tue Apr 12 12:59:43 EEST 2022","13533","","Inbox functionality testing","","Inbox functionality testing","#1 Unread message count is present on Inbox navigation bar icon if player has unread messages","#1 Unread message count is present on Inbox navigation bar icon if player has unread messages",""
"failed","Tue Apr 12 12:56:16 EEST 2022","Tue Apr 12 12:56:37 EEST 2022","21016","","Promotions functionality testing. Promotions functionality for unauthenticated user.","","Promotions functionality testing. Promotions functionality for unauthenticated user.","#41 Login form appears after press DEPOSIT CTA for DEPOSIT bonus of unauthenticated user.","#41 Login form appears after press DEPOSIT CTA for DEPOSIT bonus of unauthenticated user.",""
"passed","Tue Apr 12 13:04:49 EEST 2022","Tue Apr 12 13:05:09 EEST 2022","19255","","My Account > Gambling Controls > Loss Limits","","My Account > Gambling Controls > Loss Limits","#18 User can close 'How loss limits work' modal. ","#18 User can close 'How loss limits work' modal. ",""
"failed","Tue Apr 12 13:08:59 EEST 2022","Tue Apr 12 13:09:20 EEST 2022","20635","","My Account > Gambling Controls > Account Closure > Take A Break","","My Account > Gambling Controls > Account Closure > Take A Break","#13 Player can continue with chosen 3 weeks option to 'Take A Break' and confirming modal should display.","#13 Player can continue with chosen 3 weeks option to 'Take A Break' and confirming modal should display.",""
"passed","Tue Apr 12 13:00:31 EEST 2022","Tue Apr 12 13:00:44 EEST 2022","12506","","Inbox functionality testing","","Inbox functionality testing","#5 Player can open message, removing the new badge from a message and decreasing the unread message count badge","#5 Player can open message, removing the new badge from a message and decreasing the unread message count badge",""
"passed","Tue Apr 12 12:40:23 EEST 2022","Tue Apr 12 12:40:39 EEST 2022","15586","","My Account > Settings > Change Password","","My Account > Settings > Change Password","#08 New password must contain a combination of upper and lower case letters (all upper case).","#08 New password must contain a combination of upper and lower case letters (all upper case).",""
"passed","Tue Apr 12 13:06:24 EEST 2022","Tue Apr 12 13:06:28 EEST 2022","3641","","Registration > Step 1","","Registration > Step 1","#08 User can not enter an invaild email address (space in email).","#08 User can not enter an invaild email address (space in email).",""
"passed","Tue Apr 12 12:40:24 EEST 2022","Tue Apr 12 12:40:28 EEST 2022","4325","","Registration > Step 2","","Registration > Step 2","#03 First Name is a mandatory field.","#03 First Name is a mandatory field.",""
"failed","Tue Apr 12 13:04:23 EEST 2022","Tue Apr 12 13:04:25 EEST 2022","2456","","Homepage","","Homepage","#4 After clicking on the second link from 'What personal data do we collect? -> Players', the user should see the page  https://www.merkurcasino.com/.","#4 After clicking on the second link from 'What personal data do we collect? -> Players', the user should see the page  https://www.merkurcasino.com/.",""
"passed","Tue Apr 12 12:42:07 EEST 2022","Tue Apr 12 12:42:16 EEST 2022","8715","","Registration > Step 3","","Registration > Step 3","#08 User cannot enter invalid characters into the Address Line 2 field.","#08 User cannot enter invalid characters into the Address Line 2 field.",""
"passed","Tue Apr 12 13:03:25 EEST 2022","Tue Apr 12 13:03:32 EEST 2022","6543","","Landing Page/Shop Welcome page","","Landing Page/Shop Welcome page","#4 User clicks on ""Be Aware Gambling"" link at Shop Welcome page","#4 User clicks on ""Be Aware Gambling"" link at Shop Welcome page",""
"failed","Tue Apr 12 13:02:11 EEST 2022","Tue Apr 12 13:02:18 EEST 2022","7148","","Home => Terms & Conditions","","Home => Terms & Conditions","#24 User can see the Limitation of Liability section on terms and conditions page","#24 User can see the Limitation of Liability section on terms and conditions page",""
"skipped","Tue Apr 12 13:04:10 EEST 2022","Tue Apr 12 13:04:10 EEST 2022","0","","My Account > Gambling Controls > Deposit Limits","","My Account > Gambling Controls > Deposit Limits","#14 Player can successfully set Deposit Limit to the minimum allowed value and will receive a success toast on submitting the new amount.","#14 Player can successfully set Deposit Limit to the minimum allowed value and will receive a success toast on submitting the new amount.",""
"failed","Tue Apr 12 13:09:40 EEST 2022","Tue Apr 12 13:09:50 EEST 2022","9900","","My Account > Gambling Controls > Account Closure > Take A Break","","My Account > Gambling Controls > Account Closure > Take A Break","#15 Player can choose to view the 'Self Exclusion' service from the 'Take A Break' modal.","#15 Player can choose to view the 'Self Exclusion' service from the 'Take A Break' modal.",""
"passed","Tue Apr 12 12:58:56 EEST 2022","Tue Apr 12 12:59:04 EEST 2022","7605","","Home page => Privacy Policy page","","Home page => Privacy Policy page","#1 User can come to the Eyas Gaming page from Privacy Policy page","#1 User can come to the Eyas Gaming page from Privacy Policy page",""
"passed","Tue Apr 12 12:47:40 EEST 2022","Tue Apr 12 12:47:42 EEST 2022","1733","","Promotions functionality testing. Promotions functionality for unauthenticated user.","","Promotions functionality testing. Promotions functionality for unauthenticated user.","#26 Promotion page is displayed for not login user.","#26 Promotion page is displayed for not login user.",""
"passed","Tue Apr 12 13:00:06 EEST 2022","Tue Apr 12 13:00:31 EEST 2022","25021","","Homepage","","Homepage","#7 Balance preview updates correctly upon refresh when a users balance is adjusted","#7 Balance preview updates correctly upon refresh when a users balance is adjusted",""
"failed","Tue Apr 12 13:08:17 EEST 2022","Tue Apr 12 13:08:38 EEST 2022","21146","","My Account > Gambling Controls > Account Closure > Take A Break","","My Account > Gambling Controls > Account Closure > Take A Break","#11 Player can continue with chosen 24 hours option to 'Take A Break' and confirming modal should display.","#11 Player can continue with chosen 24 hours option to 'Take A Break' and confirming modal should display.",""
"passed","Tue Apr 12 13:02:26 EEST 2022","Tue Apr 12 13:02:32 EEST 2022","5956","","Landing Page/Welcome Casino page","","Landing Page/Welcome Casino page","#4 User clicks on ""Be Aware Gambling"" link at Welcome Casino page","#4 User clicks on ""Be Aware Gambling"" link at Welcome Casino page",""
"passed","Tue Apr 12 13:02:32 EEST 2022","Tue Apr 12 13:02:41 EEST 2022","9287","","Landing Page/Welcome Casino page","","Landing Page/Welcome Casino page","#5 User try to click on PLAY CTA of Popular game at Welcome Casino page","#5 User try to click on PLAY CTA of Popular game at Welcome Casino page",""
"passed","Tue Apr 12 12:40:28 EEST 2022","Tue Apr 12 12:40:33 EEST 2022","4503","","Registration > Step 2","","Registration > Step 2","#04 Last Name is a mandatory field.","#04 Last Name is a mandatory field.",""
"passed","Tue Apr 12 13:03:33 EEST 2022","Tue Apr 12 13:03:53 EEST 2022","20629","","My Account > Gambling Controls > Loss Limits","","My Account > Gambling Controls > Loss Limits","#14 User cannot set a Loss Limit higher than the maximum amount. ","#14 User cannot set a Loss Limit higher than the maximum amount. ",""
"passed","Tue Apr 12 12:43:48 EEST 2022","Tue Apr 12 12:44:03 EEST 2022","15336","","UnsubscribePage","","UnsubscribePage","#5 User can check each radio button and submit the answer → result window will be displayed with the correct content","#5 User can check each radio button and submit the answer → result window will be displayed with the correct content",""
"passed","Tue Apr 12 12:41:55 EEST 2022","Tue Apr 12 12:42:18 EEST 2022","22520","","My Account > Settings > Change Password","","My Account > Settings > Change Password","#14 Player should be able to show/hide their inputs into the password fields.","#14 Player should be able to show/hide their inputs into the password fields.",""
"passed","Tue Apr 12 13:00:52 EEST 2022","Tue Apr 12 13:01:10 EEST 2022","18517","","My Account > Gambling Controls > Deposit Limits","","My Account > Gambling Controls > Deposit Limits","#3 Player can close the Deposit Limits modal.","#3 Player can close the Deposit Limits modal.",""
"passed","Tue Apr 12 12:38:41 EEST 2022","Tue Apr 12 12:38:58 EEST 2022","16967","","My Account > Settings > Change Password","","My Account > Settings > Change Password","#05 Player should be displayed an error if they submit the Change Password form with an incorrect Current Password.","#05 Player should be displayed an error if they submit the Change Password form with an incorrect Current Password.",""
"passed","Tue Apr 12 13:00:53 EEST 2022","Tue Apr 12 13:00:58 EEST 2022","5518","","Landing Page/Welcome Offer page","","Landing Page/Welcome Offer page","#7 User can come to the ""Be Gambling Aware"" site from the Welcome Offer page","#7 User can come to the ""Be Gambling Aware"" site from the Welcome Offer page",""
"passed","Tue Apr 12 13:03:06 EEST 2022","Tue Apr 12 13:03:27 EEST 2022","20436","","My Account > Gambling Controls > Account Closure > Self Exclusion","","My Account > Gambling Controls > Account Closure > Self Exclusion","#2 Player can close the 'Self Exclusion' modal.","#2 Player can close the 'Self Exclusion' modal.",""
"passed","Tue Apr 12 13:06:48 EEST 2022","Tue Apr 12 13:07:07 EEST 2022","18631","","My Account > Gambling Controls > Account Closure > Self Exclusion","","My Account > Gambling Controls > Account Closure > Self Exclusion","#16 Player can continue with chosen 5 years option to 'Self Exclusion' and confirming modal should display.","#16 Player can continue with chosen 5 years option to 'Self Exclusion' and confirming modal should display.",""
"passed","Tue Apr 12 12:42:20 EEST 2022","Tue Apr 12 12:42:34 EEST 2022","14307","","Spin Zone functionality testing","","Spin Zone functionality testing","#1 Player can see Menu button in the top left of the screen","#1 Player can see Menu button in the top left of the screen",""
"failed","Tue Apr 12 12:58:00 EEST 2022","Tue Apr 12 12:58:21 EEST 2022","20841","","Promotions functionality testing. Promotions functionality for unauthenticated user.","","Promotions functionality testing. Promotions functionality for unauthenticated user.","#46 User clicks button CLAIM for already CLAIMED bonus, successfully login and can see drawer ""This promotion is unavailable"".","#46 User clicks button CLAIM for already CLAIMED bonus, successfully login and can see drawer ""This promotion is unavailable"".",""
"passed","Tue Apr 12 13:03:40 EEST 2022","Tue Apr 12 13:04:01 EEST 2022","20587","","My Account > Gambling Controls > Play Reminders","","My Account > Gambling Controls > Play Reminders","#4 Player cannot continue with 'Time Limit' if a limit is not selected.","#4 Player cannot continue with 'Time Limit' if a limit is not selected.",""
"passed","Tue Apr 12 12:40:46 EEST 2022","Tue Apr 12 12:40:51 EEST 2022","4955","","Registration > Step 2","","Registration > Step 2","#08 User cannot enter invalid characters into step 2 name input fields.","#08 User cannot enter invalid characters into step 2 name input fields.",""
"passed","Tue Apr 12 13:06:28 EEST 2022","Tue Apr 12 13:06:33 EEST 2022","5053","","Registration > Step 1","","Registration > Step 1","#11 User can successfully enter email address with a combination of valid symbols, numbers and letters.","#11 User can successfully enter email address with a combination of valid symbols, numbers and letters.",""
"failed","Tue Apr 12 12:38:35 EEST 2022","Tue Apr 12 12:38:48 EEST 2022","13265","","Promotions functionality testing. Promotions functionality for authenticated user. Blocks of promotions.","","Promotions functionality testing. Promotions functionality for authenticated user. Blocks of promotions.","#4 Bonus History Page is displayed after clicks ""See all Activity"" in Recenty Activity.","#4 Bonus History Page is displayed after clicks ""See all Activity"" in Recenty Activity.",""
"passed","Tue Apr 12 12:59:20 EEST 2022","Tue Apr 12 12:59:26 EEST 2022","6254","","Log In","","Log In","#06 Player cannot login when entering an incorrect email address.","#06 Player cannot login when entering an incorrect email address.",""
"passed","Tue Apr 12 13:05:52 EEST 2022","Tue Apr 12 13:06:08 EEST 2022","15993","","My Profile > Communications Preferences","","My Profile > Communications Preferences","#1 Player can view their communication preferences (default preferences: empty communication preferences and English language)","#1 Player can view their communication preferences (default preferences: empty communication preferences and English language)",""
"failed","Tue Apr 12 12:51:19 EEST 2022","Tue Apr 12 12:51:56 EEST 2022","37548","","Promotions functionality testing. Promotions functionality for unauthenticated user.","","Promotions functionality testing. Promotions functionality for unauthenticated user.","#35 Short terms and conditions of promotion card is displayed for not login user.","#35 Short terms and conditions of promotion card is displayed for not login user.",""
"failed","Tue Apr 12 13:08:38 EEST 2022","Tue Apr 12 13:08:59 EEST 2022","20783","","My Account > Gambling Controls > Account Closure > Take A Break","","My Account > Gambling Controls > Account Closure > Take A Break","#12 Player can continue with chosen 1 week option to 'Take A Break' and confirming modal should display.","#12 Player can continue with chosen 1 week option to 'Take A Break' and confirming modal should display.",""
"passed","Tue Apr 12 13:01:44 EEST 2022","Tue Apr 12 13:01:49 EEST 2022","5281","","Landing Page/Welcome Games page","","Landing Page/Welcome Games page","#6 User can click on the WELCOME BONUS FULL TERMS AND CONDITIONS","#6 User can click on the WELCOME BONUS FULL TERMS AND CONDITIONS",""
"passed","Tue Apr 12 13:06:51 EEST 2022","Tue Apr 12 13:06:58 EEST 2022","7685","","Slots page","","Slots page","#8 User hover the game card and click on CTA 'INFO' and go to info page, click on JOIN and see register page","#8 User hover the game card and click on CTA 'INFO' and go to info page, click on JOIN and see register page",""
"skipped","Tue Apr 12 13:06:25 EEST 2022","Tue Apr 12 13:06:25 EEST 2022","1","","My Account > Gambling Controls > Account Closure > Take A Break","","My Account > Gambling Controls > Account Closure > Take A Break","#4 Player cannot continue with 'Take A Break' if a reason is not selected.","#4 Player cannot continue with 'Take A Break' if a reason is not selected.",""
"skipped","Tue Apr 12 13:03:11 EEST 2022","Tue Apr 12 13:03:11 EEST 2022","0","","My Account > Gambling Controls > Loss Limits","","My Account > Gambling Controls > Loss Limits","#12 User can successfully change their Loss Limit with a decimal value and receive a success toast on submitting the new amount. ","#12 User can successfully change their Loss Limit with a decimal value and receive a success toast on submitting the new amount. ",""
"passed","Tue Apr 12 12:58:46 EEST 2022","Tue Apr 12 12:58:59 EEST 2022","13253","","Log In","","Log In","#01 Player can open the Log In modal and is displayed with the correct fields.","#01 Player can open the Log In modal and is displayed with the correct fields.",""
"failed","Tue Apr 12 12:57:40 EEST 2022","Tue Apr 12 12:58:00 EEST 2022","20825","","Promotions functionality testing. Promotions functionality for unauthenticated user.","","Promotions functionality testing. Promotions functionality for unauthenticated user.","#45 User clicks button OPT IN for already OPTED IN bonus, successfully login and can see drawer ""This promotion is unavailable"".","#45 User clicks button OPT IN for already OPTED IN bonus, successfully login and can see drawer ""This promotion is unavailable"".",""
"failed","Tue Apr 12 13:07:56 EEST 2022","Tue Apr 12 13:08:17 EEST 2022","20647","","My Account > Gambling Controls > Account Closure > Take A Break","","My Account > Gambling Controls > Account Closure > Take A Break","#10 Player can choose 6 weeks option for 'Take A Break' and this option should be selected.","#10 Player can choose 6 weeks option for 'Take A Break' and this option should be selected.",""
"failed","Tue Apr 12 13:01:14 EEST 2022","Tue Apr 12 13:01:20 EEST 2022","6386","","Home => Terms & Conditions","","Home => Terms & Conditions","#14 User can see the Your Account section on terms and conditions page","#14 User can see the Your Account section on terms and conditions page",""
"passed","Tue Apr 12 13:08:46 EEST 2022","Tue Apr 12 13:09:01 EEST 2022","15020","","My Profile > Communications Preferences","","My Profile > Communications Preferences","#12 Player can uneselect just phone preferences using the phone toggle (phone already toggled on), which upon saving updates the account area accordingly","#12 Player can uneselect just phone preferences using the phone toggle (phone already toggled on), which upon saving updates the account area accordingly",""
"passed","Tue Apr 12 13:03:35 EEST 2022","Tue Apr 12 13:03:52 EEST 2022","16267","","My Account > Gambling Controls > Deposit Limits","","My Account > Gambling Controls > Deposit Limits","#12 Player can successfully set a monthly deposit limit if not already set.","#12 Player can successfully set a monthly deposit limit if not already set.",""
"passed","Tue Apr 12 13:03:18 EEST 2022","Tue Apr 12 13:03:39 EEST 2022","20500","","My Account -> Deposit","","My Account -> Deposit","#2 Check user is able to exit out of the deposit modal using the x button","#2 Check user is able to exit out of the deposit modal using the x button",""
"passed","Tue Apr 12 13:01:27 EEST 2022","Tue Apr 12 13:01:34 EEST 2022","6500","","Landing Page/Welcome Games page","","Landing Page/Welcome Games page","#4 User clicks on ""Be Aware Gambling"" link at Welcome Games page","#4 User clicks on ""Be Aware Gambling"" link at Welcome Games page",""
"passed","Tue Apr 12 13:06:05 EEST 2022","Tue Apr 12 13:06:13 EEST 2022","7854","","Registration > Step 1","","Registration > Step 1","#05 User can select the 'Login' button on the 'Account already exists' drawer and is displayed the Login form.","#05 User can select the 'Login' button on the 'Account already exists' drawer and is displayed the Login form.",""
"passed","Tue Apr 12 12:59:17 EEST 2022","Tue Apr 12 12:59:24 EEST 2022","6446","","Home page => Privacy Policy page","","Home page => Privacy Policy page","#4 User can come to the ICO(Information Commissioner's office) page from Privacy Policy page","#4 User can come to the ICO(Information Commissioner's office) page from Privacy Policy page",""
"passed","Tue Apr 12 12:42:49 EEST 2022","Tue Apr 12 12:43:01 EEST 2022","11928","","Registration > Step 3","","Registration > Step 3","#15 Phone Number is a mandatory field.","#15 Phone Number is a mandatory field.",""
"passed","Tue Apr 12 12:40:51 EEST 2022","Tue Apr 12 12:40:55 EEST 2022","3765","","Registration > Step 2","","Registration > Step 2","#11 User can enter valid details on Step 2 and progress to Step 3 of the registration process.","#11 User can enter valid details on Step 2 and progress to Step 3 of the registration process.",""
"passed","Tue Apr 12 13:06:59 EEST 2022","Tue Apr 12 13:07:16 EEST 2022","16751","","Registration > Step 4","","Registration > Step 4","#01 User is displayed the correct content and defaut options for Step 4.","#01 User is displayed the correct content and defaut options for Step 4.",""
"passed","Tue Apr 12 13:00:33 EEST 2022","Tue Apr 12 13:00:49 EEST 2022","15847","","My Account > Gambling Controls > Loss Limits","","My Account > Gambling Controls > Loss Limits","#2 User can open the Loss Limits Edit modal on edit icon click ","#2 User can open the Loss Limits Edit modal on edit icon click ",""
"passed","Tue Apr 12 12:59:58 EEST 2022","Tue Apr 12 13:00:18 EEST 2022","20332","","Inbox functionality testing","","Inbox functionality testing","#3 New messages are marked with a NEW message sticker","#3 New messages are marked with a NEW message sticker",""
"passed","Tue Apr 12 12:41:49 EEST 2022","Tue Apr 12 12:42:07 EEST 2022","17852","","Registration > Step 3","","Registration > Step 3","#07 User cannot enter invalid characters into the Address Line 1 field.","#07 User cannot enter invalid characters into the Address Line 1 field.",""
"skipped","Tue Apr 12 13:03:45 EEST 2022","Tue Apr 12 13:03:45 EEST 2022","3","","My Account > Gambling Controls > Account Closure > Self Exclusion","","My Account > Gambling Controls > Account Closure > Self Exclusion","#4 Player cannot continue with 'Self Exclusion' if a reason is not selected.","#4 Player cannot continue with 'Self Exclusion' if a reason is not selected.",""
"passed","Tue Apr 12 13:03:12 EEST 2022","Tue Apr 12 13:03:19 EEST 2022","6676","","Landing Page/Shop Welcome page","","Landing Page/Shop Welcome page","#2 User try to Join at Shop Welcome page","#2 User try to Join at Shop Welcome page",""
"passed","Tue Apr 12 13:03:19 EEST 2022","Tue Apr 12 13:03:25 EEST 2022","5961","","Landing Page/Shop Welcome page","","Landing Page/Shop Welcome page","#3 User clicks on ""Be Aware Gambling"" image at Shop Welcome page","#3 User clicks on ""Be Aware Gambling"" image at Shop Welcome page",""
"passed","Tue Apr 12 13:02:37 EEST 2022","Tue Apr 12 13:03:03 EEST 2022","25851","","My Account > Gambling Controls > Deposit Limits","","My Account > Gambling Controls > Deposit Limits","#9 Player can successfully update a daily deposit limit in the Deposit Limits Delete modal","#9 Player can successfully update a daily deposit limit in the Deposit Limits Delete modal",""
"passed","Tue Apr 12 12:40:45 EEST 2022","Tue Apr 12 12:41:07 EEST 2022","21902","","Promotions functionality testing. Promotions functionality for authenticated user. Blocks of promotions.","","Promotions functionality testing. Promotions functionality for authenticated user. Blocks of promotions.","#9 Featured promotions are excluded from the promotions section.","#9 Featured promotions are excluded from the promotions section.",""
"failed","Tue Apr 12 13:01:48 EEST 2022","Tue Apr 12 13:01:54 EEST 2022","5719","","Home => Terms & Conditions","","Home => Terms & Conditions","#20 User can see the Suspension/Termination of your Account section on terms and conditions page","#20 User can see the Suspension/Termination of your Account section on terms and conditions page",""
"passed","Tue Apr 12 13:04:00 EEST 2022","Tue Apr 12 13:04:08 EEST 2022","7385","","Landing Page/Shop Welcome page","","Landing Page/Shop Welcome page","#9 User can come to the Terms & Conditions page from the Shop Welcome page","#9 User can come to the Terms & Conditions page from the Shop Welcome page",""
"passed","Tue Apr 12 13:06:41 EEST 2022","Tue Apr 12 13:06:45 EEST 2022","4789","","Slots page","","Slots page","#6 User can hover mouse on game card and see all needed elements","#6 User can hover mouse on game card and see all needed elements",""
"passed","Tue Apr 12 13:00:58 EEST 2022","Tue Apr 12 13:01:05 EEST 2022","6580","","Landing Page/Welcome Offer page","","Landing Page/Welcome Offer page","#8 User can come to the Promotion page from the Welcome Offer page","#8 User can come to the Promotion page from the Welcome Offer page",""
"failed","Tue Apr 12 13:04:18 EEST 2022","Tue Apr 12 13:04:20 EEST 2022","2732","","Homepage","","Homepage","#2 After clicking on the link from 'Introduction to Eyas Gaming', the user should see the page  https://www.eyasgaming.com/.","#2 After clicking on the link from 'Introduction to Eyas Gaming', the user should see the page  https://www.eyasgaming.com/.",""
"passed","Tue Apr 12 12:35:55 EEST 2022","Tue Apr 12 12:36:31 EEST 2022","35736","","My Account > Settings > Change Password","","My Account > Settings > Change Password","#00 Player can close the Change Password modal.","#00 Player can close the Change Password modal.",""
"passed","Tue Apr 12 13:07:50 EEST 2022","Tue Apr 12 13:07:58 EEST 2022","8000","","Registration > Step 4","","Registration > Step 4","#08 User can overwrite Select All option and de-select a preference.","#08 User can overwrite Select All option and de-select a preference.",""
"passed","Tue Apr 12 12:44:08 EEST 2022","Tue Apr 12 12:44:24 EEST 2022","15698","","Spin Zone functionality testing","","Spin Zone functionality testing","#7 Player can see recently played games","#7 Player can see recently played games",""
"passed","Tue Apr 12 13:05:03 EEST 2022","Tue Apr 12 13:05:20 EEST 2022","17117","","My Account > Gambling Controls > Account Closure > Self Exclusion","","My Account > Gambling Controls > Account Closure > Self Exclusion","#10 Player can choose 2 years option for 'Self Exclusion' and this option should be selected.","#10 Player can choose 2 years option for 'Self Exclusion' and this option should be selected.",""
"passed","Tue Apr 12 13:02:54 EEST 2022","Tue Apr 12 13:03:01 EEST 2022","6527","","Landing Page/Welcome Casino page","","Landing Page/Welcome Casino page","#8 User can come to the Promotion page from the Welcome Casino page","#8 User can come to the Promotion page from the Welcome Casino page",""
"failed","Tue Apr 12 13:09:50 EEST 2022","Tue Apr 12 13:10:10 EEST 2022","20319","","My Account > Gambling Controls > Account Closure > Take A Break","","My Account > Gambling Controls > Account Closure > Take A Break","#16 Player can press 'BACK' for confirmating modal after chosen for 24 hours 'Take A Break' and should return to previous step.","#16 Player can press 'BACK' for confirmating modal after chosen for 24 hours 'Take A Break' and should return to previous step.",""
"passed","Tue Apr 12 13:06:38 EEST 2022","Tue Apr 12 13:06:58 EEST 2022","19794","","My Profile > Communications Preferences","","My Profile > Communications Preferences","#4 Player can edit their preferences and toggle all preferences with the select all toggle, which upon saving updates the account area","#4 Player can edit their preferences and toggle all preferences with the select all toggle, which upon saving updates the account area",""
"passed","Tue Apr 12 12:59:01 EEST 2022","Tue Apr 12 12:59:02 EEST 2022","1571","","Expired Link Error","","Expired Link Error","#5 User can click on Login button and see Login page. ","#5 User can click on Login button and see Login page. ",""
"failed","Tue Apr 12 13:09:20 EEST 2022","Tue Apr 12 13:09:40 EEST 2022","20063","","My Account > Gambling Controls > Account Closure > Take A Break","","My Account > Gambling Controls > Account Closure > Take A Break","#14 Player can continue with chosen 6 weeks option to 'Take A Break' and confirming modal should display.","#14 Player can continue with chosen 6 weeks option to 'Take A Break' and confirming modal should display.",""
"passed","Tue Apr 12 13:00:31 EEST 2022","Tue Apr 12 13:00:51 EEST 2022","20325","","Homepage","","Homepage","#8 Cash amount is updated correctly in the dropdown details when cash balance is adjusted","#8 Cash amount is updated correctly in the dropdown details when cash balance is adjusted",""
"passed","Tue Apr 12 13:07:58 EEST 2022","Tue Apr 12 13:08:10 EEST 2022","11461","","Registration > Step 4","","Registration > Step 4","#10 User can click and view the T&Cs.","#10 User can click and view the T&Cs.",""
"passed","Tue Apr 12 13:01:21 EEST 2022","Tue Apr 12 13:01:32 EEST 2022","10914","","Inbox functionality testing","","Inbox functionality testing","#9 Player is presented with an updated list of messages when clicking view more button","#9 Player is presented with an updated list of messages when clicking view more button",""
"passed","Tue Apr 12 13:08:31 EEST 2022","Tue Apr 12 13:08:46 EEST 2022","15142","","My Profile > Communications Preferences","","My Profile > Communications Preferences","#11 Player can uneselect just text preferences using the text toggle (text already toggled on), which upon saving updates the account area accordingly","#11 Player can uneselect just text preferences using the text toggle (text already toggled on), which upon saving updates the account area accordingly",""
"passed","Tue Apr 12 12:35:53 EEST 2022","Tue Apr 12 12:36:28 EEST 2022","34774","","My Profile > Personal Details","","My Profile > Personal Details","#01 Player can view their personal details.","#01 Player can view their personal details.",""
"passed","Tue Apr 12 12:38:48 EEST 2022","Tue Apr 12 12:39:02 EEST 2022","13647","","Promotions functionality testing. Promotions functionality for authenticated user. Blocks of promotions.","","Promotions functionality testing. Promotions functionality for authenticated user. Blocks of promotions.","#5 Featured promotions are displayed in correct order.","#5 Featured promotions are displayed in correct order.",""
"passed","Tue Apr 12 13:03:03 EEST 2022","Tue Apr 12 13:03:19 EEST 2022","15958","","My Account > Gambling Controls > Deposit Limits","","My Account > Gambling Controls > Deposit Limits","#10 Player can successfully set a daily deposit limit if not already set.","#10 Player can successfully set a daily deposit limit if not already set.",""
"passed","Tue Apr 12 12:59:19 EEST 2022","Tue Apr 12 12:59:25 EEST 2022","6303","","Home page => Responsible Gambling page","","Home page => Responsible Gambling page","#4 User can come to the ""Block Access to Gambling Websites and Apps Worldwide"" page from Responsible Gambling page","#4 User can come to the ""Block Access to Gambling Websites and Apps Worldwide"" page from Responsible Gambling page",""
"failed","Tue Apr 12 13:05:12 EEST 2022","Tue Apr 12 13:05:30 EEST 2022","17422","","My Profile > Contact Details","","My Profile > Contact Details","#01 Player can view their contact details.","#01 Player can view their contact details.",""
"failed","Tue Apr 12 13:01:00 EEST 2022","Tue Apr 12 13:01:03 EEST 2022","3528","","Home => Terms & Conditions","","Home => Terms & Conditions","#11 User can see the Definitions section on terms and conditions page","#11 User can see the Definitions section on terms and conditions page",""
"passed","Tue Apr 12 13:06:25 EEST 2022","Tue Apr 12 13:06:44 EEST 2022","18922","","My Profile > Contact Details","","My Profile > Contact Details","#04 Player can update their telephone number.","#04 Player can update their telephone number.",""
"passed","Tue Apr 12 12:40:55 EEST 2022","Tue Apr 12 12:40:58 EEST 2022","3599","","Registration > Step 2","","Registration > Step 2","#12 User cannot enter an invalid date into the date of birth field.","#12 User cannot enter an invalid date into the date of birth field.",""
"passed","Tue Apr 12 12:59:41 EEST 2022","Tue Apr 12 12:59:48 EEST 2022","6963","","Log In","","Log In","#13 Player should be able to show/hide their input into the Password field.","#13 Player should be able to show/hide their input into the Password field.",""
"passed","Tue Apr 12 13:06:58 EEST 2022","Tue Apr 12 13:07:03 EEST 2022","4918","","Slots page","","Slots page","#9 User hover the game card and click on it and login modal appears","#9 User hover the game card and click on it and login modal appears",""
"passed","Tue Apr 12 13:02:47 EEST 2022","Tue Apr 12 13:02:54 EEST 2022","7469","","Landing Page/Welcome Casino page","","Landing Page/Welcome Casino page","#7 User can come to the ""Be Gambling Aware"" site from the Welcome Casino page","#7 User can come to the ""Be Gambling Aware"" site from the Welcome Casino page",""
"passed","Tue Apr 12 12:59:55 EEST 2022","Tue Apr 12 13:00:14 EEST 2022","19269","","Log In","","Log In","#15 Player can successfully Log In when entering valid details.","#15 Player can successfully Log In when entering valid details.",""
"passed","Tue Apr 12 12:26:57 EEST 2022","Tue Apr 12 12:28:08 EEST 2022","71951","","Deep Link -> Edit Phone","","Deep Link -> Edit Phone","#2 Deep link to change password open login when not logged in before change password","#2 Deep link to change password open login when not logged in before change password",""
"passed","Tue Apr 12 13:05:50 EEST 2022","Tue Apr 12 13:06:09 EEST 2022","18571","","My Account > Gambling Controls > Account Closure > Take A Break","","My Account > Gambling Controls > Account Closure > Take A Break","#2 Player can close the take a break modal.","#2 Player can close the take a break modal.",""
"passed","Tue Apr 12 12:59:13 EEST 2022","Tue Apr 12 12:59:19 EEST 2022","5455","","Home page => Responsible Gambling page","","Home page => Responsible Gambling page","#3 User can come to the Gamble Stop page from Responsible Gambling page","#3 User can come to the Gamble Stop page from Responsible Gambling page",""
"passed","Tue Apr 12 13:02:20 EEST 2022","Tue Apr 12 13:02:26 EEST 2022","6076","","Landing Page/Welcome Casino page","","Landing Page/Welcome Casino page","#3 User clicks on ""Be Aware Gambling"" image at Welcome Casino page","#3 User clicks on ""Be Aware Gambling"" image at Welcome Casino page",""
"failed","Tue Apr 12 13:03:54 EEST 2022","Tue Apr 12 13:04:12 EEST 2022","17712","","My Account -> Deposit","","My Account -> Deposit","#4 Check user is able to select Instant Bank Transfer and is provided with the correct information for this payment method","#4 Check user is able to select Instant Bank Transfer and is provided with the correct information for this payment method",""
"failed","Tue Apr 12 12:55:34 EEST 2022","Tue Apr 12 12:55:55 EEST 2022","20806","","Promotions functionality testing. Promotions functionality for unauthenticated user.","","Promotions functionality testing. Promotions functionality for unauthenticated user.","#39 User can click see full terms CTA and go to Term and Conditions.","#39 User can click see full terms CTA and go to Term and Conditions.",""
"passed","Tue Apr 12 13:04:46 EEST 2022","Tue Apr 12 13:05:03 EEST 2022","17181","","My Account > Gambling Controls > Account Closure > Self Exclusion","","My Account > Gambling Controls > Account Closure > Self Exclusion","#9 Player can choose 18 months option for 'Self Exclusion' and this option should be selected.","#9 Player can choose 18 months option for 'Self Exclusion' and this option should be selected.",""
"passed","Tue Apr 12 13:03:53 EEST 2022","Tue Apr 12 13:04:00 EEST 2022","6947","","Landing Page/Shop Welcome page","","Landing Page/Shop Welcome page","#8 User can come to the Promotion page from the Shop Welcome page","#8 User can come to the Promotion page from the Shop Welcome page",""
"passed","Tue Apr 12 12:36:56 EEST 2022","Tue Apr 12 12:37:08 EEST 2022","11647","","Promotions functionality testing. Promotions functionality for authenticated user. Blocks of promotions.","","Promotions functionality testing. Promotions functionality for authenticated user. Blocks of promotions.","#1 Featured Promotions and Promotions section are displayed.","#1 Featured Promotions and Promotions section are displayed.",""
"passed","Tue Apr 12 12:59:02 EEST 2022","Tue Apr 12 12:59:06 EEST 2022","4657","","404 error page functionality testing.","","404 error page functionality testing.","#5 Player can click ""Login"" button, open login window and successfully login.","#5 Player can click ""Login"" button, open login window and successfully login.",""
"passed","Tue Apr 12 13:00:07 EEST 2022","Tue Apr 12 13:00:17 EEST 2022","9786","","Landing Page/Welcome Offer page","","Landing Page/Welcome Offer page","#1 User come to the Welcome Offer page ","#1 User come to the Welcome Offer page ",""
"passed","Tue Apr 12 13:04:15 EEST 2022","Tue Apr 12 13:04:32 EEST 2022","17912","","My Account > Gambling Controls > Loss Limits","","My Account > Gambling Controls > Loss Limits","#16 User can only enter numeric digits into the set Loss Limit field. ","#16 User can only enter numeric digits into the set Loss Limit field. ",""
"passed","Tue Apr 12 13:02:36 EEST 2022","Tue Apr 12 13:02:47 EEST 2022","10823","","Inbox functionality testing","","Inbox functionality testing","#14 Unread message count is not present on Inbox navigation bar icon if player has no unread messages","#14 Unread message count is not present on Inbox navigation bar icon if player has no unread messages",""
"passed","Tue Apr 12 12:43:01 EEST 2022","Tue Apr 12 12:43:11 EEST 2022","9608","","Registration > Step 3","","Registration > Step 3","#16 Phone Number will display an error when entering non-numeric values into input.","#16 Phone Number will display an error when entering non-numeric values into input.",""
"failed","Tue Apr 12 12:37:37 EEST 2022","Tue Apr 12 12:38:35 EEST 2022","57465","","Promotions functionality testing. Promotions functionality for authenticated user. Blocks of promotions.","","Promotions functionality testing. Promotions functionality for authenticated user. Blocks of promotions.","#3 Active promotions are displayed in correct order.","#3 Active promotions are displayed in correct order.",""
"skipped","Tue Apr 12 13:04:37 EEST 2022","Tue Apr 12 13:04:37 EEST 2022","1","","My Account > Gambling Controls > Deposit Limits","","My Account > Gambling Controls > Deposit Limits","#17 Player cannot set Deposit Limit higher than the maximum amount.","#17 Player cannot set Deposit Limit higher than the maximum amount.",""
"passed","Tue Apr 12 13:08:49 EEST 2022","Tue Apr 12 13:08:56 EEST 2022","6752","","Registration > Step 4","","Registration > Step 4","#13 User doesn`t click on confirm checkbox, tries to click success registration button and error text is shown.","#13 User doesn`t click on confirm checkbox, tries to click success registration button and error text is shown.",""
"passed","Tue Apr 12 12:59:06 EEST 2022","Tue Apr 12 12:59:10 EEST 2022","4233","","Expired Link Error","","Expired Link Error","#8 User can enter an email and reset the password (Sent button with a tick will be displayed).","#8 User can enter an email and reset the password (Sent button with a tick will be displayed).",""
"passed","Tue Apr 12 13:00:55 EEST 2022","Tue Apr 12 13:01:11 EEST 2022","15809","","Inbox functionality testing","","Inbox functionality testing","#7 Player can mark a message as read using the message options, removing the new badge from a message and decreasing the unread message count badge","#7 Player can mark a message as read using the message options, removing the new badge from a message and decreasing the unread message count badge",""
"passed","Tue Apr 12 12:20:25 EEST 2022","Tue Apr 12 12:20:26 EEST 2022","1517","","User come to the 'Planned Maintenance' error page","","User come to the 'Planned Maintenance' error page","#1 Content of ""Planned Maintenance"" error page","#1 Content of ""Planned Maintenance"" error page",""
"failed","Tue Apr 12 13:04:55 EEST 2022","Tue Apr 12 13:05:10 EEST 2022","14936","","My Account -> Deposit","","My Account -> Deposit","#7 Check user is able to deposit with a valid card and is presented with success modal","#7 Check user is able to deposit with a valid card and is presented with success modal",""
"passed","Tue Apr 12 12:59:43 EEST 2022","Tue Apr 12 12:59:58 EEST 2022","14964","","Inbox functionality testing","","Inbox functionality testing","#2 Unread message count increases when player receives a new message (requires page refresh)","#2 Unread message count increases when player receives a new message (requires page refresh)",""
"passed","Tue Apr 12 12:20:27 EEST 2022","Tue Apr 12 12:20:29 EEST 2022","2386","","Service unavailable","","Service unavailable","#1 User can come to the home page from Error 500 page","#1 User can come to the home page from Error 500 page",""
"failed","Tue Apr 12 13:02:05 EEST 2022","Tue Apr 12 13:02:11 EEST 2022","5921","","Home => Terms & Conditions","","Home => Terms & Conditions","#23 User can see the Intellectual Property section on terms and conditions page","#23 User can see the Intellectual Property section on terms and conditions page",""
"passed","Tue Apr 12 12:20:17 EEST 2022","Tue Apr 12 12:20:26 EEST 2022","9364","","Service unavailable","","Service unavailable","#0 User come to the Location Error page, when service is unavailable","#0 User come to the Location Error page, when service is unavailable",""
"passed","Tue Apr 12 12:43:46 EEST 2022","Tue Apr 12 12:44:05 EEST 2022","18982","","Promotions functionality testing. Promotions functionality for authenticated user. Particular promotions.","","Promotions functionality testing. Promotions functionality for authenticated user. Particular promotions.","#16 User can opt in bonus and get confirmation modal with all sections.","#16 User can opt in bonus and get confirmation modal with all sections.",""
"failed","Tue Apr 12 13:01:54 EEST 2022","Tue Apr 12 13:02:00 EEST 2022","5533","","Home => Terms & Conditions","","Home => Terms & Conditions","#21 User can see the Responsible Gambling section on terms and conditions page","#21 User can see the Responsible Gambling section on terms and conditions page",""
"passed","Tue Apr 12 12:59:52 EEST 2022","Tue Apr 12 12:59:59 EEST 2022","6350","","Home => Terms & Conditions","","Home => Terms & Conditions","#2 User can come to the privacy policy page from terms and conditions page","#2 User can come to the privacy policy page from terms and conditions page",""
