"Status","Start Time","Stop Time","Duration in ms","Parent Suite","Suite","Sub Suite","Test Class","Test Method","Name","Description"
"passed","Fri May 27 13:12:39 EEST 2022","Fri May 27 13:12:49 EEST 2022","10337","","Inbox functionality testing","","Inbox functionality testing","#12 Player with less than 15 messages should not be able to view more","#12 Player with less than 15 messages should not be able to view more",""
"passed","Fri May 27 13:13:13 EEST 2022","Fri May 27 13:13:23 EEST 2022","10312","","Inbox functionality testing","","Inbox functionality testing","#15 Player is presented with an Empty Inbox image if the Inbox is empty (rather than a heading & message list)","#15 Player is presented with an Empty Inbox image if the Inbox is empty (rather than a heading & message list)",""
"passed","Fri May 27 13:04:41 EEST 2022","Fri May 27 13:04:46 EEST 2022","5035","","Registration > Step 2","","Registration > Step 2","#14 User cannot enter invalid characters into the date of birth field.","#14 User cannot enter invalid characters into the date of birth field.",""
"passed","Fri May 27 13:03:49 EEST 2022","Fri May 27 13:04:04 EEST 2022","15419","","My Account > Settings > Change Password","","My Account > Settings > Change Password","#11 New password must contain a minimum of 8 characters.","#11 New password must contain a minimum of 8 characters.",""
"passed","Fri May 27 13:03:50 EEST 2022","Fri May 27 13:04:01 EEST 2022","11464","","Registration > Step 3","","Registration > Step 3","#01 User is displayed the correct content and input fields for Step 3.","#01 User is displayed the correct content and input fields for Step 3.",""
"skipped","Fri May 27 12:58:51 EEST 2022","Fri May 27 12:58:51 EEST 2022","6","","My Account > Gambling Controls > Account Closure > Self Exclusion","","My Account > Gambling Controls > Account Closure > Self Exclusion","#4 Player cannot continue with 'Self Exclusion' if a reason is not selected.","#4 Player cannot continue with 'Self Exclusion' if a reason is not selected.",""
"passed","Fri May 27 13:03:31 EEST 2022","Fri May 27 13:03:35 EEST 2022","4371","","Registration > Step 1","","Registration > Step 1","#02 Email Address is a mandatory field.","#02 Email Address is a mandatory field.",""
"passed","Fri May 27 13:02:10 EEST 2022","Fri May 27 13:02:26 EEST 2022","15322","","My Account > Settings > Change Password","","My Account > Settings > Change Password","#4 New Password is a mandatory field.","#4 New Password is a mandatory field.",""
"passed","Fri May 27 13:11:27 EEST 2022","Fri May 27 13:11:41 EEST 2022","14134","","Inbox functionality testing","","Inbox functionality testing","#7 Player can mark a message as read using the message options, removing the new badge from a message and decreasing the unread message count badge","#7 Player can mark a message as read using the message options, removing the new badge from a message and decreasing the unread message count badge",""
"passed","Fri May 27 13:13:31 EEST 2022","Fri May 27 13:13:36 EEST 2022","5454","","Home => Terms & Conditions","","Home => Terms & Conditions","#17 User can see the Errors, Interruptions and Malfunctions section on terms and conditions page","#17 User can see the Errors, Interruptions and Malfunctions section on terms and conditions page",""
"passed","Fri May 27 13:04:04 EEST 2022","Fri May 27 13:04:18 EEST 2022","13477","","My Account > Settings > Change Password","","My Account > Settings > Change Password","#12 New password must not contain email address.","#12 New password must not contain email address.",""
"passed","Fri May 27 13:01:06 EEST 2022","Fri May 27 13:01:17 EEST 2022","11795","","My Profile > Personal Details","","My Profile > Personal Details","#01 Player can view their personal details.","#01 Player can view their personal details.",""
"passed","Fri May 27 13:06:32 EEST 2022","Fri May 27 13:06:48 EEST 2022","16009","","Spin Zone functionality testing","","Spin Zone functionality testing","#4 Player can see total withdrawable cash balance","#4 Player can see total withdrawable cash balance",""
"passed","Fri May 27 13:03:41 EEST 2022","Fri May 27 13:03:52 EEST 2022","10246","","Registration > Step 1","","Registration > Step 1","#04 User can select the 'Recover' button on the 'Account already exists' drawer and is displayed the Recover Password form.","#04 User can select the 'Recover' button on the 'Account already exists' drawer and is displayed the Recover Password form.",""
"passed","Fri May 27 13:14:20 EEST 2022","Fri May 27 13:14:24 EEST 2022","4146","","Home => Terms & Conditions","","Home => Terms & Conditions","#27 User can opened mail client after clicks/taps on “care@merkurslots.com” ","#27 User can opened mail client after clicks/taps on “care@merkurslots.com” ",""
"passed","Fri May 27 12:54:46 EEST 2022","Fri May 27 12:54:51 EEST 2022","5058","","Live Casino","","Live Casino","#03 All available game cards are displayed.","#03 All available game cards are displayed.",""
"passed","Fri May 27 13:13:21 EEST 2022","Fri May 27 13:13:28 EEST 2022","6549","","Slots page","","Slots page","#7 User hover the game card and click 'Play now' and login modal appears","#7 User hover the game card and click 'Play now' and login modal appears",""
"passed","Fri May 27 13:03:31 EEST 2022","Fri May 27 13:03:43 EEST 2022","11138","","Recover Password","","Recover Password","#08 Player can submit an email address which does not exist and still receives a success message on submitting the recover password form.","#08 Player can submit an email address which does not exist and still receives a success message on submitting the recover password form.",""
"passed","Fri May 27 13:02:55 EEST 2022","Fri May 27 13:03:11 EEST 2022","15740","","My Profile > Communications Preferences","","My Profile > Communications Preferences","#4 Player can edit their preferences and toggle all preferences with the select all toggle, which upon saving updates the account area","#4 Player can edit their preferences and toggle all preferences with the select all toggle, which upon saving updates the account area",""
"passed","Fri May 27 13:09:38 EEST 2022","Fri May 27 13:09:45 EEST 2022","6924","","Promotions functionality testing. Promotions functionality for unauthenticated user.","","Promotions functionality testing. Promotions functionality for unauthenticated user.","#44 User can see list of promotions after click Back button from more info details.","#44 User can see list of promotions after click Back button from more info details.",""
"passed","Fri May 27 12:53:07 EEST 2022","Fri May 27 12:53:16 EEST 2022","8570","","User come to the 'Planned Maintenance' error page","","User come to the 'Planned Maintenance' error page","#0 User come to the ""Planned Maintenance"" error page","#0 User come to the ""Planned Maintenance"" error page",""
"passed","Fri May 27 13:06:20 EEST 2022","Fri May 27 13:06:30 EEST 2022","10261","","Registration > Step 4","","Registration > Step 4","#12 User can click on confirm checkbox and click success registration button.","#12 User can click on confirm checkbox and click success registration button.",""
"passed","Fri May 27 13:13:41 EEST 2022","Fri May 27 13:13:46 EEST 2022","4982","","Home => Terms & Conditions","","Home => Terms & Conditions","#19 User can see the Inactive Customer Accounts section on terms and conditions page","#19 User can see the Inactive Customer Accounts section on terms and conditions page",""
"passed","Fri May 27 13:10:12 EEST 2022","Fri May 27 13:10:22 EEST 2022","10009","","Home page => Responsible Gambling page","","Home page => Responsible Gambling page","#1 User can come to the Be Gamble Aware page from Responsible Gambling page","#1 User can come to the Be Gamble Aware page from Responsible Gambling page",""
"passed","Fri May 27 13:06:04 EEST 2022","Fri May 27 13:06:20 EEST 2022","16200","","Registration > Step 4","","Registration > Step 4","#11 User can click and view the Privacy Policy.","#11 User can click and view the Privacy Policy.",""
"passed","Fri May 27 13:05:49 EEST 2022","Fri May 27 13:06:04 EEST 2022","14504","","Registration > Step 4","","Registration > Step 4","#10 User can click and view the T&Cs.","#10 User can click and view the T&Cs.",""
"passed","Fri May 27 13:03:17 EEST 2022","Fri May 27 13:03:31 EEST 2022","14538","","Recover Password","","Recover Password","#06 Recover Password button displays 'Re-Send Email' text after a successful first attempt.","#06 Recover Password button displays 'Re-Send Email' text after a successful first attempt.",""
"failed","Fri May 27 13:11:02 EEST 2022","Fri May 27 13:11:25 EEST 2022","23073","","Home page => Privacy Policy page","","Home page => Privacy Policy page","#4 User can come to the ICO(Information Commissioner's office) page from Privacy Policy page","#4 User can come to the ICO(Information Commissioner's office) page from Privacy Policy page",""
"passed","Fri May 27 13:12:03 EEST 2022","Fri May 27 13:12:26 EEST 2022","22954","","Inbox functionality testing","","Inbox functionality testing","#10 Deleting a message from the inbox which is marked as new should decrease the unread message count badge","#10 Deleting a message from the inbox which is marked as new should decrease the unread message count badge",""
"failed","Fri May 27 13:10:41 EEST 2022","Fri May 27 13:11:15 EEST 2022","33920","","Deep Link -> Change Password","","Deep Link -> Change Password","#2 Deep link to change password open login when not logged in before change password","#2 Deep link to change password open login when not logged in before change password",""
"passed","Fri May 27 13:05:41 EEST 2022","Fri May 27 13:05:55 EEST 2022","14208","","Spin Zone functionality testing","","Spin Zone functionality testing","#1 Player can see Menu button in the top left of the screen","#1 Player can see Menu button in the top left of the screen",""
"passed","Fri May 27 13:11:03 EEST 2022","Fri May 27 13:11:13 EEST 2022","10751","","Inbox functionality testing","","Inbox functionality testing","#5 Player can open message, removing the new badge from a message and decreasing the unread message count badge","#5 Player can open message, removing the new badge from a message and decreasing the unread message count badge",""
"passed","Fri May 27 13:12:21 EEST 2022","Fri May 27 13:12:37 EEST 2022","15692","","My Profile > Contact Details","","My Profile > Contact Details","#06 Player can update country code number.","#06 Player can update country code number.",""
"passed","Fri May 27 12:53:40 EEST 2022","Fri May 27 12:53:44 EEST 2022","4294","","404 error page functionality testing.","","404 error page functionality testing.","#6 Player can click ""Go to lobby"" button and after that it will redirect to Home page.","#6 Player can click ""Go to lobby"" button and after that it will redirect to Home page.",""
"passed","Fri May 27 13:10:15 EEST 2022","Fri May 27 13:10:28 EEST 2022","13319","","Logout","","Logout","#02 Player is logged out of site if clearing there cookies.","#02 Player is logged out of site if clearing there cookies.",""
"passed","Fri May 27 13:14:01 EEST 2022","Fri May 27 13:14:14 EEST 2022","12680","","My Account > Gambling Controls > Deposit Limits","","My Account > Gambling Controls > Deposit Limits","#11 Player can successfully set a weekly deposit limit if not already set.","#11 Player can successfully set a weekly deposit limit if not already set.",""
"passed","Fri May 27 12:53:42 EEST 2022","Fri May 27 12:53:50 EEST 2022","7192","","Expired Link Error","","Expired Link Error","#8 User can enter an email and reset the password (Sent button with a tick will be displayed).","#8 User can enter an email and reset the password (Sent button with a tick will be displayed).",""
"passed","Fri May 27 12:55:27 EEST 2022","Fri May 27 12:55:38 EEST 2022","11325","","Log In","","Log In","#02 Email Address is a mandatory field.","#02 Email Address is a mandatory field.",""
"passed","Fri May 27 13:13:49 EEST 2022","Fri May 27 13:14:01 EEST 2022","12748","","My Account > Gambling Controls > Deposit Limits","","My Account > Gambling Controls > Deposit Limits","#10 Player can successfully set a daily deposit limit if not already set.","#10 Player can successfully set a daily deposit limit if not already set.",""
"passed","Fri May 27 13:06:12 EEST 2022","Fri May 27 13:06:32 EEST 2022","19739","","Spin Zone functionality testing","","Spin Zone functionality testing","#3 Player can close Game menu","#3 Player can close Game menu",""
"passed","Fri May 27 13:03:56 EEST 2022","Fri May 27 13:04:02 EEST 2022","5564","","Registration > Step 2","","Registration > Step 2","#04 Last Name is a mandatory field.","#04 Last Name is a mandatory field.",""
"passed","Fri May 27 13:13:28 EEST 2022","Fri May 27 13:13:35 EEST 2022","7376","","Slots page","","Slots page","#8 User hover the game card and click on CTA 'INFO' and go to info page, click on JOIN and see register page","#8 User hover the game card and click on CTA 'INFO' and go to info page, click on JOIN and see register page",""
"passed","Fri May 27 13:03:22 EEST 2022","Fri May 27 13:03:35 EEST 2022","13273","","My Account > Settings > Change Password","","My Account > Settings > Change Password","#9 New password must contain a combination of upper and lower case letters (all upper case).","#9 New password must contain a combination of upper and lower case letters (all upper case).",""
"passed","Fri May 27 13:06:00 EEST 2022","Fri May 27 13:06:19 EEST 2022","19545","","Promotions functionality testing. Promotions functionality for authenticated user. Particular promotions.","","Promotions functionality testing. Promotions functionality for authenticated user. Particular promotions.","#16 User can opt in bonus and get confirmation modal with all sections.","#16 User can opt in bonus and get confirmation modal with all sections.",""
"passed","Fri May 27 13:13:01 EEST 2022","Fri May 27 13:13:07 EEST 2022","6490","","Home => Terms & Conditions","","Home => Terms & Conditions","#12 User can see the Changes to the Terms section on terms and conditions page","#12 User can see the Changes to the Terms section on terms and conditions page",""
"passed","Fri May 27 13:02:16 EEST 2022","Fri May 27 13:02:29 EEST 2022","12961","","My Profile > Communications Preferences","","My Profile > Communications Preferences","#1 Player can view their communication preferences (default preferences: empty communication preferences and English language)","#1 Player can view their communication preferences (default preferences: empty communication preferences and English language)",""
"passed","Fri May 27 12:53:25 EEST 2022","Fri May 27 12:53:37 EEST 2022","11316","","Homepage","","Homepage","#2 Authenticated users can preview their balance in the navigation bar","#2 Authenticated users can preview their balance in the navigation bar",""
"passed","Fri May 27 12:54:55 EEST 2022","Fri May 27 12:55:14 EEST 2022","18819","","Homepage","","Homepage","#8 Cash amount is updated correctly in the dropdown details when cash balance is adjusted","#8 Cash amount is updated correctly in the dropdown details when cash balance is adjusted",""
"passed","Fri May 27 13:05:05 EEST 2022","Fri May 27 13:05:15 EEST 2022","9992","","Registration > Step 3","","Registration > Step 3","#08 User cannot enter invalid characters into the Address Line 2 field.","#08 User cannot enter invalid characters into the Address Line 2 field.",""
"passed","Fri May 27 13:12:49 EEST 2022","Fri May 27 13:13:02 EEST 2022","13089","","Inbox functionality testing","","Inbox functionality testing","#13 Unread message count is not present on Inbox navigation bar icon if no messages","#13 Unread message count is not present on Inbox navigation bar icon if no messages",""
"skipped","Fri May 27 13:02:10 EEST 2022","Fri May 27 13:02:10 EEST 2022","0","","My Account > Gambling Controls > Account Closure > Self Exclusion","","My Account > Gambling Controls > Account Closure > Self Exclusion","#19 Player can continue with chosen 6 months option to 'Self Exclusion' and confirming modal should display.","#19 Player can continue with chosen 6 months option to 'Self Exclusion' and confirming modal should display.",""
"passed","Fri May 27 13:12:56 EEST 2022","Fri May 27 13:13:01 EEST 2022","5163","","Slots page","","Slots page","#3 User can see static hero banner carousel and can click on it and see game info page","#3 User can see static hero banner carousel and can click on it and see game info page",""
"passed","Fri May 27 12:56:12 EEST 2022","Fri May 27 12:56:30 EEST 2022","17748","","Homepage","","Homepage","#13 Balance details still correctly display balance of £0.00 if user has no cash balance","#13 Balance details still correctly display balance of £0.00 if user has no cash balance",""
"passed","Fri May 27 12:53:51 EEST 2022","Fri May 27 12:53:54 EEST 2022","3191","","Landing Page/Welcome Offer page","","Landing Page/Welcome Offer page","#8 User can come to the Promotion page from the Welcome Offer page","#8 User can come to the Promotion page from the Welcome Offer page",""
"passed","Fri May 27 12:59:27 EEST 2022","Fri May 27 12:59:45 EEST 2022","17259","","My Account > Gambling Controls > Loss Limits","","My Account > Gambling Controls > Loss Limits","#7 User can open the Loss Limits Delete modal on edit icon click and click on edit icon in the input field ","#7 User can open the Loss Limits Delete modal on edit icon click and click on edit icon in the input field ",""
"passed","Fri May 27 13:06:48 EEST 2022","Fri May 27 13:06:55 EEST 2022","7803","","Registration > Step 4","","Registration > Step 4","#04 User can opt in to receive Email marketing preferences.","#04 User can opt in to receive Email marketing preferences.",""
"passed","Fri May 27 13:12:23 EEST 2022","Fri May 27 13:12:37 EEST 2022","14132","","My Account > Gambling Controls > Deposit Limits","","My Account > Gambling Controls > Deposit Limits","#5 Player can open the Deposit Limits Edit modal on edit icon click.","#5 Player can open the Deposit Limits Edit modal on edit icon click.",""
"passed","Fri May 27 13:12:26 EEST 2022","Fri May 27 13:12:39 EEST 2022","12885","","Inbox functionality testing","","Inbox functionality testing","#11 Player can delete a message using the message options, removing it from the list","#11 Player can delete a message using the message options, removing it from the list",""
"passed","Fri May 27 12:57:11 EEST 2022","Fri May 27 12:57:26 EEST 2022","15425","","Deep Link -> Deposit Limits","","Deep Link -> Deposit Limits","#2 Deep link to deposit limits open login when not logged in before deposit limits","#2 Deep link to deposit limits open login when not logged in before deposit limits",""
"skipped","Fri May 27 13:15:00 EEST 2022","Fri May 27 13:15:00 EEST 2022","1","","My Account > Gambling Controls > Deposit Limits","","My Account > Gambling Controls > Deposit Limits","#16 Player cannot set Deposit Limit lower than the minimum amount.","#16 Player cannot set Deposit Limit lower than the minimum amount.",""
"failed","Fri May 27 13:10:22 EEST 2022","Fri May 27 13:10:46 EEST 2022","23815","","Home page => Responsible Gambling page","","Home page => Responsible Gambling page","#2 User can come to the ""Help for problem gambling"" page from Responsible Gambling page","#2 User can come to the ""Help for problem gambling"" page from Responsible Gambling page",""
"passed","Fri May 27 13:07:22 EEST 2022","Fri May 27 13:07:35 EEST 2022","13329","","Spin Zone functionality testing","","Spin Zone functionality testing","#7 Player can see recently played games","#7 Player can see recently played games",""
"passed","Fri May 27 13:02:26 EEST 2022","Fri May 27 13:02:35 EEST 2022","8169","","Promotions functionality testing. Promotions functionality for authenticated user. Blocks of promotions.","","Promotions functionality testing. Promotions functionality for authenticated user. Blocks of promotions.","#1 Featured Promotions and Promotions section are displayed.","#1 Featured Promotions and Promotions section are displayed.",""
"passed","Fri May 27 13:04:48 EEST 2022","Fri May 27 13:04:59 EEST 2022","10487","","Registration > Step 4","","Registration > Step 4","#01 User is displayed the correct content and defaut options for Step 4.","#01 User is displayed the correct content and defaut options for Step 4.",""
"passed","Fri May 27 13:06:52 EEST 2022","Fri May 27 13:07:07 EEST 2022","14804","","Promotions functionality testing. Promotions functionality for authenticated user. Particular promotions.","","Promotions functionality testing. Promotions functionality for authenticated user. Particular promotions.","#19 User can click DEPOSIT CTA for deposit bonus and open deposit bonus modal with displaying all sections.","#19 User can click DEPOSIT CTA for deposit bonus and open deposit bonus modal with displaying all sections.",""
"passed","Fri May 27 13:00:47 EEST 2022","Fri May 27 13:01:02 EEST 2022","14874","","My Account > Gambling Controls > Account Closure > Self Exclusion","","My Account > Gambling Controls > Account Closure > Self Exclusion","#14 Player can continue with chosen 18 months option to 'Self Exclusion' and confirming modal should display.","#14 Player can continue with chosen 18 months option to 'Self Exclusion' and confirming modal should display.",""
"passed","Fri May 27 13:14:40 EEST 2022","Fri May 27 13:15:00 EEST 2022","20428","","My Account > Gambling Controls > Deposit Limits","","My Account > Gambling Controls > Deposit Limits","#15 Player can successfully change Deposit Limit with a decimal value and receive a success toast on submitting the new amount.","#15 Player can successfully change Deposit Limit with a decimal value and receive a success toast on submitting the new amount.",""
"passed","Fri May 27 13:13:26 EEST 2022","Fri May 27 13:13:31 EEST 2022","5021","","Home => Terms & Conditions","","Home => Terms & Conditions","#16 User can see the Playing for Real Money section on terms and conditions page","#16 User can see the Playing for Real Money section on terms and conditions page",""
"passed","Fri May 27 12:53:17 EEST 2022","Fri May 27 12:53:19 EEST 2022","1614","","User come to the 'Planned Maintenance' error page","","User come to the 'Planned Maintenance' error page","#2 User can come to the Home page from ""Planned Maintenance"" error page","#2 User can come to the Home page from ""Planned Maintenance"" error page",""
"skipped","Fri May 27 13:09:45 EEST 2022","Fri May 27 13:09:45 EEST 2022","0","","Promotions functionality testing. Promotions functionality for unauthenticated user.","","Promotions functionality testing. Promotions functionality for unauthenticated user.","#45 User clicks button OPT IN for already OPTED IN bonus, successfully login and can see drawer ""This promotion is unavailable"".","#45 User clicks button OPT IN for already OPTED IN bonus, successfully login and can see drawer ""This promotion is unavailable"".",""
"passed","Fri May 27 13:00:01 EEST 2022","Fri May 27 13:00:15 EEST 2022","13789","","My Account > Gambling Controls > Loss Limits","","My Account > Gambling Controls > Loss Limits","#9 User can successfully set a weekly loss limit if not already set ","#9 User can successfully set a weekly loss limit if not already set ",""
"passed","Fri May 27 13:10:39 EEST 2022","Fri May 27 13:10:51 EEST 2022","11741","","Inbox functionality testing","","Inbox functionality testing","#3 New messages are marked with a NEW message sticker","#3 New messages are marked with a NEW message sticker",""
"passed","Fri May 27 13:04:56 EEST 2022","Fri May 27 13:05:05 EEST 2022","9627","","Registration > Step 3","","Registration > Step 3","#07 User cannot enter invalid characters into the Address Line 1 field.","#07 User cannot enter invalid characters into the Address Line 1 field.",""
"failed","Fri May 27 13:13:58 EEST 2022","Fri May 27 13:14:09 EEST 2022","11030","","Slots page","","Slots page","#12 User logged in hover the game card  and click on CTA ""INFO"" and go to INFO page and click on ""PLAY NOW"" and see game page","#12 User logged in hover the game card  and click on CTA ""INFO"" and go to INFO page and click on ""PLAY NOW"" and see game page",""
"passed","Fri May 27 13:05:02 EEST 2022","Fri May 27 13:05:35 EEST 2022","32665","","My Account > Settings > Change Password","","My Account > Settings > Change Password","#16 Player can successfully update and sign in with their new password.","#16 Player can successfully update and sign in with their new password.",""
"passed","Fri May 27 12:58:00 EEST 2022","Fri May 27 12:58:16 EEST 2022","16768","","My Account > Gambling Controls > Account Closure > Self Exclusion","","My Account > Gambling Controls > Account Closure > Self Exclusion","#1 Player can select the 'Self Exclusion' menu item and is displayed the Self Exclusion modal.","#1 Player can select the 'Self Exclusion' menu item and is displayed the Self Exclusion modal.",""
"passed","Fri May 27 13:06:03 EEST 2022","Fri May 27 13:06:13 EEST 2022","10205","","Registration > Step 3","","Registration > Step 3","#16 Phone Number will display an error when entering non-numeric values into input.","#16 Phone Number will display an error when entering non-numeric values into input.",""
"passed","Fri May 27 12:55:44 EEST 2022","Fri May 27 12:55:51 EEST 2022","6830","","Live Casino","","Live Casino","#17 Login modal can be appears after user clicks/taps on card.","#17 Login modal can be appears after user clicks/taps on card.",""
"passed","Fri May 27 13:04:39 EEST 2022","Fri May 27 13:04:53 EEST 2022","13973","","Promotions functionality testing. Promotions functionality for authenticated user. Particular promotions.","","Promotions functionality testing. Promotions functionality for authenticated user. Particular promotions.","#10 All main sections for card are displayed for OPT IN bonus.","#10 All main sections for card are displayed for OPT IN bonus.",""
"passed","Fri May 27 12:53:12 EEST 2022","Fri May 27 12:53:17 EEST 2022","4336","","Expired Link Error","","Expired Link Error","#1 Expired Link Error page is displayed","#1 Expired Link Error page is displayed",""
"passed","Fri May 27 12:55:11 EEST 2022","Fri May 27 12:55:16 EEST 2022","4889","","Live Casino","","Live Casino","#08 User can directed to info page of game after click/taps on hero banner carousel static.","#08 User can directed to info page of game after click/taps on hero banner carousel static.",""
"passed","Fri May 27 13:09:28 EEST 2022","Fri May 27 13:09:32 EEST 2022","3987","","Promotions functionality testing. Promotions functionality for unauthenticated user.","","Promotions functionality testing. Promotions functionality for unauthenticated user.","#42 Login form appears after press CLAIM CTA for CLAIM bonus of unauthenticated user.","#42 Login form appears after press CLAIM CTA for CLAIM bonus of unauthenticated user.",""
"passed","Fri May 27 13:05:55 EEST 2022","Fri May 27 13:06:05 EEST 2022","10143","","UnsubscribePage","","UnsubscribePage","#1 Unsubscribe page is displayed with correct content.","#1 Unsubscribe page is displayed with correct content.",""
"passed","Fri May 27 12:57:50 EEST 2022","Fri May 27 12:58:04 EEST 2022","14439","","My Account > Gambling Controls > Loss Limits","","My Account > Gambling Controls > Loss Limits","#1 User can view their Loss limits ","#1 User can view their Loss limits ",""
"passed","Fri May 27 13:06:52 EEST 2022","Fri May 27 13:07:05 EEST 2022","12582","","UnsubscribePage","","UnsubscribePage","#6 User can click on ‘Re-subscribe’ button and success window will be displayed with the correct content","#6 User can click on ‘Re-subscribe’ button and success window will be displayed with the correct content",""
"passed","Fri May 27 13:01:41 EEST 2022","Fri May 27 13:01:56 EEST 2022","15330","","My Account > Settings > Change Password","","My Account > Settings > Change Password","#2 Player can cancel out of the Change Password modal.","#2 Player can cancel out of the Change Password modal.",""
"passed","Fri May 27 13:12:50 EEST 2022","Fri May 27 13:12:56 EEST 2022","5883","","Slots page","","Slots page","#2 User can see hero banner carousel and can scroll it","#2 User can see hero banner carousel and can scroll it",""
"passed","Fri May 27 13:13:41 EEST 2022","Fri May 27 13:13:46 EEST 2022","4703","","Slots page","","Slots page","#10 User click on category and go to category page","#10 User click on category and go to category page",""
"passed","Fri May 27 13:14:01 EEST 2022","Fri May 27 13:14:06 EEST 2022","5102","","Home => Terms & Conditions","","Home => Terms & Conditions","#23 User can see the Intellectual Property section on terms and conditions page","#23 User can see the Intellectual Property section on terms and conditions page",""
"passed","Fri May 27 12:53:48 EEST 2022","Fri May 27 12:53:51 EEST 2022","2701","","Landing Page/Welcome Offer page","","Landing Page/Welcome Offer page","#7 User can come to the ""Be Gambling Aware"" site from the Welcome Offer page","#7 User can come to the ""Be Gambling Aware"" site from the Welcome Offer page",""
"passed","Fri May 27 12:58:51 EEST 2022","Fri May 27 12:59:06 EEST 2022","14973","","My Account > Gambling Controls > Account Closure > Self Exclusion","","My Account > Gambling Controls > Account Closure > Self Exclusion","#5 Player cannot continue with 'Self Exclusion' if a duration is not selected.","#5 Player cannot continue with 'Self Exclusion' if a duration is not selected.",""
"passed","Fri May 27 13:12:06 EEST 2022","Fri May 27 13:12:21 EEST 2022","15588","","My Profile > Contact Details","","My Profile > Contact Details","#05 Player try to update invalid phone number.","#05 Player try to update invalid phone number.",""
"passed","Fri May 27 13:15:58 EEST 2022","Fri May 27 13:16:12 EEST 2022","14003","","My Account > Gambling Controls > Deposit Limits","","My Account > Gambling Controls > Deposit Limits","#22 Player can close 'How deposit limits work' modal.","#22 Player can close 'How deposit limits work' modal.",""
"passed","Fri May 27 12:53:16 EEST 2022","Fri May 27 12:53:17 EEST 2022","1465","","User come to the 'Planned Maintenance' error page","","User come to the 'Planned Maintenance' error page","#1 Content of ""Planned Maintenance"" error page","#1 Content of ""Planned Maintenance"" error page",""
"passed","Fri May 27 12:58:34 EEST 2022","Fri May 27 12:58:51 EEST 2022","16476","","My Account > Gambling Controls > Account Closure > Self Exclusion","","My Account > Gambling Controls > Account Closure > Self Exclusion","#3 Player can press 'Back' button of the 'Self Exlusion' modal and should return to previous step.","#3 Player can press 'Back' button of the 'Self Exlusion' modal and should return to previous step.",""
"passed","Fri May 27 13:03:43 EEST 2022","Fri May 27 13:03:58 EEST 2022","14592","","Promotions functionality testing. Promotions functionality for authenticated user. Blocks of promotions.","","Promotions functionality testing. Promotions functionality for authenticated user. Blocks of promotions.","#7 Promotions are displayed in correct order.","#7 Promotions are displayed in correct order.",""
"passed","Fri May 27 13:13:26 EEST 2022","Fri May 27 13:13:49 EEST 2022","22521","","My Account > Gambling Controls > Deposit Limits","","My Account > Gambling Controls > Deposit Limits","#9 Player can successfully update a daily deposit limit in the Deposit Limits Delete modal","#9 Player can successfully update a daily deposit limit in the Deposit Limits Delete modal",""
"passed","Fri May 27 13:07:05 EEST 2022","Fri May 27 13:07:18 EEST 2022","13043","","UnsubscribePage","","UnsubscribePage","#7 User can click on ‘Continue’ button in the ‘Re-subscribe’ success window and the Home page will be displayed.","#7 User can click on ‘Continue’ button in the ‘Re-subscribe’ success window and the Home page will be displayed.",""
"passed","Fri May 27 13:04:21 EEST 2022","Fri May 27 13:04:25 EEST 2022","4402","","Registration > Step 1","","Registration > Step 1","#12 User can successfully enter email address with local domain (.de).","#12 User can successfully enter email address with local domain (.de).",""
"passed","Fri May 27 12:55:39 EEST 2022","Fri May 27 12:55:44 EEST 2022","5321","","Live Casino","","Live Casino","#16 All available categories will be displayed and user click/taps on category then user go to the category.","#16 All available categories will be displayed and user click/taps on category then user go to the category.",""
"passed","Fri May 27 12:59:42 EEST 2022","Fri May 27 13:00:00 EEST 2022","18735","","My Account > Gambling Controls > Play Reminders","","My Account > Gambling Controls > Play Reminders","#7 Player can successfully edit their 'Time Limit'.","#7 Player can successfully edit their 'Time Limit'.",""
"passed","Fri May 27 12:58:49 EEST 2022","Fri May 27 12:59:05 EEST 2022","16173","","My Account > Gambling Controls > Play Reminders","","My Account > Gambling Controls > Play Reminders","#4 Player cannot continue with 'Time Limit' if a limit is not selected.","#4 Player cannot continue with 'Time Limit' if a limit is not selected.",""
"passed","Fri May 27 12:57:38 EEST 2022","Fri May 27 12:57:52 EEST 2022","14085","","Deep Link -> Play Reminders","","Deep Link -> Play Reminders","#2 Deep link to play reminders open login when not logged in before play reminders","#2 Deep link to play reminders open login when not logged in before play reminders",""
"passed","Fri May 27 13:08:44 EEST 2022","Fri May 27 13:08:45 EEST 2022","1463","","Promotions functionality testing. Promotions functionality for unauthenticated user.","","Promotions functionality testing. Promotions functionality for unauthenticated user.","#26 Promotion page is displayed for not login user.","#26 Promotion page is displayed for not login user.",""
"passed","Fri May 27 12:56:46 EEST 2022","Fri May 27 12:56:55 EEST 2022","9224","","Log In","","Log In","#13 Player should be able to show/hide their input into the Password field.","#13 Player should be able to show/hide their input into the Password field.",""
"passed","Fri May 27 13:04:29 EEST 2022","Fri May 27 13:04:33 EEST 2022","3971","","Registration > Step 1","","Registration > Step 1","#23 User cannot continue to next step if their password does not meet the minimum password requirements.","#23 User cannot continue to next step if their password does not meet the minimum password requirements.",""
"passed","Fri May 27 13:04:30 EEST 2022","Fri May 27 13:04:35 EEST 2022","5192","","Registration > Step 2","","Registration > Step 2","#12 User cannot enter an invalid date into the date of birth field.","#12 User cannot enter an invalid date into the date of birth field.",""
"passed","Fri May 27 12:55:59 EEST 2022","Fri May 27 12:56:12 EEST 2022","13245","","Homepage","","Homepage","#12 Balance preview correctly displays £0.00 if user has no balance","#12 Balance preview correctly displays £0.00 if user has no balance",""
"passed","Fri May 27 12:56:11 EEST 2022","Fri May 27 12:56:25 EEST 2022","13218","","Log In","","Log In","#06 Player cannot login when entering an incorrect email address.","#06 Player cannot login when entering an incorrect email address.",""
"passed","Fri May 27 13:08:56 EEST 2022","Fri May 27 13:08:59 EEST 2022","2590","","Promotions functionality testing. Promotions functionality for unauthenticated user.","","Promotions functionality testing. Promotions functionality for unauthenticated user.","#32 Promo title of promotion card is displayed for not login user.","#32 Promo title of promotion card is displayed for not login user.",""
"passed","Fri May 27 13:01:34 EEST 2022","Fri May 27 13:01:51 EEST 2022","17295","","My Account > Gambling Controls > Loss Limits","","My Account > Gambling Controls > Loss Limits","#16 User can only enter numeric digits into the set Loss Limit field. ","#16 User can only enter numeric digits into the set Loss Limit field. ",""
"passed","Fri May 27 13:04:54 EEST 2022","Fri May 27 13:05:12 EEST 2022","18297","","My Profile > Communications Preferences","","My Profile > Communications Preferences","#11 Player can uneselect just text preferences using the text toggle (text already toggled on), which upon saving updates the account area accordingly","#11 Player can uneselect just text preferences using the text toggle (text already toggled on), which upon saving updates the account area accordingly",""
"passed","Fri May 27 12:57:24 EEST 2022","Fri May 27 12:57:38 EEST 2022","14421","","Deep Link -> Play Reminders","","Deep Link -> Play Reminders","#1 Deep link to play reminders opens when logged in","#1 Deep link to play reminders opens when logged in",""
"passed","Fri May 27 13:02:38 EEST 2022","Fri May 27 13:02:48 EEST 2022","10062","","Recover Password","","Recover Password","#02 Player cannot submit a blank email address on the recover password form.","#02 Player cannot submit a blank email address on the recover password form.",""
"passed","Fri May 27 12:55:51 EEST 2022","Fri May 27 12:56:01 EEST 2022","10148","","Live Casino","","Live Casino","#18 User has logged in, card is displayed, user hov er a mouse on that card, the primary CTA is PLAY NOW, user clicks/taps on CTA PLAY NOW then user go to the game.","#18 User has logged in, card is displayed, user hov er a mouse on that card, the primary CTA is PLAY NOW, user clicks/taps on CTA PLAY NOW then user go to the game.",""
"passed","Fri May 27 12:53:20 EEST 2022","Fri May 27 12:53:25 EEST 2022","5377","","Homepage","","Homepage","#1 Player can navigate to the registration page via the 'Join'.","#1 Player can navigate to the registration page via the 'Join'.",""
"passed","Fri May 27 13:12:54 EEST 2022","Fri May 27 13:13:09 EEST 2022","14706","","My Account > Gambling Controls > Deposit Limits","","My Account > Gambling Controls > Deposit Limits","#7 Player can open the Deposit Limits Delete modal on delete icon click.","#7 Player can open the Deposit Limits Delete modal on delete icon click.",""
"passed","Fri May 27 12:59:35 EEST 2022","Fri May 27 12:59:50 EEST 2022","15323","","My Account > Gambling Controls > Account Closure > Self Exclusion","","My Account > Gambling Controls > Account Closure > Self Exclusion","#9 Player can choose 18 months option for 'Self Exclusion' and this option should be selected.","#9 Player can choose 18 months option for 'Self Exclusion' and this option should be selected.",""
"passed","Fri May 27 12:55:35 EEST 2022","Fri May 27 12:55:39 EEST 2022","4395","","Live Casino","","Live Casino","#14 Card is displayed, user hover a mouse on that card, the secondary CTA is INFO, user clicks/taps on CTA INFO, user go to info page of the game, user click on CTA JOIN then join modal appears.","#14 Card is displayed, user hover a mouse on that card, the secondary CTA is INFO, user clicks/taps on CTA INFO, user go to info page of the game, user click on CTA JOIN then join modal appears.",""
"passed","Fri May 27 13:12:06 EEST 2022","Fri May 27 13:12:23 EEST 2022","16566","","My Account > Gambling Controls > Deposit Limits","","My Account > Gambling Controls > Deposit Limits","#4 Player can cancel out of the Deposit Limits modal.","#4 Player can cancel out of the Deposit Limits modal.",""
"passed","Fri May 27 12:55:28 EEST 2022","Fri May 27 12:55:35 EEST 2022","6870","","Live Casino","","Live Casino","#13 Card is displayed, user hover a mouse on that card, the primary CTA is PLAY NOW, user clicks/taps on CTA PLAY NOW then the login modal appears.","#13 Card is displayed, user hover a mouse on that card, the primary CTA is PLAY NOW, user clicks/taps on CTA PLAY NOW then the login modal appears.",""
"passed","Fri May 27 13:15:00 EEST 2022","Fri May 27 13:15:22 EEST 2022","22047","","My Account > Gambling Controls > Deposit Limits","","My Account > Gambling Controls > Deposit Limits","#18 Player can submit a blank value in the Deposit Limits.","#18 Player can submit a blank value in the Deposit Limits.",""
"passed","Fri May 27 12:55:01 EEST 2022","Fri May 27 12:55:06 EEST 2022","5345","","Live Casino","","Live Casino","#06 Game image will be displayed.","#06 Game image will be displayed.",""
"skipped","Fri May 27 13:00:36 EEST 2022","Fri May 27 13:00:36 EEST 2022","0","","My Account > Gambling Controls > Loss Limits","","My Account > Gambling Controls > Loss Limits","#12 User can successfully change their Loss Limit with a decimal value and receive a success toast on submitting the new amount. ","#12 User can successfully change their Loss Limit with a decimal value and receive a success toast on submitting the new amount. ",""
"passed","Fri May 27 13:04:02 EEST 2022","Fri May 27 13:04:08 EEST 2022","5849","","Registration > Step 2","","Registration > Step 2","#05 Date of Birth is a mandatory field.","#05 Date of Birth is a mandatory field.",""
"passed","Fri May 27 13:13:02 EEST 2022","Fri May 27 13:13:13 EEST 2022","10387","","Inbox functionality testing","","Inbox functionality testing","#14 Unread message count is not present on Inbox navigation bar icon if player has no unread messages","#14 Unread message count is not present on Inbox navigation bar icon if player has no unread messages",""
"passed","Fri May 27 13:12:48 EEST 2022","Fri May 27 13:12:54 EEST 2022","5903","","Home => Terms & Conditions","","Home => Terms & Conditions","#10 User can see the Terms and Conditions section on terms and conditions page","#10 User can see the Terms and Conditions section on terms and conditions page",""
"passed","Fri May 27 12:53:13 EEST 2022","Fri May 27 12:53:20 EEST 2022","7218","","Footer functionality testing","","Footer functionality testing","#1 Player can see a light grey bar at the top of the footer","#1 Player can see a light grey bar at the top of the footer",""
"passed","Fri May 27 12:53:25 EEST 2022","Fri May 27 12:53:28 EEST 2022","2987","","Landing Page/Welcome Offer page","","Landing Page/Welcome Offer page","#1 User come to the Welcome Offer page ","#1 User come to the Welcome Offer page ",""
"passed","Fri May 27 13:03:27 EEST 2022","Fri May 27 13:03:43 EEST 2022","16077","","My Profile > Communications Preferences","","My Profile > Communications Preferences","#6 Player can edit their preferences and select just the Text toggle, which upon saving updates the account area accordingly","#6 Player can edit their preferences and select just the Text toggle, which upon saving updates the account area accordingly",""
"passed","Fri May 27 13:07:23 EEST 2022","Fri May 27 13:07:38 EEST 2022","15158","","Promotions functionality testing. Promotions functionality for authenticated user. Particular promotions.","","Promotions functionality testing. Promotions functionality for authenticated user. Particular promotions.","#21 User can click on the terms and conditions link and the terms and conditions are displayed for deposit bonus.","#21 User can click on the terms and conditions link and the terms and conditions are displayed for deposit bonus.",""
"passed","Fri May 27 13:00:19 EEST 2022","Fri May 27 13:00:33 EEST 2022","13610","","My Account > Gambling Controls > Account Closure > Self Exclusion","","My Account > Gambling Controls > Account Closure > Self Exclusion","#12 Player can continue with chosen 6 months option to 'Self Exclusion' and confirming modal should display.","#12 Player can continue with chosen 6 months option to 'Self Exclusion' and confirming modal should display.",""
"passed","Fri May 27 13:12:37 EEST 2022","Fri May 27 13:12:54 EEST 2022","17103","","My Account > Gambling Controls > Deposit Limits","","My Account > Gambling Controls > Deposit Limits","#6 Player can close the Deposit Limits Edit modal","#6 Player can close the Deposit Limits Edit modal",""
"passed","Fri May 27 13:04:25 EEST 2022","Fri May 27 13:04:29 EEST 2022","3763","","Registration > Step 1","","Registration > Step 1","#13 Password is a mandatory field.","#13 Password is a mandatory field.",""
"passed","Fri May 27 12:53:28 EEST 2022","Fri May 27 12:53:31 EEST 2022","3177","","Landing Page/Welcome Offer page","","Landing Page/Welcome Offer page","#2 User try to Join at Welcome Offer page","#2 User try to Join at Welcome Offer page",""
"passed","Fri May 27 13:02:43 EEST 2022","Fri May 27 13:02:55 EEST 2022","12091","","My Profile > Communications Preferences","","My Profile > Communications Preferences","#3 Player can edit their preferences and exit using the Cancel CTA within the modal discarding changes","#3 Player can edit their preferences and exit using the Cancel CTA within the modal discarding changes",""
"passed","Fri May 27 13:10:12 EEST 2022","Fri May 27 13:10:25 EEST 2022","12909","","Inbox functionality testing","","Inbox functionality testing","#1 Unread message count is present on Inbox navigation bar icon if player has unread messages","#1 Unread message count is present on Inbox navigation bar icon if player has unread messages",""
"passed","Fri May 27 13:05:34 EEST 2022","Fri May 27 13:05:44 EEST 2022","10128","","Registration > Step 3","","Registration > Step 3","#14 User can enter valid details on Step 3 and progress to Step 4 of the registration process.","#14 User can enter valid details on Step 3 and progress to Step 4 of the registration process.",""
"failed","Fri May 27 13:11:59 EEST 2022","Fri May 27 13:12:13 EEST 2022","13631","","My Account > Gambling Controls > Account Closure > Take A Break","","My Account > Gambling Controls > Account Closure > Take A Break","#3 Player can press 'Back' button of the 'Take A Break' modal and then should be displayed previous step.","#3 Player can press 'Back' button of the 'Take A Break' modal and then should be displayed previous step.",""
"passed","Fri May 27 13:00:15 EEST 2022","Fri May 27 13:00:36 EEST 2022","21004","","My Account > Gambling Controls > Loss Limits","","My Account > Gambling Controls > Loss Limits","#10 User can successfully set a monthly loss limit if not already set ","#10 User can successfully set a monthly loss limit if not already set ",""
"passed","Fri May 27 12:55:16 EEST 2022","Fri May 27 12:55:21 EEST 2022","4988","","Live Casino","","Live Casino","#09 All available game cards will be displayed, user click on arrow of navigation/swipes then the game cards of the carousel will scroll.","#09 All available game cards will be displayed, user click on arrow of navigation/swipes then the game cards of the carousel will scroll.",""
"passed","Fri May 27 12:53:31 EEST 2022","Fri May 27 12:53:35 EEST 2022","4305","","Landing Page/Welcome Offer page","","Landing Page/Welcome Offer page","#3 User clicks on ""Be Aware Gambling"" image at Welcome Offer page","#3 User clicks on ""Be Aware Gambling"" image at Welcome Offer page",""
"failed","Fri May 27 13:11:52 EEST 2022","Fri May 27 13:12:15 EEST 2022","23141","","Home => Terms & Conditions","","Home => Terms & Conditions","#6 User can come to the GamCare page from terms and conditions page","#6 User can come to the GamCare page from terms and conditions page",""
"passed","Fri May 27 13:05:30 EEST 2022","Fri May 27 13:05:50 EEST 2022","19911","","My Profile > Communications Preferences","","My Profile > Communications Preferences","#13 Player can uneselect just post preferences using the post toggle (post already toggled on), which upon saving updates the account area accordingly","#13 Player can uneselect just post preferences using the post toggle (post already toggled on), which upon saving updates the account area accordingly",""
"passed","Fri May 27 12:53:39 EEST 2022","Fri May 27 12:53:45 EEST 2022","6376","","Landing Page/Welcome Offer page","","Landing Page/Welcome Offer page","#5 User try to click on PLAY CTA of Popular game at Welcome Offer page","#5 User try to click on PLAY CTA of Popular game at Welcome Offer page",""
"passed","Fri May 27 13:06:19 EEST 2022","Fri May 27 13:06:39 EEST 2022","19730","","Promotions functionality testing. Promotions functionality for authenticated user. Particular promotions.","","Promotions functionality testing. Promotions functionality for authenticated user. Particular promotions.","#17 User can opt in bonus and get modal with all sections, click on the primary CTA and procceds with the journey","#17 User can opt in bonus and get modal with all sections, click on the primary CTA and procceds with the journey",""
"failed","Fri May 27 13:10:04 EEST 2022","Fri May 27 13:10:19 EEST 2022","15539","","Deep Link -> Edit Phone","","Deep Link -> Edit Phone","#1 Deep link to edit phone opens when logged in","#1 Deep link to edit phone opens when logged in",""
"failed","Fri May 27 13:10:27 EEST 2022","Fri May 27 13:10:50 EEST 2022","23154","","Home page => Privacy Policy page","","Home page => Privacy Policy page","#2 User can come to the Merkur Slots page from Privacy Policy page","#2 User can come to the Merkur Slots page from Privacy Policy page",""
"passed","Fri May 27 13:00:37 EEST 2022","Fri May 27 13:01:00 EEST 2022","22123","","My Account -> Deposit","","My Account -> Deposit","#8 Check user is displayed with a declined modal when safecharge returns a declined response","#8 Check user is displayed with a declined modal when safecharge returns a declined response",""
"passed","Fri May 27 13:04:01 EEST 2022","Fri May 27 13:04:17 EEST 2022","16403","","My Profile > Communications Preferences","","My Profile > Communications Preferences","#8 Player can edit their preferences and select just the Phone toggle, which upon saving updates the account area accordingly","#8 Player can edit their preferences and select just the Phone toggle, which upon saving updates the account area accordingly",""
"passed","Fri May 27 13:13:56 EEST 2022","Fri May 27 13:14:01 EEST 2022","4762","","Home => Terms & Conditions","","Home => Terms & Conditions","#22 User can see the Promotions section on terms and conditions page","#22 User can see the Promotions section on terms and conditions page",""
"passed","Fri May 27 12:53:31 EEST 2022","Fri May 27 12:53:49 EEST 2022","17616","","Footer functionality testing","","Footer functionality testing","#4 Player can see safer gambling logos","#4 Player can see safer gambling logos",""
"passed","Fri May 27 12:58:12 EEST 2022","Fri May 27 12:58:31 EEST 2022","18776","","My Account > Gambling Controls > Play Reminders","","My Account > Gambling Controls > Play Reminders","#2 Player can close the 'Time Limit' modal.","#2 Player can close the 'Time Limit' modal.",""
"passed","Fri May 27 13:04:32 EEST 2022","Fri May 27 13:04:46 EEST 2022","14024","","My Account > Settings > Change Password","","My Account > Settings > Change Password","#14 Player inputs into the password fields should be masked by default.","#14 Player inputs into the password fields should be masked by default.",""
"passed","Fri May 27 13:05:20 EEST 2022","Fri May 27 13:05:32 EEST 2022","12369","","Promotions functionality testing. Promotions functionality for authenticated user. Particular promotions.","","Promotions functionality testing. Promotions functionality for authenticated user. Particular promotions.","#13 User can go to More Info details after click More Info CTA for authenticated user.","#13 User can go to More Info details after click More Info CTA for authenticated user.",""
"passed","Fri May 27 13:13:09 EEST 2022","Fri May 27 13:13:26 EEST 2022","17383","","My Account > Gambling Controls > Deposit Limits","","My Account > Gambling Controls > Deposit Limits","#8 Player can close the Deposit Limits Delete modal","#8 Player can close the Deposit Limits Delete modal",""
"passed","Fri May 27 13:04:01 EEST 2022","Fri May 27 13:04:09 EEST 2022","8021","","Registration > Step 1","","Registration > Step 1","#06 User can not register with an email address that already exists.","#06 User can not register with an email address that already exists.",""
"passed","Fri May 27 13:09:18 EEST 2022","Fri May 27 13:09:20 EEST 2022","2856","","Promotions functionality testing. Promotions functionality for unauthenticated user.","","Promotions functionality testing. Promotions functionality for unauthenticated user.","#39 User can click see full terms CTA and go to Term and Conditions.","#39 User can click see full terms CTA and go to Term and Conditions.",""
"passed","Fri May 27 13:14:24 EEST 2022","Fri May 27 13:14:28 EEST 2022","3897","","Home => Terms & Conditions","","Home => Terms & Conditions","#28 User can opened mail client after clicks/taps on “complaintsMGA@merkurslots.com” ","#28 User can opened mail client after clicks/taps on “complaintsMGA@merkurslots.com” ",""
"passed","Fri May 27 13:09:07 EEST 2022","Fri May 27 13:09:10 EEST 2022","3616","","Promotions functionality testing. Promotions functionality for unauthenticated user.","","Promotions functionality testing. Promotions functionality for unauthenticated user.","#36 All main sections for card are displayed for OPT IN bonus for unauthenticated user.","#36 All main sections for card are displayed for OPT IN bonus for unauthenticated user.",""
"passed","Fri May 27 12:53:35 EEST 2022","Fri May 27 12:53:39 EEST 2022","3553","","Landing Page/Welcome Offer page","","Landing Page/Welcome Offer page","#4 User clicks on ""Be Aware Gambling"" link at Welcome Offer page","#4 User clicks on ""Be Aware Gambling"" link at Welcome Offer page",""
"passed","Fri May 27 13:11:13 EEST 2022","Fri May 27 13:11:27 EEST 2022","13666","","Inbox functionality testing","","Inbox functionality testing","#6 Player can open message and display the message contents (heading, date/time & body)","#6 Player can open message and display the message contents (heading, date/time & body)",""
"passed","Fri May 27 12:58:35 EEST 2022","Fri May 27 12:58:52 EEST 2022","17732","","My Account -> Deposit","","My Account -> Deposit","#2 Check user is able to exit out of the deposit modal using the x button","#2 Check user is able to exit out of the deposit modal using the x button",""
"passed","Fri May 27 12:58:04 EEST 2022","Fri May 27 12:58:19 EEST 2022","14695","","My Account > Gambling Controls > Loss Limits","","My Account > Gambling Controls > Loss Limits","#2 User can open the Loss Limits Edit modal on edit icon click ","#2 User can open the Loss Limits Edit modal on edit icon click ",""
"passed","Fri May 27 13:04:35 EEST 2022","Fri May 27 13:04:41 EEST 2022","6012","","Registration > Step 2","","Registration > Step 2","13 User is required to be 18 or over.","13 User is required to be 18 or over.",""
"passed","Fri May 27 13:04:17 EEST 2022","Fri May 27 13:04:26 EEST 2022","9448","","Registration > Step 3","","Registration > Step 3","#03 Player can select the Manual Input button and is displayed the address inputs.","#03 Player can select the Manual Input button and is displayed the address inputs.",""
"failed","Fri May 27 13:13:40 EEST 2022","Fri May 27 13:14:03 EEST 2022","22805","","My Account > Gambling Controls > Account Closure > Take A Break","","My Account > Gambling Controls > Account Closure > Take A Break","#10 Player can choose 6 weeks option for 'Take A Break' and this option should be selected.","#10 Player can choose 6 weeks option for 'Take A Break' and this option should be selected.",""
"passed","Fri May 27 13:01:51 EEST 2022","Fri May 27 13:02:06 EEST 2022","14148","","My Account > Gambling Controls > Loss Limits","","My Account > Gambling Controls > Loss Limits","#17 User can open 'How loss limits work' modal. ","#17 User can open 'How loss limits work' modal. ",""
"passed","Fri May 27 12:53:38 EEST 2022","Fri May 27 12:53:42 EEST 2022","4774","","Expired Link Error","","Expired Link Error","#7 User can click on x button and close reset password window. ","#7 User can click on x button and close reset password window. ",""
"passed","Fri May 27 13:06:48 EEST 2022","Fri May 27 13:07:06 EEST 2022","18317","","Spin Zone functionality testing","","Spin Zone functionality testing","#5 Player can open 'Deposit' modal","#5 Player can open 'Deposit' modal",""
"passed","Fri May 27 13:10:43 EEST 2022","Fri May 27 13:10:50 EEST 2022","6672","","Home => Terms & Conditions","","Home => Terms & Conditions","#1 User can come to the help center from terms and conditions page","#1 User can come to the help center from terms and conditions page",""
"passed","Fri May 27 12:53:12 EEST 2022","Fri May 27 12:53:16 EEST 2022","4292","","404 error page functionality testing.","","404 error page functionality testing.","#1 404 error page is displayed.","#1 404 error page is displayed.",""
"passed","Fri May 27 12:53:30 EEST 2022","Fri May 27 12:53:34 EEST 2022","3809","","Expired Link Error","","Expired Link Error","#5 User can click on Login button and see Login page. ","#5 User can click on Login button and see Login page. ",""
"passed","Fri May 27 12:59:06 EEST 2022","Fri May 27 12:59:20 EEST 2022","14444","","My Account > Gambling Controls > Account Closure > Self Exclusion","","My Account > Gambling Controls > Account Closure > Self Exclusion","#7 Player can choose 6 months option for 'Self Exclusion' and this option should be selected.","#7 Player can choose 6 months option for 'Self Exclusion' and this option should be selected.",""
"passed","Fri May 27 13:11:55 EEST 2022","Fri May 27 13:12:03 EEST 2022","8220","","Home page => Privacy Policy page","","Home page => Privacy Policy page","#6 After clicking on the link from 'Introduction to Eyas Gaming', the user should see the page  https://www.eyasgaming.com/.","#6 After clicking on the link from 'Introduction to Eyas Gaming', the user should see the page  https://www.eyasgaming.com/.",""
"failed","Fri May 27 13:08:45 EEST 2022","Fri May 27 13:08:48 EEST 2022","2725","","Promotions functionality testing. Promotions functionality for unauthenticated user.","","Promotions functionality testing. Promotions functionality for unauthenticated user.","#27 Promotion page has correct title for not login user.","#27 Promotion page has correct title for not login user.",""
"passed","Fri May 27 12:56:54 EEST 2022","Fri May 27 12:57:11 EEST 2022","16647","","Deep Link -> Deposit Limits","","Deep Link -> Deposit Limits","#1 Deep link to deposit limits opens when logged in","#1 Deep link to deposit limits opens when logged in",""
"passed","Fri May 27 13:11:52 EEST 2022","Fri May 27 13:12:03 EEST 2022","11244","","Inbox functionality testing","","Inbox functionality testing","#9 Player is presented with an updated list of messages when clicking view more button","#9 Player is presented with an updated list of messages when clicking view more button",""
"failed","Fri May 27 13:15:42 EEST 2022","Fri May 27 13:16:03 EEST 2022","21040","","My Account > Gambling Controls > Account Closure > Take A Break","","My Account > Gambling Controls > Account Closure > Take A Break","#16 Player can press 'BACK' for confirmating modal after chosen for 24 hours 'Take A Break' and should return to previous step.","#16 Player can press 'BACK' for confirmating modal after chosen for 24 hours 'Take A Break' and should return to previous step.",""
"passed","Fri May 27 13:02:40 EEST 2022","Fri May 27 13:02:55 EEST 2022","15166","","My Account > Settings > Change Password","","My Account > Settings > Change Password","#6 Player should be displayed an error if they submit the Change Password form with an incorrect Current Password.","#6 Player should be displayed an error if they submit the Change Password form with an incorrect Current Password.",""
"passed","Fri May 27 13:04:26 EEST 2022","Fri May 27 13:04:36 EEST 2022","9906","","Registration > Step 3","","Registration > Step 3","#03 Address Line 1 field is a mandatory field.","#03 Address Line 1 field is a mandatory field.",""
"passed","Fri May 27 13:02:48 EEST 2022","Fri May 27 13:02:59 EEST 2022","10905","","Recover Password","","Recover Password","#03 Player cannot enter an invaild email address.","#03 Player cannot enter an invaild email address.",""
"passed","Fri May 27 12:53:54 EEST 2022","Fri May 27 12:53:57 EEST 2022","2792","","Landing Page/Welcome Offer page","","Landing Page/Welcome Offer page","#9 User can come to the Terms & Conditions page from the Welcome Offer page","#9 User can come to the Terms & Conditions page from the Welcome Offer page",""
"passed","Fri May 27 12:59:38 EEST 2022","Fri May 27 12:59:52 EEST 2022","13349","","My Account -> Deposit","","My Account -> Deposit","#6 Check user is able to select PayPal payment method and is provided with the correct information for this payment method","#6 Check user is able to select PayPal payment method and is provided with the correct information for this payment method",""
"passed","Fri May 27 13:06:29 EEST 2022","Fri May 27 13:06:38 EEST 2022","8577","","Registration > Step 3","","Registration > Step 3","#19 User can select a Country Code from the dropdown menu.","#19 User can select a Country Code from the dropdown menu.",""
"passed","Fri May 27 13:03:24 EEST 2022","Fri May 27 13:03:31 EEST 2022","7024","","Registration > Step 1","","Registration > Step 1","#01.1 User can leave the registration process by clicking the Home link and click 'Yes I want to leave'.","#01.1 User can leave the registration process by clicking the Home link and click 'Yes I want to leave'.",""
"passed","Fri May 27 12:58:31 EEST 2022","Fri May 27 12:58:49 EEST 2022","18147","","My Account > Gambling Controls > Play Reminders","","My Account > Gambling Controls > Play Reminders","#3 Player can cancel out of the 'Time Limit' modal.","#3 Player can cancel out of the 'Time Limit' modal.",""
"passed","Fri May 27 12:58:52 EEST 2022","Fri May 27 12:59:09 EEST 2022","17355","","My Account > Gambling Controls > Loss Limits","","My Account > Gambling Controls > Loss Limits","#5 User can close the Loss Limits Delete modal ","#5 User can close the Loss Limits Delete modal ",""
"passed","Fri May 27 13:02:28 EEST 2022","Fri May 27 13:02:38 EEST 2022","9825","","Recover Password","","Recover Password","#01 Player can navigate to the recover password form and is displayed with the correct fields.","#01 Player can navigate to the recover password form and is displayed with the correct fields.",""
"passed","Fri May 27 13:08:05 EEST 2022","Fri May 27 13:08:20 EEST 2022","14782","","Spin Zone functionality testing","","Spin Zone functionality testing","#10 Player can close game","#10 Player can close game",""
"passed","Fri May 27 13:05:15 EEST 2022","Fri May 27 13:05:25 EEST 2022","9425","","Registration > Step 3","","Registration > Step 3","#09 User cannot enter invalid characters into the City field.","#09 User cannot enter invalid characters into the City field.",""
"passed","Fri May 27 13:10:51 EEST 2022","Fri May 27 13:11:03 EEST 2022","11799","","Inbox functionality testing","","Inbox functionality testing","#4 Player can see their message list, with messages displaying the correct information (if messages > 1)","#4 Player can see their message list, with messages displaying the correct information (if messages > 1)",""
"failed","Fri May 27 13:10:06 EEST 2022","Fri May 27 13:10:41 EEST 2022","34647","","Deep Link -> Change Password","","Deep Link -> Change Password","#1 Deep link to change password opens when logged in","#1 Deep link to change password opens when logged in",""
"passed","Fri May 27 13:05:17 EEST 2022","Fri May 27 13:05:28 EEST 2022","10964","","Registration > Step 4","","Registration > Step 4","#06 User can opt in to receive Post marketing preferences.","#06 User can opt in to receive Post marketing preferences.",""
"passed","Fri May 27 13:07:03 EEST 2022","Fri May 27 13:07:11 EEST 2022","7848","","Registration > Step 4","","Registration > Step 4","#09 User can select multiple marketing preferences.","#09 User can select multiple marketing preferences.",""
"passed","Fri May 27 13:03:20 EEST 2022","Fri May 27 13:03:24 EEST 2022","3609","","Registration > Step 1","","Registration > Step 1","#01 User is displayed the correct content and input fields for Step 1.","#01 User is displayed the correct content and input fields for Step 1.",""
"passed","Fri May 27 12:56:01 EEST 2022","Fri May 27 12:56:12 EEST 2022","10550","","Live Casino","","Live Casino","#21 User has logged in, card is displayed, user clicks/taps on card then the user go to the game.","#21 User has logged in, card is displayed, user clicks/taps on card then the user go to the game.",""
"passed","Fri May 27 13:13:04 EEST 2022","Fri May 27 13:13:13 EEST 2022","9311","","Home page => Privacy Policy page","","Home page => Privacy Policy page","#10 After clicking on the link from 'Contact and DPO', the user should see the page  https://www.eyasgaming.com/.","#10 After clicking on the link from 'Contact and DPO', the user should see the page  https://www.eyasgaming.com/.",""
"passed","Fri May 27 13:08:59 EEST 2022","Fri May 27 13:09:01 EEST 2022","2671","","Promotions functionality testing. Promotions functionality for unauthenticated user.","","Promotions functionality testing. Promotions functionality for unauthenticated user.","#33 Short description of promotion card is displayed for not login user.","#33 Short description of promotion card is displayed for not login user.",""
"passed","Fri May 27 12:55:45 EEST 2022","Fri May 27 12:55:59 EEST 2022","13426","","Homepage","","Homepage","#11 User is displayed with the correct cash balance format in the dropdown card when balance exceeds 9999 (five figure balance)","#11 User is displayed with the correct cash balance format in the dropdown card when balance exceeds 9999 (five figure balance)",""
"passed","Fri May 27 13:14:14 EEST 2022","Fri May 27 13:14:27 EEST 2022","12524","","My Account > Gambling Controls > Deposit Limits","","My Account > Gambling Controls > Deposit Limits","#12 Player can successfully set a monthly deposit limit if not already set.","#12 Player can successfully set a monthly deposit limit if not already set.",""
"passed","Fri May 27 13:04:08 EEST 2022","Fri May 27 13:04:13 EEST 2022","5479","","Registration > Step 2","","Registration > Step 2","#06 User cannot enter less that 2 characters into step 2 name input fields.","#06 User cannot enter less that 2 characters into step 2 name input fields.",""
"failed","Fri May 27 13:10:04 EEST 2022","Fri May 27 13:10:15 EEST 2022","10546","","Logout","","Logout","#01 Player can successfully logout.","#01 Player can successfully logout.",""
"failed","Fri May 27 13:12:19 EEST 2022","Fri May 27 13:12:42 EEST 2022","22147","","Home => Terms & Conditions","","Home => Terms & Conditions","#8 User can come to the eCOGRA page from terms and conditions page","#8 User can come to the eCOGRA page from terms and conditions page",""
"passed","Fri May 27 12:54:19 EEST 2022","Fri May 27 12:54:22 EEST 2022","2975","","Landing Page/Shop Welcome page","","Landing Page/Shop Welcome page","#7 User can come to the ""Be Gambling Aware"" site from the Shop Welcome page","#7 User can come to the ""Be Gambling Aware"" site from the Shop Welcome page",""
"skipped","Fri May 27 13:16:24 EEST 2022","Fri May 27 13:16:24 EEST 2022","0","","My Account > Gambling Controls > Account Closure > Take A Break","","My Account > Gambling Controls > Account Closure > Take A Break","#18 Player can press 'CONFIRM' to finish 'Take A Break' a for 24 hours and should be logged out and unable to sign back into their account.","#18 Player can press 'CONFIRM' to finish 'Take A Break' a for 24 hours and should be logged out and unable to sign back into their account.",""
"passed","Fri May 27 13:04:01 EEST 2022","Fri May 27 13:04:17 EEST 2022","15602","","Registration > Step 3","","Registration > Step 3","#02 User can navigate back to the previous step.","#02 User can navigate back to the previous step.",""
"passed","Fri May 27 13:04:46 EEST 2022","Fri May 27 13:04:56 EEST 2022","9511","","Registration > Step 3","","Registration > Step 3","#06 Post Code field is a mandatory field.","#06 Post Code field is a mandatory field.",""
"passed","Fri May 27 12:53:07 EEST 2022","Fri May 27 12:53:12 EEST 2022","4373","","Service unavailable","","Service unavailable","#0 User come to the Error 500 page, when service is unavailable","#0 User come to the Error 500 page, when service is unavailable",""
"passed","Fri May 27 13:05:53 EEST 2022","Fri May 27 13:06:03 EEST 2022","10180","","Registration > Step 3","","Registration > Step 3","#15 Phone Number is a mandatory field.","#15 Phone Number is a mandatory field.",""
"passed","Fri May 27 12:59:09 EEST 2022","Fri May 27 12:59:27 EEST 2022","18304","","My Account > Gambling Controls > Loss Limits","","My Account > Gambling Controls > Loss Limits","#6 User can successfully update their loss limits in the Loss Limits Delete modal ","#6 User can successfully update their loss limits in the Loss Limits Delete modal ",""
"passed","Fri May 27 13:03:30 EEST 2022","Fri May 27 13:03:43 EEST 2022","13431","","Promotions functionality testing. Promotions functionality for authenticated user. Blocks of promotions.","","Promotions functionality testing. Promotions functionality for authenticated user. Blocks of promotions.","#6 Active promotion is excluded from the featured section.","#6 Active promotion is excluded from the featured section.",""
"passed","Fri May 27 13:01:02 EEST 2022","Fri May 27 13:01:17 EEST 2022","14229","","My Account > Gambling Controls > Account Closure > Self Exclusion","","My Account > Gambling Controls > Account Closure > Self Exclusion","#15 Player can continue with chosen 2 years option to 'Self Exclusion' and confirming modal should display.","#15 Player can continue with chosen 2 years option to 'Self Exclusion' and confirming modal should display.",""
"skipped","Fri May 27 12:56:01 EEST 2022","Fri May 27 12:56:01 EEST 2022","0","","Live Casino","","Live Casino","#19 User has logged in, card is displayed, user hover a mouse on that card, the secondary CTA is INFO, user clicks/taps on CTA INFO, user go to info page of the game, user click on CTA PLAY GAME then user go to the game.","#19 User has logged in, card is displayed, user hover a mouse on that card, the secondary CTA is INFO, user clicks/taps on CTA INFO, user go to info page of the game, user click on CTA PLAY GAME then user go to the game.",""
"passed","Fri May 27 13:04:24 EEST 2022","Fri May 27 13:04:30 EEST 2022","5747","","Registration > Step 2","","Registration > Step 2","#11 User can enter valid details on Step 2 and progress to Step 3 of the registration process.","#11 User can enter valid details on Step 2 and progress to Step 3 of the registration process.",""
"failed","Fri May 27 13:12:27 EEST 2022","Fri May 27 13:12:51 EEST 2022","24387","","My Account > Gambling Controls > Account Closure > Take A Break","","My Account > Gambling Controls > Account Closure > Take A Break","#7 Player can choose 24 hours option for 'Take A Break' and this option should be selected.","#7 Player can choose 24 hours option for 'Take A Break' and this option should be selected.",""
"passed","Fri May 27 13:00:36 EEST 2022","Fri May 27 13:00:54 EEST 2022","18235","","My Account > Gambling Controls > Loss Limits","","My Account > Gambling Controls > Loss Limits","#13 User cannot set a Loss Limit lower than the minimum amount. ","#13 User cannot set a Loss Limit lower than the minimum amount. ",""
"passed","Fri May 27 13:04:13 EEST 2022","Fri May 27 13:04:18 EEST 2022","4910","","Registration > Step 2","","Registration > Step 2","#07 User cannot enter numbers into step 2 name input fields.","#07 User cannot enter numbers into step 2 name input fields.",""
"passed","Fri May 27 13:12:44 EEST 2022","Fri May 27 13:12:50 EEST 2022","6458","","Slots page","","Slots page","#1 User can navigates to the slots page and all elements are persisted on the page","#1 User can navigates to the slots page and all elements are persisted on the page",""
"passed","Fri May 27 13:09:01 EEST 2022","Fri May 27 13:09:04 EEST 2022","2683","","Promotions functionality testing. Promotions functionality for unauthenticated user.","","Promotions functionality testing. Promotions functionality for unauthenticated user.","#34 Relevant CTAs of promotion card are displayed for not login user.","#34 Relevant CTAs of promotion card are displayed for not login user.",""
"passed","Fri May 27 13:04:33 EEST 2022","Fri May 27 13:04:37 EEST 2022","4116","","Registration > Step 1","","Registration > Step 1","#28 User can enter valid details on Step 1 and progress to Step 2 of the registration process.","#28 User can enter valid details on Step 1 and progress to Step 2 of the registration process.",""
"passed","Fri May 27 13:10:03 EEST 2022","Fri May 27 13:10:12 EEST 2022","8754","","Home page => Responsible Gambling page","","Home page => Responsible Gambling page","#0 User can come to the Responsible Gambling page","#0 User can come to the Responsible Gambling page",""
"passed","Fri May 27 13:04:18 EEST 2022","Fri May 27 13:04:24 EEST 2022","6093","","Registration > Step 2","","Registration > Step 2","#08 User cannot enter invalid characters into step 2 name input fields.","#08 User cannot enter invalid characters into step 2 name input fields.",""
"passed","Fri May 27 12:58:16 EEST 2022","Fri May 27 12:58:34 EEST 2022","17741","","My Account > Gambling Controls > Account Closure > Self Exclusion","","My Account > Gambling Controls > Account Closure > Self Exclusion","#2 Player can close the 'Self Exclusion' modal.","#2 Player can close the 'Self Exclusion' modal.",""
"passed","Fri May 27 12:54:56 EEST 2022","Fri May 27 12:55:01 EEST 2022","5372","","Live Casino","","Live Casino","#05 Hero banner static carousel will be displayed.","#05 Hero banner static carousel will be displayed.",""
"passed","Fri May 27 13:09:14 EEST 2022","Fri May 27 13:09:18 EEST 2022","3481","","Promotions functionality testing. Promotions functionality for unauthenticated user.","","Promotions functionality testing. Promotions functionality for unauthenticated user.","#38 All main sections for card are displayed for CLAIM bonus for unauthenticated user.","#38 All main sections for card are displayed for CLAIM bonus for unauthenticated user.",""
"passed","Fri May 27 13:11:36 EEST 2022","Fri May 27 13:11:49 EEST 2022","12205","","My Account > Gambling Controls > Deposit Limits","","My Account > Gambling Controls > Deposit Limits","#2 Player is displayed 'Set Deposit Limit' text if no deposit limits are set.","#2 Player is displayed 'Set Deposit Limit' text if no deposit limits are set.",""
"passed","Fri May 27 12:57:10 EEST 2022","Fri May 27 12:57:28 EEST 2022","17238","","Deep Link -> Loss Limits","","Deep Link -> Loss Limits","#1 Deep link to loss limits opens when logged in","#1 Deep link to loss limits opens when logged in",""
"passed","Fri May 27 13:10:56 EEST 2022","Fri May 27 13:11:12 EEST 2022","16022","","My Profile > Contact Details","","My Profile > Contact Details","#02 Player can select to edit their telephone number and be presented with an edit modal.","#02 Player can select to edit their telephone number and be presented with an edit modal.",""
"passed","Fri May 27 12:53:25 EEST 2022","Fri May 27 12:53:29 EEST 2022","4248","","404 error page functionality testing.","","404 error page functionality testing.","#3 Player can click ""Logo"" button and after that it will redirect to Home page.","#3 Player can click ""Logo"" button and after that it will redirect to Home page.",""
"passed","Fri May 27 13:11:41 EEST 2022","Fri May 27 13:11:59 EEST 2022","18398","","My Account > Gambling Controls > Account Closure > Take A Break","","My Account > Gambling Controls > Account Closure > Take A Break","#2 Player can close the take a break modal.","#2 Player can close the take a break modal.",""
"passed","Fri May 27 13:15:47 EEST 2022","Fri May 27 13:15:58 EEST 2022","10958","","My Account > Gambling Controls > Deposit Limits","","My Account > Gambling Controls > Deposit Limits","#21 Player can open 'How deposit limits work' modal.","#21 Player can open 'How deposit limits work' modal.",""
"passed","Fri May 27 12:54:03 EEST 2022","Fri May 27 12:54:06 EEST 2022","2846","","Landing Page/Shop Welcome page","","Landing Page/Shop Welcome page","#3 User clicks on ""Be Aware Gambling"" image at Shop Welcome page","#3 User clicks on ""Be Aware Gambling"" image at Shop Welcome page",""
"passed","Fri May 27 13:09:10 EEST 2022","Fri May 27 13:09:14 EEST 2022","3814","","Promotions functionality testing. Promotions functionality for unauthenticated user.","","Promotions functionality testing. Promotions functionality for unauthenticated user.","#37 All main sections for card are displayed for DEPOSIT bonus for unauthenticated user.","#37 All main sections for card are displayed for DEPOSIT bonus for unauthenticated user.",""
"passed","Fri May 27 13:01:56 EEST 2022","Fri May 27 13:02:10 EEST 2022","14104","","My Account > Settings > Change Password","","My Account > Settings > Change Password","#3 Current Password is a mandatory field.","#3 Current Password is a mandatory field.",""
"passed","Fri May 27 13:05:28 EEST 2022","Fri May 27 13:05:39 EEST 2022","11339","","Registration > Step 4","","Registration > Step 4","#07 User can opt in to receive Phone marketing preferences.","#07 User can opt in to receive Phone marketing preferences.",""
"passed","Fri May 27 13:05:07 EEST 2022","Fri May 27 13:05:20 EEST 2022","13098","","Promotions functionality testing. Promotions functionality for authenticated user. Particular promotions.","","Promotions functionality testing. Promotions functionality for authenticated user. Particular promotions.","#12 All main sections for card are displayed for CLAIM bonus.","#12 All main sections for card are displayed for CLAIM bonus.",""
"failed","Fri May 27 13:13:35 EEST 2022","Fri May 27 13:13:41 EEST 2022","5704","","Slots page","","Slots page","#9 User hover the game card and click on it and login modal appears","#9 User hover the game card and click on it and login modal appears",""
"passed","Fri May 27 13:11:21 EEST 2022","Fri May 27 13:11:36 EEST 2022","15629","","My Account > Gambling Controls > Deposit Limits","","My Account > Gambling Controls > Deposit Limits","#1 Player can view their deposit limits.","#1 Player can view their deposit limits.",""
"passed","Fri May 27 12:54:00 EEST 2022","Fri May 27 12:54:03 EEST 2022","3572","","Landing Page/Shop Welcome page","","Landing Page/Shop Welcome page","#2 User try to Join at Shop Welcome page","#2 User try to Join at Shop Welcome page",""
"passed","Fri May 27 13:05:12 EEST 2022","Fri May 27 13:05:30 EEST 2022","17760","","My Profile > Communications Preferences","","My Profile > Communications Preferences","#12 Player can uneselect just phone preferences using the phone toggle (phone already toggled on), which upon saving updates the account area accordingly","#12 Player can uneselect just phone preferences using the phone toggle (phone already toggled on), which upon saving updates the account area accordingly",""
"passed","Fri May 27 13:09:25 EEST 2022","Fri May 27 13:09:28 EEST 2022","3762","","Promotions functionality testing. Promotions functionality for unauthenticated user.","","Promotions functionality testing. Promotions functionality for unauthenticated user.","#41 Login form appears after press DEPOSIT CTA for DEPOSIT bonus of unauthenticated user.","#41 Login form appears after press DEPOSIT CTA for DEPOSIT bonus of unauthenticated user.",""
"passed","Fri May 27 13:05:46 EEST 2022","Fri May 27 13:06:00 EEST 2022","14264","","Promotions functionality testing. Promotions functionality for authenticated user. Particular promotions.","","Promotions functionality testing. Promotions functionality for authenticated user. Particular promotions.","#15 User can press Back CTA for More Info page and be taken to the list of promotions.","#15 User can press Back CTA for More Info page and be taken to the list of promotions.",""
"passed","Fri May 27 12:55:38 EEST 2022","Fri May 27 12:55:50 EEST 2022","11656","","Log In","","Log In","#03 Password field is a mandatory field.","#03 Password field is a mandatory field.",""
"skipped","Fri May 27 13:08:51 EEST 2022","Fri May 27 13:08:51 EEST 2022","1","","Promotions functionality testing. Promotions functionality for unauthenticated user.","","Promotions functionality testing. Promotions functionality for unauthenticated user.","#29 Promotions are displayed in correct order for unauthenticated user","#29 Promotions are displayed in correct order for unauthenticated user",""
"passed","Fri May 27 13:14:15 EEST 2022","Fri May 27 13:14:20 EEST 2022","4446","","Home => Terms & Conditions","","Home => Terms & Conditions","#26 User can see the Miscellaneous section on terms and conditions page","#26 User can see the Miscellaneous section on terms and conditions page",""
"passed","Fri May 27 12:53:16 EEST 2022","Fri May 27 12:53:25 EEST 2022","8427","","404 error page functionality testing.","","404 error page functionality testing.","#2 All elements are persisted on 404 error page.","#2 All elements are persisted on 404 error page.",""
"passed","Fri May 27 13:14:06 EEST 2022","Fri May 27 13:14:11 EEST 2022","4796","","Home => Terms & Conditions","","Home => Terms & Conditions","#24 User can see the Limitation of Liability section on terms and conditions page","#24 User can see the Limitation of Liability section on terms and conditions page",""
"passed","Fri May 27 13:08:51 EEST 2022","Fri May 27 13:08:53 EEST 2022","2845","","Promotions functionality testing. Promotions functionality for unauthenticated user.","","Promotions functionality testing. Promotions functionality for unauthenticated user.","#30 Promo image of promotion card is displayed for not login user.","#30 Promo image of promotion card is displayed for not login user.",""
"passed","Fri May 27 13:11:41 EEST 2022","Fri May 27 13:11:52 EEST 2022","10400","","Inbox functionality testing","","Inbox functionality testing","#8 Player with 15 or more messages, view more button is shown","#8 Player with 15 or more messages, view more button is shown",""
"passed","Fri May 27 13:10:04 EEST 2022","Fri May 27 13:10:13 EEST 2022","9132","","Home page => Privacy Policy page","","Home page => Privacy Policy page","#0 User can come to the Privacy Policy page","#0 User can come to the Privacy Policy page",""
"passed","Fri May 27 13:07:35 EEST 2022","Fri May 27 13:07:51 EEST 2022","15955","","Spin Zone functionality testing","","Spin Zone functionality testing","#8 Player can open 'Search Games' modal","#8 Player can open 'Search Games' modal",""
"passed","Fri May 27 12:53:20 EEST 2022","Fri May 27 12:53:25 EEST 2022","5171","","Footer functionality testing","","Footer functionality testing","#2 Player can see payment logos","#2 Player can see payment logos",""
"passed","Fri May 27 13:06:35 EEST 2022","Fri May 27 13:06:52 EEST 2022","17498","","UnsubscribePage","","UnsubscribePage","#5 User can check each radio button and submit the answer → result window will be displayed with the correct content","#5 User can check each radio button and submit the answer → result window will be displayed with the correct content",""
"passed","Fri May 27 13:13:07 EEST 2022","Fri May 27 13:13:14 EEST 2022","6454","","Home => Terms & Conditions","","Home => Terms & Conditions","#13 User can see the Other Important Terms section on terms and conditions page","#13 User can see the Other Important Terms section on terms and conditions page",""
"failed","Fri May 27 13:14:03 EEST 2022","Fri May 27 13:14:25 EEST 2022","22287","","My Account > Gambling Controls > Account Closure > Take A Break","","My Account > Gambling Controls > Account Closure > Take A Break","#11 Player can continue with chosen 24 hours option to 'Take A Break' and confirming modal should display.","#11 Player can continue with chosen 24 hours option to 'Take A Break' and confirming modal should display.",""
"passed","Fri May 27 13:09:32 EEST 2022","Fri May 27 13:09:38 EEST 2022","5277","","Promotions functionality testing. Promotions functionality for unauthenticated user.","","Promotions functionality testing. Promotions functionality for unauthenticated user.","#43 User can go to More Info details after click More Info CTA.","#43 User can go to More Info details after click More Info CTA.",""
"skipped","Fri May 27 13:12:13 EEST 2022","Fri May 27 13:12:13 EEST 2022","3","","My Account > Gambling Controls > Account Closure > Take A Break","","My Account > Gambling Controls > Account Closure > Take A Break","#4 Player cannot continue with 'Take A Break' if a reason is not selected.","#4 Player cannot continue with 'Take A Break' if a reason is not selected.",""
"passed","Fri May 27 12:58:19 EEST 2022","Fri May 27 12:58:36 EEST 2022","17738","","My Account > Gambling Controls > Loss Limits","","My Account > Gambling Controls > Loss Limits","#3 User can close the Loss Limits Edit modal","#3 User can close the Loss Limits Edit modal",""
"passed","Fri May 27 12:56:36 EEST 2022","Fri May 27 12:56:46 EEST 2022","9588","","Log In","","Log In","#12 Players inputs into the password field should be masked by default.","#12 Players inputs into the password field should be masked by default.",""
"passed","Fri May 27 12:59:20 EEST 2022","Fri May 27 12:59:35 EEST 2022","14693","","My Account > Gambling Controls > Account Closure > Self Exclusion","","My Account > Gambling Controls > Account Closure > Self Exclusion","#8 Player can choose 12 months option for 'Self Exclusion' and this option should be selected.","#8 Player can choose 12 months option for 'Self Exclusion' and this option should be selected.",""
"passed","Fri May 27 12:59:21 EEST 2022","Fri May 27 12:59:42 EEST 2022","20365","","My Account > Gambling Controls > Play Reminders","","My Account > Gambling Controls > Play Reminders","#6 Player can successfully set a 'Time Limit'.","#6 Player can successfully set a 'Time Limit'.",""
"passed","Fri May 27 13:11:49 EEST 2022","Fri May 27 13:12:06 EEST 2022","17098","","My Profile > Contact Details","","My Profile > Contact Details","#04 Player can update their telephone number.","#04 Player can update their telephone number.",""
"passed","Fri May 27 13:08:53 EEST 2022","Fri May 27 13:08:56 EEST 2022","2613","","Promotions functionality testing. Promotions functionality for unauthenticated user.","","Promotions functionality testing. Promotions functionality for unauthenticated user.","#31 Applicable the expiry date of promotion card is displayed for not login user.","#31 Applicable the expiry date of promotion card is displayed for not login user.",""
"passed","Fri May 27 13:04:59 EEST 2022","Fri May 27 13:05:17 EEST 2022","17999","","Registration > Step 4","","Registration > Step 4","#02 User can navigate back to the previous step.","#02 User can navigate back to the previous step.",""
"passed","Fri May 27 13:03:52 EEST 2022","Fri May 27 13:04:01 EEST 2022","8887","","Registration > Step 1","","Registration > Step 1","#05 User can select the 'Login' button on the 'Account already exists' drawer and is displayed the Login form.","#05 User can select the 'Login' button on the 'Account already exists' drawer and is displayed the Login form.",""
"passed","Fri May 27 12:57:52 EEST 2022","Fri May 27 12:58:12 EEST 2022","20006","","My Account > Gambling Controls > Play Reminders","","My Account > Gambling Controls > Play Reminders","#1 Player can select to edit their 'Time Limit' and is displayed the Play Reminders modal.","#1 Player can select to edit their 'Time Limit' and is displayed the Play Reminders modal.",""
"passed","Fri May 27 12:59:50 EEST 2022","Fri May 27 13:00:04 EEST 2022","14456","","My Account > Gambling Controls > Account Closure > Self Exclusion","","My Account > Gambling Controls > Account Closure > Self Exclusion","#10 Player can choose 2 years option for 'Self Exclusion' and this option should be selected.","#10 Player can choose 2 years option for 'Self Exclusion' and this option should be selected.",""
"passed","Fri May 27 12:54:08 EEST 2022","Fri May 27 12:54:23 EEST 2022","15697","","Homepage","","Homepage","#5 The details balance card is dismissed when the user clicks outside the modal","#5 The details balance card is dismissed when the user clicks outside the modal",""
"passed","Fri May 27 13:01:25 EEST 2022","Fri May 27 13:01:41 EEST 2022","15441","","My Account > Settings > Change Password","","My Account > Settings > Change Password","#1 Player can close the Change Password modal.","#1 Player can close the Change Password modal.",""
"passed","Fri May 27 13:04:46 EEST 2022","Fri May 27 13:05:02 EEST 2022","16274","","My Account > Settings > Change Password","","My Account > Settings > Change Password","#15 Player should be able to show/hide their inputs into the password fields.","#15 Player should be able to show/hide their inputs into the password fields.",""
"passed","Fri May 27 13:00:33 EEST 2022","Fri May 27 13:00:47 EEST 2022","14895","","My Account > Gambling Controls > Account Closure > Self Exclusion","","My Account > Gambling Controls > Account Closure > Self Exclusion","#13 Player can continue with chosen 12 months option to 'Self Exclusion' and confirming modal should display.","#13 Player can continue with chosen 12 months option to 'Self Exclusion' and confirming modal should display.",""
"passed","Fri May 27 13:04:16 EEST 2022","Fri May 27 13:04:21 EEST 2022","4817","","Registration > Step 1","","Registration > Step 1","#11 User can successfully enter email address with a combination of valid symbols, numbers and letters.","#11 User can successfully enter email address with a combination of valid symbols, numbers and letters.",""
"passed","Fri May 27 13:10:50 EEST 2022","Fri May 27 13:11:02 EEST 2022","12036","","Home page => Privacy Policy page","","Home page => Privacy Policy page","#3 User can come to the Merkur Casino page from Privacy Policy page","#3 User can come to the Merkur Casino page from Privacy Policy page",""
"passed","Fri May 27 13:00:04 EEST 2022","Fri May 27 13:00:19 EEST 2022","14467","","My Account > Gambling Controls > Account Closure > Self Exclusion","","My Account > Gambling Controls > Account Closure > Self Exclusion","#11 Player can choose 5 years option for 'Self Exclusion' and this option should be selected.","#11 Player can choose 5 years option for 'Self Exclusion' and this option should be selected.",""
"passed","Fri May 27 13:08:48 EEST 2022","Fri May 27 13:08:51 EEST 2022","2677","","Promotions functionality testing. Promotions functionality for unauthenticated user.","","Promotions functionality testing. Promotions functionality for unauthenticated user.","#28 Promotion cards are displayed for not login user.","#28 Promotion cards are displayed for not login user.",""
"passed","Fri May 27 13:03:58 EEST 2022","Fri May 27 13:04:26 EEST 2022","27817","","Promotions functionality testing. Promotions functionality for authenticated user. Blocks of promotions.","","Promotions functionality testing. Promotions functionality for authenticated user. Blocks of promotions.","#8 Active promotions are excluded from the promotions section.","#8 Active promotions are excluded from the promotions section.",""
"passed","Fri May 27 13:09:45 EEST 2022","Fri May 27 13:09:50 EEST 2022","5711","","Promotions functionality testing. Promotions functionality for unauthenticated user.","","Promotions functionality testing. Promotions functionality for unauthenticated user.","#46 User clicks button CLAIM for already CLAIMED bonus, successfully login and can see drawer ""This promotion is unavailable"".","#46 User clicks button CLAIM for already CLAIMED bonus, successfully login and can see drawer ""This promotion is unavailable"".",""
"passed","Fri May 27 13:08:13 EEST 2022","Fri May 27 13:08:29 EEST 2022","15716","","Promotions functionality testing. Promotions functionality for authenticated user. Particular promotions.","","Promotions functionality testing. Promotions functionality for authenticated user. Particular promotions.","#24 User can close deposit bonus modal, remove display bonus modal and return to the launch screen.","#24 User can close deposit bonus modal, remove display bonus modal and return to the launch screen.",""
"skipped","Fri May 27 13:12:27 EEST 2022","Fri May 27 13:12:27 EEST 2022","0","","My Account > Gambling Controls > Account Closure > Take A Break","","My Account > Gambling Controls > Account Closure > Take A Break","#6 Player can select a reason for taking a break from the drop down menu.","#6 Player can select a reason for taking a break from the drop down menu.",""
"passed","Fri May 27 12:59:52 EEST 2022","Fri May 27 13:00:37 EEST 2022","45641","","My Account -> Deposit","","My Account -> Deposit","#7 Check user is able to deposit with a valid card and is presented with success modal","#7 Check user is able to deposit with a valid card and is presented with success modal",""
"passed","Fri May 27 13:09:20 EEST 2022","Fri May 27 13:09:25 EEST 2022","4184","","Promotions functionality testing. Promotions functionality for unauthenticated user.","","Promotions functionality testing. Promotions functionality for unauthenticated user.","#40 Login form appears after press OPT IN CTA for OPT IN bonus of unauthenticated user.","#40 Login form appears after press OPT IN CTA for OPT IN bonus of unauthenticated user.",""
"passed","Fri May 27 13:14:27 EEST 2022","Fri May 27 13:14:40 EEST 2022","13438","","My Account > Gambling Controls > Deposit Limits","","My Account > Gambling Controls > Deposit Limits","#13 Player can open the Deposit Limits Delete modal on delete icon click and click on edit icon in the input field.","#13 Player can open the Deposit Limits Delete modal on delete icon click and click on edit icon in the input field.",""
"passed","Fri May 27 13:04:12 EEST 2022","Fri May 27 13:04:16 EEST 2022","3542","","Registration > Step 1","","Registration > Step 1","#08 User can not enter an invaild email address (space in email).","#08 User can not enter an invaild email address (space in email).",""
"passed","Fri May 27 13:10:42 EEST 2022","Fri May 27 13:10:56 EEST 2022","14615","","My Profile > Contact Details","","My Profile > Contact Details","#01 Player can view their contact details.","#01 Player can view their contact details.",""
"passed","Fri May 27 13:05:39 EEST 2022","Fri May 27 13:05:49 EEST 2022","10404","","Registration > Step 4","","Registration > Step 4","#08 User can overwrite Select All option and de-select a preference.","#08 User can overwrite Select All option and de-select a preference.",""
"skipped","Fri May 27 13:00:36 EEST 2022","Fri May 27 13:00:36 EEST 2022","1","","My Account > Gambling Controls > Loss Limits","","My Account > Gambling Controls > Loss Limits","#11 User can successfully set their Loss Limit to the minimum allowed value and will receive a success toast on submitting the new amount. ","#11 User can successfully set their Loss Limit to the minimum allowed value and will receive a success toast on submitting the new amount. ",""
"passed","Fri May 27 13:11:49 EEST 2022","Fri May 27 13:12:06 EEST 2022","17584","","My Account > Gambling Controls > Deposit Limits","","My Account > Gambling Controls > Deposit Limits","#3 Player can close the Deposit Limits modal.","#3 Player can close the Deposit Limits modal.",""
"passed","Fri May 27 13:07:06 EEST 2022","Fri May 27 13:07:22 EEST 2022","15386","","Spin Zone functionality testing","","Spin Zone functionality testing","#6 Player can see total bonus balance","#6 Player can see total bonus balance",""
"passed","Fri May 27 13:13:36 EEST 2022","Fri May 27 13:13:46 EEST 2022","10510","","Home page => Privacy Policy page","","Home page => Privacy Policy page","#12 The user can use to contact for DPO regarding any data protection issue dpo@merkurslots.com email","#12 The user can use to contact for DPO regarding any data protection issue dpo@merkurslots.com email",""
"passed","Fri May 27 13:04:37 EEST 2022","Fri May 27 13:04:42 EEST 2022","5273","","Registration > Step 1","","Registration > Step 1","#29 User can successfully enter email address with uppercase letters.","#29 User can successfully enter email address with uppercase letters.",""
"passed","Fri May 27 13:06:39 EEST 2022","Fri May 27 13:06:48 EEST 2022","8790","","Registration > Step 4","","Registration > Step 4","#03 User can opt in to receive All marketing preferences.","#03 User can opt in to receive All marketing preferences.",""
"passed","Fri May 27 13:13:52 EEST 2022","Fri May 27 13:13:56 EEST 2022","4534","","Home => Terms & Conditions","","Home => Terms & Conditions","#21 User can see the Responsible Gambling section on terms and conditions page","#21 User can see the Responsible Gambling section on terms and conditions page",""
"failed","Fri May 27 13:13:16 EEST 2022","Fri May 27 13:13:40 EEST 2022","24715","","My Account > Gambling Controls > Account Closure > Take A Break","","My Account > Gambling Controls > Account Closure > Take A Break","#9 Player can choose 4 weeks option for 'Take A Break' and this option should be selected.","#9 Player can choose 4 weeks option for 'Take A Break' and this option should be selected.",""
"passed","Fri May 27 12:55:50 EEST 2022","Fri May 27 12:56:01 EEST 2022","10805","","Log In","","Log In","#04 Player cannot submit blank details on the Login Form.","#04 Player cannot submit blank details on the Login Form.",""
"passed","Fri May 27 12:59:25 EEST 2022","Fri May 27 12:59:38 EEST 2022","13387","","My Account -> Deposit","","My Account -> Deposit","#5 Check user is able to select Phone payment method and is provided with the correct information for this payment method","#5 Check user is able to select Phone payment method and is provided with the correct information for this payment method",""
"failed","Fri May 27 13:12:36 EEST 2022","Fri May 27 13:13:04 EEST 2022","27270","","Home page => Privacy Policy page","","Home page => Privacy Policy page","#9 After click one of the links from 'Website Visitors', the user should see new page.","#9 After click one of the links from 'Website Visitors', the user should see new page.",""
"passed","Fri May 27 13:11:12 EEST 2022","Fri May 27 13:11:31 EEST 2022","18697","","My Profile > Contact Details","","My Profile > Contact Details","#03 Player can select to edit their telephone number and cancel out of the modal.","#03 Player can select to edit their telephone number and cancel out of the modal.",""
"failed","Fri May 27 13:14:09 EEST 2022","Fri May 27 13:14:18 EEST 2022","9805","","Slots page","","Slots page","#13 User logged in and click on game card and game page appears","#13 User logged in and click on game card and game page appears",""
"passed","Fri May 27 12:54:40 EEST 2022","Fri May 27 12:54:46 EEST 2022","5347","","Live Casino","","Live Casino","#02 All available categories are displayed and categories can be scrolled.","#02 All available categories are displayed and categories can be scrolled.",""
"passed","Fri May 27 12:54:22 EEST 2022","Fri May 27 12:54:26 EEST 2022","4483","","Landing Page/Shop Welcome page","","Landing Page/Shop Welcome page","#8 User can come to the Promotion page from the Shop Welcome page","#8 User can come to the Promotion page from the Shop Welcome page",""
"passed","Fri May 27 12:53:57 EEST 2022","Fri May 27 12:54:08 EEST 2022","10662","","Expired Link Error","","Expired Link Error","#10 User can click on 'Deposit' button opens Deposit window","#10 User can click on 'Deposit' button opens Deposit window",""
"passed","Fri May 27 13:11:31 EEST 2022","Fri May 27 13:11:49 EEST 2022","17557","","My Profile > Contact Details","","My Profile > Contact Details","# Player can select to edit their telephone number and close the modal to cancel out of the process.","# Player can select to edit their telephone number and close the modal to cancel out of the process.",""
"passed","Fri May 27 12:58:18 EEST 2022","Fri May 27 12:58:35 EEST 2022","17071","","My Account -> Deposit","","My Account -> Deposit","#1 Check user is able to access the deposit modal via the account menu and is displayed with the option to fill in card details by default","#1 Check user is able to access the deposit modal via the account menu and is displayed with the option to fill in card details by default",""
"passed","Fri May 27 13:12:54 EEST 2022","Fri May 27 13:13:01 EEST 2022","6238","","Home => Terms & Conditions","","Home => Terms & Conditions","#11 User can see the Definitions section on terms and conditions page","#11 User can see the Definitions section on terms and conditions page",""
"failed","Fri May 27 13:11:22 EEST 2022","Fri May 27 13:11:46 EEST 2022","24173","","Home => Terms & Conditions","","Home => Terms & Conditions","#4 User can come to the Responsible Gambling page from terms and conditions page","#4 User can come to the Responsible Gambling page from terms and conditions page",""
"passed","Fri May 27 13:03:43 EEST 2022","Fri May 27 13:04:01 EEST 2022","17817","","My Profile > Communications Preferences","","My Profile > Communications Preferences","#7 Player can edit their preferences and select just the Post toggle, which upon saving updates the account area accordingly","#7 Player can edit their preferences and select just the Post toggle, which upon saving updates the account area accordingly",""
"passed","Fri May 27 12:53:12 EEST 2022","Fri May 27 12:53:15 EEST 2022","3482","","Service unavailable","","Service unavailable","#1 User can come to the home page from Error 500 page","#1 User can come to the home page from Error 500 page",""
"passed","Fri May 27 13:06:05 EEST 2022","Fri May 27 13:06:17 EEST 2022","11097","","UnsubscribePage","","UnsubscribePage","#2 User can click on ‘I’ve changed my mind’ button and go to home page.","#2 User can click on ‘I’ve changed my mind’ button and go to home page.",""
"passed","Fri May 27 13:05:55 EEST 2022","Fri May 27 13:06:12 EEST 2022","17652","","Spin Zone functionality testing","","Spin Zone functionality testing","#2 Player can see Resume Game button in the top left of the screen","#2 Player can see Resume Game button in the top left of the screen",""
"passed","Fri May 27 13:00:00 EEST 2022","Fri May 27 13:00:16 EEST 2022","15808","","My Account > Gambling Controls > Play Reminders","","My Account > Gambling Controls > Play Reminders","#8 Player can successfully delete their 'Time Limit' on delete icon click.","#8 Player can successfully delete their 'Time Limit' on delete icon click.",""
"passed","Fri May 27 13:04:17 EEST 2022","Fri May 27 13:04:36 EEST 2022","18502","","My Profile > Communications Preferences","","My Profile > Communications Preferences","#9 Player can unselect all preferences using the select all toggle (select all toggle already active), which upon saving updates the account area accordingly","#9 Player can unselect all preferences using the select all toggle (select all toggle already active), which upon saving updates the account area accordingly",""
"passed","Fri May 27 13:06:55 EEST 2022","Fri May 27 13:07:03 EEST 2022","7592","","Registration > Step 4","","Registration > Step 4","#05 User can opt in to receive SMS marketing preferences.","#05 User can opt in to receive SMS marketing preferences.",""
"failed","Fri May 27 13:16:03 EEST 2022","Fri May 27 13:16:24 EEST 2022","21480","","My Account > Gambling Controls > Account Closure > Take A Break","","My Account > Gambling Controls > Account Closure > Take A Break","#17 Player can close the take a break modal.","#17 Player can close the take a break modal.",""
"passed","Fri May 27 12:53:49 EEST 2022","Fri May 27 12:53:53 EEST 2022","4424","","Footer functionality testing","","Footer functionality testing","#5 Player can see legal and company information","#5 Player can see legal and company information",""
"passed","Fri May 27 13:13:46 EEST 2022","Fri May 27 13:13:52 EEST 2022","5318","","Home => Terms & Conditions","","Home => Terms & Conditions","#20 User can see the Suspension/Termination of your Account section on terms and conditions page","#20 User can see the Suspension/Termination of your Account section on terms and conditions page",""
"passed","Fri May 27 13:03:50 EEST 2022","Fri May 27 13:03:56 EEST 2022","6649","","Registration > Step 2","","Registration > Step 2","#03 First Name is a mandatory field.","#03 First Name is a mandatory field.",""
"passed","Fri May 27 12:56:01 EEST 2022","Fri May 27 12:56:11 EEST 2022","10452","","Log In","","Log In","#05 Player can close the login modal.","#05 Player can close the login modal.",""
"passed","Fri May 27 12:53:53 EEST 2022","Fri May 27 12:54:08 EEST 2022","14700","","Homepage","","Homepage","#4 The details balance card is dismissed when the user clicks it","#4 The details balance card is dismissed when the user clicks it",""
"passed","Fri May 27 13:07:58 EEST 2022","Fri May 27 13:08:13 EEST 2022","15216","","Promotions functionality testing. Promotions functionality for authenticated user. Particular promotions.","","Promotions functionality testing. Promotions functionality for authenticated user. Particular promotions.","#23 User can click on the terms and conditions link and the terms and all sections of conditions are displayed for deposit bonus.","#23 User can click on the terms and conditions link and the terms and all sections of conditions are displayed for deposit bonus.",""
"passed","Fri May 27 12:53:26 EEST 2022","Fri May 27 12:53:30 EEST 2022","4583","","Expired Link Error","","Expired Link Error","#4 User can click on Join button and see Register page. ","#4 User can click on Join button and see Register page. ",""
"passed","Fri May 27 13:03:35 EEST 2022","Fri May 27 13:03:49 EEST 2022","14191","","My Account > Settings > Change Password","","My Account > Settings > Change Password","#10 New password must contain a combination of upper and lower case letters (all lower case).","#10 New password must contain a combination of upper and lower case letters (all lower case).",""
"passed","Fri May 27 12:53:37 EEST 2022","Fri May 27 12:53:53 EEST 2022","16211","","Homepage","","Homepage","#3 The detailed balance card is shown when the dropdown chevron is clicked","#3 The detailed balance card is shown when the dropdown chevron is clicked",""
"passed","Fri May 27 13:13:36 EEST 2022","Fri May 27 13:13:41 EEST 2022","5015","","Home => Terms & Conditions","","Home => Terms & Conditions","#18 User can see the Anti-Money Laundering section on terms and conditions page","#18 User can see the Anti-Money Laundering section on terms and conditions page",""
"failed","Fri May 27 13:15:31 EEST 2022","Fri May 27 13:15:42 EEST 2022","10795","","My Account > Gambling Controls > Account Closure > Take A Break","","My Account > Gambling Controls > Account Closure > Take A Break","#15 Player can choose to view the 'Self Exclusion' service from the 'Take A Break' modal.","#15 Player can choose to view the 'Self Exclusion' service from the 'Take A Break' modal.",""
"passed","Fri May 27 13:05:32 EEST 2022","Fri May 27 13:05:46 EEST 2022","13203","","Promotions functionality testing. Promotions functionality for authenticated user. Particular promotions.","","Promotions functionality testing. Promotions functionality for authenticated user. Particular promotions.","#14 User can click OPT IN primary CTA in more info details page and get confirmation modal with all sections.","#14 User can click OPT IN primary CTA in more info details page and get confirmation modal with all sections.",""
"passed","Fri May 27 13:06:39 EEST 2022","Fri May 27 13:06:52 EEST 2022","12643","","Promotions functionality testing. Promotions functionality for authenticated user. Particular promotions.","","Promotions functionality testing. Promotions functionality for authenticated user. Particular promotions.","#18 User can close confirmation message, return to the calling page and bonus has been claimed.","#18 User can close confirmation message, return to the calling page and bonus has been claimed.",""
"passed","Fri May 27 13:09:04 EEST 2022","Fri May 27 13:09:07 EEST 2022","2678","","Promotions functionality testing. Promotions functionality for unauthenticated user.","","Promotions functionality testing. Promotions functionality for unauthenticated user.","#35 Short terms and conditions of promotion card is displayed for not login user.","#35 Short terms and conditions of promotion card is displayed for not login user.",""
"passed","Fri May 27 12:54:34 EEST 2022","Fri May 27 12:54:40 EEST 2022","5740","","Live Casino","","Live Casino","#01 User has not logged in, the user navigates to the live casino page and the live casino page is displayed.","#01 User has not logged in, the user navigates to the live casino page and the live casino page is displayed.",""
"passed","Fri May 27 13:15:22 EEST 2022","Fri May 27 13:15:33 EEST 2022","10964","","My Account > Gambling Controls > Deposit Limits","","My Account > Gambling Controls > Deposit Limits","#19 Player can open 'History' modal.","#19 Player can open 'History' modal.",""
"passed","Fri May 27 13:12:26 EEST 2022","Fri May 27 13:12:36 EEST 2022","10228","","Home page => Privacy Policy page","","Home page => Privacy Policy page","#8 After clicking on the second link from 'What personal data do we collect? -> Players', the user should see the page  https://www.merkurcasino.com/.","#8 After clicking on the second link from 'What personal data do we collect? -> Players', the user should see the page  https://www.merkurcasino.com/.",""
"passed","Fri May 27 13:03:17 EEST 2022","Fri May 27 13:03:30 EEST 2022","13136","","Promotions functionality testing. Promotions functionality for authenticated user. Blocks of promotions.","","Promotions functionality testing. Promotions functionality for authenticated user. Blocks of promotions.","#5 Featured promotions are displayed in correct order.","#5 Featured promotions are displayed in correct order.",""
"failed","Fri May 27 13:07:38 EEST 2022","Fri May 27 13:07:58 EEST 2022","19381","","Promotions functionality testing. Promotions functionality for authenticated user. Particular promotions.","","Promotions functionality testing. Promotions functionality for authenticated user. Particular promotions.","#22 User can enter amount, go to full terms and conditions, click back button, close full terms conditions and return in deposit modal.","#22 User can enter amount, go to full terms and conditions, click back button, close full terms conditions and return in deposit modal.",""
"passed","Fri May 27 12:53:25 EEST 2022","Fri May 27 12:53:31 EEST 2022","6165","","Footer functionality testing","","Footer functionality testing","#3 Player can see partners logos","#3 Player can see partners logos",""
"failed","Fri May 27 13:15:07 EEST 2022","Fri May 27 13:15:31 EEST 2022","23471","","My Account > Gambling Controls > Account Closure > Take A Break","","My Account > Gambling Controls > Account Closure > Take A Break","#14 Player can continue with chosen 6 weeks option to 'Take A Break' and confirming modal should display.","#14 Player can continue with chosen 6 weeks option to 'Take A Break' and confirming modal should display.",""
"skipped","Fri May 27 13:15:00 EEST 2022","Fri May 27 13:15:00 EEST 2022","0","","My Account > Gambling Controls > Deposit Limits","","My Account > Gambling Controls > Deposit Limits","#17 Player cannot set Deposit Limit higher than the maximum amount.","#17 Player cannot set Deposit Limit higher than the maximum amount.",""
"skipped","Fri May 27 12:55:21 EEST 2022","Fri May 27 12:55:21 EEST 2022","1","","Live Casino","","Live Casino","#11 User can go to the category after clicks/taps on CTA VIEW GAMES.","#11 User can go to the category after clicks/taps on CTA VIEW GAMES.",""
"passed","Fri May 27 13:01:14 EEST 2022","Fri May 27 13:01:34 EEST 2022","20472","","My Account > Gambling Controls > Loss Limits","","My Account > Gambling Controls > Loss Limits","#15 User can submit a blank value in the Loss Limit. ","#15 User can submit a blank value in the Loss Limit. ",""
"passed","Fri May 27 13:13:20 EEST 2022","Fri May 27 13:13:26 EEST 2022","5513","","Home => Terms & Conditions","","Home => Terms & Conditions","#15 User can see the Deposits and Withdrawals section on terms and conditions page","#15 User can see the Deposits and Withdrawals section on terms and conditions page",""
"passed","Fri May 27 12:53:29 EEST 2022","Fri May 27 12:53:32 EEST 2022","3257","","404 error page functionality testing.","","404 error page functionality testing.","#4 Player can click ""Join"" button and after that it will redirect to Register page.","#4 Player can click ""Join"" button and after that it will redirect to Register page.",""
"failed","Fri May 27 13:13:13 EEST 2022","Fri May 27 13:13:36 EEST 2022","22674","","Home page => Privacy Policy page","","Home page => Privacy Policy page","#11 The user can use for Malta contact@eyasgaming.com e-mail","#11 The user can use for Malta contact@eyasgaming.com e-mail",""
"passed","Fri May 27 13:02:35 EEST 2022","Fri May 27 13:02:49 EEST 2022","14127","","Promotions functionality testing. Promotions functionality for authenticated user. Blocks of promotions.","","Promotions functionality testing. Promotions functionality for authenticated user. Blocks of promotions.","#2 All active promotions cards are displayed.","#2 All active promotions cards are displayed.",""
"passed","Fri May 27 12:55:32 EEST 2022","Fri May 27 12:55:45 EEST 2022","13436","","Homepage","","Homepage","#10 User is displayed with a shortened balance in the preview section when balance exceeds 9999 (five figure balance)","#10 User is displayed with a shortened balance in the preview section when balance exceeds 9999 (five figure balance)",""
"passed","Fri May 27 13:00:54 EEST 2022","Fri May 27 13:01:14 EEST 2022","19817","","My Account > Gambling Controls > Loss Limits","","My Account > Gambling Controls > Loss Limits","#14 User cannot set a Loss Limit higher than the maximum amount. ","#14 User cannot set a Loss Limit higher than the maximum amount. ",""
"passed","Fri May 27 13:10:46 EEST 2022","Fri May 27 13:10:52 EEST 2022","6800","","Home page => Responsible Gambling page","","Home page => Responsible Gambling page","#3 User can come to the Gamble Stop page from Responsible Gambling page","#3 User can come to the Gamble Stop page from Responsible Gambling page",""
"passed","Fri May 27 13:13:46 EEST 2022","Fri May 27 13:13:58 EEST 2022","11892","","Slots page","","Slots page","#11 User logged in and hover the game card and click on CTA ""PLAY NOW"" and go to game page","#11 User logged in and hover the game card and click on CTA ""PLAY NOW"" and go to game page",""
"passed","Fri May 27 12:53:34 EEST 2022","Fri May 27 12:53:38 EEST 2022","3758","","Expired Link Error","","Expired Link Error","#6 User can click on Recover Password button and see Reset your password window ","#6 User can click on Recover Password button and see Reset your password window ",""
"passed","Fri May 27 13:11:46 EEST 2022","Fri May 27 13:11:52 EEST 2022","5751","","Home => Terms & Conditions","","Home => Terms & Conditions","#5 User can come to the Gamble Aware page from terms and conditions page","#5 User can come to the Gamble Aware page from terms and conditions page",""
"passed","Fri May 27 13:02:29 EEST 2022","Fri May 27 13:02:43 EEST 2022","14035","","My Profile > Communications Preferences","","My Profile > Communications Preferences","#2 Player can edit their preferences and exit using the x close button within the modal discarding changes","#2 Player can edit their preferences and exit using the x close button within the modal discarding changes",""
"passed","Fri May 27 13:01:53 EEST 2022","Fri May 27 13:02:10 EEST 2022","16854","","My Account > Gambling Controls > Account Closure > Self Exclusion","","My Account > Gambling Controls > Account Closure > Self Exclusion","#18 Player can close the self exclusion modal.","#18 Player can close the self exclusion modal.",""
"passed","Fri May 27 13:11:25 EEST 2022","Fri May 27 13:11:55 EEST 2022","29702","","Home page => Privacy Policy page","","Home page => Privacy Policy page","#5 When the user clicks to link Privacy Policy user should watches the nex chapters.","#5 When the user clicks to link Privacy Policy user should watches the nex chapters.",""
"failed","Fri May 27 13:10:35 EEST 2022","Fri May 27 13:10:43 EEST 2022","7683","","Home => Terms & Conditions","","Home => Terms & Conditions","#0 User can come to the terms and conditions page","#0 User can come to the terms and conditions page",""
"passed","Fri May 27 12:56:55 EEST 2022","Fri May 27 12:57:05 EEST 2022","10186","","Log In","","Log In","#14 Player can select the link to recover their password.","#14 Player can select the link to recover their password.",""
"failed","Fri May 27 13:13:01 EEST 2022","Fri May 27 13:13:08 EEST 2022","6439","","Slots page","","Slots page","#4 User can see game carousel and can scroll it","#4 User can see game carousel and can scroll it",""
"passed","Fri May 27 12:54:26 EEST 2022","Fri May 27 12:54:29 EEST 2022","2754","","Landing Page/Shop Welcome page","","Landing Page/Shop Welcome page","#9 User can come to the Terms & Conditions page from the Shop Welcome page","#9 User can come to the Terms & Conditions page from the Shop Welcome page",""
"passed","Fri May 27 12:57:28 EEST 2022","Fri May 27 12:57:43 EEST 2022","15232","","Deep Link -> Loss Limits","","Deep Link -> Loss Limits","#2 Deep link to loss limits open login when not logged in before loss limits","#2 Deep link to loss limits open login when not logged in before loss limits",""
"passed","Fri May 27 12:58:36 EEST 2022","Fri May 27 12:58:52 EEST 2022","15247","","My Account > Gambling Controls > Loss Limits","","My Account > Gambling Controls > Loss Limits","#4 User can open the Loss Limits Delete modal on delete icon click ","#4 User can open the Loss Limits Delete modal on delete icon click ",""
"passed","Fri May 27 13:03:06 EEST 2022","Fri May 27 13:03:17 EEST 2022","10442","","Recover Password","","Recover Password","#05 Player receives 'Sent' success feedback on submitting a valid email address.","#05 Player receives 'Sent' success feedback on submitting a valid email address.",""
"passed","Fri May 27 12:53:07 EEST 2022","Fri May 27 12:53:11 EEST 2022","4298","","Service unavailable","","Service unavailable","#0 User come to the Location Error page, when service is unavailable","#0 User come to the Location Error page, when service is unavailable",""
"passed","Fri May 27 13:03:42 EEST 2022","Fri May 27 13:03:50 EEST 2022","7227","","Registration > Step 2","","Registration > Step 2","#01 User is displayed the correct content and input fields for Step 2.","#01 User is displayed the correct content and input fields for Step 2.",""
"passed","Fri May 27 13:01:17 EEST 2022","Fri May 27 13:01:34 EEST 2022","17141","","My Account > Gambling Controls > Account Closure > Self Exclusion","","My Account > Gambling Controls > Account Closure > Self Exclusion","#16 Player can continue with chosen 5 years option to 'Self Exclusion' and confirming modal should display.","#16 Player can continue with chosen 5 years option to 'Self Exclusion' and confirming modal should display.",""
"passed","Fri May 27 13:11:13 EEST 2022","Fri May 27 13:11:22 EEST 2022","9138","","Home => Terms & Conditions","","Home => Terms & Conditions","#3 User can come to the Gambling commission page from terms and conditions page","#3 User can come to the Gambling commission page from terms and conditions page",""
"passed","Fri May 27 12:55:06 EEST 2022","Fri May 27 12:55:11 EEST 2022","4867","","Live Casino","","Live Casino","#07 The hero carousel slide is displayed, user click on arrow of navigation/swipes hero carousel slide then the content of the carousel will scroll.","#07 The hero carousel slide is displayed, user click on arrow of navigation/swipes hero carousel slide then the content of the carousel will scroll.",""
"passed","Fri May 27 12:53:57 EEST 2022","Fri May 27 12:54:00 EEST 2022","2747","","Landing Page/Shop Welcome page","","Landing Page/Shop Welcome page","#1 User come to the Shop Welcome page ","#1 User come to the Shop Welcome page ",""
"passed","Fri May 27 13:01:34 EEST 2022","Fri May 27 13:01:53 EEST 2022","19055","","My Account > Gambling Controls > Account Closure > Self Exclusion","","My Account > Gambling Controls > Account Closure > Self Exclusion","#17 Player can press 'BACK' for confirmating modal after chosen for 6 months 'Self Exclusion' and should return to previous step.","#17 Player can press 'BACK' for confirmating modal after chosen for 6 months 'Self Exclusion' and should return to previous step.",""
"passed","Fri May 27 13:10:25 EEST 2022","Fri May 27 13:10:39 EEST 2022","14576","","Inbox functionality testing","","Inbox functionality testing","#2 Unread message count increases when player receives a new message (requires page refresh)","#2 Unread message count increases when player receives a new message (requires page refresh)",""
"passed","Fri May 27 12:53:45 EEST 2022","Fri May 27 12:53:48 EEST 2022","3044","","Landing Page/Welcome Offer page","","Landing Page/Welcome Offer page","#6 User can click on the WELCOME BONUS FULL TERMS AND CONDITIONS","#6 User can click on the WELCOME BONUS FULL TERMS AND CONDITIONS",""
"passed","Fri May 27 13:12:42 EEST 2022","Fri May 27 13:12:48 EEST 2022","6862","","Home => Terms & Conditions","","Home => Terms & Conditions","#9 User can see Introduction section on terms and conditions page","#9 User can see Introduction section on terms and conditions page",""
"passed","Fri May 27 12:54:23 EEST 2022","Fri May 27 12:54:39 EEST 2022","15668","","Homepage","","Homepage","#6 The details balance card is dismissed when the user clicks and drags the footer","#6 The details balance card is dismissed when the user clicks and drags the footer",""
"skipped","Fri May 27 13:14:40 EEST 2022","Fri May 27 13:14:40 EEST 2022","0","","My Account > Gambling Controls > Deposit Limits","","My Account > Gambling Controls > Deposit Limits","#14 Player can successfully set Deposit Limit to the minimum allowed value and will receive a success toast on submitting the new amount.","#14 Player can successfully set Deposit Limit to the minimum allowed value and will receive a success toast on submitting the new amount.",""
"passed","Fri May 27 13:02:26 EEST 2022","Fri May 27 13:02:40 EEST 2022","14401","","My Account > Settings > Change Password","","My Account > Settings > Change Password","#5 Player cannot submit the Change Password form with blank details.","#5 Player cannot submit the Change Password form with blank details.",""
"passed","Fri May 27 13:03:08 EEST 2022","Fri May 27 13:03:22 EEST 2022","13247","","My Account > Settings > Change Password","","My Account > Settings > Change Password","#8 New password must contain a number.","#8 New password must contain a number.",""
"passed","Fri May 27 13:06:22 EEST 2022","Fri May 27 13:06:29 EEST 2022","7722","","Registration > Step 3","","Registration > Step 3","#18 Country Code is populated by default.","#18 Country Code is populated by default.",""
"passed","Fri May 27 12:54:09 EEST 2022","Fri May 27 12:54:16 EEST 2022","6406","","Landing Page/Shop Welcome page","","Landing Page/Shop Welcome page","#5 User try to click on PLAY CTA of Popular game at Shop Welcome page","#5 User try to click on PLAY CTA of Popular game at Shop Welcome page",""
"failed","Fri May 27 13:12:13 EEST 2022","Fri May 27 13:12:27 EEST 2022","13550","","My Account > Gambling Controls > Account Closure > Take A Break","","My Account > Gambling Controls > Account Closure > Take A Break","#5 Player cannot continue with 'Take A Break' if a duration is not selected.","#5 Player cannot continue with 'Take A Break' if a duration is not selected.",""
"passed","Fri May 27 12:56:25 EEST 2022","Fri May 27 12:56:36 EEST 2022","11535","","Log In","","Log In","#07 Player cannot login when entering an incorrect password.","#07 Player cannot login when entering an incorrect password.",""
"passed","Fri May 27 13:03:35 EEST 2022","Fri May 27 13:03:41 EEST 2022","6040","","Registration > Step 1","","Registration > Step 1","#03 User is prompted with the 'Account already exists' drawer if they enter an email address that already exists.","#03 User is prompted with the 'Account already exists' drawer if they enter an email address that already exists.",""
"passed","Fri May 27 12:58:52 EEST 2022","Fri May 27 12:59:11 EEST 2022","18880","","My Account -> Deposit","","My Account -> Deposit","#3 Check user is able to fill in details of required fields for card deposits","#3 Check user is able to fill in details of required fields for card deposits",""
"passed","Fri May 27 13:04:26 EEST 2022","Fri May 27 13:04:39 EEST 2022","13288","","Promotions functionality testing. Promotions functionality for authenticated user. Blocks of promotions.","","Promotions functionality testing. Promotions functionality for authenticated user. Blocks of promotions.","#9 Featured promotions are excluded from the promotions section.","#9 Featured promotions are excluded from the promotions section.",""
"passed","Fri May 27 13:07:51 EEST 2022","Fri May 27 13:08:05 EEST 2022","14337","","Spin Zone functionality testing","","Spin Zone functionality testing","#9 Player can see Exit Game button in bottom right","#9 Player can see Exit Game button in bottom right",""
"passed","Fri May 27 13:06:17 EEST 2022","Fri May 27 13:06:26 EEST 2022","9226","","UnsubscribePage","","UnsubscribePage","#3 User can click on ‘Unsubscribe’ button and successfully unsubscribe window will be displayed with the correct content","#3 User can click on ‘Unsubscribe’ button and successfully unsubscribe window will be displayed with the correct content",""
"passed","Fri May 27 12:55:17 EEST 2022","Fri May 27 12:55:27 EEST 2022","9828","","Log In","","Log In","#01 Player can open the Log In modal and is displayed with the correct fields.","#01 Player can open the Log In modal and is displayed with the correct fields.",""
"passed","Fri May 27 13:04:09 EEST 2022","Fri May 27 13:04:12 EEST 2022","3806","","Registration > Step 1","","Registration > Step 1","#07 User can not enter an invaild email address (no @ sign).","#07 User can not enter an invaild email address (no @ sign).",""
"passed","Fri May 27 13:02:49 EEST 2022","Fri May 27 13:03:03 EEST 2022","14184","","Promotions functionality testing. Promotions functionality for authenticated user. Blocks of promotions.","","Promotions functionality testing. Promotions functionality for authenticated user. Blocks of promotions.","#3 Active promotions are displayed in correct order.","#3 Active promotions are displayed in correct order.",""
"passed","Fri May 27 13:13:14 EEST 2022","Fri May 27 13:13:20 EEST 2022","6680","","Home => Terms & Conditions","","Home => Terms & Conditions","#14 User can see the Your Account section on terms and conditions page","#14 User can see the Your Account section on terms and conditions page",""
"passed","Fri May 27 12:59:05 EEST 2022","Fri May 27 12:59:21 EEST 2022","16299","","My Account > Gambling Controls > Play Reminders","","My Account > Gambling Controls > Play Reminders","#5 Player can select a time limit from the drop down menu.","#5 Player can select a time limit from the drop down menu.",""
"passed","Fri May 27 13:06:13 EEST 2022","Fri May 27 13:06:22 EEST 2022","8651","","Registration > Step 3","","Registration > Step 3","#17 User cannot enter spaces into Phone Number field.","#17 User cannot enter spaces into Phone Number field.",""
"passed","Fri May 27 13:08:29 EEST 2022","Fri May 27 13:08:44 EEST 2022","14934","","Promotions functionality testing. Promotions functionality for authenticated user. Particular promotions.","","Promotions functionality testing. Promotions functionality for authenticated user. Particular promotions.","#25 User can make bonus deposit.","#25 User can make bonus deposit.",""
"passed","Fri May 27 12:56:30 EEST 2022","Fri May 27 12:56:46 EEST 2022","16014","","Homepage","","Homepage","#14 Casino amount does not display when total bonus amount is zero and displays correct total balance of £0.00","#14 Casino amount does not display when total bonus amount is zero and displays correct total balance of £0.00",""
"passed","Fri May 27 12:53:50 EEST 2022","Fri May 27 12:53:57 EEST 2022","7807","","Expired Link Error","","Expired Link Error","#9 User can click on 'Back to Login' and open Login window and successfully login.","#9 User can click on 'Back to Login' and open Login window and successfully login.",""
"passed","Fri May 27 12:54:06 EEST 2022","Fri May 27 12:54:09 EEST 2022","3243","","Landing Page/Shop Welcome page","","Landing Page/Shop Welcome page","#4 User clicks on ""Be Aware Gambling"" link at Shop Welcome page","#4 User clicks on ""Be Aware Gambling"" link at Shop Welcome page",""
"failed","Fri May 27 13:10:19 EEST 2022","Fri May 27 13:10:34 EEST 2022","15160","","Deep Link -> Edit Phone","","Deep Link -> Edit Phone","#2 Deep link to change password open login when not logged in before change password","#2 Deep link to change password open login when not logged in before change password",""
"failed","Fri May 27 13:11:24 EEST 2022","Fri May 27 13:11:41 EEST 2022","17249","","My Account > Gambling Controls > Account Closure > Take A Break","","My Account > Gambling Controls > Account Closure > Take A Break","#1 Player can select take a break menu item from 'Account Closure' and Take A Break contain is displayed.","#1 Player can select take a break menu item from 'Account Closure' and Take A Break contain is displayed.",""
"passed","Fri May 27 13:04:36 EEST 2022","Fri May 27 13:04:46 EEST 2022","10191","","Registration > Step 3","","Registration > Step 3","#04 City field is a mandatory field.","#04 City field is a mandatory field.",""
"passed","Fri May 27 13:13:08 EEST 2022","Fri May 27 13:13:14 EEST 2022","6117","","Slots page","","Slots page","#5 User can see on hero banner carousel primary button CTA, can click on it and see game info page","#5 User can see on hero banner carousel primary button CTA, can click on it and see game info page",""
"failed","Fri May 27 13:10:52 EEST 2022","Fri May 27 13:11:16 EEST 2022","23754","","Home page => Responsible Gambling page","","Home page => Responsible Gambling page","#4 User can come to the ""Block Access to Gambling Websites and Apps Worldwide"" page from Responsible Gambling page","#4 User can come to the ""Block Access to Gambling Websites and Apps Worldwide"" page from Responsible Gambling page",""
"passed","Fri May 27 12:57:05 EEST 2022","Fri May 27 12:57:17 EEST 2022","11675","","Log In","","Log In","#15 Player can successfully Log In when entering valid details.","#15 Player can successfully Log In when entering valid details.",""
"passed","Fri May 27 13:10:13 EEST 2022","Fri May 27 13:10:27 EEST 2022","13931","","Home page => Privacy Policy page","","Home page => Privacy Policy page","#1 User can come to the Eyas Gaming page from Privacy Policy page","#1 User can come to the Eyas Gaming page from Privacy Policy page",""
"passed","Fri May 27 13:13:14 EEST 2022","Fri May 27 13:13:21 EEST 2022","7615","","Slots page","","Slots page","#6 User can hover mouse on game card and see all needed elements","#6 User can hover mouse on game card and see all needed elements",""
"passed","Fri May 27 13:02:59 EEST 2022","Fri May 27 13:03:06 EEST 2022","7953","","Recover Password","","Recover Password","#04 Player can select the 'Cancel and Back To Login' link and is displayed the login section.","#04 Player can select the 'Cancel and Back To Login' link and is displayed the login section.",""
"passed","Fri May 27 12:59:11 EEST 2022","Fri May 27 12:59:25 EEST 2022","13661","","My Account -> Deposit","","My Account -> Deposit","#4 Check user is able to select Instant Bank Transfer and is provided with the correct information for this payment method","#4 Check user is able to select Instant Bank Transfer and is provided with the correct information for this payment method",""
"passed","Fri May 27 13:09:50 EEST 2022","Fri May 27 13:09:56 EEST 2022","5886","","Promotions functionality testing. Promotions functionality for unauthenticated user.","","Promotions functionality testing. Promotions functionality for unauthenticated user.","#47 User clicks button DEPOSIT for already DEPOSITED bonus, successfully login and can see drawer ""This promotion is unavailable"".","#47 User clicks button DEPOSIT for already DEPOSITED bonus, successfully login and can see drawer ""This promotion is unavailable"".",""
"passed","Fri May 27 13:14:11 EEST 2022","Fri May 27 13:14:15 EEST 2022","4509","","Home => Terms & Conditions","","Home => Terms & Conditions","#25 User can see the Complaints and disputes section on terms and conditions page","#25 User can see the Complaints and disputes section on terms and conditions page",""
"passed","Fri May 27 13:07:07 EEST 2022","Fri May 27 13:07:23 EEST 2022","16661","","Promotions functionality testing. Promotions functionality for authenticated user. Particular promotions.","","Promotions functionality testing. Promotions functionality for authenticated user. Particular promotions.","#20 Error message is displayed after user enters amount that is less than the qualification amount for deposit bonus.","#20 Error message is displayed after user enters amount that is less than the qualification amount for deposit bonus.",""
"passed","Fri May 27 12:53:21 EEST 2022","Fri May 27 12:53:26 EEST 2022","4880","","Expired Link Error","","Expired Link Error","#3 User can come to the Home page from ""Expired Link"" error page. ","#3 User can come to the Home page from ""Expired Link"" error page. ",""
"passed","Fri May 27 13:05:25 EEST 2022","Fri May 27 13:05:34 EEST 2022","9277","","Registration > Step 3","","Registration > Step 3","#11 User cannot enter invalid characters into the Post Code field.","#11 User cannot enter invalid characters into the Post Code field.",""
"skipped","Fri May 27 12:59:06 EEST 2022","Fri May 27 12:59:06 EEST 2022","0","","My Account > Gambling Controls > Account Closure > Self Exclusion","","My Account > Gambling Controls > Account Closure > Self Exclusion","#6 Player can select a reason for taking self exclusion the drop down menu.","#6 Player can select a reason for taking self exclusion the drop down menu.",""
"passed","Fri May 27 12:53:17 EEST 2022","Fri May 27 12:53:21 EEST 2022","3969","","Expired Link Error","","Expired Link Error","#2 All elements are persisted on the page. ","#2 All elements are persisted on the page. ",""
"passed","Fri May 27 13:04:18 EEST 2022","Fri May 27 13:04:32 EEST 2022","14210","","My Account > Settings > Change Password","","My Account > Settings > Change Password","#13 Player cannot continue to next step if their new password does not meet the minimum password requirements.","#13 Player cannot continue to next step if their new password does not meet the minimum password requirements.",""
"skipped","Fri May 27 12:55:21 EEST 2022","Fri May 27 12:55:21 EEST 2022","1","","Live Casino","","Live Casino","#10 Hero carousel slide is displayed then the primary CTA will be VIEW GAMES.","#10 Hero carousel slide is displayed then the primary CTA will be VIEW GAMES.",""
"passed","Fri May 27 13:12:15 EEST 2022","Fri May 27 13:12:19 EEST 2022","4484","","Home => Terms & Conditions","","Home => Terms & Conditions","#7 User can come to the GamStop page from terms and conditions page","#7 User can come to the GamStop page from terms and conditions page",""
"passed","Fri May 27 12:54:39 EEST 2022","Fri May 27 12:54:55 EEST 2022","16286","","Homepage","","Homepage","#7 Balance preview updates correctly upon refresh when a users balance is adjusted","#7 Balance preview updates correctly upon refresh when a users balance is adjusted",""
"passed","Fri May 27 13:04:53 EEST 2022","Fri May 27 13:05:07 EEST 2022","13749","","Promotions functionality testing. Promotions functionality for authenticated user. Particular promotions.","","Promotions functionality testing. Promotions functionality for authenticated user. Particular promotions.","#11 All main sections for card are displayed for DEPOSIT bonus.","#11 All main sections for card are displayed for DEPOSIT bonus.",""
"passed","Fri May 27 13:06:30 EEST 2022","Fri May 27 13:06:39 EEST 2022","8545","","Registration > Step 4","","Registration > Step 4","#13 User doesn`t click on confirm checkbox, tries to click success registration button and error text is shown.","#13 User doesn`t click on confirm checkbox, tries to click success registration button and error text is shown.",""
"passed","Fri May 27 12:53:32 EEST 2022","Fri May 27 12:53:40 EEST 2022","7834","","404 error page functionality testing.","","404 error page functionality testing.","#5 Player can click ""Login"" button, open login window and successfully login.","#5 Player can click ""Login"" button, open login window and successfully login.",""
"passed","Fri May 27 12:53:11 EEST 2022","Fri May 27 12:53:13 EEST 2022","1405","","Service unavailable","","Service unavailable","#1 The user is on the Location Error page","#1 The user is on the Location Error page",""
"failed","Fri May 27 13:10:50 EEST 2022","Fri May 27 13:11:13 EEST 2022","23149","","Home => Terms & Conditions","","Home => Terms & Conditions","#2 User can come to the privacy policy page from terms and conditions page","#2 User can come to the privacy policy page from terms and conditions page",""
"skipped","Fri May 27 12:56:01 EEST 2022","Fri May 27 12:56:01 EEST 2022","1","","Live Casino","","Live Casino","#20 User has logged in, card is displayed, user hover a mouse on that card, the third CTA is DEMO, user clicks/taps on CTA DEMO then user go to the demo game.","#20 User has logged in, card is displayed, user hover a mouse on that card, the third CTA is DEMO, user clicks/taps on CTA DEMO then user go to the demo game.",""
"passed","Fri May 27 13:03:11 EEST 2022","Fri May 27 13:03:27 EEST 2022","15904","","My Profile > Communications Preferences","","My Profile > Communications Preferences","#5 Player can edit their preferences and select just the email toggle, which upon saving updates the account area accordingly","#5 Player can edit their preferences and select just the email toggle, which upon saving updates the account area accordingly",""
"skipped","Fri May 27 12:55:39 EEST 2022","Fri May 27 12:55:39 EEST 2022","0","","Live Casino","","Live Casino","#15 Card is displayed, user hover a mouse on that card, the third CTA is DEMO, user clicks/taps on CTA DEMO then the login modal appears.","#15 Card is displayed, user hover a mouse on that card, the third CTA is DEMO, user clicks/taps on CTA DEMO then the login modal appears.",""
"passed","Fri May 27 12:55:14 EEST 2022","Fri May 27 12:55:32 EEST 2022","17862","","Homepage","","Homepage","#9 Bonus amount is updated correctly in the dropdown details when bonus balance is adjusted","#9 Bonus amount is updated correctly in the dropdown details when bonus balance is adjusted",""
"failed","Fri May 27 13:14:47 EEST 2022","Fri May 27 13:15:07 EEST 2022","20417","","My Account > Gambling Controls > Account Closure > Take A Break","","My Account > Gambling Controls > Account Closure > Take A Break","#13 Player can continue with chosen 4 weeks option to 'Take A Break' and confirming modal should display.","#13 Player can continue with chosen 4 weeks option to 'Take A Break' and confirming modal should display.",""
"failed","Fri May 27 13:12:51 EEST 2022","Fri May 27 13:13:16 EEST 2022","24548","","My Account > Gambling Controls > Account Closure > Take A Break","","My Account > Gambling Controls > Account Closure > Take A Break","#8 Player can choose 1 week option for 'Take A Break' and this option should be selected.","#8 Player can choose 1 week option for 'Take A Break' and this option should be selected.",""
"passed","Fri May 27 13:04:36 EEST 2022","Fri May 27 13:04:54 EEST 2022","18309","","My Profile > Communications Preferences","","My Profile > Communications Preferences","#10 Player can unselect just email preferences using the email toggle (email already toggled on), which upon saving updates the account area accordingly","#10 Player can unselect just email preferences using the email toggle (email already toggled on), which upon saving updates the account area accordingly",""
"passed","Fri May 27 13:02:55 EEST 2022","Fri May 27 13:03:08 EEST 2022","13218","","My Account > Settings > Change Password","","My Account > Settings > Change Password","#7 Player is displayed with the password requirements when they start to enter a new password.","#7 Player is displayed with the password requirements when they start to enter a new password.",""
"passed","Fri May 27 13:03:03 EEST 2022","Fri May 27 13:03:17 EEST 2022","14062","","Promotions functionality testing. Promotions functionality for authenticated user. Blocks of promotions.","","Promotions functionality testing. Promotions functionality for authenticated user. Blocks of promotions.","#4 Bonus History Page is displayed after clicks ""See all Activity"" in Recenty Activity.","#4 Bonus History Page is displayed after clicks ""See all Activity"" in Recenty Activity.",""
"failed","Fri May 27 13:12:03 EEST 2022","Fri May 27 13:12:26 EEST 2022","22694","","Home page => Privacy Policy page","","Home page => Privacy Policy page","#7 After clicking on the first link from 'What personal data do we collect? -> Players', the user should see the page  https://www.merkurslots.com/.","#7 After clicking on the first link from 'What personal data do we collect? -> Players', the user should see the page  https://www.merkurslots.com/.",""
"passed","Fri May 27 12:59:45 EEST 2022","Fri May 27 13:00:01 EEST 2022","16196","","My Account > Gambling Controls > Loss Limits","","My Account > Gambling Controls > Loss Limits","#8 User can successfully set a daily loss limit if not already set ","#8 User can successfully set a daily loss limit if not already set ",""
"failed","Fri May 27 13:14:25 EEST 2022","Fri May 27 13:14:47 EEST 2022","21567","","My Account > Gambling Controls > Account Closure > Take A Break","","My Account > Gambling Controls > Account Closure > Take A Break","#12 Player can continue with chosen 1 week option to 'Take A Break' and confirming modal should display.","#12 Player can continue with chosen 1 week option to 'Take A Break' and confirming modal should display.",""
"passed","Fri May 27 12:53:44 EEST 2022","Fri May 27 12:53:56 EEST 2022","11369","","404 error page functionality testing.","","404 error page functionality testing.","#7 Player can click ""Deposit"" button and open Deposit window.","#7 Player can click ""Deposit"" button and open Deposit window.",""
"passed","Fri May 27 12:55:21 EEST 2022","Fri May 27 12:55:28 EEST 2022","6733","","Live Casino","","Live Casino","#12 Card is displayed, user hover a mouse on that card then the primary CTA will be PLAY NOW, the secondary CTA will be INFO icon, AND the third CTA will be DEMO and available tags will be displayed.","#12 Card is displayed, user hover a mouse on that card then the primary CTA will be PLAY NOW, the secondary CTA will be INFO icon, AND the third CTA will be DEMO and available tags will be displayed.",""
"passed","Fri May 27 13:06:26 EEST 2022","Fri May 27 13:06:35 EEST 2022","8836","","UnsubscribePage","","UnsubscribePage","#4 User can check ‘Other’ radio button and the text input will be displayed","#4 User can check ‘Other’ radio button and the text input will be displayed",""
"passed","Fri May 27 12:54:16 EEST 2022","Fri May 27 12:54:19 EEST 2022","2932","","Landing Page/Shop Welcome page","","Landing Page/Shop Welcome page","#6 User can click on the WELCOME BONUS FULL TERMS AND CONDITIONS","#6 User can click on the WELCOME BONUS FULL TERMS AND CONDITIONS",""
"passed","Fri May 27 12:54:51 EEST 2022","Fri May 27 12:54:56 EEST 2022","4978","","Live Casino","","Live Casino","#04 Hero carousel slide are displayed.","#04 Hero carousel slide are displayed.",""
"passed","Fri May 27 13:15:33 EEST 2022","Fri May 27 13:15:47 EEST 2022","13376","","My Account > Gambling Controls > Deposit Limits","","My Account > Gambling Controls > Deposit Limits","#20 Player can close 'History' modal.","#20 Player can close 'History' modal.",""
"passed","Fri May 27 13:02:06 EEST 2022","Fri May 27 13:02:21 EEST 2022","15769","","My Account > Gambling Controls > Loss Limits","","My Account > Gambling Controls > Loss Limits","#18 User can close 'How loss limits work' modal. ","#18 User can close 'How loss limits work' modal. ",""
