"Status","Start Time","Stop Time","Duration in ms","Parent Suite","Suite","Sub Suite","Test Class","Test Method","Name","Description"
"failed","Wed Jun 01 09:29:54 EEST 2022","Wed Jun 01 09:30:16 EEST 2022","22431","","Home => Terms & Conditions","","Home => Terms & Conditions","#9 User can see Introduction section on terms and conditions page","#9 User can see Introduction section on terms and conditions page",""
"failed","Wed Jun 01 09:22:10 EEST 2022","Wed Jun 01 09:22:35 EEST 2022","25962","","Logout","","Logout","#02 Player is logged out of site if clearing there cookies.","#02 Player is logged out of site if clearing there cookies.",""
"failed","Wed Jun 01 09:27:35 EEST 2022","Wed Jun 01 09:28:10 EEST 2022","35018","","Inbox functionality testing","","Inbox functionality testing","#4 Player can see their message list, with messages displaying the correct information (if messages > 1)","#4 Player can see their message list, with messages displaying the correct information (if messages > 1)",""
"failed","Wed Jun 01 09:43:00 EEST 2022","Wed Jun 01 09:43:22 EEST 2022","22464","","Registration > Step 1","","Registration > Step 1","#29 User can successfully enter email address with uppercase letters.","#29 User can successfully enter email address with uppercase letters.",""
"failed","Wed Jun 01 09:10:10 EEST 2022","Wed Jun 01 09:10:46 EEST 2022","35211","","Promotions functionality testing. Promotions functionality for authenticated user. Particular promotions.","","Promotions functionality testing. Promotions functionality for authenticated user. Particular promotions.","#20 Error message is displayed after user enters amount that is less than the qualification amount for deposit bonus.","#20 Error message is displayed after user enters amount that is less than the qualification amount for deposit bonus.",""
"failed","Wed Jun 01 09:44:06 EEST 2022","Wed Jun 01 09:44:28 EEST 2022","22102","","Spin Zone functionality testing","","Spin Zone functionality testing","#7 Player can see recently played games","#7 Player can see recently played games",""
"failed","Wed Jun 01 09:34:41 EEST 2022","Wed Jun 01 09:35:03 EEST 2022","22483","","My Account > Gambling Controls > Account Closure > Self Exclusion","","My Account > Gambling Controls > Account Closure > Self Exclusion","#11 Player can choose 5 years option for 'Self Exclusion' and this option should be selected.","#11 Player can choose 5 years option for 'Self Exclusion' and this option should be selected.",""
"failed","Wed Jun 01 09:41:00 EEST 2022","Wed Jun 01 09:41:24 EEST 2022","23667","","My Profile > Communications Preferences","","My Profile > Communications Preferences","#12 Player can uneselect just phone preferences using the phone toggle (phone already toggled on), which upon saving updates the account area accordingly","#12 Player can uneselect just phone preferences using the phone toggle (phone already toggled on), which upon saving updates the account area accordingly",""
"failed","Wed Jun 01 09:34:38 EEST 2022","Wed Jun 01 09:35:02 EEST 2022","23540","","My Account > Gambling Controls > Loss Limits","","My Account > Gambling Controls > Loss Limits","#16 User can only enter numeric digits into the set Loss Limit field. ","#16 User can only enter numeric digits into the set Loss Limit field. ",""
"failed","Wed Jun 01 09:28:44 EEST 2022","Wed Jun 01 09:29:06 EEST 2022","22341","","My Account > Gambling Controls > Play Reminders","","My Account > Gambling Controls > Play Reminders","#7 Player can successfully edit their 'Time Limit'.","#7 Player can successfully edit their 'Time Limit'.",""
"failed","Wed Jun 01 09:38:55 EEST 2022","Wed Jun 01 09:39:18 EEST 2022","22557","","Registration > Step 1","","Registration > Step 1","#03 User is prompted with the 'Account already exists' drawer if they enter an email address that already exists.","#03 User is prompted with the 'Account already exists' drawer if they enter an email address that already exists.",""
"failed","Wed Jun 01 09:27:39 EEST 2022","Wed Jun 01 09:28:02 EEST 2022","22609","","Home => Terms & Conditions","","Home => Terms & Conditions","#3 User can come to the Gambling commission page from terms and conditions page","#3 User can come to the Gambling commission page from terms and conditions page",""
"failed","Wed Jun 01 09:45:42 EEST 2022","Wed Jun 01 09:46:04 EEST 2022","21793","","Registration > Step 4","","Registration > Step 4","#04 User can opt in to receive Email marketing preferences.","#04 User can opt in to receive Email marketing preferences.",""
"skipped","Wed Jun 01 09:37:06 EEST 2022","Wed Jun 01 09:37:06 EEST 2022","0","","My Account > Gambling Controls > Deposit Limits","","My Account > Gambling Controls > Deposit Limits","#16 Player cannot set Deposit Limit lower than the minimum amount.","#16 Player cannot set Deposit Limit lower than the minimum amount.",""
"failed","Wed Jun 01 09:37:03 EEST 2022","Wed Jun 01 09:37:26 EEST 2022","22455","","Recover Password","","Recover Password","#04 Player can select the 'Cancel and Back To Login' link and is displayed the login section.","#04 Player can select the 'Cancel and Back To Login' link and is displayed the login section.",""
"skipped","Wed Jun 01 09:36:42 EEST 2022","Wed Jun 01 09:36:42 EEST 2022","1","","My Account > Gambling Controls > Deposit Limits","","My Account > Gambling Controls > Deposit Limits","#14 Player can successfully set Deposit Limit to the minimum allowed value and will receive a success toast on submitting the new amount.","#14 Player can successfully set Deposit Limit to the minimum allowed value and will receive a success toast on submitting the new amount.",""
"failed","Wed Jun 01 09:32:41 EEST 2022","Wed Jun 01 09:33:05 EEST 2022","23405","","My Account > Gambling Controls > Loss Limits","","My Account > Gambling Controls > Loss Limits","#9 User can successfully set a weekly loss limit if not already set ","#9 User can successfully set a weekly loss limit if not already set ",""
"failed","Wed Jun 01 09:35:56 EEST 2022","Wed Jun 01 09:36:18 EEST 2022","22499","","My Account > Gambling Controls > Account Closure > Take A Break","","My Account > Gambling Controls > Account Closure > Take A Break","#3 Player can press 'Back' button of the 'Take A Break' modal and then should be displayed previous step.","#3 Player can press 'Back' button of the 'Take A Break' modal and then should be displayed previous step.",""
"failed","Wed Jun 01 09:24:23 EEST 2022","Wed Jun 01 09:24:54 EEST 2022","30457","","Deep Link -> Deposit Limits","","Deep Link -> Deposit Limits","#2 Deep link to deposit limits open login when not logged in before deposit limits","#2 Deep link to deposit limits open login when not logged in before deposit limits",""
"failed","Wed Jun 01 09:39:01 EEST 2022","Wed Jun 01 09:39:25 EEST 2022","23952","","My Profile > Communications Preferences","","My Profile > Communications Preferences","#7 Player can edit their preferences and select just the Post toggle, which upon saving updates the account area accordingly","#7 Player can edit their preferences and select just the Post toggle, which upon saving updates the account area accordingly",""
"failed","Wed Jun 01 09:32:08 EEST 2022","Wed Jun 01 09:32:31 EEST 2022","22534","","Home => Terms & Conditions","","Home => Terms & Conditions","#15 User can see the Deposits and Withdrawals section on terms and conditions page","#15 User can see the Deposits and Withdrawals section on terms and conditions page",""
"failed","Wed Jun 01 09:25:52 EEST 2022","Wed Jun 01 09:26:23 EEST 2022","31724","","Deep Link -> Edit Phone","","Deep Link -> Edit Phone","#2 Deep link to change password open login when not logged in before change password","#2 Deep link to change password open login when not logged in before change password",""
"skipped","Wed Jun 01 09:33:28 EEST 2022","Wed Jun 01 09:33:28 EEST 2022","0","","My Account > Gambling Controls > Loss Limits","","My Account > Gambling Controls > Loss Limits","#12 User can successfully change their Loss Limit with a decimal value and receive a success toast on submitting the new amount. ","#12 User can successfully change their Loss Limit with a decimal value and receive a success toast on submitting the new amount. ",""
"failed","Wed Jun 01 09:37:26 EEST 2022","Wed Jun 01 09:37:49 EEST 2022","23303","","Recover Password","","Recover Password","#05 Player receives 'Sent' success feedback on submitting a valid email address.","#05 Player receives 'Sent' success feedback on submitting a valid email address.",""
"failed","Wed Jun 01 09:41:44 EEST 2022","Wed Jun 01 09:42:06 EEST 2022","22281","","Registration > Step 3","","Registration > Step 3","#03 Player can select the Manual Input button and is displayed the address inputs.","#03 Player can select the Manual Input button and is displayed the address inputs.",""
"failed","Wed Jun 01 09:02:09 EEST 2022","Wed Jun 01 09:02:43 EEST 2022","33329","","Promotions functionality testing. Promotions functionality for authenticated user. Blocks of promotions.","","Promotions functionality testing. Promotions functionality for authenticated user. Blocks of promotions.","#7 Promotions are displayed in correct order.","#7 Promotions are displayed in correct order.",""
"failed","Wed Jun 01 09:35:08 EEST 2022","Wed Jun 01 09:35:30 EEST 2022","22627","","Home => Terms & Conditions","","Home => Terms & Conditions","#23 User can see the Intellectual Property section on terms and conditions page","#23 User can see the Intellectual Property section on terms and conditions page",""
"failed","Wed Jun 01 09:28:25 EEST 2022","Wed Jun 01 09:28:47 EEST 2022","22148","","Home => Terms & Conditions","","Home => Terms & Conditions","#5 User can come to the Gamble Aware page from terms and conditions page","#5 User can come to the Gamble Aware page from terms and conditions page",""
"failed","Wed Jun 01 09:30:21 EEST 2022","Wed Jun 01 09:30:44 EEST 2022","22544","","My Account > Gambling Controls > Loss Limits","","My Account > Gambling Controls > Loss Limits","#3 User can close the Loss Limits Edit modal","#3 User can close the Loss Limits Edit modal",""
"failed","Wed Jun 01 09:31:23 EEST 2022","Wed Jun 01 09:31:45 EEST 2022","22614","","Home => Terms & Conditions","","Home => Terms & Conditions","#13 User can see the Other Important Terms section on terms and conditions page","#13 User can see the Other Important Terms section on terms and conditions page",""
"skipped","Wed Jun 01 09:33:28 EEST 2022","Wed Jun 01 09:33:28 EEST 2022","1","","My Account > Gambling Controls > Loss Limits","","My Account > Gambling Controls > Loss Limits","#11 User can successfully set their Loss Limit to the minimum allowed value and will receive a success toast on submitting the new amount. ","#11 User can successfully set their Loss Limit to the minimum allowed value and will receive a success toast on submitting the new amount. ",""
"failed","Wed Jun 01 09:33:08 EEST 2022","Wed Jun 01 09:33:50 EEST 2022","42318","","Log In","","Log In","#15 Player can successfully Log In when entering valid details.","#15 Player can successfully Log In when entering valid details.",""
"failed","Wed Jun 01 09:21:46 EEST 2022","Wed Jun 01 09:22:10 EEST 2022","24623","","Home page => Responsible Gambling page","","Home page => Responsible Gambling page","#0 User can come to the Responsible Gambling page","#0 User can come to the Responsible Gambling page",""
"failed","Wed Jun 01 09:01:05 EEST 2022","Wed Jun 01 09:01:39 EEST 2022","33698","","Promotions functionality testing. Promotions functionality for authenticated user. Blocks of promotions.","","Promotions functionality testing. Promotions functionality for authenticated user. Blocks of promotions.","#5 Featured promotions are displayed in correct order.","#5 Featured promotions are displayed in correct order.",""
"failed","Wed Jun 01 09:05:25 EEST 2022","Wed Jun 01 09:05:58 EEST 2022","33559","","Promotions functionality testing. Promotions functionality for authenticated user. Particular promotions.","","Promotions functionality testing. Promotions functionality for authenticated user. Particular promotions.","#12 All main sections for card are displayed for CLAIM bonus.","#12 All main sections for card are displayed for CLAIM bonus.",""
"failed","Wed Jun 01 08:59:08 EEST 2022","Wed Jun 01 09:00:01 EEST 2022","53302","","Promotions functionality testing. Promotions functionality for authenticated user. Blocks of promotions.","","Promotions functionality testing. Promotions functionality for authenticated user. Blocks of promotions.","#3 Active promotions are displayed in correct order.","#3 Active promotions are displayed in correct order.",""
"failed","Wed Jun 01 09:09:36 EEST 2022","Wed Jun 01 09:10:10 EEST 2022","34175","","Promotions functionality testing. Promotions functionality for authenticated user. Particular promotions.","","Promotions functionality testing. Promotions functionality for authenticated user. Particular promotions.","#19 User can click DEPOSIT CTA for deposit bonus and open deposit bonus modal with displaying all sections.","#19 User can click DEPOSIT CTA for deposit bonus and open deposit bonus modal with displaying all sections.",""
"failed","Wed Jun 01 09:16:03 EEST 2022","Wed Jun 01 09:16:25 EEST 2022","21825","","Promotions functionality testing. Promotions functionality for unauthenticated user.","","Promotions functionality testing. Promotions functionality for unauthenticated user.","#33 Short description of promotion card is displayed for not login user.","#33 Short description of promotion card is displayed for not login user.",""
"failed","Wed Jun 01 09:39:34 EEST 2022","Wed Jun 01 09:39:57 EEST 2022","22403","","UnsubscribePage","","UnsubscribePage","#2 User can click on ‘I’ve changed my mind’ button and go to home page.","#2 User can click on ‘I’ve changed my mind’ button and go to home page.",""
"failed","Wed Jun 01 09:46:10 EEST 2022","Wed Jun 01 09:46:37 EEST 2022","26780","","Slots page","","Slots page","#9 User hover the game card and click on it and login modal appears","#9 User hover the game card and click on it and login modal appears",""
"failed","Wed Jun 01 09:34:51 EEST 2022","Wed Jun 01 09:35:13 EEST 2022","22635","","My Account > Gambling Controls > Account Closure > Take A Break","","My Account > Gambling Controls > Account Closure > Take A Break","#1 Player can select take a break menu item from 'Account Closure' and Take A Break contain is displayed.","#1 Player can select take a break menu item from 'Account Closure' and Take A Break contain is displayed.",""
"failed","Wed Jun 01 09:28:56 EEST 2022","Wed Jun 01 09:29:19 EEST 2022","23606","","My Account -> Deposit","","My Account -> Deposit","#2 Check user is able to exit out of the deposit modal using the x button","#2 Check user is able to exit out of the deposit modal using the x button",""
"failed","Wed Jun 01 09:26:59 EEST 2022","Wed Jun 01 09:27:35 EEST 2022","35755","","Inbox functionality testing","","Inbox functionality testing","#3 New messages are marked with a NEW message sticker","#3 New messages are marked with a NEW message sticker",""
"failed","Wed Jun 01 09:24:39 EEST 2022","Wed Jun 01 09:25:11 EEST 2022","32335","","Homepage","","Homepage","#3 The detailed balance card is shown when the dropdown chevron is clicked","#3 The detailed balance card is shown when the dropdown chevron is clicked",""
"failed","Wed Jun 01 09:42:42 EEST 2022","Wed Jun 01 09:43:06 EEST 2022","23463","","Registration > Step 4","","Registration > Step 4","#06 User can opt in to receive Post marketing preferences.","#06 User can opt in to receive Post marketing preferences.",""
"failed","Wed Jun 01 09:44:20 EEST 2022","Wed Jun 01 09:44:42 EEST 2022","22011","","Registration > Step 3","","Registration > Step 3","#11 User cannot enter invalid characters into the Post Code field.","#11 User cannot enter invalid characters into the Post Code field.",""
"failed","Wed Jun 01 09:24:45 EEST 2022","Wed Jun 01 09:25:15 EEST 2022","30534","","Deep Link -> Loss Limits","","Deep Link -> Loss Limits","#2 Deep link to loss limits open login when not logged in before loss limits","#2 Deep link to loss limits open login when not logged in before loss limits",""
"failed","Wed Jun 01 09:42:06 EEST 2022","Wed Jun 01 09:42:29 EEST 2022","22600","","Registration > Step 3","","Registration > Step 3","#03 Address Line 1 field is a mandatory field.","#03 Address Line 1 field is a mandatory field.",""
"failed","Wed Jun 01 09:28:26 EEST 2022","Wed Jun 01 09:28:56 EEST 2022","29663","","Homepage","","Homepage","#10 User is displayed with a shortened balance in the preview section when balance exceeds 9999 (five figure balance)","#10 User is displayed with a shortened balance in the preview section when balance exceeds 9999 (five figure balance)",""
"failed","Wed Jun 01 09:24:50 EEST 2022","Wed Jun 01 09:25:13 EEST 2022","22466","","Home page => Privacy Policy page","","Home page => Privacy Policy page","#8 After clicking on the second link from 'What personal data do we collect? -> Players', the user should see the page  https://www.merkurcasino.com/.","#8 After clicking on the second link from 'What personal data do we collect? -> Players', the user should see the page  https://www.merkurcasino.com/.",""
"failed","Wed Jun 01 09:39:23 EEST 2022","Wed Jun 01 09:39:46 EEST 2022","22473","","My Account > Settings > Change Password","","My Account > Settings > Change Password","#6 Player should be displayed an error if they submit the Change Password form with an incorrect Current Password.","#6 Player should be displayed an error if they submit the Change Password form with an incorrect Current Password.",""
"skipped","Wed Jun 01 09:20:45 EEST 2022","Wed Jun 01 09:20:45 EEST 2022","1","","Promotions functionality testing. Promotions functionality for unauthenticated user.","","Promotions functionality testing. Promotions functionality for unauthenticated user.","#45 User clicks button OPT IN for already OPTED IN bonus, successfully login and can see drawer ""This promotion is unavailable"".","#45 User clicks button OPT IN for already OPTED IN bonus, successfully login and can see drawer ""This promotion is unavailable"".",""
"failed","Wed Jun 01 09:11:21 EEST 2022","Wed Jun 01 09:12:01 EEST 2022","39807","","Promotions functionality testing. Promotions functionality for authenticated user. Particular promotions.","","Promotions functionality testing. Promotions functionality for authenticated user. Particular promotions.","#22 User can enter amount, go to full terms and conditions, click back button, close full terms conditions and return in deposit modal.","#22 User can enter amount, go to full terms and conditions, click back button, close full terms conditions and return in deposit modal.",""
"failed","Wed Jun 01 09:24:47 EEST 2022","Wed Jun 01 09:25:09 EEST 2022","22287","","Live Casino","","Live Casino","#04 Hero carousel slide are displayed.","#04 Hero carousel slide are displayed.",""
"failed","Wed Jun 01 09:28:55 EEST 2022","Wed Jun 01 09:29:38 EEST 2022","42428","","Log In","","Log In","#05 Player can close the login modal.","#05 Player can close the login modal.",""
"failed","Wed Jun 01 09:42:53 EEST 2022","Wed Jun 01 09:43:16 EEST 2022","22625","","Slots page","","Slots page","#1 User can navigates to the slots page and all elements are persisted on the page","#1 User can navigates to the slots page and all elements are persisted on the page",""
"failed","Wed Jun 01 09:41:09 EEST 2022","Wed Jun 01 09:41:32 EEST 2022","22357","","Registration > Step 1","","Registration > Step 1","#11 User can successfully enter email address with a combination of valid symbols, numbers and letters.","#11 User can successfully enter email address with a combination of valid symbols, numbers and letters.",""
"failed","Wed Jun 01 09:38:41 EEST 2022","Wed Jun 01 09:39:04 EEST 2022","23839","","My Account > Gambling Controls > Deposit Limits","","My Account > Gambling Controls > Deposit Limits","#22 Player can close 'How deposit limits work' modal.","#22 Player can close 'How deposit limits work' modal.",""
"failed","Wed Jun 01 09:39:41 EEST 2022","Wed Jun 01 09:40:03 EEST 2022","22386","","Registration > Step 1","","Registration > Step 1","#05 User can select the 'Login' button on the 'Account already exists' drawer and is displayed the Login form.","#05 User can select the 'Login' button on the 'Account already exists' drawer and is displayed the Login form.",""
"failed","Wed Jun 01 09:41:24 EEST 2022","Wed Jun 01 09:41:47 EEST 2022","23669","","My Profile > Communications Preferences","","My Profile > Communications Preferences","#13 Player can uneselect just post preferences using the post toggle (post already toggled on), which upon saving updates the account area accordingly","#13 Player can uneselect just post preferences using the post toggle (post already toggled on), which upon saving updates the account area accordingly",""
"failed","Wed Jun 01 09:41:03 EEST 2022","Wed Jun 01 09:41:26 EEST 2022","22222","","UnsubscribePage","","UnsubscribePage","#6 User can click on ‘Re-subscribe’ button and success window will be displayed with the correct content","#6 User can click on ‘Re-subscribe’ button and success window will be displayed with the correct content",""
"failed","Wed Jun 01 09:34:10 EEST 2022","Wed Jun 01 09:34:45 EEST 2022","35309","","Inbox functionality testing","","Inbox functionality testing","#15 Player is presented with an Empty Inbox image if the Inbox is empty (rather than a heading & message list)","#15 Player is presented with an Empty Inbox image if the Inbox is empty (rather than a heading & message list)",""
"failed","Wed Jun 01 09:24:01 EEST 2022","Wed Jun 01 09:24:25 EEST 2022","23496","","Live Casino","","Live Casino","#01 User has not logged in, the user navigates to the live casino page and the live casino page is displayed.","#01 User has not logged in, the user navigates to the live casino page and the live casino page is displayed.",""
"failed","Wed Jun 01 09:42:16 EEST 2022","Wed Jun 01 09:42:38 EEST 2022","22470","","Spin Zone functionality testing","","Spin Zone functionality testing","#2 Player can see Resume Game button in the top left of the screen","#2 Player can see Resume Game button in the top left of the screen",""
"failed","Wed Jun 01 09:33:55 EEST 2022","Wed Jun 01 09:34:17 EEST 2022","22477","","My Profile > Contact Details","","My Profile > Contact Details","#01 Player can view their contact details.","#01 Player can view their contact details.",""
"failed","Wed Jun 01 09:04:51 EEST 2022","Wed Jun 01 09:05:25 EEST 2022","33555","","Promotions functionality testing. Promotions functionality for authenticated user. Particular promotions.","","Promotions functionality testing. Promotions functionality for authenticated user. Particular promotions.","#11 All main sections for card are displayed for DEPOSIT bonus.","#11 All main sections for card are displayed for DEPOSIT bonus.",""
"failed","Wed Jun 01 09:43:14 EEST 2022","Wed Jun 01 09:43:36 EEST 2022","22653","","Registration > Step 3","","Registration > Step 3","#07 User cannot enter invalid characters into the Address Line 1 field.","#07 User cannot enter invalid characters into the Address Line 1 field.",""
"failed","Wed Jun 01 09:43:16 EEST 2022","Wed Jun 01 09:43:41 EEST 2022","25390","","Slots page","","Slots page","#2 User can see hero banner carousel and can scroll it","#2 User can see hero banner carousel and can scroll it",""
"failed","Wed Jun 01 09:40:55 EEST 2022","Wed Jun 01 09:41:18 EEST 2022","23653","","Registration > Step 3","","Registration > Step 3","#01 User is displayed the correct content and input fields for Step 3.","#01 User is displayed the correct content and input fields for Step 3.",""
"failed","Wed Jun 01 09:39:27 EEST 2022","Wed Jun 01 09:39:49 EEST 2022","22336","","Registration > Step 2","","Registration > Step 2","#04 Last Name is a mandatory field.","#04 Last Name is a mandatory field.",""
"skipped","Wed Jun 01 09:32:49 EEST 2022","Wed Jun 01 09:32:49 EEST 2022","0","","My Account > Gambling Controls > Account Closure > Self Exclusion","","My Account > Gambling Controls > Account Closure > Self Exclusion","#4 Player cannot continue with 'Self Exclusion' if a reason is not selected.","#4 Player cannot continue with 'Self Exclusion' if a reason is not selected.",""
"failed","Wed Jun 01 09:43:22 EEST 2022","Wed Jun 01 09:43:44 EEST 2022","22160","","Spin Zone functionality testing","","Spin Zone functionality testing","#5 Player can open 'Deposit' modal","#5 Player can open 'Deposit' modal",""
"failed","Wed Jun 01 09:29:58 EEST 2022","Wed Jun 01 09:30:21 EEST 2022","23314","","My Account > Gambling Controls > Loss Limits","","My Account > Gambling Controls > Loss Limits","#2 User can open the Loss Limits Edit modal on edit icon click ","#2 User can open the Loss Limits Edit modal on edit icon click ",""
"failed","Wed Jun 01 09:39:46 EEST 2022","Wed Jun 01 09:40:08 EEST 2022","22246","","My Account > Settings > Change Password","","My Account > Settings > Change Password","#7 Player is displayed with the password requirements when they start to enter a new password.","#7 Player is displayed with the password requirements when they start to enter a new password.",""
"failed","Wed Jun 01 09:31:08 EEST 2022","Wed Jun 01 09:31:32 EEST 2022","24084","","My Profile > Personal Details","","My Profile > Personal Details","#01 Player can view their personal details.","#01 Player can view their personal details.",""
"failed","Wed Jun 01 09:21:46 EEST 2022","Wed Jun 01 09:22:10 EEST 2022","23478","","Footer functionality testing","","Footer functionality testing","#1 Player can see a light grey bar at the top of the footer","#1 Player can see a light grey bar at the top of the footer",""
"failed","Wed Jun 01 09:20:19 EEST 2022","Wed Jun 01 09:20:45 EEST 2022","25983","","Promotions functionality testing. Promotions functionality for unauthenticated user.","","Promotions functionality testing. Promotions functionality for unauthenticated user.","#44 User can see list of promotions after click Back button from more info details.","#44 User can see list of promotions after click Back button from more info details.",""
"failed","Wed Jun 01 09:46:52 EEST 2022","Wed Jun 01 09:47:12 EEST 2022","20965","","Registration > Step 3","","Registration > Step 3","#19 User can select a Country Code from the dropdown menu.","#19 User can select a Country Code from the dropdown menu.",""
"failed","Wed Jun 01 09:32:49 EEST 2022","Wed Jun 01 09:33:12 EEST 2022","22429","","My Account > Gambling Controls > Account Closure > Self Exclusion","","My Account > Gambling Controls > Account Closure > Self Exclusion","#5 Player cannot continue with 'Self Exclusion' if a duration is not selected.","#5 Player cannot continue with 'Self Exclusion' if a duration is not selected.",""
"failed","Wed Jun 01 09:37:53 EEST 2022","Wed Jun 01 09:38:16 EEST 2022","22594","","My Account > Settings > Change Password","","My Account > Settings > Change Password","#2 Player can cancel out of the Change Password modal.","#2 Player can cancel out of the Change Password modal.",""
"failed","Wed Jun 01 09:42:29 EEST 2022","Wed Jun 01 09:42:51 EEST 2022","22614","","Registration > Step 3","","Registration > Step 3","#04 City field is a mandatory field.","#04 City field is a mandatory field.",""
"failed","Wed Jun 01 09:43:08 EEST 2022","Wed Jun 01 09:43:29 EEST 2022","21556","","My Account > Settings > Change Password","","My Account > Settings > Change Password","#16 Player can successfully update and sign in with their new password.","#16 Player can successfully update and sign in with their new password.",""
"failed","Wed Jun 01 09:16:47 EEST 2022","Wed Jun 01 09:17:09 EEST 2022","22193","","Promotions functionality testing. Promotions functionality for unauthenticated user.","","Promotions functionality testing. Promotions functionality for unauthenticated user.","#35 Short terms and conditions of promotion card is displayed for not login user.","#35 Short terms and conditions of promotion card is displayed for not login user.",""
"skipped","Wed Jun 01 09:26:18 EEST 2022","Wed Jun 01 09:26:18 EEST 2022","1","","Live Casino","","Live Casino","#11 User can go to the category after clicks/taps on CTA VIEW GAMES.","#11 User can go to the category after clicks/taps on CTA VIEW GAMES.",""
"failed","Wed Jun 01 09:32:17 EEST 2022","Wed Jun 01 09:32:41 EEST 2022","23816","","My Account > Gambling Controls > Loss Limits","","My Account > Gambling Controls > Loss Limits","#8 User can successfully set a daily loss limit if not already set ","#8 User can successfully set a daily loss limit if not already set ",""
"failed","Wed Jun 01 09:25:33 EEST 2022","Wed Jun 01 09:26:16 EEST 2022","42942","","Inbox functionality testing","","Inbox functionality testing","#1 Unread message count is present on Inbox navigation bar icon if player has unread messages","#1 Unread message count is present on Inbox navigation bar icon if player has unread messages",""
"failed","Wed Jun 01 09:46:04 EEST 2022","Wed Jun 01 09:46:25 EEST 2022","21795","","Registration > Step 4","","Registration > Step 4","#05 User can opt in to receive SMS marketing preferences.","#05 User can opt in to receive SMS marketing preferences.",""
"failed","Wed Jun 01 09:22:09 EEST 2022","Wed Jun 01 09:22:32 EEST 2022","23005","","404 error page functionality testing.","","404 error page functionality testing.","#2 All elements are persisted on 404 error page.","#2 All elements are persisted on 404 error page.",""
"failed","Wed Jun 01 09:42:17 EEST 2022","Wed Jun 01 09:42:42 EEST 2022","25527","","Registration > Step 4","","Registration > Step 4","#02 User can navigate back to the previous step.","#02 User can navigate back to the previous step.",""
"failed","Wed Jun 01 09:40:19 EEST 2022","Wed Jun 01 09:40:41 EEST 2022","22285","","UnsubscribePage","","UnsubscribePage","#4 User can check ‘Other’ radio button and the text input will be displayed","#4 User can check ‘Other’ radio button and the text input will be displayed",""
"failed","Wed Jun 01 09:42:25 EEST 2022","Wed Jun 01 09:42:47 EEST 2022","22375","","Registration > Step 2","","Registration > Step 2","#14 User cannot enter invalid characters into the date of birth field.","#14 User cannot enter invalid characters into the date of birth field.",""
"failed","Wed Jun 01 09:25:32 EEST 2022","Wed Jun 01 09:25:55 EEST 2022","23004","","Live Casino","","Live Casino","#07 The hero carousel slide is displayed, user click on arrow of navigation/swipes hero carousel slide then the content of the carousel will scroll.","#07 The hero carousel slide is displayed, user click on arrow of navigation/swipes hero carousel slide then the content of the carousel will scroll.",""
"failed","Wed Jun 01 09:39:49 EEST 2022","Wed Jun 01 09:40:11 EEST 2022","22373","","Registration > Step 2","","Registration > Step 2","#05 Date of Birth is a mandatory field.","#05 Date of Birth is a mandatory field.",""
"failed","Wed Jun 01 09:30:40 EEST 2022","Wed Jun 01 09:31:16 EEST 2022","36034","","Inbox functionality testing","","Inbox functionality testing","#9 Player is presented with an updated list of messages when clicking view more button","#9 Player is presented with an updated list of messages when clicking view more button",""
"skipped","Wed Jun 01 09:26:18 EEST 2022","Wed Jun 01 09:26:18 EEST 2022","1","","Live Casino","","Live Casino","#10 Hero carousel slide is displayed then the primary CTA will be VIEW GAMES.","#10 Hero carousel slide is displayed then the primary CTA will be VIEW GAMES.",""
"failed","Wed Jun 01 09:41:18 EEST 2022","Wed Jun 01 09:41:44 EEST 2022","25460","","Registration > Step 3","","Registration > Step 3","#02 User can navigate back to the previous step.","#02 User can navigate back to the previous step.",""
"failed","Wed Jun 01 09:39:49 EEST 2022","Wed Jun 01 09:40:13 EEST 2022","23864","","My Profile > Communications Preferences","","My Profile > Communications Preferences","#9 Player can unselect all preferences using the select all toggle (select all toggle already active), which upon saving updates the account area accordingly","#9 Player can unselect all preferences using the select all toggle (select all toggle already active), which upon saving updates the account area accordingly",""
"failed","Wed Jun 01 09:22:57 EEST 2022","Wed Jun 01 09:23:18 EEST 2022","21791","","Home page => Responsible Gambling page","","Home page => Responsible Gambling page","#3 User can come to the Gamble Stop page from Responsible Gambling page","#3 User can come to the Gamble Stop page from Responsible Gambling page",""
"failed","Wed Jun 01 09:09:04 EEST 2022","Wed Jun 01 09:09:36 EEST 2022","31857","","Promotions functionality testing. Promotions functionality for authenticated user. Particular promotions.","","Promotions functionality testing. Promotions functionality for authenticated user. Particular promotions.","#18 User can close confirmation message, return to the calling page and bonus has been claimed.","#18 User can close confirmation message, return to the calling page and bonus has been claimed.",""
"failed","Wed Jun 01 09:26:43 EEST 2022","Wed Jun 01 09:27:16 EEST 2022","32830","","Homepage","","Homepage","#7 Balance preview updates correctly upon refresh when a users balance is adjusted","#7 Balance preview updates correctly upon refresh when a users balance is adjusted",""
"failed","Wed Jun 01 09:28:13 EEST 2022","Wed Jun 01 09:28:55 EEST 2022","42293","","Log In","","Log In","#04 Player cannot submit blank details on the Login Form.","#04 Player cannot submit blank details on the Login Form.",""
"failed","Wed Jun 01 09:29:34 EEST 2022","Wed Jun 01 09:29:58 EEST 2022","23716","","My Account > Gambling Controls > Loss Limits","","My Account > Gambling Controls > Loss Limits","#1 User can view their Loss limits ","#1 User can view their Loss limits ",""
"failed","Wed Jun 01 09:43:00 EEST 2022","Wed Jun 01 09:43:22 EEST 2022","22504","","Spin Zone functionality testing","","Spin Zone functionality testing","#4 Player can see total withdrawable cash balance","#4 Player can see total withdrawable cash balance",""
"failed","Wed Jun 01 09:43:36 EEST 2022","Wed Jun 01 09:43:58 EEST 2022","21947","","Registration > Step 3","","Registration > Step 3","#08 User cannot enter invalid characters into the Address Line 2 field.","#08 User cannot enter invalid characters into the Address Line 2 field.",""
"failed","Wed Jun 01 09:25:58 EEST 2022","Wed Jun 01 09:26:23 EEST 2022","24890","","Home page => Privacy Policy page","","Home page => Privacy Policy page","#12 The user can use to contact for DPO regarding any data protection issue dpo@merkurslots.com email","#12 The user can use to contact for DPO regarding any data protection issue dpo@merkurslots.com email",""
"failed","Wed Jun 01 09:36:10 EEST 2022","Wed Jun 01 09:36:32 EEST 2022","22305","","My Profile > Contact Details","","My Profile > Contact Details","#06 Player can update country code number.","#06 Player can update country code number.",""
"failed","Wed Jun 01 09:22:56 EEST 2022","Wed Jun 01 09:23:21 EEST 2022","24320","","Expired Link Error","","Expired Link Error","#4 User can click on Join button and see Register page. ","#4 User can click on Join button and see Register page. ",""
"failed","Wed Jun 01 09:22:42 EEST 2022","Wed Jun 01 09:23:14 EEST 2022","31755","","Deep Link -> Change Password","","Deep Link -> Change Password","#1 Deep link to change password opens when logged in","#1 Deep link to change password opens when logged in",""
"failed","Wed Jun 01 09:27:51 EEST 2022","Wed Jun 01 09:28:26 EEST 2022","34968","","Homepage","","Homepage","#9 Bonus amount is updated correctly in the dropdown details when bonus balance is adjusted","#9 Bonus amount is updated correctly in the dropdown details when bonus balance is adjusted",""
"failed","Wed Jun 01 09:41:54 EEST 2022","Wed Jun 01 09:42:17 EEST 2022","22919","","Registration > Step 4","","Registration > Step 4","#01 User is displayed the correct content and defaut options for Step 4.","#01 User is displayed the correct content and defaut options for Step 4.",""
"failed","Wed Jun 01 09:23:44 EEST 2022","Wed Jun 01 09:24:07 EEST 2022","23195","","404 error page functionality testing.","","404 error page functionality testing.","#6 Player can click ""Go to lobby"" button and after that it will redirect to Home page.","#6 Player can click ""Go to lobby"" button and after that it will redirect to Home page.",""
"failed","Wed Jun 01 09:24:59 EEST 2022","Wed Jun 01 09:25:29 EEST 2022","29569","","Deep Link -> Play Reminders","","Deep Link -> Play Reminders","#1 Deep link to play reminders opens when logged in","#1 Deep link to play reminders opens when logged in",""
"failed","Wed Jun 01 09:01:39 EEST 2022","Wed Jun 01 09:02:09 EEST 2022","30784","","Promotions functionality testing. Promotions functionality for authenticated user. Blocks of promotions.","","Promotions functionality testing. Promotions functionality for authenticated user. Blocks of promotions.","#6 Active promotion is excluded from the featured section.","#6 Active promotion is excluded from the featured section.",""
"failed","Wed Jun 01 09:37:19 EEST 2022","Wed Jun 01 09:37:42 EEST 2022","23284","","My Account > Gambling Controls > Account Closure > Self Exclusion","","My Account > Gambling Controls > Account Closure > Self Exclusion","#18 Player can close the self exclusion modal.","#18 Player can close the self exclusion modal.",""
"failed","Wed Jun 01 09:31:01 EEST 2022","Wed Jun 01 09:31:23 EEST 2022","21545","","Home => Terms & Conditions","","Home => Terms & Conditions","#12 User can see the Changes to the Terms section on terms and conditions page","#12 User can see the Changes to the Terms section on terms and conditions page",""
"failed","Wed Jun 01 09:36:15 EEST 2022","Wed Jun 01 09:36:38 EEST 2022","22358","","Home => Terms & Conditions","","Home => Terms & Conditions","#26 User can see the Miscellaneous section on terms and conditions page","#26 User can see the Miscellaneous section on terms and conditions page",""
"failed","Wed Jun 01 09:24:29 EEST 2022","Wed Jun 01 09:24:52 EEST 2022","22401","","Expired Link Error","","Expired Link Error","#8 User can enter an email and reset the password (Sent button with a tick will be displayed).","#8 User can enter an email and reset the password (Sent button with a tick will be displayed).",""
"failed","Wed Jun 01 09:38:12 EEST 2022","Wed Jun 01 09:38:34 EEST 2022","21853","","My Account > Gambling Controls > Account Closure > Take A Break","","My Account > Gambling Controls > Account Closure > Take A Break","#11 Player can continue with chosen 24 hours option to 'Take A Break' and confirming modal should display.","#11 Player can continue with chosen 24 hours option to 'Take A Break' and confirming modal should display.",""
"failed","Wed Jun 01 09:37:01 EEST 2022","Wed Jun 01 09:37:25 EEST 2022","23768","","My Profile > Communications Preferences","","My Profile > Communications Preferences","#2 Player can edit their preferences and exit using the x close button within the modal discarding changes","#2 Player can edit their preferences and exit using the x close button within the modal discarding changes",""
"failed","Wed Jun 01 09:48:05 EEST 2022","Wed Jun 01 09:48:36 EEST 2022","31001","","Slots page","","Slots page","#13 User logged in and click on game card and game page appears","#13 User logged in and click on game card and game page appears",""
"failed","Wed Jun 01 09:29:27 EEST 2022","Wed Jun 01 09:29:50 EEST 2022","23406","","Homepage","","Homepage","#12 Balance preview correctly displays £0.00 if user has no balance","#12 Balance preview correctly displays £0.00 if user has no balance",""
"failed","Wed Jun 01 09:25:09 EEST 2022","Wed Jun 01 09:25:32 EEST 2022","22953","","Live Casino","","Live Casino","#06 Game image will be displayed.","#06 Game image will be displayed.",""
"failed","Wed Jun 01 09:26:12 EEST 2022","Wed Jun 01 09:26:43 EEST 2022","31188","","Homepage","","Homepage","#6 The details balance card is dismissed when the user clicks and drags the footer","#6 The details balance card is dismissed when the user clicks and drags the footer",""
"failed","Wed Jun 01 09:32:34 EEST 2022","Wed Jun 01 09:33:09 EEST 2022","35261","","Inbox functionality testing","","Inbox functionality testing","#12 Player with less than 15 messages should not be able to view more","#12 Player with less than 15 messages should not be able to view more",""
"failed","Wed Jun 01 09:26:16 EEST 2022","Wed Jun 01 09:26:59 EEST 2022","42867","","Inbox functionality testing","","Inbox functionality testing","#2 Unread message count increases when player receives a new message (requires page refresh)","#2 Unread message count increases when player receives a new message (requires page refresh)",""
"failed","Wed Jun 01 09:30:20 EEST 2022","Wed Jun 01 09:31:02 EEST 2022","41583","","Log In","","Log In","#07 Player cannot login when entering an incorrect password.","#07 Player cannot login when entering an incorrect password.",""
"failed","Wed Jun 01 09:42:38 EEST 2022","Wed Jun 01 09:43:00 EEST 2022","21535","","Spin Zone functionality testing","","Spin Zone functionality testing","#3 Player can close Game menu","#3 Player can close Game menu",""
"failed","Wed Jun 01 09:45:20 EEST 2022","Wed Jun 01 09:45:42 EEST 2022","21553","","Registration > Step 4","","Registration > Step 4","#03 User can opt in to receive All marketing preferences.","#03 User can opt in to receive All marketing preferences.",""
"failed","Wed Jun 01 09:24:07 EEST 2022","Wed Jun 01 09:24:29 EEST 2022","22691","","Expired Link Error","","Expired Link Error","#7 User can click on x button and close reset password window. ","#7 User can click on x button and close reset password window. ",""
"failed","Wed Jun 01 09:22:33 EEST 2022","Wed Jun 01 09:22:56 EEST 2022","23173","","Expired Link Error","","Expired Link Error","#3 User can come to the Home page from ""Expired Link"" error page. ","#3 User can come to the Home page from ""Expired Link"" error page. ",""
"skipped","Wed Jun 01 09:27:58 EEST 2022","Wed Jun 01 09:27:58 EEST 2022","0","","Live Casino","","Live Casino","#19 User has logged in, card is displayed, user hover a mouse on that card, the secondary CTA is INFO, user clicks/taps on CTA INFO, user go to info page of the game, user click on CTA PLAY GAME then user go to the game.","#19 User has logged in, card is displayed, user hover a mouse on that card, the secondary CTA is INFO, user clicks/taps on CTA INFO, user go to info page of the game, user click on CTA PLAY GAME then user go to the game.",""
"failed","Wed Jun 01 09:27:15 EEST 2022","Wed Jun 01 09:27:39 EEST 2022","23710","","Home => Terms & Conditions","","Home => Terms & Conditions","#2 User can come to the privacy policy page from terms and conditions page","#2 User can come to the privacy policy page from terms and conditions page",""
"failed","Wed Jun 01 09:25:42 EEST 2022","Wed Jun 01 09:26:12 EEST 2022","30410","","Homepage","","Homepage","#5 The details balance card is dismissed when the user clicks outside the modal","#5 The details balance card is dismissed when the user clicks outside the modal",""
"failed","Wed Jun 01 09:29:19 EEST 2022","Wed Jun 01 09:29:43 EEST 2022","23242","","My Account -> Deposit","","My Account -> Deposit","#3 Check user is able to fill in details of required fields for card deposits","#3 Check user is able to fill in details of required fields for card deposits",""
"failed","Wed Jun 01 09:22:58 EEST 2022","Wed Jun 01 09:23:33 EEST 2022","34843","","Footer functionality testing","","Footer functionality testing","#4 Player can see safer gambling logos","#4 Player can see safer gambling logos",""
"failed","Wed Jun 01 09:37:30 EEST 2022","Wed Jun 01 09:37:53 EEST 2022","23102","","My Account > Settings > Change Password","","My Account > Settings > Change Password","#1 Player can close the Change Password modal.","#1 Player can close the Change Password modal.",""
"failed","Wed Jun 01 09:41:26 EEST 2022","Wed Jun 01 09:41:48 EEST 2022","22216","","UnsubscribePage","","UnsubscribePage","#7 User can click on ‘Continue’ button in the ‘Re-subscribe’ success window and the Home page will be displayed.","#7 User can click on ‘Continue’ button in the ‘Re-subscribe’ success window and the Home page will be displayed.",""
"failed","Wed Jun 01 09:39:57 EEST 2022","Wed Jun 01 09:40:19 EEST 2022","22363","","UnsubscribePage","","UnsubscribePage","#3 User can click on ‘Unsubscribe’ button and successfully unsubscribe window will be displayed with the correct content","#3 User can click on ‘Unsubscribe’ button and successfully unsubscribe window will be displayed with the correct content",""
"failed","Wed Jun 01 09:22:58 EEST 2022","Wed Jun 01 09:23:21 EEST 2022","22548","","Home page => Privacy Policy page","","Home page => Privacy Policy page","#3 User can come to the Merkur Casino page from Privacy Policy page","#3 User can come to the Merkur Casino page from Privacy Policy page",""
"failed","Wed Jun 01 09:38:34 EEST 2022","Wed Jun 01 09:38:57 EEST 2022","22778","","My Account > Gambling Controls > Account Closure > Take A Break","","My Account > Gambling Controls > Account Closure > Take A Break","#12 Player can continue with chosen 1 week option to 'Take A Break' and confirming modal should display.","#12 Player can continue with chosen 1 week option to 'Take A Break' and confirming modal should display.",""
"skipped","Wed Jun 01 09:36:41 EEST 2022","Wed Jun 01 09:36:41 EEST 2022","1","","My Account > Gambling Controls > Account Closure > Take A Break","","My Account > Gambling Controls > Account Closure > Take A Break","#6 Player can select a reason for taking a break from the drop down menu.","#6 Player can select a reason for taking a break from the drop down menu.",""
"failed","Wed Jun 01 09:35:13 EEST 2022","Wed Jun 01 09:35:56 EEST 2022","42403","","My Account > Gambling Controls > Account Closure > Take A Break","","My Account > Gambling Controls > Account Closure > Take A Break","#2 Player can close the take a break modal.","#2 Player can close the take a break modal.",""
"failed","Wed Jun 01 09:33:12 EEST 2022","Wed Jun 01 09:33:35 EEST 2022","23341","","My Account > Gambling Controls > Deposit Limits","","My Account > Gambling Controls > Deposit Limits","#5 Player can open the Deposit Limits Edit modal on edit icon click.","#5 Player can open the Deposit Limits Edit modal on edit icon click.",""
"failed","Wed Jun 01 08:58:14 EEST 2022","Wed Jun 01 08:59:08 EEST 2022","53820","","Promotions functionality testing. Promotions functionality for authenticated user. Blocks of promotions.","","Promotions functionality testing. Promotions functionality for authenticated user. Blocks of promotions.","#2 All active promotions cards are displayed.","#2 All active promotions cards are displayed.",""
"failed","Wed Jun 01 09:30:05 EEST 2022","Wed Jun 01 09:30:40 EEST 2022","34560","","Inbox functionality testing","","Inbox functionality testing","#8 Player with 15 or more messages, view more button is shown","#8 Player with 15 or more messages, view more button is shown",""
"failed","Wed Jun 01 09:35:55 EEST 2022","Wed Jun 01 09:36:18 EEST 2022","22630","","Recover Password","","Recover Password","#01 Player can navigate to the recover password form and is displayed with the correct fields.","#01 Player can navigate to the recover password form and is displayed with the correct fields.",""
"failed","Wed Jun 01 09:34:17 EEST 2022","Wed Jun 01 09:34:40 EEST 2022","22468","","My Profile > Contact Details","","My Profile > Contact Details","#02 Player can select to edit their telephone number and be presented with an edit modal.","#02 Player can select to edit their telephone number and be presented with an edit modal.",""
"failed","Wed Jun 01 09:40:13 EEST 2022","Wed Jun 01 09:40:36 EEST 2022","23595","","My Profile > Communications Preferences","","My Profile > Communications Preferences","#10 Player can unselect just email preferences using the email toggle (email already toggled on), which upon saving updates the account area accordingly","#10 Player can unselect just email preferences using the email toggle (email already toggled on), which upon saving updates the account area accordingly",""
"failed","Wed Jun 01 09:45:25 EEST 2022","Wed Jun 01 09:45:47 EEST 2022","21979","","Registration > Step 3","","Registration > Step 3","#15 Phone Number is a mandatory field.","#15 Phone Number is a mandatory field.",""
"failed","Wed Jun 01 09:40:53 EEST 2022","Wed Jun 01 09:41:15 EEST 2022","22567","","My Account > Settings > Change Password","","My Account > Settings > Change Password","#10 New password must contain a combination of upper and lower case letters (all lower case).","#10 New password must contain a combination of upper and lower case letters (all lower case).",""
"failed","Wed Jun 01 09:47:35 EEST 2022","Wed Jun 01 09:48:05 EEST 2022","30854","","Slots page","","Slots page","#12 User logged in hover the game card  and click on CTA ""INFO"" and go to INFO page and click on ""PLAY NOW"" and see game page","#12 User logged in hover the game card  and click on CTA ""INFO"" and go to INFO page and click on ""PLAY NOW"" and see game page",""
"failed","Wed Jun 01 09:30:52 EEST 2022","Wed Jun 01 09:31:16 EEST 2022","23528","","My Account -> Deposit","","My Account -> Deposit","#8 Check user is displayed with a declined modal when safecharge returns a declined response","#8 Check user is displayed with a declined modal when safecharge returns a declined response",""
"passed","Wed Jun 01 08:41:46 EEST 2022","Wed Jun 01 08:41:51 EEST 2022","4457","","Service unavailable","","Service unavailable","#1 User can come to the home page from Error 500 page","#1 User can come to the home page from Error 500 page",""
"failed","Wed Jun 01 09:46:37 EEST 2022","Wed Jun 01 09:47:03 EEST 2022","26134","","Slots page","","Slots page","#10 User click on category and go to category page","#10 User click on category and go to category page",""
"failed","Wed Jun 01 09:45:12 EEST 2022","Wed Jun 01 09:45:33 EEST 2022","21217","","Spin Zone functionality testing","","Spin Zone functionality testing","#10 Player can close game","#10 Player can close game",""
"skipped","Wed Jun 01 09:27:58 EEST 2022","Wed Jun 01 09:27:58 EEST 2022","0","","Live Casino","","Live Casino","#20 User has logged in, card is displayed, user hover a mouse on that card, the third CTA is DEMO, user clicks/taps on CTA DEMO then user go to the demo game.","#20 User has logged in, card is displayed, user hover a mouse on that card, the third CTA is DEMO, user clicks/taps on CTA DEMO then user go to the demo game.",""
"failed","Wed Jun 01 09:38:17 EEST 2022","Wed Jun 01 09:38:41 EEST 2022","23475","","My Account > Gambling Controls > Deposit Limits","","My Account > Gambling Controls > Deposit Limits","#21 Player can open 'How deposit limits work' modal.","#21 Player can open 'How deposit limits work' modal.",""
"failed","Wed Jun 01 09:42:45 EEST 2022","Wed Jun 01 09:43:08 EEST 2022","22267","","My Account > Settings > Change Password","","My Account > Settings > Change Password","#15 Player should be able to show/hide their inputs into the password fields.","#15 Player should be able to show/hide their inputs into the password fields.",""
"failed","Wed Jun 01 09:34:45 EEST 2022","Wed Jun 01 09:35:09 EEST 2022","23817","","My Account > Gambling Controls > Deposit Limits","","My Account > Gambling Controls > Deposit Limits","#9 Player can successfully update a daily deposit limit in the Deposit Limits Delete modal","#9 Player can successfully update a daily deposit limit in the Deposit Limits Delete modal",""
"failed","Wed Jun 01 09:29:50 EEST 2022","Wed Jun 01 09:30:27 EEST 2022","37308","","Homepage","","Homepage","#13 Balance details still correctly display balance of £0.00 if user has no cash balance","#13 Balance details still correctly display balance of £0.00 if user has no cash balance",""
"failed","Wed Jun 01 09:28:10 EEST 2022","Wed Jun 01 09:28:52 EEST 2022","42482","","Inbox functionality testing","","Inbox functionality testing","#5 Player can open message, removing the new badge from a message and decreasing the unread message count badge","#5 Player can open message, removing the new badge from a message and decreasing the unread message count badge",""
"failed","Wed Jun 01 08:57:47 EEST 2022","Wed Jun 01 08:58:14 EEST 2022","27817","","Promotions functionality testing. Promotions functionality for authenticated user. Blocks of promotions.","","Promotions functionality testing. Promotions functionality for authenticated user. Blocks of promotions.","#1 Featured Promotions and Promotions section are displayed.","#1 Featured Promotions and Promotions section are displayed.",""
"failed","Wed Jun 01 09:44:35 EEST 2022","Wed Jun 01 09:44:58 EEST 2022","22946","","Registration > Step 4","","Registration > Step 4","#12 User can click on confirm checkbox and click success registration button.","#12 User can click on confirm checkbox and click success registration button.",""
"failed","Wed Jun 01 09:27:29 EEST 2022","Wed Jun 01 09:27:58 EEST 2022","29354","","Live Casino","","Live Casino","#18 User has logged in, card is displayed, user hov er a mouse on that card, the primary CTA is PLAY NOW, user clicks/taps on CTA PLAY NOW then user go to the game.","#18 User has logged in, card is displayed, user hov er a mouse on that card, the primary CTA is PLAY NOW, user clicks/taps on CTA PLAY NOW then user go to the game.",""
"failed","Wed Jun 01 09:41:53 EEST 2022","Wed Jun 01 09:42:16 EEST 2022","23002","","Spin Zone functionality testing","","Spin Zone functionality testing","#1 Player can see Menu button in the top left of the screen","#1 Player can see Menu button in the top left of the screen",""
"failed","Wed Jun 01 09:22:34 EEST 2022","Wed Jun 01 09:22:58 EEST 2022","24710","","Footer functionality testing","","Footer functionality testing","#3 Player can see partners logos","#3 Player can see partners logos",""
"failed","Wed Jun 01 09:40:56 EEST 2022","Wed Jun 01 09:41:18 EEST 2022","22429","","Registration > Step 2","","Registration > Step 2","#08 User cannot enter invalid characters into step 2 name input fields.","#08 User cannot enter invalid characters into step 2 name input fields.",""
"failed","Wed Jun 01 09:22:35 EEST 2022","Wed Jun 01 09:22:58 EEST 2022","23066","","Home page => Privacy Policy page","","Home page => Privacy Policy page","#2 User can come to the Merkur Slots page from Privacy Policy page","#2 User can come to the Merkur Slots page from Privacy Policy page",""
"failed","Wed Jun 01 09:46:08 EEST 2022","Wed Jun 01 09:46:30 EEST 2022","21635","","Registration > Step 3","","Registration > Step 3","#17 User cannot enter spaces into Phone Number field.","#17 User cannot enter spaces into Phone Number field.",""
"failed","Wed Jun 01 09:29:06 EEST 2022","Wed Jun 01 09:29:28 EEST 2022","22336","","My Account > Gambling Controls > Play Reminders","","My Account > Gambling Controls > Play Reminders","#8 Player can successfully delete their 'Time Limit' on delete icon click.","#8 Player can successfully delete their 'Time Limit' on delete icon click.",""
"failed","Wed Jun 01 09:05:58 EEST 2022","Wed Jun 01 09:06:30 EEST 2022","32067","","Promotions functionality testing. Promotions functionality for authenticated user. Particular promotions.","","Promotions functionality testing. Promotions functionality for authenticated user. Particular promotions.","#13 User can go to More Info details after click More Info CTA for authenticated user.","#13 User can go to More Info details after click More Info CTA for authenticated user.",""
"failed","Wed Jun 01 09:37:03 EEST 2022","Wed Jun 01 09:37:26 EEST 2022","22426","","My Account > Gambling Controls > Account Closure > Take A Break","","My Account > Gambling Controls > Account Closure > Take A Break","#8 Player can choose 1 week option for 'Take A Break' and this option should be selected.","#8 Player can choose 1 week option for 'Take A Break' and this option should be selected.",""
"failed","Wed Jun 01 09:22:34 EEST 2022","Wed Jun 01 09:22:57 EEST 2022","22970","","Home page => Responsible Gambling page","","Home page => Responsible Gambling page","#2 User can come to the ""Help for problem gambling"" page from Responsible Gambling page","#2 User can come to the ""Help for problem gambling"" page from Responsible Gambling page",""
"failed","Wed Jun 01 09:28:47 EEST 2022","Wed Jun 01 09:29:09 EEST 2022","22390","","Home => Terms & Conditions","","Home => Terms & Conditions","#6 User can come to the GamCare page from terms and conditions page","#6 User can come to the GamCare page from terms and conditions page",""
"failed","Wed Jun 01 09:30:44 EEST 2022","Wed Jun 01 09:31:07 EEST 2022","23340","","My Account > Gambling Controls > Loss Limits","","My Account > Gambling Controls > Loss Limits","#4 User can open the Loss Limits Delete modal on delete icon click ","#4 User can open the Loss Limits Delete modal on delete icon click ",""
"failed","Wed Jun 01 09:26:47 EEST 2022","Wed Jun 01 09:27:30 EEST 2022","42601","","Log In","","Log In","#02 Email Address is a mandatory field.","#02 Email Address is a mandatory field.",""
"failed","Wed Jun 01 09:37:29 EEST 2022","Wed Jun 01 09:37:53 EEST 2022","24103","","My Account > Gambling Controls > Deposit Limits","","My Account > Gambling Controls > Deposit Limits","#19 Player can open 'History' modal.","#19 Player can open 'History' modal.",""
"failed","Wed Jun 01 09:41:41 EEST 2022","Wed Jun 01 09:42:03 EEST 2022","22060","","Registration > Step 2","","Registration > Step 2","#12 User cannot enter an invalid date into the date of birth field.","#12 User cannot enter an invalid date into the date of birth field.",""
"failed","Wed Jun 01 09:23:17 EEST 2022","Wed Jun 01 09:23:44 EEST 2022","27141","","404 error page functionality testing.","","404 error page functionality testing.","#5 Player can click ""Login"" button, open login window and successfully login.","#5 Player can click ""Login"" button, open login window and successfully login.",""
"skipped","Wed Jun 01 09:33:12 EEST 2022","Wed Jun 01 09:33:12 EEST 2022","0","","My Account > Gambling Controls > Account Closure > Self Exclusion","","My Account > Gambling Controls > Account Closure > Self Exclusion","#6 Player can select a reason for taking self exclusion the drop down menu.","#6 Player can select a reason for taking self exclusion the drop down menu.",""
"failed","Wed Jun 01 09:30:06 EEST 2022","Wed Jun 01 09:30:29 EEST 2022","23437","","My Account -> Deposit","","My Account -> Deposit","#6 Check user is able to select PayPal payment method and is provided with the correct information for this payment method","#6 Check user is able to select PayPal payment method and is provided with the correct information for this payment method",""
"failed","Wed Jun 01 09:08:33 EEST 2022","Wed Jun 01 09:09:04 EEST 2022","31521","","Promotions functionality testing. Promotions functionality for authenticated user. Particular promotions.","","Promotions functionality testing. Promotions functionality for authenticated user. Particular promotions.","#17 User can opt in bonus and get modal with all sections, click on the primary CTA and procceds with the journey","#17 User can opt in bonus and get modal with all sections, click on the primary CTA and procceds with the journey",""
"passed","Wed Jun 01 08:41:45 EEST 2022","Wed Jun 01 08:41:47 EEST 2022","1670","","User come to the 'Planned Maintenance' error page","","User come to the 'Planned Maintenance' error page","#1 Content of ""Planned Maintenance"" error page","#1 Content of ""Planned Maintenance"" error page",""
"failed","Wed Jun 01 09:43:41 EEST 2022","Wed Jun 01 09:44:04 EEST 2022","22730","","Slots page","","Slots page","#3 User can see static hero banner carousel and can click on it and see game info page","#3 User can see static hero banner carousel and can click on it and see game info page",""
"passed","Wed Jun 01 08:41:41 EEST 2022","Wed Jun 01 08:41:47 EEST 2022","5620","","Service unavailable","","Service unavailable","#0 User come to the Location Error page, when service is unavailable","#0 User come to the Location Error page, when service is unavailable",""
"failed","Wed Jun 01 09:36:41 EEST 2022","Wed Jun 01 09:37:03 EEST 2022","22490","","Recover Password","","Recover Password","#03 Player cannot enter an invaild email address.","#03 Player cannot enter an invaild email address.",""
"failed","Wed Jun 01 09:38:41 EEST 2022","Wed Jun 01 09:39:04 EEST 2022","22742","","Registration > Step 2","","Registration > Step 2","#01 User is displayed the correct content and input fields for Step 2.","#01 User is displayed the correct content and input fields for Step 2.",""
"failed","Wed Jun 01 09:36:18 EEST 2022","Wed Jun 01 09:36:41 EEST 2022","22463","","My Account > Gambling Controls > Account Closure > Take A Break","","My Account > Gambling Controls > Account Closure > Take A Break","#5 Player cannot continue with 'Take A Break' if a duration is not selected.","#5 Player cannot continue with 'Take A Break' if a duration is not selected.",""
"failed","Wed Jun 01 09:24:12 EEST 2022","Wed Jun 01 09:24:39 EEST 2022","27189","","Homepage","","Homepage","#2 Authenticated users can preview their balance in the navigation bar","#2 Authenticated users can preview their balance in the navigation bar",""
"failed","Wed Jun 01 09:34:21 EEST 2022","Wed Jun 01 09:34:45 EEST 2022","23395","","My Account > Gambling Controls > Deposit Limits","","My Account > Gambling Controls > Deposit Limits","#8 Player can close the Deposit Limits Delete modal","#8 Player can close the Deposit Limits Delete modal",""
"failed","Wed Jun 01 09:31:58 EEST 2022","Wed Jun 01 09:32:34 EEST 2022","35660","","Inbox functionality testing","","Inbox functionality testing","#11 Player can delete a message using the message options, removing it from the list","#11 Player can delete a message using the message options, removing it from the list",""
"failed","Wed Jun 01 09:39:42 EEST 2022","Wed Jun 01 09:40:05 EEST 2022","22432","","My Account > Gambling Controls > Account Closure > Take A Break","","My Account > Gambling Controls > Account Closure > Take A Break","#15 Player can choose to view the 'Self Exclusion' service from the 'Take A Break' modal.","#15 Player can choose to view the 'Self Exclusion' service from the 'Take A Break' modal.",""
"failed","Wed Jun 01 09:21:46 EEST 2022","Wed Jun 01 09:22:09 EEST 2022","22674","","404 error page functionality testing.","","404 error page functionality testing.","#1 404 error page is displayed.","#1 404 error page is displayed.",""
"failed","Wed Jun 01 09:22:55 EEST 2022","Wed Jun 01 09:23:17 EEST 2022","22394","","404 error page functionality testing.","","404 error page functionality testing.","#4 Player can click ""Join"" button and after that it will redirect to Register page.","#4 Player can click ""Join"" button and after that it will redirect to Register page.",""
"failed","Wed Jun 01 09:02:43 EEST 2022","Wed Jun 01 09:03:46 EEST 2022","63465","","Promotions functionality testing. Promotions functionality for authenticated user. Blocks of promotions.","","Promotions functionality testing. Promotions functionality for authenticated user. Blocks of promotions.","#8 Active promotions are excluded from the promotions section.","#8 Active promotions are excluded from the promotions section.",""
"failed","Wed Jun 01 09:28:52 EEST 2022","Wed Jun 01 09:29:29 EEST 2022","36744","","Inbox functionality testing","","Inbox functionality testing","#6 Player can open message and display the message contents (heading, date/time & body)","#6 Player can open message and display the message contents (heading, date/time & body)",""
"failed","Wed Jun 01 09:29:38 EEST 2022","Wed Jun 01 09:30:20 EEST 2022","42435","","Log In","","Log In","#06 Player cannot login when entering an incorrect email address.","#06 Player cannot login when entering an incorrect email address.",""
"passed","Wed Jun 01 08:41:47 EEST 2022","Wed Jun 01 08:41:49 EEST 2022","1817","","Service unavailable","","Service unavailable","#1 The user is on the Location Error page","#1 The user is on the Location Error page",""
"failed","Wed Jun 01 09:30:39 EEST 2022","Wed Jun 01 09:31:01 EEST 2022","22534","","Home => Terms & Conditions","","Home => Terms & Conditions","#11 User can see the Definitions section on terms and conditions page","#11 User can see the Definitions section on terms and conditions page",""
"failed","Wed Jun 01 09:03:46 EEST 2022","Wed Jun 01 09:04:17 EEST 2022","30403","","Promotions functionality testing. Promotions functionality for authenticated user. Blocks of promotions.","","Promotions functionality testing. Promotions functionality for authenticated user. Blocks of promotions.","#9 Featured promotions are excluded from the promotions section.","#9 Featured promotions are excluded from the promotions section.",""
"failed","Wed Jun 01 09:35:02 EEST 2022","Wed Jun 01 09:35:26 EEST 2022","23759","","My Account > Gambling Controls > Loss Limits","","My Account > Gambling Controls > Loss Limits","#17 User can open 'How loss limits work' modal. ","#17 User can open 'How loss limits work' modal. ",""
"failed","Wed Jun 01 09:36:34 EEST 2022","Wed Jun 01 09:36:56 EEST 2022","22478","","My Account > Gambling Controls > Account Closure > Self Exclusion","","My Account > Gambling Controls > Account Closure > Self Exclusion","#16 Player can continue with chosen 5 years option to 'Self Exclusion' and confirming modal should display.","#16 Player can continue with chosen 5 years option to 'Self Exclusion' and confirming modal should display.",""
"failed","Wed Jun 01 09:24:52 EEST 2022","Wed Jun 01 09:25:14 EEST 2022","22392","","Expired Link Error","","Expired Link Error","#9 User can click on 'Back to Login' and open Login window and successfully login.","#9 User can click on 'Back to Login' and open Login window and successfully login.",""
"failed","Wed Jun 01 09:25:29 EEST 2022","Wed Jun 01 09:25:58 EEST 2022","29535","","Deep Link -> Play Reminders","","Deep Link -> Play Reminders","#2 Deep link to play reminders open login when not logged in before play reminders","#2 Deep link to play reminders open login when not logged in before play reminders",""
"failed","Wed Jun 01 09:19:31 EEST 2022","Wed Jun 01 09:19:54 EEST 2022","23587","","Promotions functionality testing. Promotions functionality for unauthenticated user.","","Promotions functionality testing. Promotions functionality for unauthenticated user.","#42 Login form appears after press CLAIM CTA for CLAIM bonus of unauthenticated user.","#42 Login form appears after press CLAIM CTA for CLAIM bonus of unauthenticated user.",""
"failed","Wed Jun 01 09:27:58 EEST 2022","Wed Jun 01 09:28:27 EEST 2022","28053","","Live Casino","","Live Casino","#21 User has logged in, card is displayed, user clicks/taps on card then the user go to the game.","#21 User has logged in, card is displayed, user clicks/taps on card then the user go to the game.",""
"failed","Wed Jun 01 09:46:30 EEST 2022","Wed Jun 01 09:46:52 EEST 2022","21587","","Registration > Step 3","","Registration > Step 3","#18 Country Code is populated by default.","#18 Country Code is populated by default.",""
"failed","Wed Jun 01 09:40:34 EEST 2022","Wed Jun 01 09:40:56 EEST 2022","22130","","Registration > Step 2","","Registration > Step 2","#07 User cannot enter numbers into step 2 name input fields.","#07 User cannot enter numbers into step 2 name input fields.",""
"failed","Wed Jun 01 09:32:26 EEST 2022","Wed Jun 01 09:32:49 EEST 2022","22790","","My Account > Gambling Controls > Account Closure > Self Exclusion","","My Account > Gambling Controls > Account Closure > Self Exclusion","#3 Player can press 'Back' button of the 'Self Exlusion' modal and should return to previous step.","#3 Player can press 'Back' button of the 'Self Exlusion' modal and should return to previous step.",""
"failed","Wed Jun 01 09:45:16 EEST 2022","Wed Jun 01 09:45:43 EEST 2022","26924","","Slots page","","Slots page","#7 User hover the game card and click 'Play now' and login modal appears","#7 User hover the game card and click 'Play now' and login modal appears",""
"failed","Wed Jun 01 09:25:55 EEST 2022","Wed Jun 01 09:26:18 EEST 2022","22824","","Live Casino","","Live Casino","#09 All available game cards will be displayed, user click on arrow of navigation/swipes then the game cards of the carousel will scroll.","#09 All available game cards will be displayed, user click on arrow of navigation/swipes then the game cards of the carousel will scroll.",""
"failed","Wed Jun 01 09:10:46 EEST 2022","Wed Jun 01 09:11:21 EEST 2022","35157","","Promotions functionality testing. Promotions functionality for authenticated user. Particular promotions.","","Promotions functionality testing. Promotions functionality for authenticated user. Particular promotions.","#21 User can click on the terms and conditions link and the terms and conditions are displayed for deposit bonus.","#21 User can click on the terms and conditions link and the terms and conditions are displayed for deposit bonus.",""
"failed","Wed Jun 01 09:42:03 EEST 2022","Wed Jun 01 09:42:25 EEST 2022","22295","","Registration > Step 2","","Registration > Step 2","13 User is required to be 18 or over.","13 User is required to be 18 or over.",""
"failed","Wed Jun 01 09:27:59 EEST 2022","Wed Jun 01 09:28:22 EEST 2022","22806","","My Account > Gambling Controls > Play Reminders","","My Account > Gambling Controls > Play Reminders","#5 Player can select a time limit from the drop down menu.","#5 Player can select a time limit from the drop down menu.",""
"failed","Wed Jun 01 09:43:06 EEST 2022","Wed Jun 01 09:43:28 EEST 2022","22642","","Registration > Step 4","","Registration > Step 4","#07 User can opt in to receive Phone marketing preferences.","#07 User can opt in to receive Phone marketing preferences.",""
"failed","Wed Jun 01 09:25:11 EEST 2022","Wed Jun 01 09:25:42 EEST 2022","30568","","Homepage","","Homepage","#4 The details balance card is dismissed when the user clicks it","#4 The details balance card is dismissed when the user clicks it",""
"failed","Wed Jun 01 09:43:28 EEST 2022","Wed Jun 01 09:43:51 EEST 2022","23089","","Registration > Step 4","","Registration > Step 4","#08 User can overwrite Select All option and de-select a preference.","#08 User can overwrite Select All option and de-select a preference.",""
"failed","Wed Jun 01 09:35:32 EEST 2022","Wed Jun 01 09:35:56 EEST 2022","23328","","My Account > Gambling Controls > Deposit Limits","","My Account > Gambling Controls > Deposit Limits","#11 Player can successfully set a weekly deposit limit if not already set.","#11 Player can successfully set a weekly deposit limit if not already set.",""
"failed","Wed Jun 01 09:23:21 EEST 2022","Wed Jun 01 09:23:42 EEST 2022","21718","","Home page => Privacy Policy page","","Home page => Privacy Policy page","#4 User can come to the ICO(Information Commissioner's office) page from Privacy Policy page","#4 User can come to the ICO(Information Commissioner's office) page from Privacy Policy page",""
"failed","Wed Jun 01 09:31:16 EEST 2022","Wed Jun 01 09:31:58 EEST 2022","42735","","Inbox functionality testing","","Inbox functionality testing","#10 Deleting a message from the inbox which is marked as new should decrease the unread message count badge","#10 Deleting a message from the inbox which is marked as new should decrease the unread message count badge",""
"failed","Wed Jun 01 09:42:51 EEST 2022","Wed Jun 01 09:43:14 EEST 2022","22411","","Registration > Step 3","","Registration > Step 3","#06 Post Code field is a mandatory field.","#06 Post Code field is a mandatory field.",""
"failed","Wed Jun 01 09:22:10 EEST 2022","Wed Jun 01 09:22:34 EEST 2022","23147","","Home page => Responsible Gambling page","","Home page => Responsible Gambling page","#1 User can come to the Be Gamble Aware page from Responsible Gambling page","#1 User can come to the Be Gamble Aware page from Responsible Gambling page",""
"failed","Wed Jun 01 09:26:43 EEST 2022","Wed Jun 01 09:27:07 EEST 2022","23437","","Live Casino","","Live Casino","#14 Card is displayed, user hover a mouse on that card, the secondary CTA is INFO, user clicks/taps on CTA INFO, user go to info page of the game, user click on CTA JOIN then join modal appears.","#14 Card is displayed, user hover a mouse on that card, the secondary CTA is INFO, user clicks/taps on CTA INFO, user go to info page of the game, user click on CTA JOIN then join modal appears.",""
"failed","Wed Jun 01 09:39:25 EEST 2022","Wed Jun 01 09:39:49 EEST 2022","23545","","My Profile > Communications Preferences","","My Profile > Communications Preferences","#8 Player can edit their preferences and select just the Phone toggle, which upon saving updates the account area accordingly","#8 Player can edit their preferences and select just the Phone toggle, which upon saving updates the account area accordingly",""
"failed","Wed Jun 01 09:36:18 EEST 2022","Wed Jun 01 09:36:41 EEST 2022","23380","","Recover Password","","Recover Password","#02 Player cannot submit a blank email address on the recover password form.","#02 Player cannot submit a blank email address on the recover password form.",""
"failed","Wed Jun 01 09:16:25 EEST 2022","Wed Jun 01 09:16:47 EEST 2022","21932","","Promotions functionality testing. Promotions functionality for unauthenticated user.","","Promotions functionality testing. Promotions functionality for unauthenticated user.","#34 Relevant CTAs of promotion card are displayed for not login user.","#34 Relevant CTAs of promotion card are displayed for not login user.",""
"skipped","Wed Jun 01 09:27:07 EEST 2022","Wed Jun 01 09:27:07 EEST 2022","0","","Live Casino","","Live Casino","#15 Card is displayed, user hover a mouse on that card, the third CTA is DEMO, user clicks/taps on CTA DEMO then the login modal appears.","#15 Card is displayed, user hover a mouse on that card, the third CTA is DEMO, user clicks/taps on CTA DEMO then the login modal appears.",""
"failed","Wed Jun 01 09:34:15 EEST 2022","Wed Jun 01 09:34:38 EEST 2022","23427","","My Account > Gambling Controls > Loss Limits","","My Account > Gambling Controls > Loss Limits","#15 User can submit a blank value in the Loss Limit. ","#15 User can submit a blank value in the Loss Limit. ",""
"failed","Wed Jun 01 09:25:19 EEST 2022","Wed Jun 01 09:25:52 EEST 2022","32235","","Deep Link -> Edit Phone","","Deep Link -> Edit Phone","#1 Deep link to edit phone opens when logged in","#1 Deep link to edit phone opens when logged in",""
"failed","Wed Jun 01 09:41:53 EEST 2022","Wed Jun 01 09:42:16 EEST 2022","22699","","Registration > Step 1","","Registration > Step 1","#13 Password is a mandatory field.","#13 Password is a mandatory field.",""
"failed","Wed Jun 01 09:36:38 EEST 2022","Wed Jun 01 09:37:01 EEST 2022","23728","","My Profile > Communications Preferences","","My Profile > Communications Preferences","#1 Player can view their communication preferences (default preferences: empty communication preferences and English language)","#1 Player can view their communication preferences (default preferences: empty communication preferences and English language)",""
"failed","Wed Jun 01 09:31:21 EEST 2022","Wed Jun 01 09:31:44 EEST 2022","22897","","My Account > Gambling Controls > Account Closure > Self Exclusion","","My Account > Gambling Controls > Account Closure > Self Exclusion","#1 Player can select the 'Self Exclusion' menu item and is displayed the Self Exclusion modal.","#1 Player can select the 'Self Exclusion' menu item and is displayed the Self Exclusion modal.",""
"failed","Wed Jun 01 09:23:51 EEST 2022","Wed Jun 01 09:24:23 EEST 2022","32173","","Deep Link -> Deposit Limits","","Deep Link -> Deposit Limits","#1 Deep link to deposit limits opens when logged in","#1 Deep link to deposit limits opens when logged in",""
"failed","Wed Jun 01 09:32:53 EEST 2022","Wed Jun 01 09:33:15 EEST 2022","21576","","Home => Terms & Conditions","","Home => Terms & Conditions","#17 User can see the Errors, Interruptions and Malfunctions section on terms and conditions page","#17 User can see the Errors, Interruptions and Malfunctions section on terms and conditions page",""
"failed","Wed Jun 01 09:22:12 EEST 2022","Wed Jun 01 09:22:35 EEST 2022","22708","","Home page => Privacy Policy page","","Home page => Privacy Policy page","#1 User can come to the Eyas Gaming page from Privacy Policy page","#1 User can come to the Eyas Gaming page from Privacy Policy page",""
"failed","Wed Jun 01 09:38:37 EEST 2022","Wed Jun 01 09:39:01 EEST 2022","24013","","My Profile > Communications Preferences","","My Profile > Communications Preferences","#6 Player can edit their preferences and select just the Text toggle, which upon saving updates the account area accordingly","#6 Player can edit their preferences and select just the Text toggle, which upon saving updates the account area accordingly",""
"failed","Wed Jun 01 09:18:42 EEST 2022","Wed Jun 01 09:19:07 EEST 2022","24255","","Promotions functionality testing. Promotions functionality for unauthenticated user.","","Promotions functionality testing. Promotions functionality for unauthenticated user.","#40 Login form appears after press OPT IN CTA for OPT IN bonus of unauthenticated user.","#40 Login form appears after press OPT IN CTA for OPT IN bonus of unauthenticated user.",""
"failed","Wed Jun 01 09:29:43 EEST 2022","Wed Jun 01 09:30:06 EEST 2022","23323","","My Account -> Deposit","","My Account -> Deposit","#4 Check user is able to select Instant Bank Transfer and is provided with the correct information for this payment method","#4 Check user is able to select Instant Bank Transfer and is provided with the correct information for this payment method",""
"failed","Wed Jun 01 09:26:04 EEST 2022","Wed Jun 01 09:26:47 EEST 2022","42794","","Log In","","Log In","#01 Player can open the Log In modal and is displayed with the correct fields.","#01 Player can open the Log In modal and is displayed with the correct fields.",""
"failed","Wed Jun 01 09:38:38 EEST 2022","Wed Jun 01 09:39:01 EEST 2022","22708","","My Account > Settings > Change Password","","My Account > Settings > Change Password","#4 New Password is a mandatory field.","#4 New Password is a mandatory field.",""
"failed","Wed Jun 01 09:41:32 EEST 2022","Wed Jun 01 09:41:53 EEST 2022","21451","","Registration > Step 1","","Registration > Step 1","#12 User can successfully enter email address with local domain (.de).","#12 User can successfully enter email address with local domain (.de).",""
"failed","Wed Jun 01 09:21:48 EEST 2022","Wed Jun 01 09:22:12 EEST 2022","23735","","Home page => Privacy Policy page","","Home page => Privacy Policy page","#0 User can come to the Privacy Policy page","#0 User can come to the Privacy Policy page",""
"failed","Wed Jun 01 09:35:09 EEST 2022","Wed Jun 01 09:35:32 EEST 2022","23508","","My Account > Gambling Controls > Deposit Limits","","My Account > Gambling Controls > Deposit Limits","#10 Player can successfully set a daily deposit limit if not already set.","#10 Player can successfully set a daily deposit limit if not already set.",""
"failed","Wed Jun 01 09:38:16 EEST 2022","Wed Jun 01 09:38:38 EEST 2022","22416","","My Account > Settings > Change Password","","My Account > Settings > Change Password","#3 Current Password is a mandatory field.","#3 Current Password is a mandatory field.",""
"failed","Wed Jun 01 09:26:52 EEST 2022","Wed Jun 01 09:27:14 EEST 2022","22562","","My Account > Gambling Controls > Play Reminders","","My Account > Gambling Controls > Play Reminders","#2 Player can close the 'Time Limit' modal.","#2 Player can close the 'Time Limit' modal.",""
"failed","Wed Jun 01 09:45:43 EEST 2022","Wed Jun 01 09:46:10 EEST 2022","26788","","Slots page","","Slots page","#8 User hover the game card and click on CTA 'INFO' and go to info page, click on JOIN and see register page","#8 User hover the game card and click on CTA 'INFO' and go to info page, click on JOIN and see register page",""
"failed","Wed Jun 01 09:38:57 EEST 2022","Wed Jun 01 09:39:19 EEST 2022","22704","","My Account > Gambling Controls > Account Closure > Take A Break","","My Account > Gambling Controls > Account Closure > Take A Break","#13 Player can continue with chosen 4 weeks option to 'Take A Break' and confirming modal should display.","#13 Player can continue with chosen 4 weeks option to 'Take A Break' and confirming modal should display.",""
"failed","Wed Jun 01 09:30:16 EEST 2022","Wed Jun 01 09:30:39 EEST 2022","22296","","Home => Terms & Conditions","","Home => Terms & Conditions","#10 User can see the Terms and Conditions section on terms and conditions page","#10 User can see the Terms and Conditions section on terms and conditions page",""
"failed","Wed Jun 01 09:44:27 EEST 2022","Wed Jun 01 09:44:49 EEST 2022","21981","","Slots page","","Slots page","#5 User can see on hero banner carousel primary button CTA, can click on it and see game info page","#5 User can see on hero banner carousel primary button CTA, can click on it and see game info page",""
"failed","Wed Jun 01 09:29:09 EEST 2022","Wed Jun 01 09:29:31 EEST 2022","22355","","Home => Terms & Conditions","","Home => Terms & Conditions","#7 User can come to the GamStop page from terms and conditions page","#7 User can come to the GamStop page from terms and conditions page",""
"failed","Wed Jun 01 09:00:01 EEST 2022","Wed Jun 01 09:01:05 EEST 2022","63403","","Promotions functionality testing. Promotions functionality for authenticated user. Blocks of promotions.","","Promotions functionality testing. Promotions functionality for authenticated user. Blocks of promotions.","#4 Bonus History Page is displayed after clicks ""See all Activity"" in Recenty Activity.","#4 Bonus History Page is displayed after clicks ""See all Activity"" in Recenty Activity.",""
"failed","Wed Jun 01 09:40:36 EEST 2022","Wed Jun 01 09:41:00 EEST 2022","23656","","My Profile > Communications Preferences","","My Profile > Communications Preferences","#11 Player can uneselect just text preferences using the text toggle (text already toggled on), which upon saving updates the account area accordingly","#11 Player can uneselect just text preferences using the text toggle (text already toggled on), which upon saving updates the account area accordingly",""
"failed","Wed Jun 01 09:34:40 EEST 2022","Wed Jun 01 09:35:02 EEST 2022","22515","","My Profile > Contact Details","","My Profile > Contact Details","#03 Player can select to edit their telephone number and cancel out of the modal.","#03 Player can select to edit their telephone number and cancel out of the modal.",""
"failed","Wed Jun 01 09:34:45 EEST 2022","Wed Jun 01 09:35:08 EEST 2022","22769","","Home => Terms & Conditions","","Home => Terms & Conditions","#22 User can see the Promotions section on terms and conditions page","#22 User can see the Promotions section on terms and conditions page",""
"failed","Wed Jun 01 09:28:56 EEST 2022","Wed Jun 01 09:29:27 EEST 2022","30689","","Homepage","","Homepage","#11 User is displayed with the correct cash balance format in the dropdown card when balance exceeds 9999 (five figure balance)","#11 User is displayed with the correct cash balance format in the dropdown card when balance exceeds 9999 (five figure balance)",""
"failed","Wed Jun 01 09:23:18 EEST 2022","Wed Jun 01 09:23:41 EEST 2022","22521","","Home page => Responsible Gambling page","","Home page => Responsible Gambling page","#4 User can come to the ""Block Access to Gambling Websites and Apps Worldwide"" page from Responsible Gambling page","#4 User can come to the ""Block Access to Gambling Websites and Apps Worldwide"" page from Responsible Gambling page",""
"failed","Wed Jun 01 09:04:17 EEST 2022","Wed Jun 01 09:04:51 EEST 2022","34593","","Promotions functionality testing. Promotions functionality for authenticated user. Particular promotions.","","Promotions functionality testing. Promotions functionality for authenticated user. Particular promotions.","#10 All main sections for card are displayed for OPT IN bonus.","#10 All main sections for card are displayed for OPT IN bonus.",""
"failed","Wed Jun 01 09:29:29 EEST 2022","Wed Jun 01 09:30:05 EEST 2022","35972","","Inbox functionality testing","","Inbox functionality testing","#7 Player can mark a message as read using the message options, removing the new badge from a message and decreasing the unread message count badge","#7 Player can mark a message as read using the message options, removing the new badge from a message and decreasing the unread message count badge",""
"failed","Wed Jun 01 09:31:07 EEST 2022","Wed Jun 01 09:31:31 EEST 2022","23544","","My Account > Gambling Controls > Loss Limits","","My Account > Gambling Controls > Loss Limits","#5 User can close the Loss Limits Delete modal ","#5 User can close the Loss Limits Delete modal ",""
"failed","Wed Jun 01 09:42:22 EEST 2022","Wed Jun 01 09:42:45 EEST 2022","22748","","My Account > Settings > Change Password","","My Account > Settings > Change Password","#14 Player inputs into the password fields should be masked by default.","#14 Player inputs into the password fields should be masked by default.",""
"failed","Wed Jun 01 09:39:11 EEST 2022","Wed Jun 01 09:39:34 EEST 2022","23484","","UnsubscribePage","","UnsubscribePage","#1 Unsubscribe page is displayed with correct content.","#1 Unsubscribe page is displayed with correct content.",""
"failed","Wed Jun 01 09:42:16 EEST 2022","Wed Jun 01 09:42:38 EEST 2022","22475","","Registration > Step 1","","Registration > Step 1","#23 User cannot continue to next step if their password does not meet the minimum password requirements.","#23 User cannot continue to next step if their password does not meet the minimum password requirements.",""
"failed","Wed Jun 01 09:33:59 EEST 2022","Wed Jun 01 09:34:21 EEST 2022","22663","","My Account > Gambling Controls > Deposit Limits","","My Account > Gambling Controls > Deposit Limits","#7 Player can open the Deposit Limits Delete modal on delete icon click.","#7 Player can open the Deposit Limits Delete modal on delete icon click.",""
"failed","Wed Jun 01 09:07:37 EEST 2022","Wed Jun 01 09:08:33 EEST 2022","56315","","Promotions functionality testing. Promotions functionality for authenticated user. Particular promotions.","","Promotions functionality testing. Promotions functionality for authenticated user. Particular promotions.","#16 User can opt in bonus and get confirmation modal with all sections.","#16 User can opt in bonus and get confirmation modal with all sections.",""
"failed","Wed Jun 01 09:32:25 EEST 2022","Wed Jun 01 09:32:49 EEST 2022","23529","","My Account > Gambling Controls > Deposit Limits","","My Account > Gambling Controls > Deposit Limits","#3 Player can close the Deposit Limits modal.","#3 Player can close the Deposit Limits modal.",""
"failed","Wed Jun 01 09:14:10 EEST 2022","Wed Jun 01 09:14:32 EEST 2022","22409","","Promotions functionality testing. Promotions functionality for unauthenticated user.","","Promotions functionality testing. Promotions functionality for unauthenticated user.","#27 Promotion page has correct title for not login user.","#27 Promotion page has correct title for not login user.",""
"failed","Wed Jun 01 09:41:38 EEST 2022","Wed Jun 01 09:42:00 EEST 2022","22414","","My Account > Settings > Change Password","","My Account > Settings > Change Password","#12 New password must not contain email address.","#12 New password must not contain email address.",""
"failed","Wed Jun 01 09:23:48 EEST 2022","Wed Jun 01 09:24:12 EEST 2022","24234","","Homepage","","Homepage","#1 Player can navigate to the registration page via the 'Join'.","#1 Player can navigate to the registration page via the 'Join'.",""
"failed","Wed Jun 01 09:33:35 EEST 2022","Wed Jun 01 09:33:59 EEST 2022","23352","","My Account > Gambling Controls > Deposit Limits","","My Account > Gambling Controls > Deposit Limits","#6 Player can close the Deposit Limits Edit modal","#6 Player can close the Deposit Limits Edit modal",""
"failed","Wed Jun 01 09:37:49 EEST 2022","Wed Jun 01 09:38:12 EEST 2022","22960","","Recover Password","","Recover Password","#06 Recover Password button displays 'Re-Send Email' text after a successful first attempt.","#06 Recover Password button displays 'Re-Send Email' text after a successful first attempt.",""
"failed","Wed Jun 01 09:14:32 EEST 2022","Wed Jun 01 09:14:55 EEST 2022","22378","","Promotions functionality testing. Promotions functionality for unauthenticated user.","","Promotions functionality testing. Promotions functionality for unauthenticated user.","#28 Promotion cards are displayed for not login user.","#28 Promotion cards are displayed for not login user.",""
"failed","Wed Jun 01 09:27:30 EEST 2022","Wed Jun 01 09:28:13 EEST 2022","43017","","Log In","","Log In","#03 Password field is a mandatory field.","#03 Password field is a mandatory field.",""
"failed","Wed Jun 01 09:40:41 EEST 2022","Wed Jun 01 09:41:03 EEST 2022","22241","","UnsubscribePage","","UnsubscribePage","#5 User can check each radio button and submit the answer → result window will be displayed with the correct content","#5 User can check each radio button and submit the answer → result window will be displayed with the correct content",""
"failed","Wed Jun 01 09:27:07 EEST 2022","Wed Jun 01 09:27:29 EEST 2022","22376","","Live Casino","","Live Casino","#16 All available categories will be displayed and user click/taps on category then user go to the category.","#16 All available categories will be displayed and user click/taps on category then user go to the category.",""
"failed","Wed Jun 01 09:21:46 EEST 2022","Wed Jun 01 09:22:10 EEST 2022","23424","","Logout","","Logout","#01 Player can successfully logout.","#01 Player can successfully logout.",""
"failed","Wed Jun 01 09:33:35 EEST 2022","Wed Jun 01 09:34:10 EEST 2022","35389","","Inbox functionality testing","","Inbox functionality testing","#14 Unread message count is not present on Inbox navigation bar icon if player has no unread messages","#14 Unread message count is not present on Inbox navigation bar icon if player has no unread messages",""
"failed","Wed Jun 01 09:36:41 EEST 2022","Wed Jun 01 09:37:03 EEST 2022","22421","","My Account > Gambling Controls > Account Closure > Take A Break","","My Account > Gambling Controls > Account Closure > Take A Break","#7 Player can choose 24 hours option for 'Take A Break' and this option should be selected.","#7 Player can choose 24 hours option for 'Take A Break' and this option should be selected.",""
"failed","Wed Jun 01 09:24:28 EEST 2022","Wed Jun 01 09:24:50 EEST 2022","22668","","Home page => Privacy Policy page","","Home page => Privacy Policy page","#7 After clicking on the first link from 'What personal data do we collect? -> Players', the user should see the page  https://www.merkurslots.com/.","#7 After clicking on the first link from 'What personal data do we collect? -> Players', the user should see the page  https://www.merkurslots.com/.",""
"failed","Wed Jun 01 09:31:02 EEST 2022","Wed Jun 01 09:31:44 EEST 2022","42211","","Log In","","Log In","#12 Players inputs into the password field should be masked by default.","#12 Players inputs into the password field should be masked by default.",""
"failed","Wed Jun 01 09:39:01 EEST 2022","Wed Jun 01 09:39:23 EEST 2022","22764","","My Account > Settings > Change Password","","My Account > Settings > Change Password","#5 Player cannot submit the Change Password form with blank details.","#5 Player cannot submit the Change Password form with blank details.",""
"failed","Wed Jun 01 09:44:04 EEST 2022","Wed Jun 01 09:44:27 EEST 2022","23283","","Slots page","","Slots page","#4 User can see game carousel and can scroll it","#4 User can see game carousel and can scroll it",""
"failed","Wed Jun 01 09:32:31 EEST 2022","Wed Jun 01 09:32:53 EEST 2022","22452","","Home => Terms & Conditions","","Home => Terms & Conditions","#16 User can see the Playing for Real Money section on terms and conditions page","#16 User can see the Playing for Real Money section on terms and conditions page",""
"failed","Wed Jun 01 09:34:22 EEST 2022","Wed Jun 01 09:34:45 EEST 2022","22524","","Home => Terms & Conditions","","Home => Terms & Conditions","#21 User can see the Responsible Gambling section on terms and conditions page","#21 User can see the Responsible Gambling section on terms and conditions page",""
"failed","Wed Jun 01 09:35:26 EEST 2022","Wed Jun 01 09:35:49 EEST 2022","22707","","My Account > Gambling Controls > Account Closure > Self Exclusion","","My Account > Gambling Controls > Account Closure > Self Exclusion","#13 Player can continue with chosen 12 months option to 'Self Exclusion' and confirming modal should display.","#13 Player can continue with chosen 12 months option to 'Self Exclusion' and confirming modal should display.",""
"failed","Wed Jun 01 09:43:44 EEST 2022","Wed Jun 01 09:44:06 EEST 2022","21836","","Spin Zone functionality testing","","Spin Zone functionality testing","#6 Player can see total bonus balance","#6 Player can see total bonus balance",""
"failed","Wed Jun 01 09:43:58 EEST 2022","Wed Jun 01 09:44:20 EEST 2022","21961","","Registration > Step 3","","Registration > Step 3","#09 User cannot enter invalid characters into the City field.","#09 User cannot enter invalid characters into the City field.",""
"failed","Wed Jun 01 09:32:02 EEST 2022","Wed Jun 01 09:32:25 EEST 2022","23458","","My Account > Gambling Controls > Deposit Limits","","My Account > Gambling Controls > Deposit Limits","#2 Player is displayed 'Set Deposit Limit' text if no deposit limits are set.","#2 Player is displayed 'Set Deposit Limit' text if no deposit limits are set.",""
"failed","Wed Jun 01 09:21:12 EEST 2022","Wed Jun 01 09:21:37 EEST 2022","25728","","Promotions functionality testing. Promotions functionality for unauthenticated user.","","Promotions functionality testing. Promotions functionality for unauthenticated user.","#47 User clicks button DEPOSIT for already DEPOSITED bonus, successfully login and can see drawer ""This promotion is unavailable"".","#47 User clicks button DEPOSIT for already DEPOSITED bonus, successfully login and can see drawer ""This promotion is unavailable"".",""
"failed","Wed Jun 01 09:21:46 EEST 2022","Wed Jun 01 09:22:10 EEST 2022","23843","","Expired Link Error","","Expired Link Error","#1 Expired Link Error page is displayed","#1 Expired Link Error page is displayed",""
"failed","Wed Jun 01 09:30:29 EEST 2022","Wed Jun 01 09:30:52 EEST 2022","22699","","My Account -> Deposit","","My Account -> Deposit","#7 Check user is able to deposit with a valid card and is presented with success modal","#7 Check user is able to deposit with a valid card and is presented with success modal",""
"failed","Wed Jun 01 09:33:05 EEST 2022","Wed Jun 01 09:33:28 EEST 2022","23417","","My Account > Gambling Controls > Loss Limits","","My Account > Gambling Controls > Loss Limits","#10 User can successfully set a monthly loss limit if not already set ","#10 User can successfully set a monthly loss limit if not already set ",""
"failed","Wed Jun 01 09:37:48 EEST 2022","Wed Jun 01 09:38:11 EEST 2022","23010","","Registration > Step 1","","Registration > Step 1","#01 User is displayed the correct content and input fields for Step 1.","#01 User is displayed the correct content and input fields for Step 1.",""
"failed","Wed Jun 01 09:44:13 EEST 2022","Wed Jun 01 09:44:35 EEST 2022","21957","","Registration > Step 4","","Registration > Step 4","#11 User can click and view the Privacy Policy.","#11 User can click and view the Privacy Policy.",""
"passed","Wed Jun 01 08:41:41 EEST 2022","Wed Jun 01 08:41:45 EEST 2022","4022","","User come to the 'Planned Maintenance' error page","","User come to the 'Planned Maintenance' error page","#0 User come to the ""Planned Maintenance"" error page","#0 User come to the ""Planned Maintenance"" error page",""
"skipped","Wed Jun 01 09:37:42 EEST 2022","Wed Jun 01 09:37:42 EEST 2022","0","","My Account > Gambling Controls > Account Closure > Self Exclusion","","My Account > Gambling Controls > Account Closure > Self Exclusion","#19 Player can continue with chosen 6 months option to 'Self Exclusion' and confirming modal should display.","#19 Player can continue with chosen 6 months option to 'Self Exclusion' and confirming modal should display.",""
"failed","Wed Jun 01 09:31:45 EEST 2022","Wed Jun 01 09:32:08 EEST 2022","22826","","Home => Terms & Conditions","","Home => Terms & Conditions","#14 User can see the Your Account section on terms and conditions page","#14 User can see the Your Account section on terms and conditions page",""
"failed","Wed Jun 01 09:44:49 EEST 2022","Wed Jun 01 09:45:16 EEST 2022","27020","","Slots page","","Slots page","#6 User can hover mouse on game card and see all needed elements","#6 User can hover mouse on game card and see all needed elements",""
"failed","Wed Jun 01 09:15:19 EEST 2022","Wed Jun 01 09:15:41 EEST 2022","21759","","Promotions functionality testing. Promotions functionality for unauthenticated user.","","Promotions functionality testing. Promotions functionality for unauthenticated user.","#31 Applicable the expiry date of promotion card is displayed for not login user.","#31 Applicable the expiry date of promotion card is displayed for not login user.",""
"failed","Wed Jun 01 09:37:49 EEST 2022","Wed Jun 01 09:38:12 EEST 2022","22822","","My Account > Gambling Controls > Account Closure > Take A Break","","My Account > Gambling Controls > Account Closure > Take A Break","#10 Player can choose 6 weeks option for 'Take A Break' and this option should be selected.","#10 Player can choose 6 weeks option for 'Take A Break' and this option should be selected.",""
"failed","Wed Jun 01 09:26:29 EEST 2022","Wed Jun 01 09:26:52 EEST 2022","22906","","Home => Terms & Conditions","","Home => Terms & Conditions","#0 User can come to the terms and conditions page","#0 User can come to the terms and conditions page",""
"failed","Wed Jun 01 09:40:05 EEST 2022","Wed Jun 01 09:40:27 EEST 2022","21616","","My Account > Gambling Controls > Account Closure > Take A Break","","My Account > Gambling Controls > Account Closure > Take A Break","#16 Player can press 'BACK' for confirmating modal after chosen for 24 hours 'Take A Break' and should return to previous step.","#16 Player can press 'BACK' for confirmating modal after chosen for 24 hours 'Take A Break' and should return to previous step.",""
"failed","Wed Jun 01 09:44:58 EEST 2022","Wed Jun 01 09:45:20 EEST 2022","22034","","Registration > Step 4","","Registration > Step 4","#13 User doesn`t click on confirm checkbox, tries to click success registration button and error text is shown.","#13 User doesn`t click on confirm checkbox, tries to click success registration button and error text is shown.",""
"failed","Wed Jun 01 09:40:03 EEST 2022","Wed Jun 01 09:40:25 EEST 2022","22233","","Registration > Step 1","","Registration > Step 1","#06 User can not register with an email address that already exists.","#06 User can not register with an email address that already exists.",""
"failed","Wed Jun 01 09:32:25 EEST 2022","Wed Jun 01 09:33:08 EEST 2022","42651","","Log In","","Log In","#14 Player can select the link to recover their password.","#14 Player can select the link to recover their password.",""
"failed","Wed Jun 01 09:37:06 EEST 2022","Wed Jun 01 09:37:29 EEST 2022","23504","","My Account > Gambling Controls > Deposit Limits","","My Account > Gambling Controls > Deposit Limits","#18 Player can submit a blank value in the Deposit Limits.","#18 Player can submit a blank value in the Deposit Limits.",""
"failed","Wed Jun 01 09:17:57 EEST 2022","Wed Jun 01 09:18:20 EEST 2022","23228","","Promotions functionality testing. Promotions functionality for unauthenticated user.","","Promotions functionality testing. Promotions functionality for unauthenticated user.","#38 All main sections for card are displayed for CLAIM bonus for unauthenticated user.","#38 All main sections for card are displayed for CLAIM bonus for unauthenticated user.",""
"failed","Wed Jun 01 09:47:03 EEST 2022","Wed Jun 01 09:47:35 EEST 2022","31726","","Slots page","","Slots page","#11 User logged in and hover the game card and click on CTA ""PLAY NOW"" and go to game page","#11 User logged in and hover the game card and click on CTA ""PLAY NOW"" and go to game page",""
"passed","Wed Jun 01 08:41:42 EEST 2022","Wed Jun 01 08:41:46 EEST 2022","4754","","Service unavailable","","Service unavailable","#0 User come to the Error 500 page, when service is unavailable","#0 User come to the Error 500 page, when service is unavailable",""
"failed","Wed Jun 01 09:35:48 EEST 2022","Wed Jun 01 09:36:10 EEST 2022","22334","","My Profile > Contact Details","","My Profile > Contact Details","#05 Player try to update invalid phone number.","#05 Player try to update invalid phone number.",""
"failed","Wed Jun 01 09:29:31 EEST 2022","Wed Jun 01 09:29:54 EEST 2022","22542","","Home => Terms & Conditions","","Home => Terms & Conditions","#8 User can come to the eCOGRA page from terms and conditions page","#8 User can come to the eCOGRA page from terms and conditions page",""
"failed","Wed Jun 01 09:30:27 EEST 2022","Wed Jun 01 09:30:57 EEST 2022","29658","","Homepage","","Homepage","#14 Casino amount does not display when total bonus amount is zero and displays correct total balance of £0.00","#14 Casino amount does not display when total bonus amount is zero and displays correct total balance of £0.00",""
"failed","Wed Jun 01 09:24:13 EEST 2022","Wed Jun 01 09:24:45 EEST 2022","31578","","Deep Link -> Loss Limits","","Deep Link -> Loss Limits","#1 Deep link to loss limits opens when logged in","#1 Deep link to loss limits opens when logged in",""
"failed","Wed Jun 01 09:44:42 EEST 2022","Wed Jun 01 09:45:03 EEST 2022","21213","","Registration > Step 3","","Registration > Step 3","#14 User can enter valid details on Step 3 and progress to Step 4 of the registration process.","#14 User can enter valid details on Step 3 and progress to Step 4 of the registration process.",""
"skipped","Wed Jun 01 09:36:18 EEST 2022","Wed Jun 01 09:36:18 EEST 2022","1","","My Account > Gambling Controls > Account Closure > Take A Break","","My Account > Gambling Controls > Account Closure > Take A Break","#4 Player cannot continue with 'Take A Break' if a reason is not selected.","#4 Player cannot continue with 'Take A Break' if a reason is not selected.",""
"failed","Wed Jun 01 09:31:44 EEST 2022","Wed Jun 01 09:32:25 EEST 2022","41641","","Log In","","Log In","#13 Player should be able to show/hide their input into the Password field.","#13 Player should be able to show/hide their input into the Password field.",""
"failed","Wed Jun 01 09:24:05 EEST 2022","Wed Jun 01 09:24:28 EEST 2022","22586","","Home page => Privacy Policy page","","Home page => Privacy Policy page","#6 After clicking on the link from 'Introduction to Eyas Gaming', the user should see the page  https://www.eyasgaming.com/.","#6 After clicking on the link from 'Introduction to Eyas Gaming', the user should see the page  https://www.eyasgaming.com/.",""
"failed","Wed Jun 01 09:43:51 EEST 2022","Wed Jun 01 09:44:13 EEST 2022","22028","","Registration > Step 4","","Registration > Step 4","#10 User can click and view the T&Cs.","#10 User can click and view the T&Cs.",""
"failed","Wed Jun 01 09:15:41 EEST 2022","Wed Jun 01 09:16:03 EEST 2022","21851","","Promotions functionality testing. Promotions functionality for unauthenticated user.","","Promotions functionality testing. Promotions functionality for unauthenticated user.","#32 Promo title of promotion card is displayed for not login user.","#32 Promo title of promotion card is displayed for not login user.",""
"failed","Wed Jun 01 09:45:47 EEST 2022","Wed Jun 01 09:46:08 EEST 2022","21677","","Registration > Step 3","","Registration > Step 3","#16 Phone Number will display an error when entering non-numeric values into input.","#16 Phone Number will display an error when entering non-numeric values into input.",""
"failed","Wed Jun 01 09:13:12 EEST 2022","Wed Jun 01 09:13:48 EEST 2022","35849","","Promotions functionality testing. Promotions functionality for authenticated user. Particular promotions.","","Promotions functionality testing. Promotions functionality for authenticated user. Particular promotions.","#25 User can make bonus deposit.","#25 User can make bonus deposit.",""
"failed","Wed Jun 01 09:39:18 EEST 2022","Wed Jun 01 09:39:41 EEST 2022","22784","","Registration > Step 1","","Registration > Step 1","#04 User can select the 'Recover' button on the 'Account already exists' drawer and is displayed the Recover Password form.","#04 User can select the 'Recover' button on the 'Account already exists' drawer and is displayed the Recover Password form.",""
"failed","Wed Jun 01 09:33:57 EEST 2022","Wed Jun 01 09:34:18 EEST 2022","21733","","My Account > Gambling Controls > Account Closure > Self Exclusion","","My Account > Gambling Controls > Account Closure > Self Exclusion","#9 Player can choose 18 months option for 'Self Exclusion' and this option should be selected.","#9 Player can choose 18 months option for 'Self Exclusion' and this option should be selected.",""
"failed","Wed Jun 01 09:32:49 EEST 2022","Wed Jun 01 09:33:12 EEST 2022","23459","","My Account > Gambling Controls > Deposit Limits","","My Account > Gambling Controls > Deposit Limits","#4 Player can cancel out of the Deposit Limits modal.","#4 Player can cancel out of the Deposit Limits modal.",""
"failed","Wed Jun 01 09:39:19 EEST 2022","Wed Jun 01 09:39:42 EEST 2022","23145","","My Account > Gambling Controls > Account Closure > Take A Break","","My Account > Gambling Controls > Account Closure > Take A Break","#14 Player can continue with chosen 6 weeks option to 'Take A Break' and confirming modal should display.","#14 Player can continue with chosen 6 weeks option to 'Take A Break' and confirming modal should display.",""
"failed","Wed Jun 01 09:38:33 EEST 2022","Wed Jun 01 09:38:55 EEST 2022","22568","","Registration > Step 1","","Registration > Step 1","#02 Email Address is a mandatory field.","#02 Email Address is a mandatory field.",""
"failed","Wed Jun 01 09:23:21 EEST 2022","Wed Jun 01 09:23:44 EEST 2022","23015","","Expired Link Error","","Expired Link Error","#5 User can click on Login button and see Login page. ","#5 User can click on Login button and see Login page. ",""
"failed","Wed Jun 01 09:36:11 EEST 2022","Wed Jun 01 09:36:34 EEST 2022","22450","","My Account > Gambling Controls > Account Closure > Self Exclusion","","My Account > Gambling Controls > Account Closure > Self Exclusion","#15 Player can continue with chosen 2 years option to 'Self Exclusion' and confirming modal should display.","#15 Player can continue with chosen 2 years option to 'Self Exclusion' and confirming modal should display.",""
"failed","Wed Jun 01 09:35:49 EEST 2022","Wed Jun 01 09:36:11 EEST 2022","22794","","My Account > Gambling Controls > Account Closure > Self Exclusion","","My Account > Gambling Controls > Account Closure > Self Exclusion","#14 Player can continue with chosen 18 months option to 'Self Exclusion' and confirming modal should display.","#14 Player can continue with chosen 18 months option to 'Self Exclusion' and confirming modal should display.",""
"failed","Wed Jun 01 09:28:02 EEST 2022","Wed Jun 01 09:28:25 EEST 2022","23016","","Home => Terms & Conditions","","Home => Terms & Conditions","#4 User can come to the Responsible Gambling page from terms and conditions page","#4 User can come to the Responsible Gambling page from terms and conditions page",""
"failed","Wed Jun 01 09:37:50 EEST 2022","Wed Jun 01 09:38:14 EEST 2022","23864","","My Profile > Communications Preferences","","My Profile > Communications Preferences","#4 Player can edit their preferences and toggle all preferences with the select all toggle, which upon saving updates the account area","#4 Player can edit their preferences and toggle all preferences with the select all toggle, which upon saving updates the account area",""
"failed","Wed Jun 01 09:17:33 EEST 2022","Wed Jun 01 09:17:57 EEST 2022","23586","","Promotions functionality testing. Promotions functionality for unauthenticated user.","","Promotions functionality testing. Promotions functionality for unauthenticated user.","#37 All main sections for card are displayed for DEPOSIT bonus for unauthenticated user.","#37 All main sections for card are displayed for DEPOSIT bonus for unauthenticated user.",""
"failed","Wed Jun 01 09:33:09 EEST 2022","Wed Jun 01 09:33:35 EEST 2022","25374","","Inbox functionality testing","","Inbox functionality testing","#13 Unread message count is not present on Inbox navigation bar icon if no messages","#13 Unread message count is not present on Inbox navigation bar icon if no messages",""
"skipped","Wed Jun 01 09:14:55 EEST 2022","Wed Jun 01 09:14:55 EEST 2022","0","","Promotions functionality testing. Promotions functionality for unauthenticated user.","","Promotions functionality testing. Promotions functionality for unauthenticated user.","#29 Promotions are displayed in correct order for unauthenticated user","#29 Promotions are displayed in correct order for unauthenticated user",""
"failed","Wed Jun 01 09:31:38 EEST 2022","Wed Jun 01 09:32:02 EEST 2022","23688","","My Account > Gambling Controls > Deposit Limits","","My Account > Gambling Controls > Deposit Limits","#1 Player can view their deposit limits.","#1 Player can view their deposit limits.",""
"failed","Wed Jun 01 09:40:48 EEST 2022","Wed Jun 01 09:41:09 EEST 2022","21482","","Registration > Step 1","","Registration > Step 1","#08 User can not enter an invaild email address (space in email).","#08 User can not enter an invaild email address (space in email).",""
"failed","Wed Jun 01 09:27:16 EEST 2022","Wed Jun 01 09:27:51 EEST 2022","35162","","Homepage","","Homepage","#8 Cash amount is updated correctly in the dropdown details when cash balance is adjusted","#8 Cash amount is updated correctly in the dropdown details when cash balance is adjusted",""
"failed","Wed Jun 01 09:40:31 EEST 2022","Wed Jun 01 09:40:53 EEST 2022","22286","","My Account > Settings > Change Password","","My Account > Settings > Change Password","#9 New password must contain a combination of upper and lower case letters (all upper case).","#9 New password must contain a combination of upper and lower case letters (all upper case).",""
"failed","Wed Jun 01 09:18:20 EEST 2022","Wed Jun 01 09:18:42 EEST 2022","22154","","Promotions functionality testing. Promotions functionality for unauthenticated user.","","Promotions functionality testing. Promotions functionality for unauthenticated user.","#39 User can click see full terms CTA and go to Term and Conditions.","#39 User can click see full terms CTA and go to Term and Conditions.",""
"failed","Wed Jun 01 09:46:25 EEST 2022","Wed Jun 01 09:46:47 EEST 2022","21832","","Registration > Step 4","","Registration > Step 4","#09 User can select multiple marketing preferences.","#09 User can select multiple marketing preferences.",""
"failed","Wed Jun 01 09:27:37 EEST 2022","Wed Jun 01 09:27:59 EEST 2022","21604","","My Account > Gambling Controls > Play Reminders","","My Account > Gambling Controls > Play Reminders","#4 Player cannot continue with 'Time Limit' if a limit is not selected.","#4 Player cannot continue with 'Time Limit' if a limit is not selected.",""
"failed","Wed Jun 01 09:40:11 EEST 2022","Wed Jun 01 09:40:34 EEST 2022","22237","","Registration > Step 2","","Registration > Step 2","#06 User cannot enter less that 2 characters into step 2 name input fields.","#06 User cannot enter less that 2 characters into step 2 name input fields.",""
"failed","Wed Jun 01 09:35:03 EEST 2022","Wed Jun 01 09:35:26 EEST 2022","22687","","My Account > Gambling Controls > Account Closure > Self Exclusion","","My Account > Gambling Controls > Account Closure > Self Exclusion","#12 Player can continue with chosen 6 months option to 'Self Exclusion' and confirming modal should display.","#12 Player can continue with chosen 6 months option to 'Self Exclusion' and confirming modal should display.",""
"failed","Wed Jun 01 09:19:07 EEST 2022","Wed Jun 01 09:19:31 EEST 2022","24121","","Promotions functionality testing. Promotions functionality for unauthenticated user.","","Promotions functionality testing. Promotions functionality for unauthenticated user.","#41 Login form appears after press DEPOSIT CTA for DEPOSIT bonus of unauthenticated user.","#41 Login form appears after press DEPOSIT CTA for DEPOSIT bonus of unauthenticated user.",""
"skipped","Wed Jun 01 09:40:49 EEST 2022","Wed Jun 01 09:40:49 EEST 2022","1","","My Account > Gambling Controls > Account Closure > Take A Break","","My Account > Gambling Controls > Account Closure > Take A Break","#18 Player can press 'CONFIRM' to finish 'Take A Break' a for 24 hours and should be logged out and unable to sign back into their account.","#18 Player can press 'CONFIRM' to finish 'Take A Break' a for 24 hours and should be logged out and unable to sign back into their account.",""
"failed","Wed Jun 01 09:35:56 EEST 2022","Wed Jun 01 09:36:19 EEST 2022","23485","","My Account > Gambling Controls > Deposit Limits","","My Account > Gambling Controls > Deposit Limits","#12 Player can successfully set a monthly deposit limit if not already set.","#12 Player can successfully set a monthly deposit limit if not already set.",""
"failed","Wed Jun 01 09:37:26 EEST 2022","Wed Jun 01 09:37:49 EEST 2022","23459","","My Account > Gambling Controls > Account Closure > Take A Break","","My Account > Gambling Controls > Account Closure > Take A Break","#9 Player can choose 4 weeks option for 'Take A Break' and this option should be selected.","#9 Player can choose 4 weeks option for 'Take A Break' and this option should be selected.",""
"failed","Wed Jun 01 09:28:22 EEST 2022","Wed Jun 01 09:28:44 EEST 2022","22182","","My Account > Gambling Controls > Play Reminders","","My Account > Gambling Controls > Play Reminders","#6 Player can successfully set a 'Time Limit'.","#6 Player can successfully set a 'Time Limit'.",""
"failed","Wed Jun 01 09:41:18 EEST 2022","Wed Jun 01 09:41:41 EEST 2022","22327","","Registration > Step 2","","Registration > Step 2","#11 User can enter valid details on Step 2 and progress to Step 3 of the registration process.","#11 User can enter valid details on Step 2 and progress to Step 3 of the registration process.",""
"failed","Wed Jun 01 09:24:25 EEST 2022","Wed Jun 01 09:24:47 EEST 2022","22519","","Live Casino","","Live Casino","#03 All available game cards are displayed.","#03 All available game cards are displayed.",""
"failed","Wed Jun 01 09:37:53 EEST 2022","Wed Jun 01 09:38:17 EEST 2022","23670","","My Account > Gambling Controls > Deposit Limits","","My Account > Gambling Controls > Deposit Limits","#20 Player can close 'History' modal.","#20 Player can close 'History' modal.",""
"failed","Wed Jun 01 09:35:02 EEST 2022","Wed Jun 01 09:35:25 EEST 2022","22648","","My Profile > Contact Details","","My Profile > Contact Details","# Player can select to edit their telephone number and close the modal to cancel out of the process.","# Player can select to edit their telephone number and close the modal to cancel out of the process.",""
"failed","Wed Jun 01 09:31:31 EEST 2022","Wed Jun 01 09:31:54 EEST 2022","23271","","My Account > Gambling Controls > Loss Limits","","My Account > Gambling Controls > Loss Limits","#6 User can successfully update their loss limits in the Loss Limits Delete modal ","#6 User can successfully update their loss limits in the Loss Limits Delete modal ",""
"failed","Wed Jun 01 09:17:09 EEST 2022","Wed Jun 01 09:17:33 EEST 2022","24511","","Promotions functionality testing. Promotions functionality for unauthenticated user.","","Promotions functionality testing. Promotions functionality for unauthenticated user.","#36 All main sections for card are displayed for OPT IN bonus for unauthenticated user.","#36 All main sections for card are displayed for OPT IN bonus for unauthenticated user.",""
"failed","Wed Jun 01 09:33:12 EEST 2022","Wed Jun 01 09:33:34 EEST 2022","22416","","My Account > Gambling Controls > Account Closure > Self Exclusion","","My Account > Gambling Controls > Account Closure > Self Exclusion","#7 Player can choose 6 months option for 'Self Exclusion' and this option should be selected.","#7 Player can choose 6 months option for 'Self Exclusion' and this option should be selected.",""
"failed","Wed Jun 01 09:37:25 EEST 2022","Wed Jun 01 09:37:50 EEST 2022","24771","","My Profile > Communications Preferences","","My Profile > Communications Preferences","#3 Player can edit their preferences and exit using the Cancel CTA within the modal discarding changes","#3 Player can edit their preferences and exit using the Cancel CTA within the modal discarding changes",""
"failed","Wed Jun 01 09:41:15 EEST 2022","Wed Jun 01 09:41:38 EEST 2022","22158","","My Account > Settings > Change Password","","My Account > Settings > Change Password","#11 New password must contain a minimum of 8 characters.","#11 New password must contain a minimum of 8 characters.",""
"failed","Wed Jun 01 09:07:04 EEST 2022","Wed Jun 01 09:07:37 EEST 2022","32960","","Promotions functionality testing. Promotions functionality for authenticated user. Particular promotions.","","Promotions functionality testing. Promotions functionality for authenticated user. Particular promotions.","#15 User can press Back CTA for More Info page and be taken to the list of promotions.","#15 User can press Back CTA for More Info page and be taken to the list of promotions.",""
"failed","Wed Jun 01 09:25:35 EEST 2022","Wed Jun 01 09:25:58 EEST 2022","22572","","Home page => Privacy Policy page","","Home page => Privacy Policy page","#11 The user can use for Malta contact@eyasgaming.com e-mail","#11 The user can use for Malta contact@eyasgaming.com e-mail",""
"failed","Wed Jun 01 09:35:53 EEST 2022","Wed Jun 01 09:36:15 EEST 2022","22597","","Home => Terms & Conditions","","Home => Terms & Conditions","#25 User can see the Complaints and disputes section on terms and conditions page","#25 User can see the Complaints and disputes section on terms and conditions page",""
"failed","Wed Jun 01 09:25:13 EEST 2022","Wed Jun 01 09:25:35 EEST 2022","22470","","Home page => Privacy Policy page","","Home page => Privacy Policy page","#10 After clicking on the link from 'Contact and DPO', the user should see the page  https://www.eyasgaming.com/.","#10 After clicking on the link from 'Contact and DPO', the user should see the page  https://www.eyasgaming.com/.",""
"failed","Wed Jun 01 09:37:00 EEST 2022","Wed Jun 01 09:37:23 EEST 2022","22581","","Home => Terms & Conditions","","Home => Terms & Conditions","#28 User can opened mail client after clicks/taps on “complaintsMGA@merkurslots.com” ","#28 User can opened mail client after clicks/taps on “complaintsMGA@merkurslots.com” ",""
"failed","Wed Jun 01 09:31:44 EEST 2022","Wed Jun 01 09:32:26 EEST 2022","42494","","My Account > Gambling Controls > Account Closure > Self Exclusion","","My Account > Gambling Controls > Account Closure > Self Exclusion","#2 Player can close the 'Self Exclusion' modal.","#2 Player can close the 'Self Exclusion' modal.",""
"failed","Wed Jun 01 09:23:42 EEST 2022","Wed Jun 01 09:24:05 EEST 2022","22775","","Home page => Privacy Policy page","","Home page => Privacy Policy page","#5 When the user clicks to link Privacy Policy user should watches the nex chapters.","#5 When the user clicks to link Privacy Policy user should watches the nex chapters.",""
"failed","Wed Jun 01 09:33:52 EEST 2022","Wed Jun 01 09:34:15 EEST 2022","23412","","My Account > Gambling Controls > Loss Limits","","My Account > Gambling Controls > Loss Limits","#14 User cannot set a Loss Limit higher than the maximum amount. ","#14 User cannot set a Loss Limit higher than the maximum amount. ",""
"failed","Wed Jun 01 09:40:25 EEST 2022","Wed Jun 01 09:40:48 EEST 2022","22309","","Registration > Step 1","","Registration > Step 1","#07 User can not enter an invaild email address (no @ sign).","#07 User can not enter an invaild email address (no @ sign).",""
"failed","Wed Jun 01 09:26:52 EEST 2022","Wed Jun 01 09:27:15 EEST 2022","22883","","Home => Terms & Conditions","","Home => Terms & Conditions","#1 User can come to the help center from terms and conditions page","#1 User can come to the help center from terms and conditions page",""
"failed","Wed Jun 01 09:38:11 EEST 2022","Wed Jun 01 09:38:33 EEST 2022","22066","","Registration > Step 1","","Registration > Step 1","#01.1 User can leave the registration process by clicking the Home link and click 'Yes I want to leave'.","#01.1 User can leave the registration process by clicking the Home link and click 'Yes I want to leave'.",""
"failed","Wed Jun 01 09:23:14 EEST 2022","Wed Jun 01 09:23:45 EEST 2022","30911","","Deep Link -> Change Password","","Deep Link -> Change Password","#2 Deep link to change password open login when not logged in before change password","#2 Deep link to change password open login when not logged in before change password",""
"failed","Wed Jun 01 09:33:15 EEST 2022","Wed Jun 01 09:33:37 EEST 2022","22675","","Home => Terms & Conditions","","Home => Terms & Conditions","#18 User can see the Anti-Money Laundering section on terms and conditions page","#18 User can see the Anti-Money Laundering section on terms and conditions page",""
"failed","Wed Jun 01 09:20:45 EEST 2022","Wed Jun 01 09:21:12 EEST 2022","26586","","Promotions functionality testing. Promotions functionality for unauthenticated user.","","Promotions functionality testing. Promotions functionality for unauthenticated user.","#46 User clicks button CLAIM for already CLAIMED bonus, successfully login and can see drawer ""This promotion is unavailable"".","#46 User clicks button CLAIM for already CLAIMED bonus, successfully login and can see drawer ""This promotion is unavailable"".",""
"failed","Wed Jun 01 09:26:18 EEST 2022","Wed Jun 01 09:26:43 EEST 2022","25047","","Live Casino","","Live Casino","#13 Card is displayed, user hover a mouse on that card, the primary CTA is PLAY NOW, user clicks/taps on CTA PLAY NOW then the login modal appears.","#13 Card is displayed, user hover a mouse on that card, the primary CTA is PLAY NOW, user clicks/taps on CTA PLAY NOW then the login modal appears.",""
"failed","Wed Jun 01 09:22:10 EEST 2022","Wed Jun 01 09:22:33 EEST 2022","23417","","Expired Link Error","","Expired Link Error","#2 All elements are persisted on the page. ","#2 All elements are persisted on the page. ",""
"failed","Wed Jun 01 09:40:27 EEST 2022","Wed Jun 01 09:40:49 EEST 2022","22387","","My Account > Gambling Controls > Account Closure > Take A Break","","My Account > Gambling Controls > Account Closure > Take A Break","#17 Player can close the take a break modal.","#17 Player can close the take a break modal.",""
"failed","Wed Jun 01 09:42:38 EEST 2022","Wed Jun 01 09:43:00 EEST 2022","21697","","Registration > Step 1","","Registration > Step 1","#28 User can enter valid details on Step 1 and progress to Step 2 of the registration process.","#28 User can enter valid details on Step 1 and progress to Step 2 of the registration process.",""
"failed","Wed Jun 01 09:22:32 EEST 2022","Wed Jun 01 09:22:55 EEST 2022","22948","","404 error page functionality testing.","","404 error page functionality testing.","#3 Player can click ""Logo"" button and after that it will redirect to Home page.","#3 Player can click ""Logo"" button and after that it will redirect to Home page.",""
"failed","Wed Jun 01 09:42:00 EEST 2022","Wed Jun 01 09:42:22 EEST 2022","22510","","My Account > Settings > Change Password","","My Account > Settings > Change Password","#13 Player cannot continue to next step if their new password does not meet the minimum password requirements.","#13 Player cannot continue to next step if their new password does not meet the minimum password requirements.",""
"failed","Wed Jun 01 09:35:26 EEST 2022","Wed Jun 01 09:35:49 EEST 2022","23677","","My Account > Gambling Controls > Loss Limits","","My Account > Gambling Controls > Loss Limits","#18 User can close 'How loss limits work' modal. ","#18 User can close 'How loss limits work' modal. ",""
"failed","Wed Jun 01 09:39:04 EEST 2022","Wed Jun 01 09:39:27 EEST 2022","22607","","Registration > Step 2","","Registration > Step 2","#03 First Name is a mandatory field.","#03 First Name is a mandatory field.",""
"failed","Wed Jun 01 09:14:55 EEST 2022","Wed Jun 01 09:15:19 EEST 2022","24787","","Promotions functionality testing. Promotions functionality for unauthenticated user.","","Promotions functionality testing. Promotions functionality for unauthenticated user.","#30 Promo image of promotion card is displayed for not login user.","#30 Promo image of promotion card is displayed for not login user.",""
"failed","Wed Jun 01 09:26:29 EEST 2022","Wed Jun 01 09:26:52 EEST 2022","22796","","My Account > Gambling Controls > Play Reminders","","My Account > Gambling Controls > Play Reminders","#1 Player can select to edit their 'Time Limit' and is displayed the Play Reminders modal.","#1 Player can select to edit their 'Time Limit' and is displayed the Play Reminders modal.",""
"failed","Wed Jun 01 09:35:30 EEST 2022","Wed Jun 01 09:35:53 EEST 2022","22305","","Home => Terms & Conditions","","Home => Terms & Conditions","#24 User can see the Limitation of Liability section on terms and conditions page","#24 User can see the Limitation of Liability section on terms and conditions page",""
"failed","Wed Jun 01 09:22:10 EEST 2022","Wed Jun 01 09:22:34 EEST 2022","24189","","Footer functionality testing","","Footer functionality testing","#2 Player can see payment logos","#2 Player can see payment logos",""
"failed","Wed Jun 01 09:33:37 EEST 2022","Wed Jun 01 09:34:00 EEST 2022","22405","","Home => Terms & Conditions","","Home => Terms & Conditions","#19 User can see the Inactive Customer Accounts section on terms and conditions page","#19 User can see the Inactive Customer Accounts section on terms and conditions page",""
"failed","Wed Jun 01 09:23:44 EEST 2022","Wed Jun 01 09:24:07 EEST 2022","23007","","Expired Link Error","","Expired Link Error","#6 User can click on Recover Password button and see Reset your password window ","#6 User can click on Recover Password button and see Reset your password window ",""
"failed","Wed Jun 01 09:35:25 EEST 2022","Wed Jun 01 09:35:48 EEST 2022","22586","","My Profile > Contact Details","","My Profile > Contact Details","#04 Player can update their telephone number.","#04 Player can update their telephone number.",""
"failed","Wed Jun 01 09:33:28 EEST 2022","Wed Jun 01 09:33:52 EEST 2022","23448","","My Account > Gambling Controls > Loss Limits","","My Account > Gambling Controls > Loss Limits","#13 User cannot set a Loss Limit lower than the minimum amount. ","#13 User cannot set a Loss Limit lower than the minimum amount. ",""
"failed","Wed Jun 01 09:34:18 EEST 2022","Wed Jun 01 09:34:41 EEST 2022","22470","","My Account > Gambling Controls > Account Closure > Self Exclusion","","My Account > Gambling Controls > Account Closure > Self Exclusion","#10 Player can choose 2 years option for 'Self Exclusion' and this option should be selected.","#10 Player can choose 2 years option for 'Self Exclusion' and this option should be selected.",""
"failed","Wed Jun 01 09:36:42 EEST 2022","Wed Jun 01 09:37:06 EEST 2022","23319","","My Account > Gambling Controls > Deposit Limits","","My Account > Gambling Controls > Deposit Limits","#15 Player can successfully change Deposit Limit with a decimal value and receive a success toast on submitting the new amount.","#15 Player can successfully change Deposit Limit with a decimal value and receive a success toast on submitting the new amount.",""
"failed","Wed Jun 01 09:36:19 EEST 2022","Wed Jun 01 09:36:42 EEST 2022","23445","","My Account > Gambling Controls > Deposit Limits","","My Account > Gambling Controls > Deposit Limits","#13 Player can open the Deposit Limits Delete modal on delete icon click and click on edit icon in the input field.","#13 Player can open the Deposit Limits Delete modal on delete icon click and click on edit icon in the input field.",""
"failed","Wed Jun 01 09:36:38 EEST 2022","Wed Jun 01 09:37:00 EEST 2022","22571","","Home => Terms & Conditions","","Home => Terms & Conditions","#27 User can opened mail client after clicks/taps on “care@merkurslots.com” ","#27 User can opened mail client after clicks/taps on “care@merkurslots.com” ",""
"failed","Wed Jun 01 09:28:32 EEST 2022","Wed Jun 01 09:28:56 EEST 2022","23764","","My Account -> Deposit","","My Account -> Deposit","#1 Check user is able to access the deposit modal via the account menu and is displayed with the option to fill in card details by default","#1 Check user is able to access the deposit modal via the account menu and is displayed with the option to fill in card details by default",""
"failed","Wed Jun 01 09:23:33 EEST 2022","Wed Jun 01 09:23:56 EEST 2022","22753","","Footer functionality testing","","Footer functionality testing","#5 Player can see legal and company information","#5 Player can see legal and company information",""
"failed","Wed Jun 01 09:40:08 EEST 2022","Wed Jun 01 09:40:31 EEST 2022","22350","","My Account > Settings > Change Password","","My Account > Settings > Change Password","#8 New password must contain a number.","#8 New password must contain a number.",""
"skipped","Wed Jun 01 09:37:06 EEST 2022","Wed Jun 01 09:37:06 EEST 2022","1","","My Account > Gambling Controls > Deposit Limits","","My Account > Gambling Controls > Deposit Limits","#17 Player cannot set Deposit Limit higher than the maximum amount.","#17 Player cannot set Deposit Limit higher than the maximum amount.",""
"failed","Wed Jun 01 09:34:00 EEST 2022","Wed Jun 01 09:34:22 EEST 2022","22454","","Home => Terms & Conditions","","Home => Terms & Conditions","#20 User can see the Suspension/Termination of your Account section on terms and conditions page","#20 User can see the Suspension/Termination of your Account section on terms and conditions page",""
"failed","Wed Jun 01 09:38:14 EEST 2022","Wed Jun 01 09:38:37 EEST 2022","23604","","My Profile > Communications Preferences","","My Profile > Communications Preferences","#5 Player can edit their preferences and select just the email toggle, which upon saving updates the account area accordingly","#5 Player can edit their preferences and select just the email toggle, which upon saving updates the account area accordingly",""
"passed","Wed Jun 01 08:41:47 EEST 2022","Wed Jun 01 08:41:48 EEST 2022","1333","","User come to the 'Planned Maintenance' error page","","User come to the 'Planned Maintenance' error page","#2 User can come to the Home page from ""Planned Maintenance"" error page","#2 User can come to the Home page from ""Planned Maintenance"" error page",""
"failed","Wed Jun 01 09:12:01 EEST 2022","Wed Jun 01 09:12:35 EEST 2022","34606","","Promotions functionality testing. Promotions functionality for authenticated user. Particular promotions.","","Promotions functionality testing. Promotions functionality for authenticated user. Particular promotions.","#23 User can click on the terms and conditions link and the terms and all sections of conditions are displayed for deposit bonus.","#23 User can click on the terms and conditions link and the terms and all sections of conditions are displayed for deposit bonus.",""
"failed","Wed Jun 01 09:36:56 EEST 2022","Wed Jun 01 09:37:19 EEST 2022","22545","","My Account > Gambling Controls > Account Closure > Self Exclusion","","My Account > Gambling Controls > Account Closure > Self Exclusion","#17 Player can press 'BACK' for confirmating modal after chosen for 6 months 'Self Exclusion' and should return to previous step.","#17 Player can press 'BACK' for confirmating modal after chosen for 6 months 'Self Exclusion' and should return to previous step.",""
"failed","Wed Jun 01 09:06:30 EEST 2022","Wed Jun 01 09:07:04 EEST 2022","33235","","Promotions functionality testing. Promotions functionality for authenticated user. Particular promotions.","","Promotions functionality testing. Promotions functionality for authenticated user. Particular promotions.","#14 User can click OPT IN primary CTA in more info details page and get confirmation modal with all sections.","#14 User can click OPT IN primary CTA in more info details page and get confirmation modal with all sections.",""
"failed","Wed Jun 01 09:19:54 EEST 2022","Wed Jun 01 09:20:19 EEST 2022","24815","","Promotions functionality testing. Promotions functionality for unauthenticated user.","","Promotions functionality testing. Promotions functionality for unauthenticated user.","#43 User can go to More Info details after click More Info CTA.","#43 User can go to More Info details after click More Info CTA.",""
"failed","Wed Jun 01 09:27:14 EEST 2022","Wed Jun 01 09:27:37 EEST 2022","22867","","My Account > Gambling Controls > Play Reminders","","My Account > Gambling Controls > Play Reminders","#3 Player can cancel out of the 'Time Limit' modal.","#3 Player can cancel out of the 'Time Limit' modal.",""
"failed","Wed Jun 01 09:38:12 EEST 2022","Wed Jun 01 09:38:35 EEST 2022","22803","","Recover Password","","Recover Password","#08 Player can submit an email address which does not exist and still receives a success message on submitting the recover password form.","#08 Player can submit an email address which does not exist and still receives a success message on submitting the recover password form.",""
"failed","Wed Jun 01 09:44:50 EEST 2022","Wed Jun 01 09:45:12 EEST 2022","21366","","Spin Zone functionality testing","","Spin Zone functionality testing","#9 Player can see Exit Game button in bottom right","#9 Player can see Exit Game button in bottom right",""
"failed","Wed Jun 01 09:44:28 EEST 2022","Wed Jun 01 09:44:50 EEST 2022","21937","","Spin Zone functionality testing","","Spin Zone functionality testing","#8 Player can open 'Search Games' modal","#8 Player can open 'Search Games' modal",""
"failed","Wed Jun 01 09:13:48 EEST 2022","Wed Jun 01 09:14:10 EEST 2022","22076","","Promotions functionality testing. Promotions functionality for unauthenticated user.","","Promotions functionality testing. Promotions functionality for unauthenticated user.","#26 Promotion page is displayed for not login user.","#26 Promotion page is displayed for not login user.",""
"failed","Wed Jun 01 09:31:54 EEST 2022","Wed Jun 01 09:32:17 EEST 2022","23700","","My Account > Gambling Controls > Loss Limits","","My Account > Gambling Controls > Loss Limits","#7 User can open the Loss Limits Delete modal on edit icon click and click on edit icon in the input field ","#7 User can open the Loss Limits Delete modal on edit icon click and click on edit icon in the input field ",""
"failed","Wed Jun 01 09:33:34 EEST 2022","Wed Jun 01 09:33:57 EEST 2022","22495","","My Account > Gambling Controls > Account Closure > Self Exclusion","","My Account > Gambling Controls > Account Closure > Self Exclusion","#8 Player can choose 12 months option for 'Self Exclusion' and this option should be selected.","#8 Player can choose 12 months option for 'Self Exclusion' and this option should be selected.",""
"failed","Wed Jun 01 09:12:35 EEST 2022","Wed Jun 01 09:13:12 EEST 2022","36625","","Promotions functionality testing. Promotions functionality for authenticated user. Particular promotions.","","Promotions functionality testing. Promotions functionality for authenticated user. Particular promotions.","#24 User can close deposit bonus modal, remove display bonus modal and return to the launch screen.","#24 User can close deposit bonus modal, remove display bonus modal and return to the launch screen.",""
