"Status","Start Time","Stop Time","Duration in ms","Parent Suite","Suite","Sub Suite","Test Class","Test Method","Name","Description"
"passed","Sun Jul 03 10:16:23 EEST 2022","Sun Jul 03 10:16:36 EEST 2022","12176","","Registration > Step 3","","Registration > Step 3","#03 Address Line 1 field is a mandatory field.","#03 Address Line 1 field is a mandatory field.",""
"passed","Sun Jul 03 10:25:50 EEST 2022","Sun Jul 03 10:26:08 EEST 2022","17805","","My Profile > Communications Preferences","","My Profile > Communications Preferences","#7 Player can edit their preferences and select just the Post toggle, which upon saving updates the account area accordingly","#7 Player can edit their preferences and select just the Post toggle, which upon saving updates the account area accordingly",""
"passed","Sun Jul 03 10:15:35 EEST 2022","Sun Jul 03 10:15:44 EEST 2022","8910","","Registration > Step 2","","Registration > Step 2","#01 User is displayed the correct content and input fields for Step 2.","#01 User is displayed the correct content and input fields for Step 2.",""
"passed","Sun Jul 03 10:07:17 EEST 2022","Sun Jul 03 10:07:22 EEST 2022","4541","","Live Casino","","Live Casino","#03 All available game cards are displayed.","#03 All available game cards are displayed.",""
"passed","Sun Jul 03 10:23:43 EEST 2022","Sun Jul 03 10:24:01 EEST 2022","17740","","Footer functionality testing","","Footer functionality testing","#4 Player can see safer gambling logos","#4 Player can see safer gambling logos",""
"skipped","Sun Jul 03 10:12:35 EEST 2022","Sun Jul 03 10:12:35 EEST 2022","1","","My Account > Gambling Controls > Loss Limits","","My Account > Gambling Controls > Loss Limits","#11 User can successfully set their Loss Limit to the minimum allowed value and will receive a success toast on submitting the new amount. ","#11 User can successfully set their Loss Limit to the minimum allowed value and will receive a success toast on submitting the new amount. ",""
"passed","Sun Jul 03 10:16:06 EEST 2022","Sun Jul 03 10:16:13 EEST 2022","7085","","Registration > Step 2","","Registration > Step 2","#06 User cannot enter less that 2 characters into step 2 name input fields.","#06 User cannot enter less that 2 characters into step 2 name input fields.",""
"failed","Sun Jul 03 10:22:20 EEST 2022","Sun Jul 03 10:22:27 EEST 2022","7880","","Promotions functionality testing. Bonus details testing.","","Promotions functionality testing. Bonus details testing.","#50 New bonus sub navigation page is opened after clicking on bonus balance.","#50 New bonus sub navigation page is opened after clicking on bonus balance.",""
"passed","Sun Jul 03 10:26:48 EEST 2022","Sun Jul 03 10:27:02 EEST 2022","13191","","My Account > Gambling Controls > Deposit Limits","","My Account > Gambling Controls > Deposit Limits","#11 Player can successfully set a weekly deposit limit if not already set.","#11 Player can successfully set a weekly deposit limit if not already set.",""
"passed","Sun Jul 03 10:23:34 EEST 2022","Sun Jul 03 10:23:44 EEST 2022","10656","","Homepage","","Homepage","#2 Authenticated users can preview their balance in the navigation bar","#2 Authenticated users can preview their balance in the navigation bar",""
"passed","Sun Jul 03 10:09:46 EEST 2022","Sun Jul 03 10:10:02 EEST 2022","16355","","Deep Link -> Play Reminders","","Deep Link -> Play Reminders","#1 Deep link to play reminders opens when logged in","#1 Deep link to play reminders opens when logged in",""
"passed","Sun Jul 03 10:13:56 EEST 2022","Sun Jul 03 10:14:15 EEST 2022","19213","","My Account > Gambling Controls > Account Closure > Self Exclusion","","My Account > Gambling Controls > Account Closure > Self Exclusion","#15 Player can continue with chosen 2 years option to 'Self Exclusion' and confirming modal should display.","#15 Player can continue with chosen 2 years option to 'Self Exclusion' and confirming modal should display.",""
"passed","Sun Jul 03 10:21:24 EEST 2022","Sun Jul 03 10:21:37 EEST 2022","12372","","Promotions functionality testing. Promotions functionality for unauthenticated user.","","Promotions functionality testing. Promotions functionality for unauthenticated user.","#45 User clicks button OPT IN for already OPTED IN bonus, successfully login and can see drawer ""This promotion is unavailable"".","#45 User clicks button OPT IN for already OPTED IN bonus, successfully login and can see drawer ""This promotion is unavailable"".",""
"passed","Sun Jul 03 10:17:45 EEST 2022","Sun Jul 03 10:17:57 EEST 2022","11521","","Registration > Step 3","","Registration > Step 3","#14 User can enter valid details on Step 3 and progress to Step 4 of the registration process.","#14 User can enter valid details on Step 3 and progress to Step 4 of the registration process.",""
"passed","Sun Jul 03 10:16:07 EEST 2022","Sun Jul 03 10:16:21 EEST 2022","14126","","My Account > Settings > Change Password","","My Account > Settings > Change Password","#14 Player inputs into the password fields should be masked by default.","#14 Player inputs into the password fields should be masked by default.",""
"passed","Sun Jul 03 10:11:06 EEST 2022","Sun Jul 03 10:11:24 EEST 2022","17285","","My Account > Gambling Controls > Play Reminders","","My Account > Gambling Controls > Play Reminders","#5 Player can select a time limit from the drop down menu.","#5 Player can select a time limit from the drop down menu.",""
"passed","Sun Jul 03 10:12:23 EEST 2022","Sun Jul 03 10:12:39 EEST 2022","15841","","My Profile > Contact Details","","My Profile > Contact Details","#01 Player can view their contact details.","#01 Player can view their contact details.",""
"passed","Sun Jul 03 10:21:01 EEST 2022","Sun Jul 03 10:21:05 EEST 2022","4756","","Promotions functionality testing. Promotions functionality for unauthenticated user.","","Promotions functionality testing. Promotions functionality for unauthenticated user.","#40 Login form appears after press OPT IN CTA for OPT IN bonus of unauthenticated user.","#40 Login form appears after press OPT IN CTA for OPT IN bonus of unauthenticated user.",""
"passed","Sun Jul 03 10:10:50 EEST 2022","Sun Jul 03 10:11:06 EEST 2022","15975","","My Account > Gambling Controls > Play Reminders","","My Account > Gambling Controls > Play Reminders","#4 Player cannot continue with 'Time Limit' if a limit is not selected.","#4 Player cannot continue with 'Time Limit' if a limit is not selected.",""
"passed","Sun Jul 03 10:08:32 EEST 2022","Sun Jul 03 10:08:42 EEST 2022","10120","","Home page => Privacy Policy page","","Home page => Privacy Policy page","#12 The user can use to contact for DPO regarding any data protection issue dpo@merkurslots.com email","#12 The user can use to contact for DPO regarding any data protection issue dpo@merkurslots.com email",""
"passed","Sun Jul 03 10:07:42 EEST 2022","Sun Jul 03 10:07:57 EEST 2022","14884","","Inbox functionality testing","","Inbox functionality testing","#7 Player can mark a message as read using the message options, removing the new badge from a message and decreasing the unread message count badge","#7 Player can mark a message as read using the message options, removing the new badge from a message and decreasing the unread message count badge",""
"passed","Sun Jul 03 10:15:53 EEST 2022","Sun Jul 03 10:16:07 EEST 2022","14737","","My Account > Settings > Change Password","","My Account > Settings > Change Password","#13 Player cannot continue to next step if their new password does not meet the minimum password requirements.","#13 Player cannot continue to next step if their new password does not meet the minimum password requirements.",""
"passed","Sun Jul 03 10:16:59 EEST 2022","Sun Jul 03 10:17:10 EEST 2022","11133","","Registration > Step 3","","Registration > Step 3","#07 User cannot enter invalid characters into the Address Line 1 field.","#07 User cannot enter invalid characters into the Address Line 1 field.",""
"passed","Sun Jul 03 10:20:50 EEST 2022","Sun Jul 03 10:20:54 EEST 2022","3862","","Promotions functionality testing. Promotions functionality for unauthenticated user.","","Promotions functionality testing. Promotions functionality for unauthenticated user.","#37 All main sections for card are displayed for DEPOSIT bonus for unauthenticated user.","#37 All main sections for card are displayed for DEPOSIT bonus for unauthenticated user.",""
"passed","Sun Jul 03 10:25:14 EEST 2022","Sun Jul 03 10:25:36 EEST 2022","22372","","My Account -> Deposit","","My Account -> Deposit","#8 Check user is displayed with a declined modal when safecharge returns a declined response","#8 Check user is displayed with a declined modal when safecharge returns a declined response",""
"passed","Sun Jul 03 10:16:30 EEST 2022","Sun Jul 03 10:16:35 EEST 2022","5082","","Registration > Step 1","","Registration > Step 1","#08 User can not enter an invaild email address (space in email).","#08 User can not enter an invaild email address (space in email).",""
"passed","Sun Jul 03 10:15:47 EEST 2022","Sun Jul 03 10:15:55 EEST 2022","7449","","Registration > Step 1","","Registration > Step 1","#03 User is prompted with the 'Account already exists' drawer if they enter an email address that already exists.","#03 User is prompted with the 'Account already exists' drawer if they enter an email address that already exists.",""
"passed","Sun Jul 03 10:16:38 EEST 2022","Sun Jul 03 10:17:12 EEST 2022","33462","","My Account > Settings > Change Password","","My Account > Settings > Change Password","#16 Player can successfully update and sign in with their new password.","#16 Player can successfully update and sign in with their new password.",""
"passed","Sun Jul 03 10:14:35 EEST 2022","Sun Jul 03 10:14:49 EEST 2022","14447","","My Account > Settings > Change Password","","My Account > Settings > Change Password","#8 New password must contain a number.","#8 New password must contain a number.",""
"passed","Sun Jul 03 10:14:05 EEST 2022","Sun Jul 03 10:14:22 EEST 2022","17532","","My Profile > Contact Details","","My Profile > Contact Details","#06 Player can update country code number.","#06 Player can update country code number.",""
"passed","Sun Jul 03 10:09:24 EEST 2022","Sun Jul 03 10:09:43 EEST 2022","19204","","Deep Link -> Loss Limits","","Deep Link -> Loss Limits","#1 Deep link to loss limits opens when logged in","#1 Deep link to loss limits opens when logged in",""
"passed","Sun Jul 03 10:24:53 EEST 2022","Sun Jul 03 10:24:59 EEST 2022","6478","","Slots page","","Slots page","#6 User can hover mouse on game card and see all needed elements","#6 User can hover mouse on game card and see all needed elements",""
"passed","Sun Jul 03 10:19:32 EEST 2022","Sun Jul 03 10:19:47 EEST 2022","15085","","Spin Zone functionality testing","","Spin Zone functionality testing","#9 Player can see Exit Game button in bottom right","#9 Player can see Exit Game button in bottom right",""
"passed","Sun Jul 03 10:23:45 EEST 2022","Sun Jul 03 10:23:52 EEST 2022","7034","","Home => Terms & Conditions","","Home => Terms & Conditions","#3 User can come to the Gambling commission page from terms and conditions page","#3 User can come to the Gambling commission page from terms and conditions page",""
"passed","Sun Jul 03 10:19:15 EEST 2022","Sun Jul 03 10:19:32 EEST 2022","16725","","Spin Zone functionality testing","","Spin Zone functionality testing","#8 Player can open 'Search Games' modal","#8 Player can open 'Search Games' modal",""
"passed","Sun Jul 03 10:28:02 EEST 2022","Sun Jul 03 10:28:10 EEST 2022","8780","","Registration > Step 4","","Registration > Step 4","#09 User can select multiple marketing preferences.","#09 User can select multiple marketing preferences.",""
"skipped","Sun Jul 03 10:08:29 EEST 2022","Sun Jul 03 10:08:29 EEST 2022","1","","Live Casino","","Live Casino","#19 User has logged in, card is displayed, user hover a mouse on that card, the third CTA is DEMO, user clicks/taps on CTA DEMO then user go to the demo game.","#19 User has logged in, card is displayed, user hover a mouse on that card, the third CTA is DEMO, user clicks/taps on CTA DEMO then user go to the demo game.",""
"passed","Sun Jul 03 10:15:44 EEST 2022","Sun Jul 03 10:15:52 EEST 2022","7898","","Registration > Step 2","","Registration > Step 2","#03 First Name is a mandatory field.","#03 First Name is a mandatory field.",""
"passed","Sun Jul 03 10:20:54 EEST 2022","Sun Jul 03 10:20:57 EEST 2022","3959","","Promotions functionality testing. Promotions functionality for unauthenticated user.","","Promotions functionality testing. Promotions functionality for unauthenticated user.","#38 All main sections for card are displayed for CLAIM bonus for unauthenticated user.","#38 All main sections for card are displayed for CLAIM bonus for unauthenticated user.",""
"passed","Sun Jul 03 10:08:42 EEST 2022","Sun Jul 03 10:08:53 EEST 2022","11231","","Log In","","Log In","#06 Player cannot login when entering an incorrect email address.","#06 Player cannot login when entering an incorrect email address.",""
"passed","Sun Jul 03 10:24:27 EEST 2022","Sun Jul 03 10:24:43 EEST 2022","16151","","My Profile > Communications Preferences","","My Profile > Communications Preferences","#2 Player can edit their preferences and exit using the x close button within the modal discarding changes","#2 Player can edit their preferences and exit using the x close button within the modal discarding changes",""
"failed","Sun Jul 03 10:22:57 EEST 2022","Sun Jul 03 10:23:02 EEST 2022","4903","","Promotions functionality testing. Bonus details testing.","","Promotions functionality testing. Bonus details testing.","#57 Cash and bonus balance is closed after clicking on arrow for opened bonus balance.","#57 Cash and bonus balance is closed after clicking on arrow for opened bonus balance.",""
"passed","Sun Jul 03 10:10:07 EEST 2022","Sun Jul 03 10:10:21 EEST 2022","14376","","My Account > Gambling Controls > Loss Limits","","My Account > Gambling Controls > Loss Limits","#2 User can open the Loss Limits Edit modal on edit icon click ","#2 User can open the Loss Limits Edit modal on edit icon click ",""
"skipped","Sun Jul 03 10:27:50 EEST 2022","Sun Jul 03 10:27:50 EEST 2022","0","","My Account > Gambling Controls > Deposit Limits","","My Account > Gambling Controls > Deposit Limits","#16 Player cannot set Deposit Limit lower than the minimum amount.","#16 Player cannot set Deposit Limit lower than the minimum amount.",""
"passed","Sun Jul 03 10:20:40 EEST 2022","Sun Jul 03 10:20:42 EEST 2022","2695","","Promotions functionality testing. Promotions functionality for unauthenticated user.","","Promotions functionality testing. Promotions functionality for unauthenticated user.","#34 Relevant CTAs of promotion card are displayed for not login user.","#34 Relevant CTAs of promotion card are displayed for not login user.",""
"passed","Sun Jul 03 10:25:46 EEST 2022","Sun Jul 03 10:25:50 EEST 2022","3990","","Home => Terms & Conditions","","Home => Terms & Conditions","#26 User can see the Miscellaneous section on terms and conditions page","#26 User can see the Miscellaneous section on terms and conditions page",""
"passed","Sun Jul 03 10:08:33 EEST 2022","Sun Jul 03 10:08:42 EEST 2022","8674","","Log In","","Log In","#05 Player can close the login modal.","#05 Player can close the login modal.",""
"passed","Sun Jul 03 10:20:05 EEST 2022","Sun Jul 03 10:20:20 EEST 2022","15343","","Promotions functionality testing. Promotions functionality for authenticated user. Particular promotions.","","Promotions functionality testing. Promotions functionality for authenticated user. Particular promotions.","#25 User can make bonus deposit.","#25 User can make bonus deposit.",""
"passed","Sun Jul 03 10:16:00 EEST 2022","Sun Jul 03 10:16:10 EEST 2022","10039","","Promotions functionality testing. Promotions functionality for authenticated user. Blocks of promotions.","","Promotions functionality testing. Promotions functionality for authenticated user. Blocks of promotions.","#9 Featured promotions are excluded from the promotions section.","#9 Featured promotions are excluded from the promotions section.",""
"passed","Sun Jul 03 10:06:29 EEST 2022","Sun Jul 03 10:06:35 EEST 2022","5442","","Expired Link Error","","Expired Link Error","#4 User can click on Join button and see Register page. ","#4 User can click on Join button and see Register page. ",""
"passed","Sun Jul 03 10:17:18 EEST 2022","Sun Jul 03 10:17:32 EEST 2022","13968","","Promotions functionality testing. Promotions functionality for authenticated user. Particular promotions.","","Promotions functionality testing. Promotions functionality for authenticated user. Particular promotions.","#15 User can press Back CTA for More Info page and be taken to the list of promotions.","#15 User can press Back CTA for More Info page and be taken to the list of promotions.",""
"passed","Sun Jul 03 10:09:07 EEST 2022","Sun Jul 03 10:09:21 EEST 2022","14372","","Inbox functionality testing","","Inbox functionality testing","#13 Unread message count is not present on Inbox navigation bar icon if no messages","#13 Unread message count is not present on Inbox navigation bar icon if no messages",""
"passed","Sun Jul 03 10:15:27 EEST 2022","Sun Jul 03 10:15:33 EEST 2022","5607","","Registration > Step 1","","Registration > Step 1","#01 User is displayed the correct content and input fields for Step 1.","#01 User is displayed the correct content and input fields for Step 1.",""
"passed","Sun Jul 03 10:09:34 EEST 2022","Sun Jul 03 10:09:47 EEST 2022","12571","","Log In","","Log In","#15 Player can successfully Log In when entering valid details.","#15 Player can successfully Log In when entering valid details.",""
"passed","Sun Jul 03 10:09:05 EEST 2022","Sun Jul 03 10:09:15 EEST 2022","10391","","Log In","","Log In","#12 Players inputs into the password field should be masked by default.","#12 Players inputs into the password field should be masked by default.",""
"passed","Sun Jul 03 10:12:43 EEST 2022","Sun Jul 03 10:12:57 EEST 2022","14087","","My Account > Gambling Controls > Account Closure > Take A Break","","My Account > Gambling Controls > Account Closure > Take A Break","#13 Player can continue with chosen 4 weeks option to 'Take A Break' and confirming modal should display.","#13 Player can continue with chosen 4 weeks option to 'Take A Break' and confirming modal should display.",""
"passed","Sun Jul 03 10:15:29 EEST 2022","Sun Jul 03 10:15:39 EEST 2022","10065","","Recover Password","","Recover Password","#08 Player can submit an email address which does not exist and still receives a success message on submitting the recover password form.","#08 Player can submit an email address which does not exist and still receives a success message on submitting the recover password form.",""
"skipped","Sun Jul 03 10:10:58 EEST 2022","Sun Jul 03 10:10:58 EEST 2022","1","","My Account > Gambling Controls > Account Closure > Take A Break","","My Account > Gambling Controls > Account Closure > Take A Break","#4 Player cannot continue with 'Take A Break' if a reason is not selected.","#4 Player cannot continue with 'Take A Break' if a reason is not selected.",""
"passed","Sun Jul 03 10:17:10 EEST 2022","Sun Jul 03 10:17:23 EEST 2022","12788","","Registration > Step 3","","Registration > Step 3","#08 User cannot enter invalid characters into the Address Line 2 field.","#08 User cannot enter invalid characters into the Address Line 2 field.",""
"passed","Sun Jul 03 10:25:22 EEST 2022","Sun Jul 03 10:25:28 EEST 2022","5954","","Slots page","","Slots page","#10 User click on category and go to category page","#10 User click on category and go to category page",""
"passed","Sun Jul 03 10:13:46 EEST 2022","Sun Jul 03 10:14:04 EEST 2022","17532","","My Account > Gambling Controls > Account Closure > Take A Break","","My Account > Gambling Controls > Account Closure > Take A Break","#17 Player can close the take a break modal.","#17 Player can close the take a break modal.",""
"passed","Sun Jul 03 10:24:18 EEST 2022","Sun Jul 03 10:24:26 EEST 2022","8401","","Home => Terms & Conditions","","Home => Terms & Conditions","#8 User can come to the eCOGRA page from terms and conditions page","#8 User can come to the eCOGRA page from terms and conditions page",""
"passed","Sun Jul 03 10:14:57 EEST 2022","Sun Jul 03 10:15:25 EEST 2022","27902","","My Account > Gambling Controls > Account Closure > Self Exclusion","","My Account > Gambling Controls > Account Closure > Self Exclusion","#18 Player can close the self exclusion modal.","#18 Player can close the self exclusion modal.",""
"failed","Sun Jul 03 10:23:40 EEST 2022","Sun Jul 03 10:23:45 EEST 2022","4762","","Home => Terms & Conditions","","Home => Terms & Conditions","#2 User can come to the privacy policy page from terms and conditions page","#2 User can come to the privacy policy page from terms and conditions page",""
"passed","Sun Jul 03 10:26:47 EEST 2022","Sun Jul 03 10:27:00 EEST 2022","13631","","Registration > Step 4","","Registration > Step 4","#10 User can click and view the T&Cs.","#10 User can click and view the T&Cs.",""
"passed","Sun Jul 03 10:22:15 EEST 2022","Sun Jul 03 10:22:20 EEST 2022","4970","","Promotions functionality testing. Bonus details testing.","","Promotions functionality testing. Bonus details testing.","#49 Bonus balance category is not displayed for logged in user.","#49 Bonus balance category is not displayed for logged in user.",""
"passed","Sun Jul 03 10:06:18 EEST 2022","Sun Jul 03 10:06:24 EEST 2022","5293","","Expired Link Error","","Expired Link Error","#2 All elements are persisted on the page. ","#2 All elements are persisted on the page. ",""
"passed","Sun Jul 03 10:24:59 EEST 2022","Sun Jul 03 10:25:06 EEST 2022","6903","","Slots page","","Slots page","#7 User hover the game card and click 'Play now' and login modal appears","#7 User hover the game card and click 'Play now' and login modal appears",""
"passed","Sun Jul 03 10:20:57 EEST 2022","Sun Jul 03 10:21:01 EEST 2022","3066","","Promotions functionality testing. Promotions functionality for unauthenticated user.","","Promotions functionality testing. Promotions functionality for unauthenticated user.","#39 User can click see full terms CTA and go to Term and Conditions.","#39 User can click see full terms CTA and go to Term and Conditions.",""
"passed","Sun Jul 03 10:09:43 EEST 2022","Sun Jul 03 10:09:59 EEST 2022","15723","","Deep Link -> Loss Limits","","Deep Link -> Loss Limits","#2 Deep link to loss limits open login when not logged in before loss limits","#2 Deep link to loss limits open login when not logged in before loss limits",""
"failed","Sun Jul 03 10:15:12 EEST 2022","Sun Jul 03 10:15:33 EEST 2022","20484","","Promotions functionality testing. Promotions functionality for authenticated user. Blocks of promotions.","","Promotions functionality testing. Promotions functionality for authenticated user. Blocks of promotions.","#6 Active promotion is excluded from the featured section.","#6 Active promotion is excluded from the featured section.",""
"passed","Sun Jul 03 10:20:22 EEST 2022","Sun Jul 03 10:20:25 EEST 2022","2684","","Promotions functionality testing. Promotions functionality for unauthenticated user.","","Promotions functionality testing. Promotions functionality for unauthenticated user.","#28 Promotion cards are displayed for not login user.","#28 Promotion cards are displayed for not login user.",""
"passed","Sun Jul 03 10:07:17 EEST 2022","Sun Jul 03 10:07:30 EEST 2022","12560","","Inbox functionality testing","","Inbox functionality testing","#5 Player can open message, removing the new badge from a message and decreasing the unread message count badge","#5 Player can open message, removing the new badge from a message and decreasing the unread message count badge",""
"passed","Sun Jul 03 10:08:45 EEST 2022","Sun Jul 03 10:09:04 EEST 2022","18739","","Deep Link -> Change Password","","Deep Link -> Change Password","#1 Deep link to change password opens when logged in","#1 Deep link to change password opens when logged in",""
"passed","Sun Jul 03 10:15:59 EEST 2022","Sun Jul 03 10:16:06 EEST 2022","6612","","Registration > Step 2","","Registration > Step 2","#05 Date of Birth is a mandatory field.","#05 Date of Birth is a mandatory field.",""
"passed","Sun Jul 03 10:18:44 EEST 2022","Sun Jul 03 10:19:00 EEST 2022","16091","","Spin Zone functionality testing","","Spin Zone functionality testing","#6 Player can see total bonus balance","#6 Player can see total bonus balance",""
"passed","Sun Jul 03 10:09:50 EEST 2022","Sun Jul 03 10:10:12 EEST 2022","21586","","My Account > Gambling Controls > Play Reminders","","My Account > Gambling Controls > Play Reminders","#1 Player can select to edit their 'Time Limit' and is displayed the Play Reminders modal.","#1 Player can select to edit their 'Time Limit' and is displayed the Play Reminders modal.",""
"passed","Sun Jul 03 10:17:34 EEST 2022","Sun Jul 03 10:17:45 EEST 2022","11389","","Registration > Step 3","","Registration > Step 3","#11 User cannot enter invalid characters into the Post Code field.","#11 User cannot enter invalid characters into the Post Code field.",""
"passed","Sun Jul 03 10:27:53 EEST 2022","Sun Jul 03 10:28:02 EEST 2022","8390","","Registration > Step 4","","Registration > Step 4","#05 User can opt in to receive SMS marketing preferences.","#05 User can opt in to receive SMS marketing preferences.",""
"passed","Sun Jul 03 10:15:15 EEST 2022","Sun Jul 03 10:15:29 EEST 2022","14103","","Recover Password","","Recover Password","#06 Recover Password button displays 'Re-Send Email' text after a successful first attempt.","#06 Recover Password button displays 'Re-Send Email' text after a successful first attempt.",""
"passed","Sun Jul 03 10:27:50 EEST 2022","Sun Jul 03 10:28:06 EEST 2022","15557","","My Account > Gambling Controls > Deposit Limits","","My Account > Gambling Controls > Deposit Limits","#18 Player can submit a blank value in the Deposit Limits.","#18 Player can submit a blank value in the Deposit Limits.",""
"passed","Sun Jul 03 10:06:47 EEST 2022","Sun Jul 03 10:06:57 EEST 2022","10382","","Home page => Privacy Policy page","","Home page => Privacy Policy page","#2 User can come to the Merkur Slots page from Privacy Policy page","#2 User can come to the Merkur Slots page from Privacy Policy page",""
"passed","Sun Jul 03 10:14:15 EEST 2022","Sun Jul 03 10:14:34 EEST 2022","19371","","My Account > Gambling Controls > Account Closure > Self Exclusion","","My Account > Gambling Controls > Account Closure > Self Exclusion","#16 Player can continue with chosen 5 years option to 'Self Exclusion' and confirming modal should display.","#16 Player can continue with chosen 5 years option to 'Self Exclusion' and confirming modal should display.",""
"passed","Sun Jul 03 10:13:28 EEST 2022","Sun Jul 03 10:13:46 EEST 2022","17652","","My Account > Gambling Controls > Account Closure > Take A Break","","My Account > Gambling Controls > Account Closure > Take A Break","#16 Player can press 'BACK' for confirmating modal after chosen for 24 hours 'Take A Break' and should return to previous step.","#16 Player can press 'BACK' for confirmating modal after chosen for 24 hours 'Take A Break' and should return to previous step.",""
"passed","Sun Jul 03 10:11:44 EEST 2022","Sun Jul 03 10:12:05 EEST 2022","20996","","My Account > Gambling Controls > Play Reminders","","My Account > Gambling Controls > Play Reminders","#7 Player can successfully edit their 'Time Limit'.","#7 Player can successfully edit their 'Time Limit'.",""
"passed","Sun Jul 03 10:16:13 EEST 2022","Sun Jul 03 10:16:20 EEST 2022","7310","","Registration > Step 2","","Registration > Step 2","#07 User cannot enter numbers into step 2 name input fields.","#07 User cannot enter numbers into step 2 name input fields.",""
"passed","Sun Jul 03 10:06:39 EEST 2022","Sun Jul 03 10:06:42 EEST 2022","3372","","Expired Link Error","","Expired Link Error","#6 User can click on Recover Password button and see Reset your password window ","#6 User can click on Recover Password button and see Reset your password window ",""
"failed","Sun Jul 03 10:23:07 EEST 2022","Sun Jul 03 10:23:18 EEST 2022","10636","","Promotions functionality testing. Bonus details testing.","","Promotions functionality testing. Bonus details testing.","#59 Bonus is in my bonus activity at bonus sub page after opted in bonus.","#59 Bonus is in my bonus activity at bonus sub page after opted in bonus.",""
"failed","Sun Jul 03 10:28:22 EEST 2022","Sun Jul 03 10:28:48 EEST 2022","26101","","UnsubscribePage","","UnsubscribePage","#6 User can click on ‘Re-subscribe’ button and success window will be displayed with the correct content","#6 User can click on ‘Re-subscribe’ button and success window will be displayed with the correct content",""
"passed","Sun Jul 03 10:25:29 EEST 2022","Sun Jul 03 10:25:33 EEST 2022","4794","","Home => Terms & Conditions","","Home => Terms & Conditions","#22 User can see the Promotions section on terms and conditions page","#22 User can see the Promotions section on terms and conditions page",""
"passed","Sun Jul 03 10:16:13 EEST 2022","Sun Jul 03 10:16:23 EEST 2022","10293","","Registration > Step 3","","Registration > Step 3","#03 Player can select the Manual Input button and is displayed the address inputs.","#03 Player can select the Manual Input button and is displayed the address inputs.",""
"passed","Sun Jul 03 10:21:09 EEST 2022","Sun Jul 03 10:21:13 EEST 2022","3874","","Promotions functionality testing. Promotions functionality for unauthenticated user.","","Promotions functionality testing. Promotions functionality for unauthenticated user.","#42 Login form appears after press CLAIM CTA for CLAIM bonus of unauthenticated user.","#42 Login form appears after press CLAIM CTA for CLAIM bonus of unauthenticated user.",""
"passed","Sun Jul 03 10:11:47 EEST 2022","Sun Jul 03 10:12:04 EEST 2022","17555","","My Account > Gambling Controls > Loss Limits","","My Account > Gambling Controls > Loss Limits","#8 User can successfully set a daily loss limit if not already set ","#8 User can successfully set a daily loss limit if not already set ",""
"passed","Sun Jul 03 10:25:14 EEST 2022","Sun Jul 03 10:25:19 EEST 2022","4555","","Home => Terms & Conditions","","Home => Terms & Conditions","#19 User can see the Inactive Customer Accounts section on terms and conditions page","#19 User can see the Inactive Customer Accounts section on terms and conditions page",""
"passed","Sun Jul 03 10:13:45 EEST 2022","Sun Jul 03 10:13:59 EEST 2022","14094","","My Account > Gambling Controls > Loss Limits","","My Account > Gambling Controls > Loss Limits","#17 User can open 'How loss limits work' modal. ","#17 User can open 'How loss limits work' modal. ",""
"passed","Sun Jul 03 10:24:03 EEST 2022","Sun Jul 03 10:24:18 EEST 2022","15314","","My Account > Gambling Controls > Deposit Limits","","My Account > Gambling Controls > Deposit Limits","#1 Player can view their deposit limits.","#1 Player can view their deposit limits.",""
"passed","Sun Jul 03 10:24:51 EEST 2022","Sun Jul 03 10:24:56 EEST 2022","5280","","Home => Terms & Conditions","","Home => Terms & Conditions","#14 User can see the Your Account section on terms and conditions page","#14 User can see the Your Account section on terms and conditions page",""
"passed","Sun Jul 03 10:27:45 EEST 2022","Sun Jul 03 10:27:53 EEST 2022","8290","","Registration > Step 4","","Registration > Step 4","#04 User can opt in to receive Email marketing preferences.","#04 User can opt in to receive Email marketing preferences.",""
"passed","Sun Jul 03 10:19:00 EEST 2022","Sun Jul 03 10:19:15 EEST 2022","14665","","Spin Zone functionality testing","","Spin Zone functionality testing","#7 Player can see recently played games","#7 Player can see recently played games",""
"passed","Sun Jul 03 10:16:47 EEST 2022","Sun Jul 03 10:16:59 EEST 2022","11943","","Registration > Step 3","","Registration > Step 3","#06 Post Code field is a mandatory field.","#06 Post Code field is a mandatory field.",""
"passed","Sun Jul 03 10:11:10 EEST 2022","Sun Jul 03 10:11:29 EEST 2022","19398","","My Account > Gambling Controls > Loss Limits","","My Account > Gambling Controls > Loss Limits","#6 User can successfully update their loss limits in the Loss Limits Delete modal ","#6 User can successfully update their loss limits in the Loss Limits Delete modal ",""
"skipped","Sun Jul 03 10:11:25 EEST 2022","Sun Jul 03 10:11:25 EEST 2022","0","","My Account > Gambling Controls > Account Closure > Self Exclusion","","My Account > Gambling Controls > Account Closure > Self Exclusion","#6 Player can select a reason for taking self exclusion the drop down menu.","#6 Player can select a reason for taking self exclusion the drop down menu.",""
"passed","Sun Jul 03 10:08:54 EEST 2022","Sun Jul 03 10:09:07 EEST 2022","13009","","Inbox functionality testing","","Inbox functionality testing","#12 Player with less than 15 messages should not be able to view more","#12 Player with less than 15 messages should not be able to view more",""
"passed","Sun Jul 03 10:10:12 EEST 2022","Sun Jul 03 10:10:32 EEST 2022","20063","","My Account > Gambling Controls > Play Reminders","","My Account > Gambling Controls > Play Reminders","#2 Player can close the 'Time Limit' modal.","#2 Player can close the 'Time Limit' modal.",""
"passed","Sun Jul 03 10:12:21 EEST 2022","Sun Jul 03 10:12:40 EEST 2022","19014","","My Account > Gambling Controls > Account Closure > Self Exclusion","","My Account > Gambling Controls > Account Closure > Self Exclusion","#10 Player can choose 2 years option for 'Self Exclusion' and this option should be selected.","#10 Player can choose 2 years option for 'Self Exclusion' and this option should be selected.",""
"passed","Sun Jul 03 10:18:25 EEST 2022","Sun Jul 03 10:18:44 EEST 2022","19544","","Spin Zone functionality testing","","Spin Zone functionality testing","#5 Player can open 'Deposit' modal","#5 Player can open 'Deposit' modal",""
"passed","Sun Jul 03 10:25:54 EEST 2022","Sun Jul 03 10:25:59 EEST 2022","4821","","Home => Terms & Conditions","","Home => Terms & Conditions","#28 User can opened mail client after clicks/taps on “complaintsMGA@merkurslots.com” ","#28 User can opened mail client after clicks/taps on “complaintsMGA@merkurslots.com” ",""
"failed","Sun Jul 03 10:23:29 EEST 2022","Sun Jul 03 10:23:33 EEST 2022","4382","","Home => Terms & Conditions","","Home => Terms & Conditions","#0 User can come to the terms and conditions page","#0 User can come to the terms and conditions page",""
"failed","Sun Jul 03 10:23:43 EEST 2022","Sun Jul 03 10:23:53 EEST 2022","9527","","Home page => Responsible Gambling page","","Home page => Responsible Gambling page","#2 User can come to the ""Help for problem gambling"" page from Responsible Gambling page","#2 User can come to the ""Help for problem gambling"" page from Responsible Gambling page",""
"passed","Sun Jul 03 10:12:39 EEST 2022","Sun Jul 03 10:12:56 EEST 2022","16898","","My Profile > Contact Details","","My Profile > Contact Details","#02 Player can select to edit their telephone number and be presented with an edit modal.","#02 Player can select to edit their telephone number and be presented with an edit modal.",""
"passed","Sun Jul 03 10:15:56 EEST 2022","Sun Jul 03 10:16:13 EEST 2022","16749","","Registration > Step 3","","Registration > Step 3","#02 User can navigate back to the previous step.","#02 User can navigate back to the previous step.",""
"passed","Sun Jul 03 10:18:49 EEST 2022","Sun Jul 03 10:18:58 EEST 2022","9731","","Registration > Step 3","","Registration > Step 3","#19 User can select a Country Code from the dropdown menu.","#19 User can select a Country Code from the dropdown menu.",""
"skipped","Sun Jul 03 10:07:53 EEST 2022","Sun Jul 03 10:07:53 EEST 2022","17","","Live Casino","","Live Casino","#14 Card is displayed, user hover a mouse on that card, the third CTA is DEMO, user clicks/taps on CTA DEMO then the login modal appears.","#14 Card is displayed, user hover a mouse on that card, the third CTA is DEMO, user clicks/taps on CTA DEMO then the login modal appears.",""
"passed","Sun Jul 03 10:08:08 EEST 2022","Sun Jul 03 10:08:18 EEST 2022","10684","","Home page => Privacy Policy page","","Home page => Privacy Policy page","#8 After clicking on the second link from 'What personal data do we collect? -> Players', the user should see the page  https://www.merkurcasino.com/.","#8 After clicking on the second link from 'What personal data do we collect? -> Players', the user should see the page  https://www.merkurcasino.com/.",""
"passed","Sun Jul 03 10:11:24 EEST 2022","Sun Jul 03 10:11:44 EEST 2022","20557","","My Account > Gambling Controls > Play Reminders","","My Account > Gambling Controls > Play Reminders","#6 Player can successfully set a 'Time Limit'.","#6 Player can successfully set a 'Time Limit'.",""
"passed","Sun Jul 03 10:09:13 EEST 2022","Sun Jul 03 10:09:31 EEST 2022","17926","","Deep Link -> Deposit Limits","","Deep Link -> Deposit Limits","#1 Deep link to deposit limits opens when logged in","#1 Deep link to deposit limits opens when logged in",""
"passed","Sun Jul 03 10:12:05 EEST 2022","Sun Jul 03 10:12:20 EEST 2022","15167","","My Account > Gambling Controls > Play Reminders","","My Account > Gambling Controls > Play Reminders","#8 Player can successfully delete their 'Time Limit' on delete icon click.","#8 Player can successfully delete their 'Time Limit' on delete icon click.",""
"passed","Sun Jul 03 10:07:16 EEST 2022","Sun Jul 03 10:07:47 EEST 2022","30986","","Home page => Privacy Policy page","","Home page => Privacy Policy page","#5 When the user clicks to link Privacy Policy user should watches the nex chapters.","#5 When the user clicks to link Privacy Policy user should watches the nex chapters.",""
"passed","Sun Jul 03 10:24:03 EEST 2022","Sun Jul 03 10:24:19 EEST 2022","16459","","My Account -> Deposit","","My Account -> Deposit","#3 Check user is able to fill in details of required fields for card deposits","#3 Check user is able to fill in details of required fields for card deposits",""
"passed","Sun Jul 03 10:25:01 EEST 2022","Sun Jul 03 10:25:06 EEST 2022","4892","","Home => Terms & Conditions","","Home => Terms & Conditions","#16 User can see the Playing for Real Money section on terms and conditions page","#16 User can see the Playing for Real Money section on terms and conditions page",""
"passed","Sun Jul 03 10:16:15 EEST 2022","Sun Jul 03 10:16:23 EEST 2022","8502","","Registration > Step 1","","Registration > Step 1","#06 User can not register with an email address that already exists.","#06 User can not register with an email address that already exists.",""
"passed","Sun Jul 03 10:07:42 EEST 2022","Sun Jul 03 10:07:53 EEST 2022","11014","","Live Casino","","Live Casino","#13 Card is displayed, user hover a mouse on that card, the secondary CTA is INFO, user clicks/taps on CTA INFO, user go to info page of the game, user click on CTA JOIN then join modal appears.","#13 Card is displayed, user hover a mouse on that card, the secondary CTA is INFO, user clicks/taps on CTA INFO, user go to info page of the game, user click on CTA JOIN then join modal appears.",""
"passed","Sun Jul 03 10:12:53 EEST 2022","Sun Jul 03 10:13:11 EEST 2022","18060","","My Account > Gambling Controls > Loss Limits","","My Account > Gambling Controls > Loss Limits","#14 User cannot set a Loss Limit higher than the maximum amount. ","#14 User cannot set a Loss Limit higher than the maximum amount. ",""
"passed","Sun Jul 03 10:12:40 EEST 2022","Sun Jul 03 10:12:57 EEST 2022","17037","","My Account > Gambling Controls > Account Closure > Self Exclusion","","My Account > Gambling Controls > Account Closure > Self Exclusion","#11 Player can choose 5 years option for 'Self Exclusion' and this option should be selected.","#11 Player can choose 5 years option for 'Self Exclusion' and this option should be selected.",""
"passed","Sun Jul 03 10:10:39 EEST 2022","Sun Jul 03 10:10:54 EEST 2022","14839","","My Account > Gambling Controls > Loss Limits","","My Account > Gambling Controls > Loss Limits","#4 User can open the Loss Limits Delete modal on delete icon click ","#4 User can open the Loss Limits Delete modal on delete icon click ",""
"passed","Sun Jul 03 10:10:02 EEST 2022","Sun Jul 03 10:10:25 EEST 2022","22459","","My Account > Gambling Controls > Account Closure > Self Exclusion","","My Account > Gambling Controls > Account Closure > Self Exclusion","#1 Player can select the 'Self Exclusion' menu item and is displayed the Self Exclusion modal.","#1 Player can select the 'Self Exclusion' menu item and is displayed the Self Exclusion modal.",""
"passed","Sun Jul 03 10:24:43 EEST 2022","Sun Jul 03 10:24:58 EEST 2022","14564","","My Profile > Communications Preferences","","My Profile > Communications Preferences","#3 Player can edit their preferences and exit using the Cancel CTA within the modal discarding changes","#3 Player can edit their preferences and exit using the Cancel CTA within the modal discarding changes",""
"passed","Sun Jul 03 10:14:26 EEST 2022","Sun Jul 03 10:14:40 EEST 2022","14242","","Promotions functionality testing. Promotions functionality for authenticated user. Blocks of promotions.","","Promotions functionality testing. Promotions functionality for authenticated user. Blocks of promotions.","#2 All active promotions cards are displayed.","#2 All active promotions cards are displayed.",""
"passed","Sun Jul 03 10:24:18 EEST 2022","Sun Jul 03 10:24:32 EEST 2022","13640","","My Account > Gambling Controls > Deposit Limits","","My Account > Gambling Controls > Deposit Limits","#2 Player is displayed 'Set Deposit Limit' text if no deposit limits are set.","#2 Player is displayed 'Set Deposit Limit' text if no deposit limits are set.",""
"passed","Sun Jul 03 10:06:44 EEST 2022","Sun Jul 03 10:06:57 EEST 2022","12527","","Inbox functionality testing","","Inbox functionality testing","#2 Unread message count increases when player receives a new message (requires page refresh)","#2 Unread message count increases when player receives a new message (requires page refresh)",""
"passed","Sun Jul 03 10:06:31 EEST 2022","Sun Jul 03 10:06:38 EEST 2022","6960","","Home page => Privacy Policy page","","Home page => Privacy Policy page","#0 User can come to the Privacy Policy page","#0 User can come to the Privacy Policy page",""
"passed","Sun Jul 03 10:10:41 EEST 2022","Sun Jul 03 10:10:58 EEST 2022","16765","","My Account > Gambling Controls > Account Closure > Take A Break","","My Account > Gambling Controls > Account Closure > Take A Break","#3 Player can press 'Back' button of the 'Take A Break' modal and then should be displayed previous step.","#3 Player can press 'Back' button of the 'Take A Break' modal and then should be displayed previous step.",""
"passed","Sun Jul 03 10:18:29 EEST 2022","Sun Jul 03 10:18:39 EEST 2022","9416","","Registration > Step 3","","Registration > Step 3","#17 User cannot enter spaces into Phone Number field.","#17 User cannot enter spaces into Phone Number field.",""
"passed","Sun Jul 03 10:13:20 EEST 2022","Sun Jul 03 10:13:34 EEST 2022","14139","","My Account > Settings > Change Password","","My Account > Settings > Change Password","#3 Current Password is a mandatory field.","#3 Current Password is a mandatory field.",""
"failed","Sun Jul 03 10:22:37 EEST 2022","Sun Jul 03 10:22:42 EEST 2022","5053","","Promotions functionality testing. Bonus details testing.","","Promotions functionality testing. Bonus details testing.","#53 Cancel drawer is opened after clicking on cancel button for bonus.","#53 Cancel drawer is opened after clicking on cancel button for bonus.",""
"passed","Sun Jul 03 10:25:52 EEST 2022","Sun Jul 03 10:26:07 EEST 2022","15276","","Homepage","","Homepage","#11 User is displayed with the correct cash balance format in the dropdown card when balance exceeds 9999 (five figure balance)","#11 User is displayed with the correct cash balance format in the dropdown card when balance exceeds 9999 (five figure balance)",""
"passed","Sun Jul 03 10:06:16 EEST 2022","Sun Jul 03 10:06:18 EEST 2022","1954","","User come to the 'Planned Maintenance' error page","","User come to the 'Planned Maintenance' error page","#1 Content of ""Planned Maintenance"" error page","#1 Content of ""Planned Maintenance"" error page",""
"passed","Sun Jul 03 10:24:01 EEST 2022","Sun Jul 03 10:24:07 EEST 2022","5952","","Footer functionality testing","","Footer functionality testing","#5 Player can see legal and company information","#5 Player can see legal and company information",""
"passed","Sun Jul 03 10:25:56 EEST 2022","Sun Jul 03 10:26:14 EEST 2022","17802","","My Account > Gambling Controls > Deposit Limits","","My Account > Gambling Controls > Deposit Limits","#8 Player can close the Deposit Limits Delete modal","#8 Player can close the Deposit Limits Delete modal",""
"passed","Sun Jul 03 10:16:47 EEST 2022","Sun Jul 03 10:16:52 EEST 2022","4981","","Registration > Step 1","","Registration > Step 1","#13 Password is a mandatory field.","#13 Password is a mandatory field.",""
"passed","Sun Jul 03 10:06:12 EEST 2022","Sun Jul 03 10:06:17 EEST 2022","5440","","Service unavailable","","Service unavailable","#0 User come to the Error 500 page, when service is unavailable","#0 User come to the Error 500 page, when service is unavailable",""
"passed","Sun Jul 03 10:13:18 EEST 2022","Sun Jul 03 10:13:37 EEST 2022","19595","","My Account > Gambling Controls > Account Closure > Self Exclusion","","My Account > Gambling Controls > Account Closure > Self Exclusion","#13 Player can continue with chosen 12 months option to 'Self Exclusion' and confirming modal should display.","#13 Player can continue with chosen 12 months option to 'Self Exclusion' and confirming modal should display.",""
"passed","Sun Jul 03 10:10:21 EEST 2022","Sun Jul 03 10:10:39 EEST 2022","18052","","My Account > Gambling Controls > Loss Limits","","My Account > Gambling Controls > Loss Limits","#3 User can close the Loss Limits Edit modal","#3 User can close the Loss Limits Edit modal",""
"failed","Sun Jul 03 10:27:00 EEST 2022","Sun Jul 03 10:27:16 EEST 2022","15762","","Registration > Step 4","","Registration > Step 4","#11 User can click and view the Privacy Policy.","#11 User can click and view the Privacy Policy.",""
"passed","Sun Jul 03 10:23:55 EEST 2022","Sun Jul 03 10:24:00 EEST 2022","5198","","404 error page functionality testing.","","404 error page functionality testing.","#6 Player can click ""Go to lobby"" button and after that it will redirect to Home page.","#6 Player can click ""Go to lobby"" button and after that it will redirect to Home page.",""
"passed","Sun Jul 03 10:15:41 EEST 2022","Sun Jul 03 10:15:47 EEST 2022","6522","","Registration > Step 1","","Registration > Step 1","#02 Email Address is a mandatory field.","#02 Email Address is a mandatory field.",""
"passed","Sun Jul 03 10:08:18 EEST 2022","Sun Jul 03 10:08:40 EEST 2022","22223","","Inbox functionality testing","","Inbox functionality testing","#10 Deleting a message from the inbox which is marked as new should decrease the unread message count badge","#10 Deleting a message from the inbox which is marked as new should decrease the unread message count badge",""
"passed","Sun Jul 03 10:24:44 EEST 2022","Sun Jul 03 10:25:00 EEST 2022","15813","","Homepage","","Homepage","#7 Balance preview updates correctly upon refresh when a users balance is adjusted","#7 Balance preview updates correctly upon refresh when a users balance is adjusted",""
"passed","Sun Jul 03 10:13:11 EEST 2022","Sun Jul 03 10:13:30 EEST 2022","18359","","My Account > Gambling Controls > Loss Limits","","My Account > Gambling Controls > Loss Limits","#15 User can submit a blank value in the Loss Limit. ","#15 User can submit a blank value in the Loss Limit. ",""
"passed","Sun Jul 03 10:12:56 EEST 2022","Sun Jul 03 10:13:14 EEST 2022","18019","","My Profile > Contact Details","","My Profile > Contact Details","#03 Player can select to edit their telephone number and cancel out of the modal.","#03 Player can select to edit their telephone number and cancel out of the modal.",""
"passed","Sun Jul 03 10:11:58 EEST 2022","Sun Jul 03 10:12:12 EEST 2022","14132","","My Account > Gambling Controls > Account Closure > Take A Break","","My Account > Gambling Controls > Account Closure > Take A Break","#10 Player can choose 6 weeks option for 'Take A Break' and this option should be selected.","#10 Player can choose 6 weeks option for 'Take A Break' and this option should be selected.",""
"passed","Sun Jul 03 10:23:44 EEST 2022","Sun Jul 03 10:24:03 EEST 2022","18321","","My Account -> Deposit","","My Account -> Deposit","#2 Check user is able to exit out of the deposit modal using the x button","#2 Check user is able to exit out of the deposit modal using the x button",""
"passed","Sun Jul 03 10:24:00 EEST 2022","Sun Jul 03 10:24:11 EEST 2022","11540","","Home => Terms & Conditions","","Home => Terms & Conditions","#6 User can come to the GamCare page from terms and conditions page","#6 User can come to the GamCare page from terms and conditions page",""
"passed","Sun Jul 03 10:10:46 EEST 2022","Sun Jul 03 10:11:06 EEST 2022","20033","","My Account > Gambling Controls > Account Closure > Self Exclusion","","My Account > Gambling Controls > Account Closure > Self Exclusion","#3 Player can press 'Back' button of the 'Self Exlusion' modal and should return to previous step.","#3 Player can press 'Back' button of the 'Self Exlusion' modal and should return to previous step.",""
"passed","Sun Jul 03 10:24:03 EEST 2022","Sun Jul 03 10:24:16 EEST 2022","12836","","Home page => Responsible Gambling page","","Home page => Responsible Gambling page","#4 User can come to the ""Block Access to Gambling Websites and Apps Worldwide"" page from Responsible Gambling page","#4 User can come to the ""Block Access to Gambling Websites and Apps Worldwide"" page from Responsible Gambling page",""
"failed","Sun Jul 03 10:22:27 EEST 2022","Sun Jul 03 10:22:33 EEST 2022","5039","","Promotions functionality testing. Bonus details testing.","","Promotions functionality testing. Bonus details testing.","#51 User see total bonus balance and my bonus activity after clicking on bonus balance.","#51 User see total bonus balance and my bonus activity after clicking on bonus balance.",""
"passed","Sun Jul 03 10:07:57 EEST 2022","Sun Jul 03 10:08:04 EEST 2022","6976","","Live Casino","","Live Casino","#16 Login modal can be appears after user clicks/taps on card.","#16 Login modal can be appears after user clicks/taps on card.",""
"passed","Sun Jul 03 10:25:16 EEST 2022","Sun Jul 03 10:25:33 EEST 2022","17461","","My Profile > Communications Preferences","","My Profile > Communications Preferences","#5 Player can edit their preferences and select just the email toggle, which upon saving updates the account area accordingly","#5 Player can edit their preferences and select just the email toggle, which upon saving updates the account area accordingly",""
"passed","Sun Jul 03 10:25:50 EEST 2022","Sun Jul 03 10:25:54 EEST 2022","4092","","Home => Terms & Conditions","","Home => Terms & Conditions","#27 User can opened mail client after clicks/taps on “care@merkurslots.com” ","#27 User can opened mail client after clicks/taps on “care@merkurslots.com” ",""
"passed","Sun Jul 03 10:24:14 EEST 2022","Sun Jul 03 10:24:29 EEST 2022","14660","","Homepage","","Homepage","#5 The details balance card is dismissed when the user clicks outside the modal","#5 The details balance card is dismissed when the user clicks outside the modal",""
"passed","Sun Jul 03 10:26:36 EEST 2022","Sun Jul 03 10:26:47 EEST 2022","10557","","Registration > Step 4","","Registration > Step 4","#08 User can overwrite Select All option and de-select a preference.","#08 User can overwrite Select All option and de-select a preference.",""
"failed","Sun Jul 03 10:24:47 EEST 2022","Sun Jul 03 10:25:14 EEST 2022","27052","","My Account -> Deposit","","My Account -> Deposit","#7 Check user is able to deposit with a valid card and is presented with success modal","#7 Check user is able to deposit with a valid card and is presented with success modal",""
"passed","Sun Jul 03 10:14:03 EEST 2022","Sun Jul 03 10:14:20 EEST 2022","17216","","My Account > Settings > Change Password","","My Account > Settings > Change Password","#6 Player should be displayed an error if they submit the Change Password form with an incorrect Current Password.","#6 Player should be displayed an error if they submit the Change Password form with an incorrect Current Password.",""
"passed","Sun Jul 03 10:27:37 EEST 2022","Sun Jul 03 10:27:45 EEST 2022","8290","","Registration > Step 4","","Registration > Step 4","#03 User can opt in to receive All marketing preferences.","#03 User can opt in to receive All marketing preferences.",""
"passed","Sun Jul 03 10:23:53 EEST 2022","Sun Jul 03 10:24:03 EEST 2022","10187","","Home page => Responsible Gambling page","","Home page => Responsible Gambling page","#3 User can come to the Gamble Stop page from Responsible Gambling page","#3 User can come to the Gamble Stop page from Responsible Gambling page",""
"passed","Sun Jul 03 10:11:25 EEST 2022","Sun Jul 03 10:11:43 EEST 2022","18016","","My Account > Gambling Controls > Account Closure > Self Exclusion","","My Account > Gambling Controls > Account Closure > Self Exclusion","#7 Player can choose 6 months option for 'Self Exclusion' and this option should be selected.","#7 Player can choose 6 months option for 'Self Exclusion' and this option should be selected.",""
"passed","Sun Jul 03 10:26:26 EEST 2022","Sun Jul 03 10:26:38 EEST 2022","12014","","Homepage","","Homepage","#14 Casino amount does not display when total bonus amount is zero and displays correct total balance of £0.00","#14 Casino amount does not display when total bonus amount is zero and displays correct total balance of £0.00",""
"passed","Sun Jul 03 10:17:50 EEST 2022","Sun Jul 03 10:18:12 EEST 2022","21215","","Promotions functionality testing. Promotions functionality for authenticated user. Particular promotions.","","Promotions functionality testing. Promotions functionality for authenticated user. Particular promotions.","#17 User can opt in bonus and get modal with all sections, click on the primary CTA and procceds with the journey","#17 User can opt in bonus and get modal with all sections, click on the primary CTA and procceds with the journey",""
"passed","Sun Jul 03 10:24:32 EEST 2022","Sun Jul 03 10:24:50 EEST 2022","17696","","My Account > Gambling Controls > Deposit Limits","","My Account > Gambling Controls > Deposit Limits","#3 Player can close the Deposit Limits modal.","#3 Player can close the Deposit Limits modal.",""
"passed","Sun Jul 03 10:24:37 EEST 2022","Sun Jul 03 10:24:42 EEST 2022","4754","","Home => Terms & Conditions","","Home => Terms & Conditions","#11 User can see the Definitions section on terms and conditions page","#11 User can see the Definitions section on terms and conditions page",""
"passed","Sun Jul 03 10:18:58 EEST 2022","Sun Jul 03 10:19:13 EEST 2022","15159","","Promotions functionality testing. Promotions functionality for authenticated user. Particular promotions.","","Promotions functionality testing. Promotions functionality for authenticated user. Particular promotions.","#21 User can click on the terms and conditions link and the terms and conditions are displayed for deposit bonus.","#21 User can click on the terms and conditions link and the terms and conditions are displayed for deposit bonus.",""
"failed","Sun Jul 03 10:23:34 EEST 2022","Sun Jul 03 10:23:43 EEST 2022","9078","","Home page => Responsible Gambling page","","Home page => Responsible Gambling page","#1 User can come to the Be Gamble Aware page from Responsible Gambling page","#1 User can come to the Be Gamble Aware page from Responsible Gambling page",""
"passed","Sun Jul 03 10:25:37 EEST 2022","Sun Jul 03 10:25:41 EEST 2022","3881","","Home => Terms & Conditions","","Home => Terms & Conditions","#24 User can see the Limitation of Liability section on terms and conditions page","#24 User can see the Limitation of Liability section on terms and conditions page",""
"passed","Sun Jul 03 10:27:14 EEST 2022","Sun Jul 03 10:27:28 EEST 2022","14011","","My Account > Gambling Controls > Deposit Limits","","My Account > Gambling Controls > Deposit Limits","#13 Player can open the Deposit Limits Delete modal on delete icon click and click on edit icon in the input field.","#13 Player can open the Deposit Limits Delete modal on delete icon click and click on edit icon in the input field.",""
"passed","Sun Jul 03 10:06:47 EEST 2022","Sun Jul 03 10:06:54 EEST 2022","7183","","Expired Link Error","","Expired Link Error","#8 User can enter an email and reset the password (Sent button with a tick will be displayed).","#8 User can enter an email and reset the password (Sent button with a tick will be displayed).",""
"passed","Sun Jul 03 10:15:18 EEST 2022","Sun Jul 03 10:15:39 EEST 2022","20759","","My Account > Settings > Change Password","","My Account > Settings > Change Password","#11 New password must contain a minimum of 8 characters.","#11 New password must contain a minimum of 8 characters.",""
"passed","Sun Jul 03 10:17:23 EEST 2022","Sun Jul 03 10:17:34 EEST 2022","11205","","Registration > Step 3","","Registration > Step 3","#09 User cannot enter invalid characters into the City field.","#09 User cannot enter invalid characters into the City field.",""
"passed","Sun Jul 03 10:14:45 EEST 2022","Sun Jul 03 10:14:55 EEST 2022","9937","","Recover Password","","Recover Password","#03 Player cannot enter an invaild email address.","#03 Player cannot enter an invaild email address.",""
"passed","Sun Jul 03 10:15:46 EEST 2022","Sun Jul 03 10:16:00 EEST 2022","13986","","Promotions functionality testing. Promotions functionality for authenticated user. Blocks of promotions.","","Promotions functionality testing. Promotions functionality for authenticated user. Blocks of promotions.","#8 Active promotions are excluded from the promotions section.","#8 Active promotions are excluded from the promotions section.",""
"passed","Sun Jul 03 10:14:40 EEST 2022","Sun Jul 03 10:14:54 EEST 2022","13661","","Promotions functionality testing. Promotions functionality for authenticated user. Blocks of promotions.","","Promotions functionality testing. Promotions functionality for authenticated user. Blocks of promotions.","#3 Active promotions are displayed in correct order.","#3 Active promotions are displayed in correct order.",""
"passed","Sun Jul 03 10:08:58 EEST 2022","Sun Jul 03 10:09:10 EEST 2022","12562","","Logout","","Logout","#02 Player is logged out of site if clearing there cookies.","#02 Player is logged out of site if clearing there cookies.",""
"passed","Sun Jul 03 10:25:41 EEST 2022","Sun Jul 03 10:25:46 EEST 2022","5440","","Home => Terms & Conditions","","Home => Terms & Conditions","#25 User can see the Complaints and disputes section on terms and conditions page","#25 User can see the Complaints and disputes section on terms and conditions page",""
"passed","Sun Jul 03 10:26:14 EEST 2022","Sun Jul 03 10:26:36 EEST 2022","22166","","My Account > Gambling Controls > Deposit Limits","","My Account > Gambling Controls > Deposit Limits","#9 Player can successfully update a daily deposit limit in the Deposit Limits Delete modal","#9 Player can successfully update a daily deposit limit in the Deposit Limits Delete modal",""
"passed","Sun Jul 03 10:07:09 EEST 2022","Sun Jul 03 10:07:16 EEST 2022","6900","","Home page => Privacy Policy page","","Home page => Privacy Policy page","#4 User can come to the ICO(Information Commissioner's office) page from Privacy Policy page","#4 User can come to the ICO(Information Commissioner's office) page from Privacy Policy page",""
"passed","Sun Jul 03 10:07:30 EEST 2022","Sun Jul 03 10:07:42 EEST 2022","12080","","Inbox functionality testing","","Inbox functionality testing","#6 Player can open message and display the message contents (heading, date/time & body)","#6 Player can open message and display the message contents (heading, date/time & body)",""
"passed","Sun Jul 03 10:19:33 EEST 2022","Sun Jul 03 10:19:49 EEST 2022","16014","","Promotions functionality testing. Promotions functionality for authenticated user. Particular promotions.","","Promotions functionality testing. Promotions functionality for authenticated user. Particular promotions.","#23 User can click on the terms and conditions link and the terms and all sections of conditions are displayed for deposit bonus.","#23 User can click on the terms and conditions link and the terms and all sections of conditions are displayed for deposit bonus.",""
"failed","Sun Jul 03 10:23:21 EEST 2022","Sun Jul 03 10:23:31 EEST 2022","9764","","Footer functionality testing","","Footer functionality testing","#1 Player can see a light grey bar at the top of the footer","#1 Player can see a light grey bar at the top of the footer",""
"passed","Sun Jul 03 10:08:40 EEST 2022","Sun Jul 03 10:08:54 EEST 2022","13605","","Inbox functionality testing","","Inbox functionality testing","#11 Player can delete a message using the message options, removing it from the list","#11 Player can delete a message using the message options, removing it from the list",""
"failed","Sun Jul 03 10:22:42 EEST 2022","Sun Jul 03 10:22:47 EEST 2022","4981","","Promotions functionality testing. Bonus details testing.","","Promotions functionality testing. Bonus details testing.","#54 Bonus status is canceled after clicking Yes cancel btn for cancel drawer.","#54 Bonus status is canceled after clicking Yes cancel btn for cancel drawer.",""
"passed","Sun Jul 03 10:11:06 EEST 2022","Sun Jul 03 10:11:25 EEST 2022","19324","","My Account > Gambling Controls > Account Closure > Self Exclusion","","My Account > Gambling Controls > Account Closure > Self Exclusion","#5 Player cannot continue with 'Self Exclusion' if a duration is not selected.","#5 Player cannot continue with 'Self Exclusion' if a duration is not selected.",""
"passed","Sun Jul 03 10:26:42 EEST 2022","Sun Jul 03 10:26:58 EEST 2022","16521","","My Profile > Communications Preferences","","My Profile > Communications Preferences","#10 Player can unselect just email preferences using the email toggle (email already toggled on), which upon saving updates the account area accordingly","#10 Player can unselect just email preferences using the email toggle (email already toggled on), which upon saving updates the account area accordingly",""
"passed","Sun Jul 03 10:09:21 EEST 2022","Sun Jul 03 10:09:32 EEST 2022","10733","","Inbox functionality testing","","Inbox functionality testing","#14 Unread message count is not present on Inbox navigation bar icon if player has no unread messages","#14 Unread message count is not present on Inbox navigation bar icon if player has no unread messages",""
"passed","Sun Jul 03 10:09:44 EEST 2022","Sun Jul 03 10:10:00 EEST 2022","15965","","Deep Link -> Edit Phone","","Deep Link -> Edit Phone","#2 Deep link to change password open login when not logged in before change password","#2 Deep link to change password open login when not logged in before change password",""
"passed","Sun Jul 03 10:27:02 EEST 2022","Sun Jul 03 10:27:14 EEST 2022","12750","","My Account > Gambling Controls > Deposit Limits","","My Account > Gambling Controls > Deposit Limits","#12 Player can successfully set a monthly deposit limit if not already set.","#12 Player can successfully set a monthly deposit limit if not already set.",""
"failed","Sun Jul 03 10:25:06 EEST 2022","Sun Jul 03 10:25:10 EEST 2022","4871","","Home => Terms & Conditions","","Home => Terms & Conditions","#17 User can see the Errors, Interruptions and Malfunctions section on terms and conditions page","#17 User can see the Errors, Interruptions and Malfunctions section on terms and conditions page",""
"passed","Sun Jul 03 10:20:20 EEST 2022","Sun Jul 03 10:20:22 EEST 2022","1698","","Promotions functionality testing. Promotions functionality for unauthenticated user.","","Promotions functionality testing. Promotions functionality for unauthenticated user.","#26 Promotion page is displayed for not login user.","#26 Promotion page is displayed for not login user.",""
"passed","Sun Jul 03 10:23:31 EEST 2022","Sun Jul 03 10:23:39 EEST 2022","7721","","404 error page functionality testing.","","404 error page functionality testing.","#2 All elements are persisted on 404 error page.","#2 All elements are persisted on 404 error page.",""
"passed","Sun Jul 03 10:06:42 EEST 2022","Sun Jul 03 10:06:47 EEST 2022","4921","","Expired Link Error","","Expired Link Error","#7 User can click on x button and close reset password window. ","#7 User can click on x button and close reset password window. ",""
"passed","Sun Jul 03 10:14:34 EEST 2022","Sun Jul 03 10:14:57 EEST 2022","22771","","My Account > Gambling Controls > Account Closure > Self Exclusion","","My Account > Gambling Controls > Account Closure > Self Exclusion","#17 Player can press 'BACK' for confirmating modal after chosen for 6 months 'Self Exclusion' and should return to previous step.","#17 Player can press 'BACK' for confirmating modal after chosen for 6 months 'Self Exclusion' and should return to previous step.",""
"passed","Sun Jul 03 10:08:27 EEST 2022","Sun Jul 03 10:08:32 EEST 2022","5225","","Home page => Privacy Policy page","","Home page => Privacy Policy page","#11 The user can use for Malta contact@eyasgaming.com e-mail","#11 The user can use for Malta contact@eyasgaming.com e-mail",""
"passed","Sun Jul 03 10:20:31 EEST 2022","Sun Jul 03 10:20:34 EEST 2022","3167","","Promotions functionality testing. Promotions functionality for unauthenticated user.","","Promotions functionality testing. Promotions functionality for unauthenticated user.","#31 Applicable the expiry date of promotion card is displayed for not login user.","#31 Applicable the expiry date of promotion card is displayed for not login user.",""
"passed","Sun Jul 03 10:06:12 EEST 2022","Sun Jul 03 10:06:16 EEST 2022","4180","","User come to the 'Planned Maintenance' error page","","User come to the 'Planned Maintenance' error page","#0 User come to the ""Planned Maintenance"" error page","#0 User come to the ""Planned Maintenance"" error page",""
"passed","Sun Jul 03 10:15:55 EEST 2022","Sun Jul 03 10:16:05 EEST 2022","10603","","Registration > Step 1","","Registration > Step 1","#04 User can select the 'Recover' button on the 'Account already exists' drawer and is displayed the Recover Password form.","#04 User can select the 'Recover' button on the 'Account already exists' drawer and is displayed the Recover Password form.",""
"passed","Sun Jul 03 10:06:57 EEST 2022","Sun Jul 03 10:07:07 EEST 2022","10772","","Inbox functionality testing","","Inbox functionality testing","#3 New messages are marked with a NEW message sticker","#3 New messages are marked with a NEW message sticker",""
"passed","Sun Jul 03 10:15:03 EEST 2022","Sun Jul 03 10:15:18 EEST 2022","15189","","My Account > Settings > Change Password","","My Account > Settings > Change Password","#10 New password must contain a combination of upper and lower case letters (all lower case).","#10 New password must contain a combination of upper and lower case letters (all lower case).",""
"failed","Sun Jul 03 10:23:21 EEST 2022","Sun Jul 03 10:23:34 EEST 2022","12920","","Home page => Responsible Gambling page","","Home page => Responsible Gambling page","#0 User can come to the Responsible Gambling page","#0 User can come to the Responsible Gambling page",""
"passed","Sun Jul 03 10:23:22 EEST 2022","Sun Jul 03 10:23:44 EEST 2022","21764","","My Account -> Deposit","","My Account -> Deposit","#1 Check user is able to access the deposit modal via the account menu and is displayed with the option to fill in card details by default","#1 Check user is able to access the deposit modal via the account menu and is displayed with the option to fill in card details by default",""
"failed","Sun Jul 03 10:26:07 EEST 2022","Sun Jul 03 10:26:12 EEST 2022","5115","","Homepage","","Homepage","#12 Balance preview correctly displays £0.00 if user has no balance","#12 Balance preview correctly displays £0.00 if user has no balance",""
"passed","Sun Jul 03 10:23:48 EEST 2022","Sun Jul 03 10:23:55 EEST 2022","6679","","404 error page functionality testing.","","404 error page functionality testing.","#5 Player can click ""Login"" button, open login window and successfully login.","#5 Player can click ""Login"" button, open login window and successfully login.",""
"passed","Sun Jul 03 10:18:07 EEST 2022","Sun Jul 03 10:18:19 EEST 2022","12409","","Registration > Step 3","","Registration > Step 3","#15 Phone Number is a mandatory field.","#15 Phone Number is a mandatory field.",""
"passed","Sun Jul 03 10:16:38 EEST 2022","Sun Jul 03 10:16:52 EEST 2022","13742","","Promotions functionality testing. Promotions functionality for authenticated user. Particular promotions.","","Promotions functionality testing. Promotions functionality for authenticated user. Particular promotions.","#12 All main sections for card are displayed for CLAIM bonus.","#12 All main sections for card are displayed for CLAIM bonus.",""
"passed","Sun Jul 03 10:07:33 EEST 2022","Sun Jul 03 10:07:42 EEST 2022","8324","","Live Casino","","Live Casino","#12 Card is displayed, user hover a mouse on that card, the primary CTA is PLAY NOW, user clicks/taps on CTA PLAY NOW then the login modal appears.","#12 Card is displayed, user hover a mouse on that card, the primary CTA is PLAY NOW, user clicks/taps on CTA PLAY NOW then the login modal appears.",""
"passed","Sun Jul 03 10:15:39 EEST 2022","Sun Jul 03 10:15:53 EEST 2022","13969","","My Account > Settings > Change Password","","My Account > Settings > Change Password","#12 New password must not contain email address.","#12 New password must not contain email address.",""
"passed","Sun Jul 03 10:24:32 EEST 2022","Sun Jul 03 10:24:37 EEST 2022","5215","","Home => Terms & Conditions","","Home => Terms & Conditions","#10 User can see the Terms and Conditions section on terms and conditions page","#10 User can see the Terms and Conditions section on terms and conditions page",""
"passed","Sun Jul 03 10:25:52 EEST 2022","Sun Jul 03 10:26:05 EEST 2022","12478","","Slots page","","Slots page","#13 User logged in and click on game card and game page appears","#13 User logged in and click on game card and game page appears",""
"passed","Sun Jul 03 10:24:42 EEST 2022","Sun Jul 03 10:24:47 EEST 2022","5031","","Home => Terms & Conditions","","Home => Terms & Conditions","#12 User can see the Changes to the Terms section on terms and conditions page","#12 User can see the Changes to the Terms section on terms and conditions page",""
"passed","Sun Jul 03 10:26:26 EEST 2022","Sun Jul 03 10:26:36 EEST 2022","9805","","Registration > Step 4","","Registration > Step 4","#07 User can opt in to receive Phone marketing preferences.","#07 User can opt in to receive Phone marketing preferences.",""
"passed","Sun Jul 03 10:20:25 EEST 2022","Sun Jul 03 10:20:28 EEST 2022","3607","","Promotions functionality testing. Promotions functionality for unauthenticated user.","","Promotions functionality testing. Promotions functionality for unauthenticated user.","#29 Promotions are displayed in correct order for unauthenticated user","#29 Promotions are displayed in correct order for unauthenticated user",""
"passed","Sun Jul 03 10:25:41 EEST 2022","Sun Jul 03 10:25:56 EEST 2022","15344","","My Account > Gambling Controls > Deposit Limits","","My Account > Gambling Controls > Deposit Limits","#7 Player can open the Deposit Limits Delete modal on delete icon click.","#7 Player can open the Deposit Limits Delete modal on delete icon click.",""
"passed","Sun Jul 03 10:28:06 EEST 2022","Sun Jul 03 10:28:17 EEST 2022","10786","","My Account > Gambling Controls > Deposit Limits","","My Account > Gambling Controls > Deposit Limits","#19 Player can open 'History' modal.","#19 Player can open 'History' modal.",""
"failed","Sun Jul 03 10:24:19 EEST 2022","Sun Jul 03 10:24:26 EEST 2022","7430","","Slots page","","Slots page","#1 User can navigates to the slots page and all elements are persisted on the page","#1 User can navigates to the slots page and all elements are persisted on the page",""
"passed","Sun Jul 03 10:06:35 EEST 2022","Sun Jul 03 10:06:39 EEST 2022","4062","","Expired Link Error","","Expired Link Error","#5 User can click on Login button and see Login page. ","#5 User can click on Login button and see Login page. ",""
"passed","Sun Jul 03 10:16:21 EEST 2022","Sun Jul 03 10:16:38 EEST 2022","16782","","My Account > Settings > Change Password","","My Account > Settings > Change Password","#15 Player should be able to show/hide their inputs into the password fields.","#15 Player should be able to show/hide their inputs into the password fields.",""
"passed","Sun Jul 03 10:09:25 EEST 2022","Sun Jul 03 10:09:44 EEST 2022","18252","","Deep Link -> Edit Phone","","Deep Link -> Edit Phone","#1 Deep link to edit phone opens when logged in","#1 Deep link to edit phone opens when logged in",""
"passed","Sun Jul 03 10:25:40 EEST 2022","Sun Jul 03 10:25:52 EEST 2022","12135","","Slots page","","Slots page","#12 User logged in hover the game card  and click on CTA ""INFO"" and go to INFO page and click on ""PLAY NOW"" and see game page","#12 User logged in hover the game card  and click on CTA ""INFO"" and go to INFO page and click on ""PLAY NOW"" and see game page",""
"passed","Sun Jul 03 10:08:18 EEST 2022","Sun Jul 03 10:08:27 EEST 2022","8573","","Home page => Privacy Policy page","","Home page => Privacy Policy page","#10 After clicking on the link from 'Contact and DPO', the user should see the page  https://www.eyasgaming.com/.","#10 After clicking on the link from 'Contact and DPO', the user should see the page  https://www.eyasgaming.com/.",""
"passed","Sun Jul 03 10:12:33 EEST 2022","Sun Jul 03 10:12:47 EEST 2022","14256","","My Profile > Personal Details","","My Profile > Personal Details","#01 Player can view their personal details.","#01 Player can view their personal details.",""
"passed","Sun Jul 03 10:24:00 EEST 2022","Sun Jul 03 10:24:14 EEST 2022","14526","","Homepage","","Homepage","#4 The details balance card is dismissed when the user clicks it","#4 The details balance card is dismissed when the user clicks it",""
"passed","Sun Jul 03 10:10:25 EEST 2022","Sun Jul 03 10:10:46 EEST 2022","20767","","My Account > Gambling Controls > Account Closure > Self Exclusion","","My Account > Gambling Controls > Account Closure > Self Exclusion","#2 Player can close the 'Self Exclusion' modal.","#2 Player can close the 'Self Exclusion' modal.",""
"passed","Sun Jul 03 10:13:48 EEST 2022","Sun Jul 03 10:14:03 EEST 2022","15297","","My Account > Settings > Change Password","","My Account > Settings > Change Password","#5 Player cannot submit the Change Password form with blank details.","#5 Player cannot submit the Change Password form with blank details.",""
"skipped","Sun Jul 03 10:27:50 EEST 2022","Sun Jul 03 10:27:50 EEST 2022","1","","My Account > Gambling Controls > Deposit Limits","","My Account > Gambling Controls > Deposit Limits","#17 Player cannot set Deposit Limit higher than the maximum amount.","#17 Player cannot set Deposit Limit higher than the maximum amount.",""
"passed","Sun Jul 03 10:25:39 EEST 2022","Sun Jul 03 10:25:54 EEST 2022","15024","","Registration > Step 4","","Registration > Step 4","#01 User is displayed the correct content and defaut options for Step 4.","#01 User is displayed the correct content and defaut options for Step 4.",""
"passed","Sun Jul 03 10:15:42 EEST 2022","Sun Jul 03 10:15:56 EEST 2022","13853","","Registration > Step 3","","Registration > Step 3","#01 User is displayed the correct content and input fields for Step 3.","#01 User is displayed the correct content and input fields for Step 3.",""
"passed","Sun Jul 03 10:13:30 EEST 2022","Sun Jul 03 10:13:45 EEST 2022","15401","","My Account > Gambling Controls > Loss Limits","","My Account > Gambling Controls > Loss Limits","#16 User can only enter numeric digits into the set Loss Limit field. ","#16 User can only enter numeric digits into the set Loss Limit field. ",""
"passed","Sun Jul 03 10:25:38 EEST 2022","Sun Jul 03 10:25:52 EEST 2022","13591","","Homepage","","Homepage","#10 User is displayed with a shortened balance in the preview section when balance exceeds 9999 (five figure balance)","#10 User is displayed with a shortened balance in the preview section when balance exceeds 9999 (five figure balance)",""
"passed","Sun Jul 03 10:17:14 EEST 2022","Sun Jul 03 10:17:31 EEST 2022","16910","","Spin Zone functionality testing","","Spin Zone functionality testing","#1 Player can see Menu button in the top left of the screen","#1 Player can see Menu button in the top left of the screen",""
"passed","Sun Jul 03 10:10:23 EEST 2022","Sun Jul 03 10:10:41 EEST 2022","18484","","My Account > Gambling Controls > Account Closure > Take A Break","","My Account > Gambling Controls > Account Closure > Take A Break","#2 Player can close the take a break modal.","#2 Player can close the take a break modal.",""
"passed","Sun Jul 03 10:20:37 EEST 2022","Sun Jul 03 10:20:40 EEST 2022","2545","","Promotions functionality testing. Promotions functionality for unauthenticated user.","","Promotions functionality testing. Promotions functionality for unauthenticated user.","#33 Short description of promotion card is displayed for not login user.","#33 Short description of promotion card is displayed for not login user.",""
"passed","Sun Jul 03 10:07:47 EEST 2022","Sun Jul 03 10:07:55 EEST 2022","8366","","Home page => Privacy Policy page","","Home page => Privacy Policy page","#6 After clicking on the link from 'Introduction to Eyas Gaming', the user should see the page  https://www.eyasgaming.com/.","#6 After clicking on the link from 'Introduction to Eyas Gaming', the user should see the page  https://www.eyasgaming.com/.",""
"passed","Sun Jul 03 10:28:41 EEST 2022","Sun Jul 03 10:28:54 EEST 2022","13071","","My Account > Gambling Controls > Deposit Limits","","My Account > Gambling Controls > Deposit Limits","#22 Player can close 'How deposit limits work' modal.","#22 Player can close 'How deposit limits work' modal.",""
"passed","Sun Jul 03 10:14:55 EEST 2022","Sun Jul 03 10:15:05 EEST 2022","9590","","Recover Password","","Recover Password","#04 Player can select the 'Cancel and Back To Login' link and is displayed the login section.","#04 Player can select the 'Cancel and Back To Login' link and is displayed the login section.",""
"passed","Sun Jul 03 10:11:27 EEST 2022","Sun Jul 03 10:11:43 EEST 2022","15705","","My Account > Gambling Controls > Account Closure > Take A Break","","My Account > Gambling Controls > Account Closure > Take A Break","#8 Player can choose 1 week option for 'Take A Break' and this option should be selected.","#8 Player can choose 1 week option for 'Take A Break' and this option should be selected.",""
"skipped","Sun Jul 03 10:27:28 EEST 2022","Sun Jul 03 10:27:28 EEST 2022","0","","My Account > Gambling Controls > Deposit Limits","","My Account > Gambling Controls > Deposit Limits","#14 Player can successfully set Deposit Limit to the minimum allowed value and will receive a success toast on submitting the new amount.","#14 Player can successfully set Deposit Limit to the minimum allowed value and will receive a success toast on submitting the new amount.",""
"passed","Sun Jul 03 10:24:10 EEST 2022","Sun Jul 03 10:24:27 EEST 2022","17524","","My Profile > Communications Preferences","","My Profile > Communications Preferences","#1 Player can view their communication preferences (default preferences: empty communication preferences and English language)","#1 Player can view their communication preferences (default preferences: empty communication preferences and English language)",""
"passed","Sun Jul 03 10:12:35 EEST 2022","Sun Jul 03 10:12:53 EEST 2022","18531","","My Account > Gambling Controls > Loss Limits","","My Account > Gambling Controls > Loss Limits","#13 User cannot set a Loss Limit lower than the minimum amount. ","#13 User cannot set a Loss Limit lower than the minimum amount. ",""
"passed","Sun Jul 03 10:07:49 EEST 2022","Sun Jul 03 10:08:00 EEST 2022","11058","","Log In","","Log In","#01 Player can open the Log In modal and is displayed with the correct fields.","#01 Player can open the Log In modal and is displayed with the correct fields.",""
"passed","Sun Jul 03 10:06:24 EEST 2022","Sun Jul 03 10:06:29 EEST 2022","5798","","Expired Link Error","","Expired Link Error","#3 User can come to the Home page from ""Expired Link"" error page. ","#3 User can come to the Home page from ""Expired Link"" error page. ",""
"passed","Sun Jul 03 10:09:25 EEST 2022","Sun Jul 03 10:09:34 EEST 2022","9242","","Log In","","Log In","#14 Player can select the link to recover their password.","#14 Player can select the link to recover their password.",""
"passed","Sun Jul 03 10:15:33 EEST 2022","Sun Jul 03 10:15:46 EEST 2022","13519","","Promotions functionality testing. Promotions functionality for authenticated user. Blocks of promotions.","","Promotions functionality testing. Promotions functionality for authenticated user. Blocks of promotions.","#7 Promotions are displayed in correct order.","#7 Promotions are displayed in correct order.",""
"passed","Sun Jul 03 10:24:19 EEST 2022","Sun Jul 03 10:24:33 EEST 2022","13747","","My Account -> Deposit","","My Account -> Deposit","#4 Check user is able to select Instant Bank Transfer and is provided with the correct information for this payment method","#4 Check user is able to select Instant Bank Transfer and is provided with the correct information for this payment method",""
"passed","Sun Jul 03 10:21:18 EEST 2022","Sun Jul 03 10:21:24 EEST 2022","6266","","Promotions functionality testing. Promotions functionality for unauthenticated user.","","Promotions functionality testing. Promotions functionality for unauthenticated user.","#44 User can see list of promotions after click Back button from more info details.","#44 User can see list of promotions after click Back button from more info details.",""
"passed","Sun Jul 03 10:06:17 EEST 2022","Sun Jul 03 10:06:18 EEST 2022","1891","","Service unavailable","","Service unavailable","#1 The user is on the Location Error page","#1 The user is on the Location Error page",""
"passed","Sun Jul 03 10:09:04 EEST 2022","Sun Jul 03 10:09:22 EEST 2022","17707","","Deep Link -> Change Password","","Deep Link -> Change Password","#2 Deep link to change password open login when not logged in before change password","#2 Deep link to change password open login when not logged in before change password",""
"passed","Sun Jul 03 10:14:25 EEST 2022","Sun Jul 03 10:14:35 EEST 2022","10392","","Recover Password","","Recover Password","#01 Player can navigate to the recover password form and is displayed with the correct fields.","#01 Player can navigate to the recover password form and is displayed with the correct fields.",""
"failed","Sun Jul 03 10:27:55 EEST 2022","Sun Jul 03 10:28:22 EEST 2022","26967","","UnsubscribePage","","UnsubscribePage","#5 User can check each radio button and submit the answer → result window will be displayed with the correct content","#5 User can check each radio button and submit the answer → result window will be displayed with the correct content",""
"failed","Sun Jul 03 10:25:19 EEST 2022","Sun Jul 03 10:25:23 EEST 2022","4569","","Home => Terms & Conditions","","Home => Terms & Conditions","#20 User can see the Suspension/Termination of your Account section on terms and conditions page","#20 User can see the Suspension/Termination of your Account section on terms and conditions page",""
"passed","Sun Jul 03 10:24:50 EEST 2022","Sun Jul 03 10:25:07 EEST 2022","17534","","My Account > Gambling Controls > Deposit Limits","","My Account > Gambling Controls > Deposit Limits","#4 Player can cancel out of the Deposit Limits modal.","#4 Player can cancel out of the Deposit Limits modal.",""
"passed","Sun Jul 03 10:16:35 EEST 2022","Sun Jul 03 10:16:41 EEST 2022","5651","","Registration > Step 1","","Registration > Step 1","#11 User can successfully enter email address with a combination of valid symbols, numbers and letters.","#11 User can successfully enter email address with a combination of valid symbols, numbers and letters.",""
"passed","Sun Jul 03 10:09:15 EEST 2022","Sun Jul 03 10:09:25 EEST 2022","9740","","Log In","","Log In","#13 Player should be able to show/hide their input into the Password field.","#13 Player should be able to show/hide their input into the Password field.",""
"passed","Sun Jul 03 10:25:00 EEST 2022","Sun Jul 03 10:25:19 EEST 2022","18886","","Homepage","","Homepage","#8 Cash amount is updated correctly in the dropdown details when cash balance is adjusted","#8 Cash amount is updated correctly in the dropdown details when cash balance is adjusted",""
"failed","Sun Jul 03 10:28:48 EEST 2022","Sun Jul 03 10:29:14 EEST 2022","25945","","UnsubscribePage","","UnsubscribePage","#7 User can click on ‘Continue’ button in the ‘Re-subscribe’ success window and the Home page will be displayed.","#7 User can click on ‘Continue’ button in the ‘Re-subscribe’ success window and the Home page will be displayed.",""
"passed","Sun Jul 03 10:08:53 EEST 2022","Sun Jul 03 10:09:05 EEST 2022","12044","","Log In","","Log In","#07 Player cannot login when entering an incorrect password.","#07 Player cannot login when entering an incorrect password.",""
"passed","Sun Jul 03 10:16:52 EEST 2022","Sun Jul 03 10:17:04 EEST 2022","12231","","Promotions functionality testing. Promotions functionality for authenticated user. Particular promotions.","","Promotions functionality testing. Promotions functionality for authenticated user. Particular promotions.","#13 User can go to More Info details after click More Info CTA for authenticated user.","#13 User can go to More Info details after click More Info CTA for authenticated user.",""
"skipped","Sun Jul 03 10:15:25 EEST 2022","Sun Jul 03 10:15:25 EEST 2022","1","","My Account > Gambling Controls > Account Closure > Self Exclusion","","My Account > Gambling Controls > Account Closure > Self Exclusion","#19 Player can continue with chosen 6 months option to 'Self Exclusion' and confirming modal should display.","#19 Player can continue with chosen 6 months option to 'Self Exclusion' and confirming modal should display.",""
"skipped","Sun Jul 03 10:14:54 EEST 2022","Sun Jul 03 10:14:54 EEST 2022","0","","Promotions functionality testing. Promotions functionality for authenticated user. Blocks of promotions.","","Promotions functionality testing. Promotions functionality for authenticated user. Blocks of promotions.","#4 Bonus History Page is displayed after clicks ""See all Activity"" in Recenty Activity.","#4 Bonus History Page is displayed after clicks ""See all Activity"" in Recenty Activity.",""
"passed","Sun Jul 03 10:27:16 EEST 2022","Sun Jul 03 10:27:27 EEST 2022","10863","","Registration > Step 4","","Registration > Step 4","#12 User can click on confirm checkbox and click success registration button.","#12 User can click on confirm checkbox and click success registration button.",""
"passed","Sun Jul 03 10:23:37 EEST 2022","Sun Jul 03 10:23:43 EEST 2022","6078","","Footer functionality testing","","Footer functionality testing","#3 Player can see partners logos","#3 Player can see partners logos",""
"passed","Sun Jul 03 10:08:00 EEST 2022","Sun Jul 03 10:08:12 EEST 2022","12028","","Log In","","Log In","#02 Email Address is a mandatory field.","#02 Email Address is a mandatory field.",""
"passed","Sun Jul 03 10:10:02 EEST 2022","Sun Jul 03 10:10:17 EEST 2022","14364","","Deep Link -> Play Reminders","","Deep Link -> Play Reminders","#2 Deep link to play reminders open login when not logged in before play reminders","#2 Deep link to play reminders open login when not logged in before play reminders",""
"passed","Sun Jul 03 10:08:07 EEST 2022","Sun Jul 03 10:08:18 EEST 2022","10603","","Inbox functionality testing","","Inbox functionality testing","#9 Player is presented with an updated list of messages when clicking view more button","#9 Player is presented with an updated list of messages when clicking view more button",""
"passed","Sun Jul 03 10:23:21 EEST 2022","Sun Jul 03 10:23:31 EEST 2022","10363","","404 error page functionality testing.","","404 error page functionality testing.","#1 404 error page is displayed.","#1 404 error page is displayed.",""
"passed","Sun Jul 03 10:06:32 EEST 2022","Sun Jul 03 10:06:44 EEST 2022","12441","","Inbox functionality testing","","Inbox functionality testing","#1 Unread message count is present on Inbox navigation bar icon if player has unread messages","#1 Unread message count is present on Inbox navigation bar icon if player has unread messages",""
"passed","Sun Jul 03 10:28:30 EEST 2022","Sun Jul 03 10:28:41 EEST 2022","10597","","My Account > Gambling Controls > Deposit Limits","","My Account > Gambling Controls > Deposit Limits","#21 Player can open 'How deposit limits work' modal.","#21 Player can open 'How deposit limits work' modal.",""
"passed","Sun Jul 03 10:16:43 EEST 2022","Sun Jul 03 10:16:51 EEST 2022","7440","","Registration > Step 2","","Registration > Step 2","13 User is required to be 18 or over.","13 User is required to be 18 or over.",""
"passed","Sun Jul 03 10:12:57 EEST 2022","Sun Jul 03 10:13:12 EEST 2022","15210","","My Account > Gambling Controls > Account Closure > Take A Break","","My Account > Gambling Controls > Account Closure > Take A Break","#14 Player can continue with chosen 6 weeks option to 'Take A Break' and confirming modal should display.","#14 Player can continue with chosen 6 weeks option to 'Take A Break' and confirming modal should display.",""
"passed","Sun Jul 03 10:26:12 EEST 2022","Sun Jul 03 10:26:26 EEST 2022","14169","","Homepage","","Homepage","#13 Balance details still correctly display balance of £0.00 if user has no cash balance","#13 Balance details still correctly display balance of £0.00 if user has no cash balance",""
"passed","Sun Jul 03 10:07:22 EEST 2022","Sun Jul 03 10:07:27 EEST 2022","4599","","Live Casino","","Live Casino","#07 Game image will be displayed.","#07 Game image will be displayed.",""
"failed","Sun Jul 03 10:24:56 EEST 2022","Sun Jul 03 10:25:01 EEST 2022","4424","","Home => Terms & Conditions","","Home => Terms & Conditions","#15 User can see the Deposits and Withdrawals section on terms and conditions page","#15 User can see the Deposits and Withdrawals section on terms and conditions page",""
"passed","Sun Jul 03 10:24:26 EEST 2022","Sun Jul 03 10:24:32 EEST 2022","5597","","Home => Terms & Conditions","","Home => Terms & Conditions","#9 User can see Introduction section on terms and conditions page","#9 User can see Introduction section on terms and conditions page",""
"passed","Sun Jul 03 10:08:12 EEST 2022","Sun Jul 03 10:08:22 EEST 2022","10263","","Log In","","Log In","#03 Password field is a mandatory field.","#03 Password field is a mandatory field.",""
"passed","Sun Jul 03 10:23:33 EEST 2022","Sun Jul 03 10:23:40 EEST 2022","6929","","Home => Terms & Conditions","","Home => Terms & Conditions","#1 User can come to the help center from terms and conditions page","#1 User can come to the help center from terms and conditions page",""
"passed","Sun Jul 03 10:13:59 EEST 2022","Sun Jul 03 10:14:14 EEST 2022","14860","","My Account > Gambling Controls > Loss Limits","","My Account > Gambling Controls > Loss Limits","#18 User can close 'How loss limits work' modal. ","#18 User can close 'How loss limits work' modal. ",""
"passed","Sun Jul 03 10:16:20 EEST 2022","Sun Jul 03 10:16:28 EEST 2022","7888","","Registration > Step 2","","Registration > Step 2","#08 User cannot enter invalid characters into step 2 name input fields.","#08 User cannot enter invalid characters into step 2 name input fields.",""
"passed","Sun Jul 03 10:07:53 EEST 2022","Sun Jul 03 10:07:57 EEST 2022","4747","","Live Casino","","Live Casino","#15 All available categories will be displayed and user click/taps on category then user go to the category.","#15 All available categories will be displayed and user click/taps on category then user go to the category.",""
"passed","Sun Jul 03 10:26:08 EEST 2022","Sun Jul 03 10:26:24 EEST 2022","15691","","My Profile > Communications Preferences","","My Profile > Communications Preferences","#8 Player can edit their preferences and select just the Phone toggle, which upon saving updates the account area accordingly","#8 Player can edit their preferences and select just the Phone toggle, which upon saving updates the account area accordingly",""
"passed","Sun Jul 03 10:18:39 EEST 2022","Sun Jul 03 10:18:49 EEST 2022","9726","","Registration > Step 3","","Registration > Step 3","#18 Country Code is populated by default.","#18 Country Code is populated by default.",""
"passed","Sun Jul 03 10:19:13 EEST 2022","Sun Jul 03 10:19:33 EEST 2022","20099","","Promotions functionality testing. Promotions functionality for authenticated user. Particular promotions.","","Promotions functionality testing. Promotions functionality for authenticated user. Particular promotions.","#22 User can enter amount, go to full terms and conditions, click back button, close full terms conditions and return in deposit modal.","#22 User can enter amount, go to full terms and conditions, click back button, close full terms conditions and return in deposit modal.",""
"failed","Sun Jul 03 10:22:52 EEST 2022","Sun Jul 03 10:22:57 EEST 2022","5040","","Promotions functionality testing. Bonus details testing.","","Promotions functionality testing. Bonus details testing.","#56 User see cash and bonus balance after clicking arrow on the right side of bonus for total bonus balance.","#56 User see cash and bonus balance after clicking arrow on the right side of bonus for total bonus balance.",""
"failed","Sun Jul 03 10:22:47 EEST 2022","Sun Jul 03 10:22:52 EEST 2022","4720","","Promotions functionality testing. Bonus details testing.","","Promotions functionality testing. Bonus details testing.","#55 Related information to bonus is closed after clicking on arrow on the right side of bonus for opened bonus.","#55 Related information to bonus is closed after clicking on arrow on the right side of bonus for opened bonus.",""
"passed","Sun Jul 03 10:13:12 EEST 2022","Sun Jul 03 10:13:28 EEST 2022","16131","","My Account > Gambling Controls > Account Closure > Take A Break","","My Account > Gambling Controls > Account Closure > Take A Break","#15 Player can choose to view the 'Self Exclusion' service from the 'Take A Break' modal.","#15 Player can choose to view the 'Self Exclusion' service from the 'Take A Break' modal.",""
"failed","Sun Jul 03 10:27:27 EEST 2022","Sun Jul 03 10:27:55 EEST 2022","27940","","UnsubscribePage","","UnsubscribePage","#4 User can check ‘Other’ radio button and the text input will be displayed","#4 User can check ‘Other’ radio button and the text input will be displayed",""
"passed","Sun Jul 03 10:14:20 EEST 2022","Sun Jul 03 10:14:35 EEST 2022","14802","","My Account > Settings > Change Password","","My Account > Settings > Change Password","#7 Player is displayed with the password requirements when they start to enter a new password.","#7 Player is displayed with the password requirements when they start to enter a new password.",""
"passed","Sun Jul 03 10:13:34 EEST 2022","Sun Jul 03 10:13:48 EEST 2022","13405","","My Account > Settings > Change Password","","My Account > Settings > Change Password","#4 New Password is a mandatory field.","#4 New Password is a mandatory field.",""
"passed","Sun Jul 03 10:08:29 EEST 2022","Sun Jul 03 10:08:39 EEST 2022","10050","","Live Casino","","Live Casino","#20 User has logged in, card is displayed, user clicks/taps on card then the user go to the game.","#20 User has logged in, card is displayed, user clicks/taps on card then the user go to the game.",""
"passed","Sun Jul 03 10:10:03 EEST 2022","Sun Jul 03 10:10:23 EEST 2022","19578","","My Account > Gambling Controls > Account Closure > Take A Break","","My Account > Gambling Controls > Account Closure > Take A Break","#1 Player can select take a break menu item from 'Account Closure' and Take A Break contain is displayed.","#1 Player can select take a break menu item from 'Account Closure' and Take A Break contain is displayed.",""
"passed","Sun Jul 03 10:06:54 EEST 2022","Sun Jul 03 10:07:03 EEST 2022","8327","","Expired Link Error","","Expired Link Error","#9 User can click on 'Back to Login' and open Login window and successfully login.","#9 User can click on 'Back to Login' and open Login window and successfully login.",""
"passed","Sun Jul 03 10:12:02 EEST 2022","Sun Jul 03 10:12:21 EEST 2022","18637","","My Account > Gambling Controls > Account Closure > Self Exclusion","","My Account > Gambling Controls > Account Closure > Self Exclusion","#9 Player can choose 18 months option for 'Self Exclusion' and this option should be selected.","#9 Player can choose 18 months option for 'Self Exclusion' and this option should be selected.",""
"passed","Sun Jul 03 10:18:19 EEST 2022","Sun Jul 03 10:18:29 EEST 2022","10191","","Registration > Step 3","","Registration > Step 3","#16 Phone Number will display an error when entering non-numeric values into input.","#16 Phone Number will display an error when entering non-numeric values into input.",""
"passed","Sun Jul 03 10:27:28 EEST 2022","Sun Jul 03 10:27:50 EEST 2022","21950","","My Account > Gambling Controls > Deposit Limits","","My Account > Gambling Controls > Deposit Limits","#15 Player can successfully change Deposit Limit with a decimal value and receive a success toast on submitting the new amount.","#15 Player can successfully change Deposit Limit with a decimal value and receive a success toast on submitting the new amount.",""
"passed","Sun Jul 03 10:18:12 EEST 2022","Sun Jul 03 10:18:25 EEST 2022","12964","","Promotions functionality testing. Promotions functionality for authenticated user. Particular promotions.","","Promotions functionality testing. Promotions functionality for authenticated user. Particular promotions.","#18 User can close confirmation message, return to the calling page and bonus has been claimed.","#18 User can close confirmation message, return to the calling page and bonus has been claimed.",""
"passed","Sun Jul 03 10:20:34 EEST 2022","Sun Jul 03 10:20:37 EEST 2022","2747","","Promotions functionality testing. Promotions functionality for unauthenticated user.","","Promotions functionality testing. Promotions functionality for unauthenticated user.","#32 Promo title of promotion card is displayed for not login user.","#32 Promo title of promotion card is displayed for not login user.",""
"passed","Sun Jul 03 10:25:54 EEST 2022","Sun Jul 03 10:26:15 EEST 2022","21560","","Registration > Step 4","","Registration > Step 4","#02 User can navigate back to the previous step.","#02 User can navigate back to the previous step.",""
"passed","Sun Jul 03 10:06:18 EEST 2022","Sun Jul 03 10:06:19 EEST 2022","1342","","User come to the 'Planned Maintenance' error page","","User come to the 'Planned Maintenance' error page","#2 User can come to the Home page from ""Planned Maintenance"" error page","#2 User can come to the Home page from ""Planned Maintenance"" error page",""
"passed","Sun Jul 03 10:11:29 EEST 2022","Sun Jul 03 10:11:47 EEST 2022","17336","","My Account > Gambling Controls > Loss Limits","","My Account > Gambling Controls > Loss Limits","#7 User can open the Loss Limits Delete modal on edit icon click and click on edit icon in the input field ","#7 User can open the Loss Limits Delete modal on edit icon click and click on edit icon in the input field ",""
"passed","Sun Jul 03 10:06:57 EEST 2022","Sun Jul 03 10:07:09 EEST 2022","11925","","Home page => Privacy Policy page","","Home page => Privacy Policy page","#3 User can come to the Merkur Casino page from Privacy Policy page","#3 User can come to the Merkur Casino page from Privacy Policy page",""
"passed","Sun Jul 03 10:20:45 EEST 2022","Sun Jul 03 10:20:50 EEST 2022","4558","","Promotions functionality testing. Promotions functionality for unauthenticated user.","","Promotions functionality testing. Promotions functionality for unauthenticated user.","#36 All main sections for card are displayed for OPT IN bonus for unauthenticated user.","#36 All main sections for card are displayed for OPT IN bonus for unauthenticated user.",""
"failed","Sun Jul 03 10:24:41 EEST 2022","Sun Jul 03 10:24:48 EEST 2022","7285","","Slots page","","Slots page","#4 User can see game carousel and can scroll it","#4 User can see game carousel and can scroll it",""
"passed","Sun Jul 03 10:12:28 EEST 2022","Sun Jul 03 10:12:43 EEST 2022","15516","","My Account > Gambling Controls > Account Closure > Take A Break","","My Account > Gambling Controls > Account Closure > Take A Break","#12 Player can continue with chosen 1 week option to 'Take A Break' and confirming modal should display.","#12 Player can continue with chosen 1 week option to 'Take A Break' and confirming modal should display.",""
"passed","Sun Jul 03 10:07:06 EEST 2022","Sun Jul 03 10:07:13 EEST 2022","6848","","Live Casino","","Live Casino","#01 User has not logged in, the user navigates to the live casino page and the live casino page is displayed.","#01 User has not logged in, the user navigates to the live casino page and the live casino page is displayed.",""
"failed","Sun Jul 03 10:27:16 EEST 2022","Sun Jul 03 10:27:27 EEST 2022","11130","","My Profile > Communications Preferences","","My Profile > Communications Preferences","#12 Player can uneselect just phone preferences using the phone toggle (phone already toggled on), which upon saving updates the account area accordingly","#12 Player can uneselect just phone preferences using the phone toggle (phone already toggled on), which upon saving updates the account area accordingly",""
"failed","Sun Jul 03 10:25:33 EEST 2022","Sun Jul 03 10:25:37 EEST 2022","3665","","Home => Terms & Conditions","","Home => Terms & Conditions","#23 User can see the Intellectual Property section on terms and conditions page","#23 User can see the Intellectual Property section on terms and conditions page",""
"passed","Sun Jul 03 10:16:41 EEST 2022","Sun Jul 03 10:16:47 EEST 2022","6389","","Registration > Step 1","","Registration > Step 1","#12 User can successfully enter email address with local domain (.de).","#12 User can successfully enter email address with local domain (.de).",""
"passed","Sun Jul 03 10:07:13 EEST 2022","Sun Jul 03 10:07:17 EEST 2022","4495","","Live Casino","","Live Casino","#02 All available categories are displayed and categories can be scrolled.","#02 All available categories are displayed and categories can be scrolled.",""
"passed","Sun Jul 03 10:17:47 EEST 2022","Sun Jul 03 10:18:07 EEST 2022","19692","","Spin Zone functionality testing","","Spin Zone functionality testing","#3 Player can close Game menu","#3 Player can close Game menu",""
"passed","Sun Jul 03 10:26:36 EEST 2022","Sun Jul 03 10:26:48 EEST 2022","12555","","My Account > Gambling Controls > Deposit Limits","","My Account > Gambling Controls > Deposit Limits","#10 Player can successfully set a daily deposit limit if not already set.","#10 Player can successfully set a daily deposit limit if not already set.",""
"passed","Sun Jul 03 10:06:12 EEST 2022","Sun Jul 03 10:06:18 EEST 2022","6552","","Expired Link Error","","Expired Link Error","#1 Expired Link Error page is displayed","#1 Expired Link Error page is displayed",""
"passed","Sun Jul 03 10:15:33 EEST 2022","Sun Jul 03 10:15:41 EEST 2022","7977","","Registration > Step 1","","Registration > Step 1","#01.1 User can leave the registration process by clicking the Home link and click 'Yes I want to leave'.","#01.1 User can leave the registration process by clicking the Home link and click 'Yes I want to leave'.",""
"passed","Sun Jul 03 10:16:05 EEST 2022","Sun Jul 03 10:16:15 EEST 2022","9351","","Registration > Step 1","","Registration > Step 1","#05 User can select the 'Login' button on the 'Account already exists' drawer and is displayed the Login form.","#05 User can select the 'Login' button on the 'Account already exists' drawer and is displayed the Login form.",""
"skipped","Sun Jul 03 10:14:04 EEST 2022","Sun Jul 03 10:14:04 EEST 2022","0","","My Account > Gambling Controls > Account Closure > Take A Break","","My Account > Gambling Controls > Account Closure > Take A Break","#18 Player can press 'CONFIRM' to finish 'Take A Break' a for 24 hours and should be logged out and unable to sign back into their account.","#18 Player can press 'CONFIRM' to finish 'Take A Break' a for 24 hours and should be logged out and unable to sign back into their account.",""
"passed","Sun Jul 03 10:09:50 EEST 2022","Sun Jul 03 10:10:07 EEST 2022","17054","","My Account > Gambling Controls > Loss Limits","","My Account > Gambling Controls > Loss Limits","#1 User can view their Loss limits ","#1 User can view their Loss limits ",""
"passed","Sun Jul 03 10:20:42 EEST 2022","Sun Jul 03 10:20:45 EEST 2022","2669","","Promotions functionality testing. Promotions functionality for unauthenticated user.","","Promotions functionality testing. Promotions functionality for unauthenticated user.","#35 Short terms and conditions of promotion card is displayed for not login user.","#35 Short terms and conditions of promotion card is displayed for not login user.",""
"passed","Sun Jul 03 10:21:47 EEST 2022","Sun Jul 03 10:21:53 EEST 2022","5925","","Promotions functionality testing. Promotions functionality for unauthenticated user.","","Promotions functionality testing. Promotions functionality for unauthenticated user.","#47 User clicks button DEPOSIT for already DEPOSITED bonus, successfully login and can see drawer ""This promotion is unavailable"".","#47 User clicks button DEPOSIT for already DEPOSITED bonus, successfully login and can see drawer ""This promotion is unavailable"".",""
"skipped","Sun Jul 03 10:12:35 EEST 2022","Sun Jul 03 10:12:35 EEST 2022","0","","My Account > Gambling Controls > Loss Limits","","My Account > Gambling Controls > Loss Limits","#12 User can successfully change their Loss Limit with a decimal value and receive a success toast on submitting the new amount. ","#12 User can successfully change their Loss Limit with a decimal value and receive a success toast on submitting the new amount. ",""
"passed","Sun Jul 03 10:12:20 EEST 2022","Sun Jul 03 10:12:35 EEST 2022","15046","","My Account > Gambling Controls > Loss Limits","","My Account > Gambling Controls > Loss Limits","#10 User can successfully set a monthly loss limit if not already set ","#10 User can successfully set a monthly loss limit if not already set ",""
"passed","Sun Jul 03 10:17:31 EEST 2022","Sun Jul 03 10:17:47 EEST 2022","16278","","Spin Zone functionality testing","","Spin Zone functionality testing","#2 Player can see Resume Game button in the top left of the screen","#2 Player can see Resume Game button in the top left of the screen",""
"passed","Sun Jul 03 10:18:07 EEST 2022","Sun Jul 03 10:18:25 EEST 2022","17684","","Spin Zone functionality testing","","Spin Zone functionality testing","#4 Player can see total withdrawable cash balance","#4 Player can see total withdrawable cash balance",""
"failed","Sun Jul 03 10:23:02 EEST 2022","Sun Jul 03 10:23:07 EEST 2022","4885","","Promotions functionality testing. Bonus details testing.","","Promotions functionality testing. Bonus details testing.","#58 User sees bonuses from this range after select data range on calendar.","#58 User sees bonuses from this range after select data range on calendar.",""
"passed","Sun Jul 03 10:14:35 EEST 2022","Sun Jul 03 10:14:45 EEST 2022","10542","","Recover Password","","Recover Password","#02 Player cannot submit a blank email address on the recover password form.","#02 Player cannot submit a blank email address on the recover password form.",""
"passed","Sun Jul 03 10:16:57 EEST 2022","Sun Jul 03 10:17:03 EEST 2022","5724","","Registration > Step 1","","Registration > Step 1","#28 User can enter valid details on Step 1 and progress to Step 2 of the registration process.","#28 User can enter valid details on Step 1 and progress to Step 2 of the registration process.",""
"passed","Sun Jul 03 10:11:43 EEST 2022","Sun Jul 03 10:12:02 EEST 2022","19090","","My Account > Gambling Controls > Account Closure > Self Exclusion","","My Account > Gambling Controls > Account Closure > Self Exclusion","#8 Player can choose 12 months option for 'Self Exclusion' and this option should be selected.","#8 Player can choose 12 months option for 'Self Exclusion' and this option should be selected.",""
"failed","Sun Jul 03 10:24:36 EEST 2022","Sun Jul 03 10:24:41 EEST 2022","4965","","Slots page","","Slots page","#3 User can see static hero banner carousel and can click on it and see game info page","#3 User can see static hero banner carousel and can click on it and see game info page",""
"passed","Sun Jul 03 10:15:05 EEST 2022","Sun Jul 03 10:15:15 EEST 2022","9973","","Recover Password","","Recover Password","#05 Player receives 'Sent' success feedback on submitting a valid email address.","#05 Player receives 'Sent' success feedback on submitting a valid email address.",""
"passed","Sun Jul 03 10:06:38 EEST 2022","Sun Jul 03 10:06:47 EEST 2022","8505","","Home page => Privacy Policy page","","Home page => Privacy Policy page","#1 User can come to the Eyas Gaming page from Privacy Policy page","#1 User can come to the Eyas Gaming page from Privacy Policy page",""
"passed","Sun Jul 03 10:23:31 EEST 2022","Sun Jul 03 10:23:37 EEST 2022","6221","","Footer functionality testing","","Footer functionality testing","#2 Player can see payment logos","#2 Player can see payment logos",""
"passed","Sun Jul 03 10:16:28 EEST 2022","Sun Jul 03 10:16:35 EEST 2022","7379","","Registration > Step 2","","Registration > Step 2","#11 User can enter valid details on Step 2 and progress to Step 3 of the registration process.","#11 User can enter valid details on Step 2 and progress to Step 3 of the registration process.",""
"passed","Sun Jul 03 10:16:51 EEST 2022","Sun Jul 03 10:16:57 EEST 2022","6799","","Registration > Step 2","","Registration > Step 2","#14 User cannot enter invalid characters into the date of birth field.","#14 User cannot enter invalid characters into the date of birth field.",""
"passed","Sun Jul 03 10:12:12 EEST 2022","Sun Jul 03 10:12:28 EEST 2022","15231","","My Account > Gambling Controls > Account Closure > Take A Break","","My Account > Gambling Controls > Account Closure > Take A Break","#11 Player can continue with chosen 24 hours option to 'Take A Break' and confirming modal should display.","#11 Player can continue with chosen 24 hours option to 'Take A Break' and confirming modal should display.",""
"passed","Sun Jul 03 10:10:58 EEST 2022","Sun Jul 03 10:11:12 EEST 2022","14388","","My Account > Gambling Controls > Account Closure > Take A Break","","My Account > Gambling Controls > Account Closure > Take A Break","#5 Player cannot continue with 'Take A Break' if a duration is not selected.","#5 Player cannot continue with 'Take A Break' if a duration is not selected.",""
"passed","Sun Jul 03 10:25:07 EEST 2022","Sun Jul 03 10:25:22 EEST 2022","15319","","My Account > Gambling Controls > Deposit Limits","","My Account > Gambling Controls > Deposit Limits","#5 Player can open the Deposit Limits Edit modal on edit icon click.","#5 Player can open the Deposit Limits Edit modal on edit icon click.",""
"passed","Sun Jul 03 10:27:27 EEST 2022","Sun Jul 03 10:27:44 EEST 2022","17163","","My Profile > Communications Preferences","","My Profile > Communications Preferences","#13 Player can uneselect just post preferences using the post toggle (post already toggled on), which upon saving updates the account area accordingly","#13 Player can uneselect just post preferences using the post toggle (post already toggled on), which upon saving updates the account area accordingly",""
"failed","Sun Jul 03 10:21:37 EEST 2022","Sun Jul 03 10:21:47 EEST 2022","10340","","Promotions functionality testing. Promotions functionality for unauthenticated user.","","Promotions functionality testing. Promotions functionality for unauthenticated user.","#46 User clicks button CLAIM for already CLAIMED bonus, successfully login and can see drawer ""This promotion is unavailable"".","#46 User clicks button CLAIM for already CLAIMED bonus, successfully login and can see drawer ""This promotion is unavailable"".",""
"failed","Sun Jul 03 10:23:52 EEST 2022","Sun Jul 03 10:23:56 EEST 2022","4352","","Home => Terms & Conditions","","Home => Terms & Conditions","#4 User can come to the Responsible Gambling page from terms and conditions page","#4 User can come to the Responsible Gambling page from terms and conditions page",""
"passed","Sun Jul 03 10:08:16 EEST 2022","Sun Jul 03 10:08:29 EEST 2022","13195","","Live Casino","","Live Casino","#18 User has logged in, card is displayed, user hover a mouse on that card, the secondary CTA is INFO, user clicks/taps on CTA INFO, user go to info page of the game, user click on CTA PLAY GAME then user go to the game.","#18 User has logged in, card is displayed, user hover a mouse on that card, the secondary CTA is INFO, user clicks/taps on CTA INFO, user go to info page of the game, user click on CTA PLAY GAME then user go to the game.",""
"passed","Sun Jul 03 10:14:17 EEST 2022","Sun Jul 03 10:14:26 EEST 2022","9406","","Promotions functionality testing. Promotions functionality for authenticated user. Blocks of promotions.","","Promotions functionality testing. Promotions functionality for authenticated user. Blocks of promotions.","#1 Featured Promotions and Promotions section are displayed.","#1 Featured Promotions and Promotions section are displayed.",""
"passed","Sun Jul 03 10:13:14 EEST 2022","Sun Jul 03 10:13:31 EEST 2022","17556","","My Profile > Contact Details","","My Profile > Contact Details","# Player can select to edit their telephone number and close the modal to cancel out of the process.","# Player can select to edit their telephone number and close the modal to cancel out of the process.",""
"failed","Sun Jul 03 10:24:48 EEST 2022","Sun Jul 03 10:24:53 EEST 2022","5198","","Slots page","","Slots page","#5 User can see on hero banner carousel primary button CTA, can click on it and see game info page","#5 User can see on hero banner carousel primary button CTA, can click on it and see game info page",""
"passed","Sun Jul 03 10:20:28 EEST 2022","Sun Jul 03 10:20:31 EEST 2022","2824","","Promotions functionality testing. Promotions functionality for unauthenticated user.","","Promotions functionality testing. Promotions functionality for unauthenticated user.","#30 Promo image of promotion card is displayed for not login user.","#30 Promo image of promotion card is displayed for not login user.",""
"passed","Sun Jul 03 10:28:17 EEST 2022","Sun Jul 03 10:28:30 EEST 2022","13243","","My Account > Gambling Controls > Deposit Limits","","My Account > Gambling Controls > Deposit Limits","#20 Player can close 'History' modal.","#20 Player can close 'History' modal.",""
"passed","Sun Jul 03 10:23:21 EEST 2022","Sun Jul 03 10:23:34 EEST 2022","12372","","Homepage","","Homepage","#1 Player can navigate to the registration page via the 'Join'.","#1 Player can navigate to the registration page via the 'Join'.",""
"passed","Sun Jul 03 10:13:06 EEST 2022","Sun Jul 03 10:13:20 EEST 2022","13964","","My Account > Settings > Change Password","","My Account > Settings > Change Password","#2 Player can cancel out of the Change Password modal.","#2 Player can cancel out of the Change Password modal.",""
"failed","Sun Jul 03 10:26:32 EEST 2022","Sun Jul 03 10:27:00 EEST 2022","27271","","UnsubscribePage","","UnsubscribePage","#2 User can click on ‘I’ve changed my mind’ button and go to home page.","#2 User can click on ‘I’ve changed my mind’ button and go to home page.",""
"passed","Sun Jul 03 10:13:31 EEST 2022","Sun Jul 03 10:13:47 EEST 2022","16125","","My Profile > Contact Details","","My Profile > Contact Details","#04 Player can update their telephone number.","#04 Player can update their telephone number.",""
"failed","Sun Jul 03 10:21:53 EEST 2022","Sun Jul 03 10:22:15 EEST 2022","21689","","Promotions functionality testing. Bonus details testing.","","Promotions functionality testing. Bonus details testing.","#48 Bonus balance category is not displayed for not logged in user.","#48 Bonus balance category is not displayed for not logged in user.",""
"passed","Sun Jul 03 10:16:35 EEST 2022","Sun Jul 03 10:16:43 EEST 2022","7765","","Registration > Step 2","","Registration > Step 2","#12 User cannot enter an invalid date into the date of birth field.","#12 User cannot enter an invalid date into the date of birth field.",""
"skipped","Sun Jul 03 10:07:27 EEST 2022","Sun Jul 03 10:07:27 EEST 2022","0","","Live Casino","","Live Casino","#10 User can go to the category after clicks/taps on CTA VIEW GAMES.","#10 User can go to the category after clicks/taps on CTA VIEW GAMES.",""
"failed","Sun Jul 03 10:22:33 EEST 2022","Sun Jul 03 10:22:37 EEST 2022","4914","","Promotions functionality testing. Bonus details testing.","","Promotions functionality testing. Bonus details testing.","#52 User see related information to bonus after clicking on arrow on the right side of bonus for my bonus activity.","#52 User see related information to bonus after clicking on arrow on the right side of bonus for my bonus activity.",""
"failed","Sun Jul 03 10:24:26 EEST 2022","Sun Jul 03 10:24:36 EEST 2022","9593","","Slots page","","Slots page","#2 User can see hero banner carousel and can scroll it","#2 User can see hero banner carousel and can scroll it",""
"passed","Sun Jul 03 10:26:58 EEST 2022","Sun Jul 03 10:27:16 EEST 2022","17497","","My Profile > Communications Preferences","","My Profile > Communications Preferences","#11 Player can uneselect just text preferences using the text toggle (text already toggled on), which upon saving updates the account area accordingly","#11 Player can uneselect just text preferences using the text toggle (text already toggled on), which upon saving updates the account area accordingly",""
"passed","Sun Jul 03 10:24:33 EEST 2022","Sun Jul 03 10:24:47 EEST 2022","13791","","My Account -> Deposit","","My Account -> Deposit","#6 Check user is able to select PayPal payment method and is provided with the correct information for this payment method","#6 Check user is able to select PayPal payment method and is provided with the correct information for this payment method",""
"passed","Sun Jul 03 10:16:36 EEST 2022","Sun Jul 03 10:16:47 EEST 2022","11447","","Registration > Step 3","","Registration > Step 3","#04 City field is a mandatory field.","#04 City field is a mandatory field.",""
"passed","Sun Jul 03 10:24:11 EEST 2022","Sun Jul 03 10:24:18 EEST 2022","6250","","Home => Terms & Conditions","","Home => Terms & Conditions","#7 User can come to the GamStop page from terms and conditions page","#7 User can come to the GamStop page from terms and conditions page",""
"passed","Sun Jul 03 10:11:43 EEST 2022","Sun Jul 03 10:11:58 EEST 2022","15514","","My Account > Gambling Controls > Account Closure > Take A Break","","My Account > Gambling Controls > Account Closure > Take A Break","#9 Player can choose 4 weeks option for 'Take A Break' and this option should be selected.","#9 Player can choose 4 weeks option for 'Take A Break' and this option should be selected.",""
"passed","Sun Jul 03 10:25:22 EEST 2022","Sun Jul 03 10:25:41 EEST 2022","18098","","My Account > Gambling Controls > Deposit Limits","","My Account > Gambling Controls > Deposit Limits","#6 Player can close the Deposit Limits Edit modal","#6 Player can close the Deposit Limits Edit modal",""
"passed","Sun Jul 03 10:21:05 EEST 2022","Sun Jul 03 10:21:09 EEST 2022","3710","","Promotions functionality testing. Promotions functionality for unauthenticated user.","","Promotions functionality testing. Promotions functionality for unauthenticated user.","#41 Login form appears after press DEPOSIT CTA for DEPOSIT bonus of unauthenticated user.","#41 Login form appears after press DEPOSIT CTA for DEPOSIT bonus of unauthenticated user.",""
"passed","Sun Jul 03 10:25:17 EEST 2022","Sun Jul 03 10:25:22 EEST 2022","5731","","Slots page","","Slots page","#9 User hover the game card and click on it and login modal appears","#9 User hover the game card and click on it and login modal appears",""
"passed","Sun Jul 03 10:17:32 EEST 2022","Sun Jul 03 10:17:50 EEST 2022","18718","","Promotions functionality testing. Promotions functionality for authenticated user. Particular promotions.","","Promotions functionality testing. Promotions functionality for authenticated user. Particular promotions.","#16 User can opt in bonus and get confirmation modal with all sections.","#16 User can opt in bonus and get confirmation modal with all sections.",""
"passed","Sun Jul 03 10:15:52 EEST 2022","Sun Jul 03 10:15:59 EEST 2022","7215","","Registration > Step 2","","Registration > Step 2","#04 Last Name is a mandatory field.","#04 Last Name is a mandatory field.",""
"passed","Sun Jul 03 10:06:17 EEST 2022","Sun Jul 03 10:06:21 EEST 2022","4218","","Service unavailable","","Service unavailable","#1 User can come to the home page from Error 500 page","#1 User can come to the home page from Error 500 page",""
"passed","Sun Jul 03 10:14:54 EEST 2022","Sun Jul 03 10:15:12 EEST 2022","18451","","Promotions functionality testing. Promotions functionality for authenticated user. Blocks of promotions.","","Promotions functionality testing. Promotions functionality for authenticated user. Blocks of promotions.","#5 Featured promotions are displayed in correct order.","#5 Featured promotions are displayed in correct order.",""
"passed","Sun Jul 03 10:19:47 EEST 2022","Sun Jul 03 10:20:03 EEST 2022","15877","","Spin Zone functionality testing","","Spin Zone functionality testing","#10 Player can close game","#10 Player can close game",""
"passed","Sun Jul 03 10:13:37 EEST 2022","Sun Jul 03 10:13:56 EEST 2022","18150","","My Account > Gambling Controls > Account Closure > Self Exclusion","","My Account > Gambling Controls > Account Closure > Self Exclusion","#14 Player can continue with chosen 18 months option to 'Self Exclusion' and confirming modal should display.","#14 Player can continue with chosen 18 months option to 'Self Exclusion' and confirming modal should display.",""
"passed","Sun Jul 03 10:27:27 EEST 2022","Sun Jul 03 10:27:37 EEST 2022","9662","","Registration > Step 4","","Registration > Step 4","#13 User doesn`t click on confirm checkbox, tries to click success registration button and error text is shown.","#13 User doesn`t click on confirm checkbox, tries to click success registration button and error text is shown.",""
"passed","Sun Jul 03 10:06:11 EEST 2022","Sun Jul 03 10:06:17 EEST 2022","5147","","Service unavailable","","Service unavailable","#0 User come to the Location Error page, when service is unavailable","#0 User come to the Location Error page, when service is unavailable",""
"passed","Sun Jul 03 10:23:56 EEST 2022","Sun Jul 03 10:24:00 EEST 2022","3718","","Home => Terms & Conditions","","Home => Terms & Conditions","#5 User can come to the Gamble Aware page from terms and conditions page","#5 User can come to the Gamble Aware page from terms and conditions page",""
"passed","Sun Jul 03 10:25:23 EEST 2022","Sun Jul 03 10:25:29 EEST 2022","5273","","Home => Terms & Conditions","","Home => Terms & Conditions","#21 User can see the Responsible Gambling section on terms and conditions page","#21 User can see the Responsible Gambling section on terms and conditions page",""
"passed","Sun Jul 03 10:07:55 EEST 2022","Sun Jul 03 10:08:08 EEST 2022","12394","","Home page => Privacy Policy page","","Home page => Privacy Policy page","#7 After clicking on the first link from 'What personal data do we collect? -> Players', the user should see the page  https://www.merkurslots.com/.","#7 After clicking on the first link from 'What personal data do we collect? -> Players', the user should see the page  https://www.merkurslots.com/.",""
"passed","Sun Jul 03 10:25:19 EEST 2022","Sun Jul 03 10:25:38 EEST 2022","19240","","Homepage","","Homepage","#9 Bonus amount is updated correctly in the dropdown details when bonus balance is adjusted","#9 Bonus amount is updated correctly in the dropdown details when bonus balance is adjusted",""
"failed","Sun Jul 03 10:24:47 EEST 2022","Sun Jul 03 10:24:51 EEST 2022","4285","","Home => Terms & Conditions","","Home => Terms & Conditions","#13 User can see the Other Important Terms section on terms and conditions page","#13 User can see the Other Important Terms section on terms and conditions page",""
"passed","Sun Jul 03 10:09:32 EEST 2022","Sun Jul 03 10:09:43 EEST 2022","10920","","Inbox functionality testing","","Inbox functionality testing","#15 Player is presented with an Empty Inbox image if the Inbox is empty (rather than a heading & message list)","#15 Player is presented with an Empty Inbox image if the Inbox is empty (rather than a heading & message list)",""
"passed","Sun Jul 03 10:17:03 EEST 2022","Sun Jul 03 10:17:10 EEST 2022","6619","","Registration > Step 1","","Registration > Step 1","#29 User can successfully enter email address with uppercase letters.","#29 User can successfully enter email address with uppercase letters.",""
"passed","Sun Jul 03 10:25:10 EEST 2022","Sun Jul 03 10:25:14 EEST 2022","3809","","Home => Terms & Conditions","","Home => Terms & Conditions","#18 User can see the Anti-Money Laundering section on terms and conditions page","#18 User can see the Anti-Money Laundering section on terms and conditions page",""
"passed","Sun Jul 03 10:13:47 EEST 2022","Sun Jul 03 10:14:05 EEST 2022","17184","","My Profile > Contact Details","","My Profile > Contact Details","#05 Player try to update invalid phone number.","#05 Player try to update invalid phone number.",""
"passed","Sun Jul 03 10:26:24 EEST 2022","Sun Jul 03 10:26:42 EEST 2022","17777","","My Profile > Communications Preferences","","My Profile > Communications Preferences","#9 Player can unselect all preferences using the select all toggle (select all toggle already active), which upon saving updates the account area accordingly","#9 Player can unselect all preferences using the select all toggle (select all toggle already active), which upon saving updates the account area accordingly",""
"passed","Sun Jul 03 10:16:24 EEST 2022","Sun Jul 03 10:16:38 EEST 2022","14305","","Promotions functionality testing. Promotions functionality for authenticated user. Particular promotions.","","Promotions functionality testing. Promotions functionality for authenticated user. Particular promotions.","#11 All main sections for card are displayed for DEPOSIT bonus.","#11 All main sections for card are displayed for DEPOSIT bonus.",""
"skipped","Sun Jul 03 10:11:06 EEST 2022","Sun Jul 03 10:11:06 EEST 2022","1","","My Account > Gambling Controls > Account Closure > Self Exclusion","","My Account > Gambling Controls > Account Closure > Self Exclusion","#4 Player cannot continue with 'Self Exclusion' if a reason is not selected.","#4 Player cannot continue with 'Self Exclusion' if a reason is not selected.",""
"passed","Sun Jul 03 10:17:04 EEST 2022","Sun Jul 03 10:17:18 EEST 2022","13489","","Promotions functionality testing. Promotions functionality for authenticated user. Particular promotions.","","Promotions functionality testing. Promotions functionality for authenticated user. Particular promotions.","#14 User can click OPT IN primary CTA in more info details page and get confirmation modal with all sections.","#14 User can click OPT IN primary CTA in more info details page and get confirmation modal with all sections.",""
"passed","Sun Jul 03 10:12:57 EEST 2022","Sun Jul 03 10:13:18 EEST 2022","21084","","My Account > Gambling Controls > Account Closure > Self Exclusion","","My Account > Gambling Controls > Account Closure > Self Exclusion","#12 Player can continue with chosen 6 months option to 'Self Exclusion' and confirming modal should display.","#12 Player can continue with chosen 6 months option to 'Self Exclusion' and confirming modal should display.",""
"passed","Sun Jul 03 10:08:04 EEST 2022","Sun Jul 03 10:08:16 EEST 2022","11583","","Live Casino","","Live Casino","#17 User has logged in, card is displayed, user hover a mouse on that card, the primary CTA is PLAY NOW, user clicks/taps on CTA PLAY NOW then user go to the game.","#17 User has logged in, card is displayed, user hover a mouse on that card, the primary CTA is PLAY NOW, user clicks/taps on CTA PLAY NOW then user go to the game.",""
"passed","Sun Jul 03 10:14:49 EEST 2022","Sun Jul 03 10:15:03 EEST 2022","13389","","My Account > Settings > Change Password","","My Account > Settings > Change Password","#9 New password must contain a combination of upper and lower case letters (all upper case).","#9 New password must contain a combination of upper and lower case letters (all upper case).",""
"passed","Sun Jul 03 10:25:33 EEST 2022","Sun Jul 03 10:25:50 EEST 2022","16818","","My Profile > Communications Preferences","","My Profile > Communications Preferences","#6 Player can edit their preferences and select just the Text toggle, which upon saving updates the account area accordingly","#6 Player can edit their preferences and select just the Text toggle, which upon saving updates the account area accordingly",""
"passed","Sun Jul 03 10:18:25 EEST 2022","Sun Jul 03 10:18:39 EEST 2022","14764","","Promotions functionality testing. Promotions functionality for authenticated user. Particular promotions.","","Promotions functionality testing. Promotions functionality for authenticated user. Particular promotions.","#19 User can click DEPOSIT CTA for deposit bonus and open deposit bonus modal with displaying all sections.","#19 User can click DEPOSIT CTA for deposit bonus and open deposit bonus modal with displaying all sections.",""
"passed","Sun Jul 03 10:12:49 EEST 2022","Sun Jul 03 10:13:06 EEST 2022","16591","","My Account > Settings > Change Password","","My Account > Settings > Change Password","#1 Player can close the Change Password modal.","#1 Player can close the Change Password modal.",""
"passed","Sun Jul 03 10:11:12 EEST 2022","Sun Jul 03 10:11:27 EEST 2022","14738","","My Account > Gambling Controls > Account Closure > Take A Break","","My Account > Gambling Controls > Account Closure > Take A Break","#7 Player can choose 24 hours option for 'Take A Break' and this option should be selected.","#7 Player can choose 24 hours option for 'Take A Break' and this option should be selected.",""
"passed","Sun Jul 03 10:26:15 EEST 2022","Sun Jul 03 10:26:26 EEST 2022","11185","","Registration > Step 4","","Registration > Step 4","#06 User can opt in to receive Post marketing preferences.","#06 User can opt in to receive Post marketing preferences.",""
"passed","Sun Jul 03 10:21:13 EEST 2022","Sun Jul 03 10:21:18 EEST 2022","5125","","Promotions functionality testing. Promotions functionality for unauthenticated user.","","Promotions functionality testing. Promotions functionality for unauthenticated user.","#43 User can go to More Info details after click More Info CTA.","#43 User can go to More Info details after click More Info CTA.",""
"passed","Sun Jul 03 10:25:06 EEST 2022","Sun Jul 03 10:25:17 EEST 2022","10220","","Slots page","","Slots page","#8 User hover the game card and click on CTA 'INFO' and go to info page, click on JOIN and see register page","#8 User hover the game card and click on CTA 'INFO' and go to info page, click on JOIN and see register page",""
"passed","Sun Jul 03 10:09:31 EEST 2022","Sun Jul 03 10:09:47 EEST 2022","15326","","Deep Link -> Deposit Limits","","Deep Link -> Deposit Limits","#2 Deep link to deposit limits open login when not logged in before deposit limits","#2 Deep link to deposit limits open login when not logged in before deposit limits",""
"passed","Sun Jul 03 10:16:10 EEST 2022","Sun Jul 03 10:16:24 EEST 2022","13543","","Promotions functionality testing. Promotions functionality for authenticated user. Particular promotions.","","Promotions functionality testing. Promotions functionality for authenticated user. Particular promotions.","#10 All main sections for card are displayed for OPT IN bonus.","#10 All main sections for card are displayed for OPT IN bonus.",""
"passed","Sun Jul 03 10:16:52 EEST 2022","Sun Jul 03 10:16:57 EEST 2022","5247","","Registration > Step 1","","Registration > Step 1","#23 User cannot continue to next step if their password does not meet the minimum password requirements.","#23 User cannot continue to next step if their password does not meet the minimum password requirements.",""
"passed","Sun Jul 03 10:16:23 EEST 2022","Sun Jul 03 10:16:30 EEST 2022","6863","","Registration > Step 1","","Registration > Step 1","#07 User can not enter an invaild email address (no @ sign).","#07 User can not enter an invaild email address (no @ sign).",""
"passed","Sun Jul 03 10:19:49 EEST 2022","Sun Jul 03 10:20:05 EEST 2022","16081","","Promotions functionality testing. Promotions functionality for authenticated user. Particular promotions.","","Promotions functionality testing. Promotions functionality for authenticated user. Particular promotions.","#24 User can close deposit bonus modal, remove display bonus modal and return to the launch screen.","#24 User can close deposit bonus modal, remove display bonus modal and return to the launch screen.",""
"failed","Sun Jul 03 10:26:02 EEST 2022","Sun Jul 03 10:26:32 EEST 2022","30139","","UnsubscribePage","","UnsubscribePage","#1 Unsubscribe page is displayed with correct content.","#1 Unsubscribe page is displayed with correct content.",""
"failed","Sun Jul 03 10:27:00 EEST 2022","Sun Jul 03 10:27:27 EEST 2022","27604","","UnsubscribePage","","UnsubscribePage","#3 User can click on ‘Unsubscribe’ button and successfully unsubscribe window will be displayed with the correct content","#3 User can click on ‘Unsubscribe’ button and successfully unsubscribe window will be displayed with the correct content",""
"passed","Sun Jul 03 10:07:27 EEST 2022","Sun Jul 03 10:07:33 EEST 2022","6558","","Live Casino","","Live Casino","#11 Card is displayed, user hover a mouse on that card then the primary CTA will be PLAY NOW, the secondary CTA will be INFO icon","#11 Card is displayed, user hover a mouse on that card then the primary CTA will be PLAY NOW, the secondary CTA will be INFO icon",""
"passed","Sun Jul 03 10:10:32 EEST 2022","Sun Jul 03 10:10:50 EEST 2022","18829","","My Account > Gambling Controls > Play Reminders","","My Account > Gambling Controls > Play Reminders","#3 Player can cancel out of the 'Time Limit' modal.","#3 Player can cancel out of the 'Time Limit' modal.",""
"passed","Sun Jul 03 10:23:44 EEST 2022","Sun Jul 03 10:23:48 EEST 2022","4227","","404 error page functionality testing.","","404 error page functionality testing.","#4 Player can click ""Join"" button and after that it will redirect to Register page.","#4 Player can click ""Join"" button and after that it will redirect to Register page.",""
"passed","Sun Jul 03 10:07:07 EEST 2022","Sun Jul 03 10:07:17 EEST 2022","10084","","Inbox functionality testing","","Inbox functionality testing","#4 Player can see their message list, with messages displaying the correct information (if messages > 1)","#4 Player can see their message list, with messages displaying the correct information (if messages > 1)",""
"passed","Sun Jul 03 10:24:58 EEST 2022","Sun Jul 03 10:25:16 EEST 2022","18107","","My Profile > Communications Preferences","","My Profile > Communications Preferences","#4 Player can edit their preferences and toggle all preferences with the select all toggle, which upon saving updates the account area","#4 Player can edit their preferences and toggle all preferences with the select all toggle, which upon saving updates the account area",""
"passed","Sun Jul 03 10:18:39 EEST 2022","Sun Jul 03 10:18:58 EEST 2022","18340","","Promotions functionality testing. Promotions functionality for authenticated user. Particular promotions.","","Promotions functionality testing. Promotions functionality for authenticated user. Particular promotions.","#20 Error message is displayed after user enters amount that is less than the qualification amount for deposit bonus.","#20 Error message is displayed after user enters amount that is less than the qualification amount for deposit bonus.",""
"passed","Sun Jul 03 10:24:29 EEST 2022","Sun Jul 03 10:24:44 EEST 2022","15026","","Homepage","","Homepage","#6 The details balance card is dismissed when the user clicks and drags the footer","#6 The details balance card is dismissed when the user clicks and drags the footer",""
"passed","Sun Jul 03 10:07:57 EEST 2022","Sun Jul 03 10:08:07 EEST 2022","10294","","Inbox functionality testing","","Inbox functionality testing","#8 Player with 15 or more messages, view more button is shown","#8 Player with 15 or more messages, view more button is shown",""
"passed","Sun Jul 03 10:08:42 EEST 2022","Sun Jul 03 10:08:58 EEST 2022","16136","","Logout","","Logout","#01 Player can successfully logout.","#01 Player can successfully logout.",""
"passed","Sun Jul 03 10:08:22 EEST 2022","Sun Jul 03 10:08:33 EEST 2022","10551","","Log In","","Log In","#04 Player cannot submit blank details on the Login Form.","#04 Player cannot submit blank details on the Login Form.",""
"skipped","Sun Jul 03 10:11:12 EEST 2022","Sun Jul 03 10:11:12 EEST 2022","1","","My Account > Gambling Controls > Account Closure > Take A Break","","My Account > Gambling Controls > Account Closure > Take A Break","#6 Player can select a reason for taking a break from the drop down menu.","#6 Player can select a reason for taking a break from the drop down menu.",""
"passed","Sun Jul 03 10:25:28 EEST 2022","Sun Jul 03 10:25:40 EEST 2022","12001","","Slots page","","Slots page","#11 User logged in and hover the game card and click on CTA ""PLAY NOW"" and go to game page","#11 User logged in and hover the game card and click on CTA ""PLAY NOW"" and go to game page",""
"passed","Sun Jul 03 10:10:54 EEST 2022","Sun Jul 03 10:11:10 EEST 2022","15722","","My Account > Gambling Controls > Loss Limits","","My Account > Gambling Controls > Loss Limits","#5 User can close the Loss Limits Delete modal ","#5 User can close the Loss Limits Delete modal ",""
"passed","Sun Jul 03 10:12:04 EEST 2022","Sun Jul 03 10:12:20 EEST 2022","15607","","My Account > Gambling Controls > Loss Limits","","My Account > Gambling Controls > Loss Limits","#9 User can successfully set a weekly loss limit if not already set ","#9 User can successfully set a weekly loss limit if not already set ",""
"passed","Sun Jul 03 10:23:39 EEST 2022","Sun Jul 03 10:23:44 EEST 2022","4919","","404 error page functionality testing.","","404 error page functionality testing.","#3 Player can click ""Logo"" button and after that it will redirect to Home page.","#3 Player can click ""Logo"" button and after that it will redirect to Home page.",""
"passed","Sun Jul 03 10:23:44 EEST 2022","Sun Jul 03 10:24:00 EEST 2022","15576","","Homepage","","Homepage","#3 The detailed balance card is shown when the dropdown chevron is clicked","#3 The detailed balance card is shown when the dropdown chevron is clicked",""
