"Status","Start Time","Stop Time","Duration in ms","Parent Suite","Suite","Sub Suite","Test Class","Test Method","Name","Description"
"passed","Thu Apr 14 18:50:14 EEST 2022","Thu Apr 14 18:50:35 EEST 2022","21035","","Expired Link Error","","Expired Link Error","#10 User can click on 'Deposit' button opens Deposit window","#10 User can click on 'Deposit' button opens Deposit window",""
"passed","Thu Apr 14 19:01:06 EEST 2022","Thu Apr 14 19:01:17 EEST 2022","10969","","Registration > Step 3","","Registration > Step 3","#01 User is displayed the correct content and input fields for Step 3.","#01 User is displayed the correct content and input fields for Step 3.",""
"passed","Thu Apr 14 18:53:15 EEST 2022","Thu Apr 14 18:53:25 EEST 2022","10517","","Log In","","Log In","#07 Player cannot login when entering an incorrect password.","#07 Player cannot login when entering an incorrect password.",""
"failed","Thu Apr 14 19:14:45 EEST 2022","Thu Apr 14 19:16:18 EEST 2022","93402","","My Account > Gambling Controls > Account Closure > Take A Break","","My Account > Gambling Controls > Account Closure > Take A Break","#1 Player can select take a break menu item from 'Account Closure' and Take A Break contain is displayed.","#1 Player can select take a break menu item from 'Account Closure' and Take A Break contain is displayed.",""
"passed","Thu Apr 14 18:55:43 EEST 2022","Thu Apr 14 18:56:02 EEST 2022","19202","","My Account > Gambling Controls > Loss Limits","","My Account > Gambling Controls > Loss Limits","#5 User can close the Loss Limits Delete modal ","#5 User can close the Loss Limits Delete modal ",""
"passed","Thu Apr 14 18:53:58 EEST 2022","Thu Apr 14 18:54:12 EEST 2022","14159","","Inbox functionality testing","","Inbox functionality testing","#13 Unread message count is not present on Inbox navigation bar icon if no messages","#13 Unread message count is not present on Inbox navigation bar icon if no messages",""
"passed","Thu Apr 14 19:13:32 EEST 2022","Thu Apr 14 19:13:39 EEST 2022","7286","","Home page => Privacy Policy page","","Home page => Privacy Policy page","#2 User can come to the Merkur Slots page from Privacy Policy page","#2 User can come to the Merkur Slots page from Privacy Policy page",""
"failed","Thu Apr 14 18:59:57 EEST 2022","Thu Apr 14 19:00:15 EEST 2022","18035","","Promotions functionality testing. Promotions functionality for authenticated user. Blocks of promotions.","","Promotions functionality testing. Promotions functionality for authenticated user. Blocks of promotions.","#2 All active promotions cards are displayed.","#2 All active promotions cards are displayed.",""
"passed","Thu Apr 14 19:13:35 EEST 2022","Thu Apr 14 19:13:42 EEST 2022","6205","","Home => Terms & Conditions","","Home => Terms & Conditions","#3 User can come to the Gambling commission page from terms and conditions page","#3 User can come to the Gambling commission page from terms and conditions page",""
"failed","Thu Apr 14 19:13:31 EEST 2022","Thu Apr 14 19:13:38 EEST 2022","6629","","Home page => Responsible Gambling page","","Home page => Responsible Gambling page","#2 User can come to the ""Help for problem gambling"" page from Responsible Gambling page","#2 User can come to the ""Help for problem gambling"" page from Responsible Gambling page",""
"passed","Thu Apr 14 19:03:13 EEST 2022","Thu Apr 14 19:03:22 EEST 2022","9257","","UnsubscribePage","","UnsubscribePage","#3 User can click on ‘Unsubscribe’ button and successfully unsubscribe window will be displayed with the correct content","#3 User can click on ‘Unsubscribe’ button and successfully unsubscribe window will be displayed with the correct content",""
"passed","Thu Apr 14 19:17:01 EEST 2022","Thu Apr 14 19:18:10 EEST 2022","68769","","Slots page","","Slots page","#1 User can navigates to the slots page and all elements are persisted on the page","#1 User can navigates to the slots page and all elements are persisted on the page",""
"passed","Thu Apr 14 19:12:31 EEST 2022","Thu Apr 14 19:13:23 EEST 2022","52353","","Homepage","","Homepage","#1 Player can navigate to the registration page via the 'Join'.","#1 Player can navigate to the registration page via the 'Join'.",""
"passed","Thu Apr 14 18:51:40 EEST 2022","Thu Apr 14 18:52:17 EEST 2022","36044","","Log In","","Log In","#01 Player can open the Log In modal and is displayed with the correct fields.","#01 Player can open the Log In modal and is displayed with the correct fields.",""
"passed","Thu Apr 14 18:50:36 EEST 2022","Thu Apr 14 18:50:58 EEST 2022","21944","","Inbox functionality testing","","Inbox functionality testing","#3 New messages are marked with a NEW message sticker","#3 New messages are marked with a NEW message sticker",""
"passed","Thu Apr 14 18:52:46 EEST 2022","Thu Apr 14 18:53:01 EEST 2022","15516","","Logout","","Logout","#02 Player is logged out of site if clearing there cookies.","#02 Player is logged out of site if clearing there cookies.",""
"passed","Thu Apr 14 19:20:32 EEST 2022","Thu Apr 14 19:20:43 EEST 2022","11247","","My Account > Gambling Controls > Deposit Limits","","My Account > Gambling Controls > Deposit Limits","#11 Player can successfully set a weekly deposit limit if not already set.","#11 Player can successfully set a weekly deposit limit if not already set.",""
"failed","Thu Apr 14 19:16:18 EEST 2022","Thu Apr 14 19:17:29 EEST 2022","71081","","My Account > Gambling Controls > Account Closure > Take A Break","","My Account > Gambling Controls > Account Closure > Take A Break","#2 Player can close the take a break modal.","#2 Player can close the take a break modal.",""
"passed","Thu Apr 14 19:21:26 EEST 2022","Thu Apr 14 19:21:43 EEST 2022","16225","","My Profile > Communications Preferences","","My Profile > Communications Preferences","#9 Player can unselect all preferences using the select all toggle (select all toggle already active), which upon saving updates the account area accordingly","#9 Player can unselect all preferences using the select all toggle (select all toggle already active), which upon saving updates the account area accordingly",""
"passed","Thu Apr 14 19:01:12 EEST 2022","Thu Apr 14 19:01:16 EEST 2022","3393","","Registration > Step 1","","Registration > Step 1","#11 User can successfully enter email address with a combination of valid symbols, numbers and letters.","#11 User can successfully enter email address with a combination of valid symbols, numbers and letters.",""
"passed","Thu Apr 14 19:17:16 EEST 2022","Thu Apr 14 19:18:02 EEST 2022","45943","","My Account > Gambling Controls > Deposit Limits","","My Account > Gambling Controls > Deposit Limits","#3 Player can close the Deposit Limits modal.","#3 Player can close the Deposit Limits modal.",""
"passed","Thu Apr 14 18:49:55 EEST 2022","Thu Apr 14 18:49:56 EEST 2022","1447","","404 error page functionality testing.","","404 error page functionality testing.","#3 Player can click ""Logo"" button and after that it will redirect to Home page.","#3 Player can click ""Logo"" button and after that it will redirect to Home page.",""
"passed","Thu Apr 14 18:52:30 EEST 2022","Thu Apr 14 18:52:47 EEST 2022","17279","","Inbox functionality testing","","Inbox functionality testing","#8 Player with 15 or more messages, view more button is shown","#8 Player with 15 or more messages, view more button is shown",""
"passed","Thu Apr 14 19:16:11 EEST 2022","Thu Apr 14 19:17:11 EEST 2022","59761","","Homepage","","Homepage","#9 Bonus amount is updated correctly in the dropdown details when bonus balance is adjusted","#9 Bonus amount is updated correctly in the dropdown details when bonus balance is adjusted",""
"passed","Thu Apr 14 18:49:26 EEST 2022","Thu Apr 14 18:49:42 EEST 2022","16441","","User come to the 'Planned Maintenance' error page","","User come to the 'Planned Maintenance' error page","#0 User come to the ""Planned Maintenance"" error page","#0 User come to the ""Planned Maintenance"" error page",""
"passed","Thu Apr 14 19:01:35 EEST 2022","Thu Apr 14 19:01:38 EEST 2022","3734","","Registration > Step 2","","Registration > Step 2","#14 User cannot enter invalid characters into the date of birth field.","#14 User cannot enter invalid characters into the date of birth field.",""
"passed","Thu Apr 14 19:13:42 EEST 2022","Thu Apr 14 19:13:47 EEST 2022","5725","","Home => Terms & Conditions","","Home => Terms & Conditions","#4 User can come to the Responsible Gambling page from terms and conditions page","#4 User can come to the Responsible Gambling page from terms and conditions page",""
"failed","Thu Apr 14 19:18:44 EEST 2022","Thu Apr 14 19:19:24 EEST 2022","39648","","My Account > Gambling Controls > Account Closure > Take A Break","","My Account > Gambling Controls > Account Closure > Take A Break","#7 Player can choose 24 hours option for 'Take A Break' and this option should be selected.","#7 Player can choose 24 hours option for 'Take A Break' and this option should be selected.",""
"passed","Thu Apr 14 19:19:44 EEST 2022","Thu Apr 14 19:20:00 EEST 2022","15377","","My Account > Gambling Controls > Deposit Limits","","My Account > Gambling Controls > Deposit Limits","#8 Player can close the Deposit Limits Delete modal","#8 Player can close the Deposit Limits Delete modal",""
"passed","Thu Apr 14 19:02:39 EEST 2022","Thu Apr 14 19:02:48 EEST 2022","8821","","Registration > Step 3","","Registration > Step 3","#14 User can enter valid details on Step 3 and progress to Step 4 of the registration process.","#14 User can enter valid details on Step 3 and progress to Step 4 of the registration process.",""
"passed","Thu Apr 14 19:02:03 EEST 2022","Thu Apr 14 19:02:24 EEST 2022","20526","","Spin Zone functionality testing","","Spin Zone functionality testing","#1 Player can see Menu button in the top left of the screen","#1 Player can see Menu button in the top left of the screen",""
"passed","Thu Apr 14 19:13:33 EEST 2022","Thu Apr 14 19:13:50 EEST 2022","17026","","My Account -> Deposit","","My Account -> Deposit","#2 Check user is able to exit out of the deposit modal using the x button","#2 Check user is able to exit out of the deposit modal using the x button",""
"passed","Thu Apr 14 19:20:43 EEST 2022","Thu Apr 14 19:20:54 EEST 2022","11107","","My Account > Gambling Controls > Deposit Limits","","My Account > Gambling Controls > Deposit Limits","#12 Player can successfully set a monthly deposit limit if not already set.","#12 Player can successfully set a monthly deposit limit if not already set.",""
"passed","Thu Apr 14 18:58:34 EEST 2022","Thu Apr 14 18:58:51 EEST 2022","16494","","My Account > Settings > Change Password","","My Account > Settings > Change Password","#02 Current Password is a mandatory field.","#02 Current Password is a mandatory field.",""
"passed","Thu Apr 14 19:01:32 EEST 2022","Thu Apr 14 19:01:46 EEST 2022","13841","","My Account > Settings > Change Password","","My Account > Settings > Change Password","#13 Player inputs into the password fields should be masked by default.","#13 Player inputs into the password fields should be masked by default.",""
"passed","Thu Apr 14 18:49:42 EEST 2022","Thu Apr 14 18:49:44 EEST 2022","1254","","User come to the 'Planned Maintenance' error page","","User come to the 'Planned Maintenance' error page","#1 Content of ""Planned Maintenance"" error page","#1 Content of ""Planned Maintenance"" error page",""
"passed","Thu Apr 14 18:52:49 EEST 2022","Thu Apr 14 18:53:08 EEST 2022","18725","","Deep Link -> Change Password","","Deep Link -> Change Password","#2 Deep link to change password open login when not logged in before change password","#2 Deep link to change password open login when not logged in before change password",""
"failed","Thu Apr 14 19:15:49 EEST 2022","Thu Apr 14 19:16:05 EEST 2022","15801","","My Account -> Deposit","","My Account -> Deposit","#7 Check user is able to deposit with a valid card and is presented with success modal","#7 Check user is able to deposit with a valid card and is presented with success modal",""
"passed","Thu Apr 14 18:53:45 EEST 2022","Thu Apr 14 18:53:58 EEST 2022","12632","","Inbox functionality testing","","Inbox functionality testing","#12 Player with less than 15 messages should not be able to view more","#12 Player with less than 15 messages should not be able to view more",""
"passed","Thu Apr 14 19:02:35 EEST 2022","Thu Apr 14 19:02:49 EEST 2022","14035","","Promotions functionality testing. Promotions functionality for authenticated user. Particular promotions.","","Promotions functionality testing. Promotions functionality for authenticated user. Particular promotions.","#12 All main sections for card are displayed for CLAIM bonus.","#12 All main sections for card are displayed for CLAIM bonus.",""
"failed","Thu Apr 14 19:14:08 EEST 2022","Thu Apr 14 19:14:19 EEST 2022","11076","","My Profile > Contact Details","","My Profile > Contact Details","#02 Player can select to edit their telephone number and be presented with an edit modal.","#02 Player can select to edit their telephone number and be presented with an edit modal.",""
"passed","Thu Apr 14 19:21:13 EEST 2022","Thu Apr 14 19:21:26 EEST 2022","13203","","My Profile > Communications Preferences","","My Profile > Communications Preferences","#8 Player can edit their preferences and select just the Phone toggle, which upon saving updates the account area accordingly","#8 Player can edit their preferences and select just the Phone toggle, which upon saving updates the account area accordingly",""
"passed","Thu Apr 14 18:57:36 EEST 2022","Thu Apr 14 18:57:57 EEST 2022","21110","","My Account > Gambling Controls > Loss Limits","","My Account > Gambling Controls > Loss Limits","#13 User cannot set a Loss Limit lower than the minimum amount. ","#13 User cannot set a Loss Limit lower than the minimum amount. ",""
"passed","Thu Apr 14 18:50:59 EEST 2022","Thu Apr 14 18:51:01 EEST 2022","2585","","Landing Page/Shop Welcome page","","Landing Page/Shop Welcome page","#1 User come to the Shop Welcome page ","#1 User come to the Shop Welcome page ",""
"passed","Thu Apr 14 18:54:33 EEST 2022","Thu Apr 14 18:54:58 EEST 2022","24647","","My Account > Gambling Controls > Play Reminders","","My Account > Gambling Controls > Play Reminders","#1 Player can select to edit their 'Time Limit' and is displayed the Play Reminders modal.","#1 Player can select to edit their 'Time Limit' and is displayed the Play Reminders modal.",""
"passed","Thu Apr 14 18:53:04 EEST 2022","Thu Apr 14 18:53:30 EEST 2022","26154","","Inbox functionality testing","","Inbox functionality testing","#10 Deleting a message from the inbox which is marked as new should decrease the unread message count badge","#10 Deleting a message from the inbox which is marked as new should decrease the unread message count badge",""
"passed","Thu Apr 14 18:53:44 EEST 2022","Thu Apr 14 18:53:56 EEST 2022","11236","","Log In","","Log In","#15 Player can successfully Log In when entering valid details.","#15 Player can successfully Log In when entering valid details.",""
"failed","Thu Apr 14 19:18:30 EEST 2022","Thu Apr 14 19:18:38 EEST 2022","8159","","Slots page","","Slots page","#6 User can hover mouse on game card and see all needed elements","#6 User can hover mouse on game card and see all needed elements",""
"passed","Thu Apr 14 19:20:21 EEST 2022","Thu Apr 14 19:20:32 EEST 2022","11069","","My Account > Gambling Controls > Deposit Limits","","My Account > Gambling Controls > Deposit Limits","#10 Player can successfully set a daily deposit limit if not already set.","#10 Player can successfully set a daily deposit limit if not already set.",""
"passed","Thu Apr 14 19:04:33 EEST 2022","Thu Apr 14 19:04:45 EEST 2022","11860","","Promotions functionality testing. Promotions functionality for authenticated user. Particular promotions.","","Promotions functionality testing. Promotions functionality for authenticated user. Particular promotions.","#21 User can click on the terms and conditions link and the terms and conditions are displayed for deposit bonus.","#21 User can click on the terms and conditions link and the terms and conditions are displayed for deposit bonus.",""
"passed","Thu Apr 14 18:53:30 EEST 2022","Thu Apr 14 18:53:45 EEST 2022","14972","","Inbox functionality testing","","Inbox functionality testing","#11 Player can delete a message using the message options, removing it from the list","#11 Player can delete a message using the message options, removing it from the list",""
"passed","Thu Apr 14 19:18:50 EEST 2022","Thu Apr 14 19:20:09 EEST 2022","78951","","My Profile > Communications Preferences","","My Profile > Communications Preferences","#2 Player can edit their preferences and exit using the x close button within the modal discarding changes","#2 Player can edit their preferences and exit using the x close button within the modal discarding changes",""
"failed","Thu Apr 14 19:14:19 EEST 2022","Thu Apr 14 19:14:43 EEST 2022","24401","","My Profile > Contact Details","","My Profile > Contact Details","#03 Player can select to edit their telephone number and cancel out of the modal.","#03 Player can select to edit their telephone number and cancel out of the modal.",""
"failed","Thu Apr 14 19:19:46 EEST 2022","Thu Apr 14 19:19:54 EEST 2022","8602","","Slots page","","Slots page","#12 User logged in hover the game card  and click on CTA ""INFO"" and go to INFO page and click on ""PLAY NOW"" and see game page","#12 User logged in hover the game card  and click on CTA ""INFO"" and go to INFO page and click on ""PLAY NOW"" and see game page",""
"passed","Thu Apr 14 19:00:19 EEST 2022","Thu Apr 14 19:00:28 EEST 2022","8726","","Recover Password","","Recover Password","#03 Player cannot enter an invaild email address.","#03 Player cannot enter an invaild email address.",""
"passed","Thu Apr 14 19:18:28 EEST 2022","Thu Apr 14 19:19:18 EEST 2022","49951","","Homepage","","Homepage","#13 Balance details still correctly display balance of £0.00 if user has no cash balance","#13 Balance details still correctly display balance of £0.00 if user has no cash balance",""
"passed","Thu Apr 14 19:00:50 EEST 2022","Thu Apr 14 19:01:03 EEST 2022","13863","","My Account > Settings > Change Password","","My Account > Settings > Change Password","#10 New password must contain a minimum of 8 characters.","#10 New password must contain a minimum of 8 characters.",""
"failed","Thu Apr 14 19:14:03 EEST 2022","Thu Apr 14 19:14:05 EEST 2022","2781","","Homepage","","Homepage","#2 After clicking on the link from 'Introduction to Eyas Gaming', the user should see the page  https://www.eyasgaming.com/.","#2 After clicking on the link from 'Introduction to Eyas Gaming', the user should see the page  https://www.eyasgaming.com/.",""
"passed","Thu Apr 14 19:19:18 EEST 2022","Thu Apr 14 19:19:49 EEST 2022","31366","","Homepage","","Homepage","#14 Casino amount does not display when total bonus amount is zero and displays correct total balance of £0.00","#14 Casino amount does not display when total bonus amount is zero and displays correct total balance of £0.00",""
"failed","Thu Apr 14 19:09:36 EEST 2022","Thu Apr 14 19:09:57 EEST 2022","20835","","Promotions functionality testing. Promotions functionality for unauthenticated user.","","Promotions functionality testing. Promotions functionality for unauthenticated user.","#40 Login form appears after press OPT IN CTA for OPT IN bonus of unauthenticated user.","#40 Login form appears after press OPT IN CTA for OPT IN bonus of unauthenticated user.",""
"passed","Thu Apr 14 19:01:25 EEST 2022","Thu Apr 14 19:01:30 EEST 2022","4346","","Registration > Step 2","","Registration > Step 2","#12 User cannot enter an invalid date into the date of birth field.","#12 User cannot enter an invalid date into the date of birth field.",""
"passed","Thu Apr 14 19:20:47 EEST 2022","Thu Apr 14 19:21:00 EEST 2022","13112","","My Profile > Communications Preferences","","My Profile > Communications Preferences","#6 Player can edit their preferences and select just the Text toggle, which upon saving updates the account area accordingly","#6 Player can edit their preferences and select just the Text toggle, which upon saving updates the account area accordingly",""
"passed","Thu Apr 14 19:14:28 EEST 2022","Thu Apr 14 19:17:16 EEST 2022","168118","","My Account > Gambling Controls > Deposit Limits","","My Account > Gambling Controls > Deposit Limits","#2 Player is displayed 'Set Deposit Limit' text if no deposit limits are set.","#2 Player is displayed 'Set Deposit Limit' text if no deposit limits are set.",""
"failed","Thu Apr 14 19:05:47 EEST 2022","Thu Apr 14 19:06:08 EEST 2022","20607","","Promotions functionality testing. Promotions functionality for unauthenticated user.","","Promotions functionality testing. Promotions functionality for unauthenticated user.","#29 Promotions are displayed in correct order for unauthenticated user","#29 Promotions are displayed in correct order for unauthenticated user",""
"passed","Thu Apr 14 18:50:58 EEST 2022","Thu Apr 14 18:51:15 EEST 2022","16547","","Inbox functionality testing","","Inbox functionality testing","#4 Player can see their message list, with messages displaying the correct information (if messages > 1)","#4 Player can see their message list, with messages displaying the correct information (if messages > 1)",""
"passed","Thu Apr 14 19:03:13 EEST 2022","Thu Apr 14 19:03:20 EEST 2022","7217","","Registration > Step 3","","Registration > Step 3","#17 User cannot enter spaces into Phone Number field.","#17 User cannot enter spaces into Phone Number field.",""
"passed","Thu Apr 14 18:58:51 EEST 2022","Thu Apr 14 18:59:08 EEST 2022","16899","","My Account > Settings > Change Password","","My Account > Settings > Change Password","#03 New Password is a mandatory field.","#03 New Password is a mandatory field.",""
"passed","Thu Apr 14 18:49:57 EEST 2022","Thu Apr 14 18:50:02 EEST 2022","4794","","404 error page functionality testing.","","404 error page functionality testing.","#5 Player can click ""Login"" button, open login window and successfully login.","#5 Player can click ""Login"" button, open login window and successfully login.",""
"passed","Thu Apr 14 18:50:09 EEST 2022","Thu Apr 14 18:50:20 EEST 2022","11123","","Landing Page/Welcome Offer page","","Landing Page/Welcome Offer page","#4 User clicks on ""Be Aware Gambling"" link at Welcome Offer page","#4 User clicks on ""Be Aware Gambling"" link at Welcome Offer page",""
"failed","Thu Apr 14 19:21:32 EEST 2022","Thu Apr 14 19:21:54 EEST 2022","21899","","My Account > Gambling Controls > Account Closure > Take A Break","","My Account > Gambling Controls > Account Closure > Take A Break","#13 Player can continue with chosen 3 weeks option to 'Take A Break' and confirming modal should display.","#13 Player can continue with chosen 3 weeks option to 'Take A Break' and confirming modal should display.",""
"failed","Thu Apr 14 19:08:54 EEST 2022","Thu Apr 14 19:09:15 EEST 2022","20699","","Promotions functionality testing. Promotions functionality for unauthenticated user.","","Promotions functionality testing. Promotions functionality for unauthenticated user.","#38 All main sections for card are displayed for CLAIM bonus for unauthenticated user.","#38 All main sections for card are displayed for CLAIM bonus for unauthenticated user.",""
"passed","Thu Apr 14 18:49:56 EEST 2022","Thu Apr 14 18:49:57 EEST 2022","1304","","404 error page functionality testing.","","404 error page functionality testing.","#4 Player can click ""Join"" button and after that it will redirect to Register page.","#4 Player can click ""Join"" button and after that it will redirect to Register page.",""
"passed","Thu Apr 14 18:54:29 EEST 2022","Thu Apr 14 18:54:50 EEST 2022","20585","","My Account > Gambling Controls > Loss Limits","","My Account > Gambling Controls > Loss Limits","#1 User can view their Loss limits ","#1 User can view their Loss limits ",""
"passed","Thu Apr 14 19:22:07 EEST 2022","Thu Apr 14 19:22:18 EEST 2022","11092","","My Account > Gambling Controls > Deposit Limits","","My Account > Gambling Controls > Deposit Limits","#21 Player can open 'How deposit limits work' modal.","#21 Player can open 'How deposit limits work' modal.",""
"passed","Thu Apr 14 19:01:27 EEST 2022","Thu Apr 14 19:01:30 EEST 2022","2976","","Registration > Step 1","","Registration > Step 1","#29 User can successfully enter email address with uppercase letters.","#29 User can successfully enter email address with uppercase letters.",""
"passed","Thu Apr 14 19:13:30 EEST 2022","Thu Apr 14 19:13:35 EEST 2022","5537","","Home => Terms & Conditions","","Home => Terms & Conditions","#2 User can come to the privacy policy page from terms and conditions page","#2 User can come to the privacy policy page from terms and conditions page",""
"passed","Thu Apr 14 19:03:46 EEST 2022","Thu Apr 14 19:03:56 EEST 2022","10581","","UnsubscribePage","","UnsubscribePage","#6 User can click on ‘Re-subscribe’ button and success window will be displayed with the correct content","#6 User can click on ‘Re-subscribe’ button and success window will be displayed with the correct content",""
"failed","Thu Apr 14 19:14:20 EEST 2022","Thu Apr 14 19:14:33 EEST 2022","12889","","Homepage","","Homepage","#6 After clicking on the link from 'Contact and DPO', the user should see the page  https://www.eyasgaming.com/.","#6 After clicking on the link from 'Contact and DPO', the user should see the page  https://www.eyasgaming.com/.",""
"passed","Thu Apr 14 19:02:21 EEST 2022","Thu Apr 14 19:02:30 EEST 2022","8264","","Registration > Step 3","","Registration > Step 3","#09 User cannot enter invalid characters into the City field.","#09 User cannot enter invalid characters into the City field.",""
"passed","Thu Apr 14 19:18:19 EEST 2022","Thu Apr 14 19:18:34 EEST 2022","14885","","My Account > Gambling Controls > Deposit Limits","","My Account > Gambling Controls > Deposit Limits","#5 Player can open the Deposit Limits Edit modal on edit icon click.","#5 Player can open the Deposit Limits Edit modal on edit icon click.",""
"passed","Thu Apr 14 18:50:48 EEST 2022","Thu Apr 14 18:50:55 EEST 2022","7239","","Landing Page/Welcome Offer page","","Landing Page/Welcome Offer page","#8 User can come to the Promotion page from the Welcome Offer page","#8 User can come to the Promotion page from the Welcome Offer page",""
"passed","Thu Apr 14 18:59:42 EEST 2022","Thu Apr 14 18:59:58 EEST 2022","16037","","My Account > Settings > Change Password","","My Account > Settings > Change Password","#06 Player is displayed with the password requirements when they start to enter a new password.","#06 Player is displayed with the password requirements when they start to enter a new password.",""
"skipped","Thu Apr 14 18:55:54 EEST 2022","Thu Apr 14 18:55:54 EEST 2022","3","","My Account > Gambling Controls > Account Closure > Self Exclusion","","My Account > Gambling Controls > Account Closure > Self Exclusion","#6 Player can select a reason for taking self exclusion the drop down menu.","#6 Player can select a reason for taking self exclusion the drop down menu.",""
"passed","Thu Apr 14 19:00:44 EEST 2022","Thu Apr 14 19:00:57 EEST 2022","12728","","Promotions functionality testing. Promotions functionality for authenticated user. Blocks of promotions.","","Promotions functionality testing. Promotions functionality for authenticated user. Blocks of promotions.","#5 Featured promotions are displayed in correct order.","#5 Featured promotions are displayed in correct order.",""
"passed","Thu Apr 14 19:02:44 EEST 2022","Thu Apr 14 19:03:02 EEST 2022","18212","","Spin Zone functionality testing","","Spin Zone functionality testing","#3 Player can close Game menu","#3 Player can close Game menu",""
"passed","Thu Apr 14 19:18:02 EEST 2022","Thu Apr 14 19:18:19 EEST 2022","17000","","My Account > Gambling Controls > Deposit Limits","","My Account > Gambling Controls > Deposit Limits","#4 Player can cancel out of the Deposit Limits modal.","#4 Player can cancel out of the Deposit Limits modal.",""
"passed","Thu Apr 14 19:01:15 EEST 2022","Thu Apr 14 19:01:21 EEST 2022","5527","","Registration > Step 2","","Registration > Step 2","#08 User cannot enter invalid characters into step 2 name input fields.","#08 User cannot enter invalid characters into step 2 name input fields.",""
"passed","Thu Apr 14 18:57:11 EEST 2022","Thu Apr 14 18:57:29 EEST 2022","17234","","My Account > Gambling Controls > Play Reminders","","My Account > Gambling Controls > Play Reminders","#8 Player can successfully delete their 'Time Limit' on delete icon click.","#8 Player can successfully delete their 'Time Limit' on delete icon click.",""
"passed","Thu Apr 14 19:14:43 EEST 2022","Thu Apr 14 19:15:41 EEST 2022","57554","","My Profile > Contact Details","","My Profile > Contact Details","# Player can select to edit their telephone number and close the modal to cancel out of the process.","# Player can select to edit their telephone number and close the modal to cancel out of the process.",""
"failed","Thu Apr 14 19:10:39 EEST 2022","Thu Apr 14 19:11:00 EEST 2022","20687","","Promotions functionality testing. Promotions functionality for unauthenticated user.","","Promotions functionality testing. Promotions functionality for unauthenticated user.","#43 User can go to More Info details after click More Info CTA.","#43 User can go to More Info details after click More Info CTA.",""
"failed","Thu Apr 14 19:06:08 EEST 2022","Thu Apr 14 19:06:29 EEST 2022","20780","","Promotions functionality testing. Promotions functionality for unauthenticated user.","","Promotions functionality testing. Promotions functionality for unauthenticated user.","#30 Promo image of promotion card is displayed for not login user.","#30 Promo image of promotion card is displayed for not login user.",""
"passed","Thu Apr 14 18:51:18 EEST 2022","Thu Apr 14 18:51:22 EEST 2022","4107","","Landing Page/Shop Welcome page","","Landing Page/Shop Welcome page","#4 User clicks on ""Be Aware Gambling"" link at Shop Welcome page","#4 User clicks on ""Be Aware Gambling"" link at Shop Welcome page",""
"passed","Thu Apr 14 18:53:49 EEST 2022","Thu Apr 14 18:54:08 EEST 2022","19184","","Deep Link -> Edit Phone","","Deep Link -> Edit Phone","#1 Deep link to edit phone opens when logged in","#1 Deep link to edit phone opens when logged in",""
"passed","Thu Apr 14 19:03:22 EEST 2022","Thu Apr 14 19:03:31 EEST 2022","8509","","UnsubscribePage","","UnsubscribePage","#4 User can check ‘Other’ radio button and the text input will be displayed","#4 User can check ‘Other’ radio button and the text input will be displayed",""
"failed","Thu Apr 14 19:15:50 EEST 2022","Thu Apr 14 19:15:56 EEST 2022","6149","","Home => Terms & Conditions","","Home => Terms & Conditions","#10 User can see the Terms and Conditions section on terms and conditions page","#10 User can see the Terms and Conditions section on terms and conditions page",""
"passed","Thu Apr 14 19:13:48 EEST 2022","Thu Apr 14 19:13:54 EEST 2022","5940","","Home page => Privacy Policy page","","Home page => Privacy Policy page","#4 User can come to the ICO(Information Commissioner's office) page from Privacy Policy page","#4 User can come to the ICO(Information Commissioner's office) page from Privacy Policy page",""
"passed","Thu Apr 14 19:01:22 EEST 2022","Thu Apr 14 19:01:24 EEST 2022","2628","","Registration > Step 1","","Registration > Step 1","#23 User cannot continue to next step if their password does not meet the minimum password requirements.","#23 User cannot continue to next step if their password does not meet the minimum password requirements.",""
"failed","Thu Apr 14 19:19:24 EEST 2022","Thu Apr 14 19:20:05 EEST 2022","40916","","My Account > Gambling Controls > Account Closure > Take A Break","","My Account > Gambling Controls > Account Closure > Take A Break","#8 Player can choose 1 week option for 'Take A Break' and this option should be selected.","#8 Player can choose 1 week option for 'Take A Break' and this option should be selected.",""
"passed","Thu Apr 14 18:56:11 EEST 2022","Thu Apr 14 18:56:29 EEST 2022","18112","","My Account > Gambling Controls > Account Closure > Self Exclusion","","My Account > Gambling Controls > Account Closure > Self Exclusion","#8 Player can choose 12 months option for 'Self Exclusion' and this option should be selected.","#8 Player can choose 12 months option for 'Self Exclusion' and this option should be selected.",""
"failed","Thu Apr 14 19:18:25 EEST 2022","Thu Apr 14 19:18:50 EEST 2022","24997","","My Profile > Communications Preferences","","My Profile > Communications Preferences","#1 Player can view their communication preferences (default preferences: empty communication preferences and English language)","#1 Player can view their communication preferences (default preferences: empty communication preferences and English language)",""
"failed","Thu Apr 14 19:09:15 EEST 2022","Thu Apr 14 19:09:36 EEST 2022","21574","","Promotions functionality testing. Promotions functionality for unauthenticated user.","","Promotions functionality testing. Promotions functionality for unauthenticated user.","#39 User can click see full terms CTA and go to Term and Conditions.","#39 User can click see full terms CTA and go to Term and Conditions.",""
"passed","Thu Apr 14 18:55:43 EEST 2022","Thu Apr 14 18:56:03 EEST 2022","19871","","My Account > Gambling Controls > Play Reminders","","My Account > Gambling Controls > Play Reminders","#4 Player cannot continue with 'Time Limit' if a limit is not selected.","#4 Player cannot continue with 'Time Limit' if a limit is not selected.",""
"passed","Thu Apr 14 19:15:43 EEST 2022","Thu Apr 14 19:16:11 EEST 2022","28719","","Homepage","","Homepage","#8 Cash amount is updated correctly in the dropdown details when cash balance is adjusted","#8 Cash amount is updated correctly in the dropdown details when cash balance is adjusted",""
"failed","Thu Apr 14 19:08:12 EEST 2022","Thu Apr 14 19:08:33 EEST 2022","20771","","Promotions functionality testing. Promotions functionality for unauthenticated user.","","Promotions functionality testing. Promotions functionality for unauthenticated user.","#36 All main sections for card are displayed for OPT IN bonus for unauthenticated user.","#36 All main sections for card are displayed for OPT IN bonus for unauthenticated user.",""
"failed","Thu Apr 14 19:12:32 EEST 2022","Thu Apr 14 19:13:33 EEST 2022","61366","","My Account -> Deposit","","My Account -> Deposit","#1 Check user is able to access the deposit modal via the account menu and is displayed with the option to fill in card details by default","#1 Check user is able to access the deposit modal via the account menu and is displayed with the option to fill in card details by default",""
"passed","Thu Apr 14 18:57:38 EEST 2022","Thu Apr 14 18:57:54 EEST 2022","15812","","My Profile > Personal Details","","My Profile > Personal Details","#01 Player can view their personal details.","#01 Player can view their personal details.",""
"passed","Thu Apr 14 19:13:52 EEST 2022","Thu Apr 14 19:14:02 EEST 2022","10236","","Home => Terms & Conditions","","Home => Terms & Conditions","#6 User can come to the GamCare page from terms and conditions page","#6 User can come to the GamCare page from terms and conditions page",""
"passed","Thu Apr 14 18:54:13 EEST 2022","Thu Apr 14 18:54:29 EEST 2022","15773","","Deep Link -> Play Reminders","","Deep Link -> Play Reminders","#2 Deep link to play reminders open login when not logged in before play reminders","#2 Deep link to play reminders open login when not logged in before play reminders",""
"passed","Thu Apr 14 19:01:56 EEST 2022","Thu Apr 14 19:02:04 EEST 2022","8042","","Registration > Step 3","","Registration > Step 3","#06 Post Code field is a mandatory field.","#06 Post Code field is a mandatory field.",""
"passed","Thu Apr 14 19:02:13 EEST 2022","Thu Apr 14 19:02:21 EEST 2022","8728","","Registration > Step 4","","Registration > Step 4","#07 User can opt in to receive Phone marketing preferences.","#07 User can opt in to receive Phone marketing preferences.",""
"passed","Thu Apr 14 18:58:17 EEST 2022","Thu Apr 14 18:58:38 EEST 2022","20349","","My Account > Gambling Controls > Loss Limits","","My Account > Gambling Controls > Loss Limits","#15 User can submit a blank value in the Loss Limit. ","#15 User can submit a blank value in the Loss Limit. ",""
"passed","Thu Apr 14 18:54:08 EEST 2022","Thu Apr 14 18:54:25 EEST 2022","16959","","Deep Link -> Edit Phone","","Deep Link -> Edit Phone","#2 Deep link to change password open login when not logged in before change password","#2 Deep link to change password open login when not logged in before change password",""
"passed","Thu Apr 14 19:00:24 EEST 2022","Thu Apr 14 19:00:28 EEST 2022","4054","","Registration > Step 1","","Registration > Step 1","#01 User is displayed the correct content and input fields for Step 1.","#01 User is displayed the correct content and input fields for Step 1.",""
"skipped","Thu Apr 14 19:18:23 EEST 2022","Thu Apr 14 19:18:23 EEST 2022","1","","My Account > Gambling Controls > Account Closure > Take A Break","","My Account > Gambling Controls > Account Closure > Take A Break","#4 Player cannot continue with 'Take A Break' if a reason is not selected.","#4 Player cannot continue with 'Take A Break' if a reason is not selected.",""
"passed","Thu Apr 14 18:49:55 EEST 2022","Thu Apr 14 18:49:57 EEST 2022","1972","","Expired Link Error","","Expired Link Error","#5 User can click on Login button and see Login page. ","#5 User can click on Login button and see Login page. ",""
"failed","Thu Apr 14 19:16:03 EEST 2022","Thu Apr 14 19:16:23 EEST 2022","20386","","My Profile > Contact Details","","My Profile > Contact Details","#05 Player try to update invalid phone number.","#05 Player try to update invalid phone number.",""
"passed","Thu Apr 14 19:01:39 EEST 2022","Thu Apr 14 19:01:48 EEST 2022","8292","","Registration > Step 3","","Registration > Step 3","#03 Address Line 1 field is a mandatory field.","#03 Address Line 1 field is a mandatory field.",""
"passed","Thu Apr 14 19:13:55 EEST 2022","Thu Apr 14 19:13:58 EEST 2022","3467","","Footer functionality testing","","Footer functionality testing","#5 Player can see legal and company information","#5 Player can see legal and company information",""
"passed","Thu Apr 14 19:13:24 EEST 2022","Thu Apr 14 19:13:29 EEST 2022","5493","","Footer functionality testing","","Footer functionality testing","#2 Player can see payment logos","#2 Player can see payment logos",""
"passed","Thu Apr 14 19:13:47 EEST 2022","Thu Apr 14 19:13:52 EEST 2022","4627","","Home => Terms & Conditions","","Home => Terms & Conditions","#5 User can come to the Gamble Aware page from terms and conditions page","#5 User can come to the Gamble Aware page from terms and conditions page",""
"passed","Thu Apr 14 19:00:36 EEST 2022","Thu Apr 14 19:00:40 EEST 2022","3743","","Registration > Step 1","","Registration > Step 1","#02 Email Address is a mandatory field.","#02 Email Address is a mandatory field.",""
"skipped","Thu Apr 14 19:21:07 EEST 2022","Thu Apr 14 19:21:07 EEST 2022","4","","My Account > Gambling Controls > Deposit Limits","","My Account > Gambling Controls > Deposit Limits","#14 Player can successfully set Deposit Limit to the minimum allowed value and will receive a success toast on submitting the new amount.","#14 Player can successfully set Deposit Limit to the minimum allowed value and will receive a success toast on submitting the new amount.",""
"passed","Thu Apr 14 18:59:24 EEST 2022","Thu Apr 14 18:59:42 EEST 2022","18113","","My Account > Settings > Change Password","","My Account > Settings > Change Password","#05 Player should be displayed an error if they submit the Change Password form with an incorrect Current Password.","#05 Player should be displayed an error if they submit the Change Password form with an incorrect Current Password.",""
"passed","Thu Apr 14 19:13:33 EEST 2022","Thu Apr 14 19:13:48 EEST 2022","14967","","Homepage","","Homepage","#3 The detailed balance card is shown when the dropdown chevron is clicked","#3 The detailed balance card is shown when the dropdown chevron is clicked",""
"skipped","Thu Apr 14 19:04:45 EEST 2022","Thu Apr 14 19:04:45 EEST 2022","1","","Promotions functionality testing. Promotions functionality for authenticated user. Particular promotions.","","Promotions functionality testing. Promotions functionality for authenticated user. Particular promotions.","#22 User can enter amount, go to full terms and conditions, click back button, close full terms conditions and return in deposit modal.","#22 User can enter amount, go to full terms and conditions, click back button, close full terms conditions and return in deposit modal.",""
"failed","Thu Apr 14 19:10:18 EEST 2022","Thu Apr 14 19:10:39 EEST 2022","20951","","Promotions functionality testing. Promotions functionality for unauthenticated user.","","Promotions functionality testing. Promotions functionality for unauthenticated user.","#42 Login form appears after press CLAIM CTA for CLAIM bonus of unauthenticated user.","#42 Login form appears after press CLAIM CTA for CLAIM bonus of unauthenticated user.",""
"passed","Thu Apr 14 19:03:38 EEST 2022","Thu Apr 14 19:03:52 EEST 2022","14002","","Spin Zone functionality testing","","Spin Zone functionality testing","#6 Player can see total bonus balance","#6 Player can see total bonus balance",""
"failed","Thu Apr 14 19:15:41 EEST 2022","Thu Apr 14 19:16:03 EEST 2022","21820","","My Profile > Contact Details","","My Profile > Contact Details","#04 Player can update their telephone number.","#04 Player can update their telephone number.",""
"passed","Thu Apr 14 19:01:03 EEST 2022","Thu Apr 14 19:01:17 EEST 2022","13873","","My Account > Settings > Change Password","","My Account > Settings > Change Password","#11 New password must not contain email address.","#11 New password must not contain email address.",""
"failed","Thu Apr 14 19:18:58 EEST 2022","Thu Apr 14 19:19:15 EEST 2022","16504","","Slots page","","Slots page","#10 User click on category and go to category page","#10 User click on category and go to category page",""
"failed","Thu Apr 14 19:17:42 EEST 2022","Thu Apr 14 19:18:04 EEST 2022","21973","","Home => Terms & Conditions","","Home => Terms & Conditions","#17 User can see the Errors, Interruptions and Malfunctions section on terms and conditions page","#17 User can see the Errors, Interruptions and Malfunctions section on terms and conditions page",""
"failed","Thu Apr 14 19:16:43 EEST 2022","Thu Apr 14 19:16:58 EEST 2022","15330","","Home => Terms & Conditions","","Home => Terms & Conditions","#14 User can see the Your Account section on terms and conditions page","#14 User can see the Your Account section on terms and conditions page",""
"passed","Thu Apr 14 19:05:11 EEST 2022","Thu Apr 14 19:05:25 EEST 2022","13175","","Promotions functionality testing. Promotions functionality for authenticated user. Particular promotions.","","Promotions functionality testing. Promotions functionality for authenticated user. Particular promotions.","#25 User can make bonus deposit.","#25 User can make bonus deposit.",""
"passed","Thu Apr 14 19:14:16 EEST 2022","Thu Apr 14 19:14:52 EEST 2022","36336","","Homepage","","Homepage","#6 The details balance card is dismissed when the user clicks and drags the footer","#6 The details balance card is dismissed when the user clicks and drags the footer",""
"passed","Thu Apr 14 18:57:22 EEST 2022","Thu Apr 14 18:57:40 EEST 2022","17908","","My Account > Gambling Controls > Account Closure > Self Exclusion","","My Account > Gambling Controls > Account Closure > Self Exclusion","#12 Player can continue with chosen 6 months option to 'Self Exclusion' and confirming modal should display.","#12 Player can continue with chosen 6 months option to 'Self Exclusion' and confirming modal should display.",""
"skipped","Thu Apr 14 19:02:01 EEST 2022","Thu Apr 14 19:02:01 EEST 2022","2","","My Account > Settings > Change Password","","My Account > Settings > Change Password","#15 Player can successfully update and sign in with their new password.","#15 Player can successfully update and sign in with their new password.",""
"passed","Thu Apr 14 19:14:35 EEST 2022","Thu Apr 14 19:14:43 EEST 2022","8034","","Homepage","","Homepage","#8 The user can use to contact for DPO regarding any data protection issue dpo@merkurslots.com email","#8 The user can use to contact for DPO regarding any data protection issue dpo@merkurslots.com email",""
"failed","Thu Apr 14 19:13:50 EEST 2022","Thu Apr 14 19:14:03 EEST 2022","12124","","My Account -> Deposit","","My Account -> Deposit","#3 Check user is able to fill in details of required fields for card deposits","#3 Check user is able to fill in details of required fields for card deposits",""
"passed","Thu Apr 14 19:18:25 EEST 2022","Thu Apr 14 19:18:30 EEST 2022","4310","","Slots page","","Slots page","#5 User can see on hero banner carousel primary button CTA, can click on it and see game info page","#5 User can see on hero banner carousel primary button CTA, can click on it and see game info page",""
"passed","Thu Apr 14 19:02:48 EEST 2022","Thu Apr 14 19:03:04 EEST 2022","16132","","UnsubscribePage","","UnsubscribePage","#1 Unsubscribe page is displayed with correct content.","#1 Unsubscribe page is displayed with correct content.",""
"failed","Thu Apr 14 19:17:15 EEST 2022","Thu Apr 14 19:17:42 EEST 2022","26800","","Home => Terms & Conditions","","Home => Terms & Conditions","#16 User can see the Playing for Real Money section on terms and conditions page","#16 User can see the Playing for Real Money section on terms and conditions page",""
"passed","Thu Apr 14 18:59:45 EEST 2022","Thu Apr 14 18:59:57 EEST 2022","11896","","Promotions functionality testing. Promotions functionality for authenticated user. Blocks of promotions.","","Promotions functionality testing. Promotions functionality for authenticated user. Blocks of promotions.","#1 Featured Promotions and Promotions section are displayed.","#1 Featured Promotions and Promotions section are displayed.",""
"skipped","Thu Apr 14 19:21:28 EEST 2022","Thu Apr 14 19:21:28 EEST 2022","1","","My Account > Gambling Controls > Deposit Limits","","My Account > Gambling Controls > Deposit Limits","#16 Player cannot set Deposit Limit lower than the minimum amount.","#16 Player cannot set Deposit Limit lower than the minimum amount.",""
"passed","Thu Apr 14 18:49:26 EEST 2022","Thu Apr 14 18:49:45 EEST 2022","18975","","Service unavailable","","Service unavailable","#0 User come to the Location Error page, when service is unavailable","#0 User come to the Location Error page, when service is unavailable",""
"passed","Thu Apr 14 19:02:30 EEST 2022","Thu Apr 14 19:02:39 EEST 2022","9308","","Registration > Step 3","","Registration > Step 3","#11 User cannot enter invalid characters into the Post Code field.","#11 User cannot enter invalid characters into the Post Code field.",""
"passed","Thu Apr 14 19:01:17 EEST 2022","Thu Apr 14 19:01:31 EEST 2022","14562","","Registration > Step 3","","Registration > Step 3","#02 User can navigate back to the previous step.","#02 User can navigate back to the previous step.",""
"passed","Thu Apr 14 19:21:00 EEST 2022","Thu Apr 14 19:21:13 EEST 2022","13206","","My Profile > Communications Preferences","","My Profile > Communications Preferences","#7 Player can edit their preferences and select just the Post toggle, which upon saving updates the account area accordingly","#7 Player can edit their preferences and select just the Post toggle, which upon saving updates the account area accordingly",""
"passed","Thu Apr 14 18:49:44 EEST 2022","Thu Apr 14 18:49:46 EEST 2022","2232","","Service unavailable","","Service unavailable","#1 User can come to the home page from Error 500 page","#1 User can come to the home page from Error 500 page",""
"passed","Thu Apr 14 19:13:36 EEST 2022","Thu Apr 14 19:13:55 EEST 2022","18816","","Footer functionality testing","","Footer functionality testing","#4 Player can see safer gambling logos","#4 Player can see safer gambling logos",""
"passed","Thu Apr 14 18:50:32 EEST 2022","Thu Apr 14 18:50:35 EEST 2022","2757","","Landing Page/Welcome Offer page","","Landing Page/Welcome Offer page","#6 User can click on the WELCOME BONUS FULL TERMS AND CONDITIONS","#6 User can click on the WELCOME BONUS FULL TERMS AND CONDITIONS",""
"passed","Thu Apr 14 19:20:20 EEST 2022","Thu Apr 14 19:20:33 EEST 2022","13872","","My Profile > Communications Preferences","","My Profile > Communications Preferences","#4 Player can edit their preferences and toggle all preferences with the select all toggle, which upon saving updates the account area","#4 Player can edit their preferences and toggle all preferences with the select all toggle, which upon saving updates the account area",""
"passed","Thu Apr 14 18:49:50 EEST 2022","Thu Apr 14 18:50:00 EEST 2022","9758","","Landing Page/Welcome Offer page","","Landing Page/Welcome Offer page","#1 User come to the Welcome Offer page ","#1 User come to the Welcome Offer page ",""
"passed","Thu Apr 14 19:00:40 EEST 2022","Thu Apr 14 19:00:50 EEST 2022","10558","","Registration > Step 2","","Registration > Step 2","#01 User is displayed the correct content and input fields for Step 2.","#01 User is displayed the correct content and input fields for Step 2.",""
"passed","Thu Apr 14 19:14:02 EEST 2022","Thu Apr 14 19:14:16 EEST 2022","13479","","Homepage","","Homepage","#5 The details balance card is dismissed when the user clicks outside the modal","#5 The details balance card is dismissed when the user clicks outside the modal",""
"passed","Thu Apr 14 19:02:06 EEST 2022","Thu Apr 14 19:02:18 EEST 2022","12571","","Promotions functionality testing. Promotions functionality for authenticated user. Particular promotions.","","Promotions functionality testing. Promotions functionality for authenticated user. Particular promotions.","#10 All main sections for card are displayed for OPT IN bonus.","#10 All main sections for card are displayed for OPT IN bonus.",""
"passed","Thu Apr 14 19:03:35 EEST 2022","Thu Apr 14 19:03:42 EEST 2022","6973","","Registration > Step 4","","Registration > Step 4","#05 User can opt in to receive SMS marketing preferences.","#05 User can opt in to receive SMS marketing preferences.",""
"failed","Thu Apr 14 19:11:41 EEST 2022","Thu Apr 14 19:12:02 EEST 2022","20877","","Promotions functionality testing. Promotions functionality for unauthenticated user.","","Promotions functionality testing. Promotions functionality for unauthenticated user.","#46 User clicks button CLAIM for already CLAIMED bonus, successfully login and can see drawer ""This promotion is unavailable"".","#46 User clicks button CLAIM for already CLAIMED bonus, successfully login and can see drawer ""This promotion is unavailable"".",""
"passed","Thu Apr 14 19:05:25 EEST 2022","Thu Apr 14 19:05:26 EEST 2022","1276","","Promotions functionality testing. Promotions functionality for unauthenticated user.","","Promotions functionality testing. Promotions functionality for unauthenticated user.","#27 Promotion page has correct title for not login user.","#27 Promotion page has correct title for not login user.",""
"failed","Thu Apr 14 19:13:39 EEST 2022","Thu Apr 14 19:13:48 EEST 2022","8242","","Home page => Privacy Policy page","","Home page => Privacy Policy page","#3 User can come to the Merkur Casino page from Privacy Policy page","#3 User can come to the Merkur Casino page from Privacy Policy page",""
"failed","Thu Apr 14 19:18:21 EEST 2022","Thu Apr 14 19:18:25 EEST 2022","4135","","Slots page","","Slots page","#4 User can see game carousel and can scroll it","#4 User can see game carousel and can scroll it",""
"passed","Thu Apr 14 18:56:03 EEST 2022","Thu Apr 14 18:56:23 EEST 2022","20409","","My Account > Gambling Controls > Play Reminders","","My Account > Gambling Controls > Play Reminders","#5 Player can select a time limit from the drop down menu.","#5 Player can select a time limit from the drop down menu.",""
"passed","Thu Apr 14 18:50:02 EEST 2022","Thu Apr 14 18:50:05 EEST 2022","2370","","404 error page functionality testing.","","404 error page functionality testing.","#6 Player can click ""Go to lobby"" button and after that it will redirect to Home page.","#6 Player can click ""Go to lobby"" button and after that it will redirect to Home page.",""
"passed","Thu Apr 14 19:13:48 EEST 2022","Thu Apr 14 19:14:02 EEST 2022","13702","","Homepage","","Homepage","#4 The details balance card is dismissed when the user clicks it","#4 The details balance card is dismissed when the user clicks it",""
"passed","Thu Apr 14 18:56:29 EEST 2022","Thu Apr 14 18:56:47 EEST 2022","17478","","My Account > Gambling Controls > Account Closure > Self Exclusion","","My Account > Gambling Controls > Account Closure > Self Exclusion","#9 Player can choose 18 months option for 'Self Exclusion' and this option should be selected.","#9 Player can choose 18 months option for 'Self Exclusion' and this option should be selected.",""
"passed","Thu Apr 14 19:00:53 EEST 2022","Thu Apr 14 19:01:00 EEST 2022","7339","","Registration > Step 1","","Registration > Step 1","#05 User can select the 'Login' button on the 'Account already exists' drawer and is displayed the Login form.","#05 User can select the 'Login' button on the 'Account already exists' drawer and is displayed the Login form.",""
"failed","Thu Apr 14 19:07:10 EEST 2022","Thu Apr 14 19:07:31 EEST 2022","20789","","Promotions functionality testing. Promotions functionality for unauthenticated user.","","Promotions functionality testing. Promotions functionality for unauthenticated user.","#33 Short description of promotion card is displayed for not login user.","#33 Short description of promotion card is displayed for not login user.",""
"passed","Thu Apr 14 19:14:01 EEST 2022","Thu Apr 14 19:14:28 EEST 2022","26273","","My Account > Gambling Controls > Deposit Limits","","My Account > Gambling Controls > Deposit Limits","#1 Player can view their deposit limits.","#1 Player can view their deposit limits.",""
"failed","Thu Apr 14 19:06:29 EEST 2022","Thu Apr 14 19:06:49 EEST 2022","20725","","Promotions functionality testing. Promotions functionality for unauthenticated user.","","Promotions functionality testing. Promotions functionality for unauthenticated user.","#31 Applicable the expiry date of promotion card is displayed for not login user.","#31 Applicable the expiry date of promotion card is displayed for not login user.",""
"passed","Thu Apr 14 19:13:24 EEST 2022","Thu Apr 14 19:13:32 EEST 2022","7670","","Home page => Privacy Policy page","","Home page => Privacy Policy page","#1 User can come to the Eyas Gaming page from Privacy Policy page","#1 User can come to the Eyas Gaming page from Privacy Policy page",""
"passed","Thu Apr 14 18:52:47 EEST 2022","Thu Apr 14 18:53:04 EEST 2022","17323","","Inbox functionality testing","","Inbox functionality testing","#9 Player is presented with an updated list of messages when clicking view more button","#9 Player is presented with an updated list of messages when clicking view more button",""
"passed","Thu Apr 14 19:03:11 EEST 2022","Thu Apr 14 19:03:20 EEST 2022","9502","","Promotions functionality testing. Promotions functionality for authenticated user. Particular promotions.","","Promotions functionality testing. Promotions functionality for authenticated user. Particular promotions.","#15 User can press Back CTA for More Info page and be taken to the list of promotions.","#15 User can press Back CTA for More Info page and be taken to the list of promotions.",""
"passed","Thu Apr 14 19:01:06 EEST 2022","Thu Apr 14 19:01:09 EEST 2022","2856","","Registration > Step 1","","Registration > Step 1","#07 User can not enter an invaild email address (no @ sign).","#07 User can not enter an invaild email address (no @ sign).",""
"passed","Thu Apr 14 19:01:00 EEST 2022","Thu Apr 14 19:01:05 EEST 2022","4726","","Registration > Step 2","","Registration > Step 2","#05 Date of Birth is a mandatory field.","#05 Date of Birth is a mandatory field.",""
"failed","Thu Apr 14 19:12:31 EEST 2022","Thu Apr 14 19:13:24 EEST 2022","53147","","Footer functionality testing","","Footer functionality testing","#1 Player can see a light grey bar at the top of the footer","#1 Player can see a light grey bar at the top of the footer",""
"failed","Thu Apr 14 19:20:48 EEST 2022","Thu Apr 14 19:21:10 EEST 2022","21868","","My Account > Gambling Controls > Account Closure > Take A Break","","My Account > Gambling Controls > Account Closure > Take A Break","#11 Player can continue with chosen 24 hours option to 'Take A Break' and confirming modal should display.","#11 Player can continue with chosen 24 hours option to 'Take A Break' and confirming modal should display.",""
"passed","Thu Apr 14 19:03:20 EEST 2022","Thu Apr 14 19:03:26 EEST 2022","6656","","Registration > Step 3","","Registration > Step 3","#18 Country Code is populated by default.","#18 Country Code is populated by default.",""
"passed","Thu Apr 14 18:59:12 EEST 2022","Thu Apr 14 18:59:33 EEST 2022","20401","","My Account > Gambling Controls > Account Closure > Self Exclusion","","My Account > Gambling Controls > Account Closure > Self Exclusion","#18 Player can close the self exclusion modal.","#18 Player can close the self exclusion modal.",""
"passed","Thu Apr 14 19:02:31 EEST 2022","Thu Apr 14 19:02:46 EEST 2022","14918","","Registration > Step 4","","Registration > Step 4","#10 User can click and view the T&Cs.","#10 User can click and view the T&Cs.",""
"passed","Thu Apr 14 19:00:11 EEST 2022","Thu Apr 14 19:00:19 EEST 2022","7593","","Recover Password","","Recover Password","#02 Player cannot submit a blank email address on the recover password form.","#02 Player cannot submit a blank email address on the recover password form.",""
"failed","Thu Apr 14 19:09:57 EEST 2022","Thu Apr 14 19:10:18 EEST 2022","21003","","Promotions functionality testing. Promotions functionality for unauthenticated user.","","Promotions functionality testing. Promotions functionality for unauthenticated user.","#41 Login form appears after press DEPOSIT CTA for DEPOSIT bonus of unauthenticated user.","#41 Login form appears after press DEPOSIT CTA for DEPOSIT bonus of unauthenticated user.",""
"passed","Thu Apr 14 18:56:48 EEST 2022","Thu Apr 14 18:57:11 EEST 2022","23188","","My Account > Gambling Controls > Play Reminders","","My Account > Gambling Controls > Play Reminders","#7 Player can successfully edit their 'Time Limit'.","#7 Player can successfully edit their 'Time Limit'.",""
"passed","Thu Apr 14 19:19:43 EEST 2022","Thu Apr 14 19:19:47 EEST 2022","4316","","Home => Terms & Conditions","","Home => Terms & Conditions","#28 User can opened mail client after clicks/taps on “complaintsMGA@merkurslots.com” ","#28 User can opened mail client after clicks/taps on “complaintsMGA@merkurslots.com” ",""
"passed","Thu Apr 14 18:54:24 EEST 2022","Thu Apr 14 18:54:35 EEST 2022","10905","","Inbox functionality testing","","Inbox functionality testing","#15 Player is presented with an Empty Inbox image if the Inbox is empty (rather than a heading & message list)","#15 Player is presented with an Empty Inbox image if the Inbox is empty (rather than a heading & message list)",""
"failed","Thu Apr 14 19:16:13 EEST 2022","Thu Apr 14 19:16:43 EEST 2022","30017","","Home => Terms & Conditions","","Home => Terms & Conditions","#13 User can see the Other Important Terms section on terms and conditions page","#13 User can see the Other Important Terms section on terms and conditions page",""
"passed","Thu Apr 14 18:56:02 EEST 2022","Thu Apr 14 18:56:24 EEST 2022","21998","","My Account > Gambling Controls > Loss Limits","","My Account > Gambling Controls > Loss Limits","#6 User can successfully update their loss limits in the Loss Limits Delete modal ","#6 User can successfully update their loss limits in the Loss Limits Delete modal ",""
"passed","Thu Apr 14 18:51:32 EEST 2022","Thu Apr 14 18:51:37 EEST 2022","4793","","Landing Page/Shop Welcome page","","Landing Page/Shop Welcome page","#7 User can come to the ""Be Gambling Aware"" site from the Shop Welcome page","#7 User can come to the ""Be Gambling Aware"" site from the Shop Welcome page",""
"failed","Thu Apr 14 19:07:52 EEST 2022","Thu Apr 14 19:08:12 EEST 2022","20806","","Promotions functionality testing. Promotions functionality for unauthenticated user.","","Promotions functionality testing. Promotions functionality for unauthenticated user.","#35 Short terms and conditions of promotion card is displayed for not login user.","#35 Short terms and conditions of promotion card is displayed for not login user.",""
"passed","Thu Apr 14 19:19:12 EEST 2022","Thu Apr 14 19:19:44 EEST 2022","32889","","My Account > Gambling Controls > Deposit Limits","","My Account > Gambling Controls > Deposit Limits","#7 Player can open the Deposit Limits Delete modal on delete icon click.","#7 Player can open the Deposit Limits Delete modal on delete icon click.",""
"failed","Thu Apr 14 19:07:31 EEST 2022","Thu Apr 14 19:07:52 EEST 2022","20680","","Promotions functionality testing. Promotions functionality for unauthenticated user.","","Promotions functionality testing. Promotions functionality for unauthenticated user.","#34 Relevant CTAs of promotion card are displayed for not login user.","#34 Relevant CTAs of promotion card are displayed for not login user.",""
"passed","Thu Apr 14 19:21:28 EEST 2022","Thu Apr 14 19:21:43 EEST 2022","14427","","My Account > Gambling Controls > Deposit Limits","","My Account > Gambling Controls > Deposit Limits","#18 Player can submit a blank value in the Deposit Limits.","#18 Player can submit a blank value in the Deposit Limits.",""
"passed","Thu Apr 14 19:03:20 EEST 2022","Thu Apr 14 19:03:28 EEST 2022","8140","","Registration > Step 4","","Registration > Step 4","#03 User can opt in to receive All marketing preferences.","#03 User can opt in to receive All marketing preferences.",""
"failed","Thu Apr 14 19:18:10 EEST 2022","Thu Apr 14 19:18:17 EEST 2022","6949","","Slots page","","Slots page","#2 User can see hero banner carousel and can scroll it","#2 User can see hero banner carousel and can scroll it",""
"failed","Thu Apr 14 19:14:05 EEST 2022","Thu Apr 14 19:14:08 EEST 2022","2294","","Homepage","","Homepage","#3 After clicking on the first link from 'What personal data do we collect? -> Players', the user should see the page  https://www.merkurslots.com/.","#3 After clicking on the first link from 'What personal data do we collect? -> Players', the user should see the page  https://www.merkurslots.com/.",""
"passed","Thu Apr 14 18:55:54 EEST 2022","Thu Apr 14 18:56:11 EEST 2022","17369","","My Account > Gambling Controls > Account Closure > Self Exclusion","","My Account > Gambling Controls > Account Closure > Self Exclusion","#7 Player can choose 6 months option for 'Self Exclusion' and this option should be selected.","#7 Player can choose 6 months option for 'Self Exclusion' and this option should be selected.",""
"failed","Thu Apr 14 19:18:08 EEST 2022","Thu Apr 14 19:18:13 EEST 2022","4384","","Home => Terms & Conditions","","Home => Terms & Conditions","#19 User can see the Inactive Customer Accounts section on terms and conditions page","#19 User can see the Inactive Customer Accounts section on terms and conditions page",""
"passed","Thu Apr 14 19:00:18 EEST 2022","Thu Apr 14 19:00:34 EEST 2022","15800","","My Account > Settings > Change Password","","My Account > Settings > Change Password","#08 New password must contain a combination of upper and lower case letters (all upper case).","#08 New password must contain a combination of upper and lower case letters (all upper case).",""
"passed","Thu Apr 14 19:20:33 EEST 2022","Thu Apr 14 19:20:47 EEST 2022","13405","","My Profile > Communications Preferences","","My Profile > Communications Preferences","#5 Player can edit their preferences and select just the email toggle, which upon saving updates the account area accordingly","#5 Player can edit their preferences and select just the email toggle, which upon saving updates the account area accordingly",""
"failed","Thu Apr 14 19:19:15 EEST 2022","Thu Apr 14 19:19:46 EEST 2022","31036","","Slots page","","Slots page","#11 User logged in and hover the game card and click on CTA ""PLAY NOW"" and go to game page","#11 User logged in and hover the game card and click on CTA ""PLAY NOW"" and go to game page",""
"passed","Thu Apr 14 19:22:30 EEST 2022","Thu Apr 14 19:22:45 EEST 2022","15607","","My Profile > Communications Preferences","","My Profile > Communications Preferences","#13 Player can uneselect just post preferences using the post toggle (post already toggled on), which upon saving updates the account area accordingly","#13 Player can uneselect just post preferences using the post toggle (post already toggled on), which upon saving updates the account area accordingly",""
"passed","Thu Apr 14 18:50:07 EEST 2022","Thu Apr 14 18:50:21 EEST 2022","14238","","Inbox functionality testing","","Inbox functionality testing","#1 Unread message count is present on Inbox navigation bar icon if player has unread messages","#1 Unread message count is present on Inbox navigation bar icon if player has unread messages",""
"failed","Thu Apr 14 19:19:18 EEST 2022","Thu Apr 14 19:19:38 EEST 2022","20396","","Home => Terms & Conditions","","Home => Terms & Conditions","#26 User can see the Miscellaneous section on terms and conditions page","#26 User can see the Miscellaneous section on terms and conditions page",""
"passed","Thu Apr 14 18:54:58 EEST 2022","Thu Apr 14 18:55:18 EEST 2022","19761","","My Account > Gambling Controls > Account Closure > Self Exclusion","","My Account > Gambling Controls > Account Closure > Self Exclusion","#2 Player can close the 'Self Exclusion' modal.","#2 Player can close the 'Self Exclusion' modal.",""
"passed","Thu Apr 14 18:49:59 EEST 2022","Thu Apr 14 18:50:02 EEST 2022","2956","","Expired Link Error","","Expired Link Error","#7 User can click on x button and close reset password window. ","#7 User can click on x button and close reset password window. ",""
"passed","Thu Apr 14 19:13:24 EEST 2022","Thu Apr 14 19:13:31 EEST 2022","7476","","Home page => Responsible Gambling page","","Home page => Responsible Gambling page","#1 User can come to the Be Gamble Aware page from Responsible Gambling page","#1 User can come to the Be Gamble Aware page from Responsible Gambling page",""
"passed","Thu Apr 14 18:54:58 EEST 2022","Thu Apr 14 18:55:21 EEST 2022","23043","","My Account > Gambling Controls > Play Reminders","","My Account > Gambling Controls > Play Reminders","#2 Player can close the 'Time Limit' modal.","#2 Player can close the 'Time Limit' modal.",""
"passed","Thu Apr 14 19:01:18 EEST 2022","Thu Apr 14 19:01:33 EEST 2022","15091","","Promotions functionality testing. Promotions functionality for authenticated user. Blocks of promotions.","","Promotions functionality testing. Promotions functionality for authenticated user. Blocks of promotions.","#7 Promotions are displayed in correct order.","#7 Promotions are displayed in correct order.",""
"passed","Thu Apr 14 18:50:02 EEST 2022","Thu Apr 14 18:50:06 EEST 2022","4097","","Expired Link Error","","Expired Link Error","#8 User can enter an email and reset the password (Sent button with a tick will be displayed).","#8 User can enter an email and reset the password (Sent button with a tick will be displayed).",""
"failed","Thu Apr 14 19:18:04 EEST 2022","Thu Apr 14 19:18:08 EEST 2022","4533","","Home => Terms & Conditions","","Home => Terms & Conditions","#18 User can see the Anti-Money Laundering section on terms and conditions page","#18 User can see the Anti-Money Laundering section on terms and conditions page",""
"passed","Thu Apr 14 19:03:56 EEST 2022","Thu Apr 14 19:04:10 EEST 2022","13376","","UnsubscribePage","","UnsubscribePage","#7 User can click on ‘Continue’ button in the ‘Re-subscribe’ success window and the Home page will be displayed.","#7 User can click on ‘Continue’ button in the ‘Re-subscribe’ success window and the Home page will be displayed.",""
"passed","Thu Apr 14 19:04:45 EEST 2022","Thu Apr 14 19:04:58 EEST 2022","12227","","Promotions functionality testing. Promotions functionality for authenticated user. Particular promotions.","","Promotions functionality testing. Promotions functionality for authenticated user. Particular promotions.","#23 User can click on the terms and conditions link and the terms and all sections of conditions are displayed for deposit bonus.","#23 User can click on the terms and conditions link and the terms and all sections of conditions are displayed for deposit bonus.",""
"passed","Thu Apr 14 18:59:12 EEST 2022","Thu Apr 14 18:59:31 EEST 2022","18878","","My Account > Gambling Controls > Loss Limits","","My Account > Gambling Controls > Loss Limits","#18 User can close 'How loss limits work' modal. ","#18 User can close 'How loss limits work' modal. ",""
"passed","Thu Apr 14 19:03:20 EEST 2022","Thu Apr 14 19:03:37 EEST 2022","16470","","Promotions functionality testing. Promotions functionality for authenticated user. Particular promotions.","","Promotions functionality testing. Promotions functionality for authenticated user. Particular promotions.","#16 User can opt in bonus and get confirmation modal with all sections.","#16 User can opt in bonus and get confirmation modal with all sections.",""
"passed","Thu Apr 14 18:51:40 EEST 2022","Thu Apr 14 18:52:46 EEST 2022","65340","","Logout","","Logout","#01 Player can successfully logout.","#01 Player can successfully logout.",""
"passed","Thu Apr 14 19:04:37 EEST 2022","Thu Apr 14 19:04:53 EEST 2022","15351","","Spin Zone functionality testing","","Spin Zone functionality testing","#10 Player can close game","#10 Player can close game",""
"passed","Thu Apr 14 18:58:56 EEST 2022","Thu Apr 14 18:59:12 EEST 2022","16339","","My Account > Gambling Controls > Loss Limits","","My Account > Gambling Controls > Loss Limits","#17 User can open 'How loss limits work' modal. ","#17 User can open 'How loss limits work' modal. ",""
"passed","Thu Apr 14 18:53:32 EEST 2022","Thu Apr 14 18:53:51 EEST 2022","18621","","Deep Link -> Loss Limits","","Deep Link -> Loss Limits","#2 Deep link to loss limits open login when not logged in before loss limits","#2 Deep link to loss limits open login when not logged in before loss limits",""
"passed","Thu Apr 14 18:51:22 EEST 2022","Thu Apr 14 18:51:29 EEST 2022","7211","","Landing Page/Shop Welcome page","","Landing Page/Shop Welcome page","#5 User try to click on PLAY CTA of Popular game at Shop Welcome page","#5 User try to click on PLAY CTA of Popular game at Shop Welcome page",""
"failed","Thu Apr 14 19:20:26 EEST 2022","Thu Apr 14 19:20:48 EEST 2022","22042","","My Account > Gambling Controls > Account Closure > Take A Break","","My Account > Gambling Controls > Account Closure > Take A Break","#10 Player can choose 6 weeks option for 'Take A Break' and this option should be selected.","#10 Player can choose 6 weeks option for 'Take A Break' and this option should be selected.",""
"passed","Thu Apr 14 18:53:56 EEST 2022","Thu Apr 14 18:54:13 EEST 2022","17445","","Deep Link -> Play Reminders","","Deep Link -> Play Reminders","#1 Deep link to play reminders opens when logged in","#1 Deep link to play reminders opens when logged in",""
"passed","Thu Apr 14 19:03:19 EEST 2022","Thu Apr 14 19:03:38 EEST 2022","18382","","Spin Zone functionality testing","","Spin Zone functionality testing","#5 Player can open 'Deposit' modal","#5 Player can open 'Deposit' modal",""
"passed","Thu Apr 14 19:00:43 EEST 2022","Thu Apr 14 19:00:55 EEST 2022","11549","","Recover Password","","Recover Password","#06 Recover Password button displays 'Re-Send Email' text after a successful first attempt.","#06 Recover Password button displays 'Re-Send Email' text after a successful first attempt.",""
"passed","Thu Apr 14 19:01:53 EEST 2022","Thu Apr 14 19:02:06 EEST 2022","12453","","Promotions functionality testing. Promotions functionality for authenticated user. Blocks of promotions.","","Promotions functionality testing. Promotions functionality for authenticated user. Blocks of promotions.","#9 Featured promotions are excluded from the promotions section.","#9 Featured promotions are excluded from the promotions section.",""
"passed","Thu Apr 14 19:04:17 EEST 2022","Thu Apr 14 19:04:33 EEST 2022","16747","","Promotions functionality testing. Promotions functionality for authenticated user. Particular promotions.","","Promotions functionality testing. Promotions functionality for authenticated user. Particular promotions.","#20 Error message is displayed after user enters amount that is less than the qualification amount for deposit bonus.","#20 Error message is displayed after user enters amount that is less than the qualification amount for deposit bonus.",""
"passed","Thu Apr 14 19:01:17 EEST 2022","Thu Apr 14 19:01:32 EEST 2022","14324","","My Account > Settings > Change Password","","My Account > Settings > Change Password","#12 Player cannot continue to next step if their new password does not meet the minimum password requirements.","#12 Player cannot continue to next step if their new password does not meet the minimum password requirements.",""
"passed","Thu Apr 14 19:17:11 EEST 2022","Thu Apr 14 19:17:48 EEST 2022","36522","","Homepage","","Homepage","#10 User is displayed with a shortened balance in the preview section when balance exceeds 9999 (five figure balance)","#10 User is displayed with a shortened balance in the preview section when balance exceeds 9999 (five figure balance)",""
"failed","Thu Apr 14 19:19:54 EEST 2022","Thu Apr 14 19:20:02 EEST 2022","7899","","Slots page","","Slots page","#13 User logged in and click on game card and game page appears","#13 User logged in and click on game card and game page appears",""
"passed","Thu Apr 14 19:04:58 EEST 2022","Thu Apr 14 19:05:11 EEST 2022","13776","","Promotions functionality testing. Promotions functionality for authenticated user. Particular promotions.","","Promotions functionality testing. Promotions functionality for authenticated user. Particular promotions.","#24 User can close deposit bonus modal, remove display bonus modal and return to the launch screen.","#24 User can close deposit bonus modal, remove display bonus modal and return to the launch screen.",""
"passed","Thu Apr 14 18:53:25 EEST 2022","Thu Apr 14 18:53:31 EEST 2022","5979","","Log In","","Log In","#12 Players inputs into the password field should be masked by default.","#12 Players inputs into the password field should be masked by default.",""
"passed","Thu Apr 14 19:03:02 EEST 2022","Thu Apr 14 19:03:19 EEST 2022","16927","","Spin Zone functionality testing","","Spin Zone functionality testing","#4 Player can see total withdrawable cash balance","#4 Player can see total withdrawable cash balance",""
"passed","Thu Apr 14 18:55:26 EEST 2022","Thu Apr 14 18:55:43 EEST 2022","16880","","My Account > Gambling Controls > Loss Limits","","My Account > Gambling Controls > Loss Limits","#4 User can open the Loss Limits Delete modal on delete icon click ","#4 User can open the Loss Limits Delete modal on delete icon click ",""
"passed","Thu Apr 14 19:14:02 EEST 2022","Thu Apr 14 19:14:06 EEST 2022","4277","","Home => Terms & Conditions","","Home => Terms & Conditions","#7 User can come to the GamStop page from terms and conditions page","#7 User can come to the GamStop page from terms and conditions page",""
"failed","Thu Apr 14 19:11:00 EEST 2022","Thu Apr 14 19:11:21 EEST 2022","20877","","Promotions functionality testing. Promotions functionality for unauthenticated user.","","Promotions functionality testing. Promotions functionality for unauthenticated user.","#44 User can see list of promotions after click Back button from more info details.","#44 User can see list of promotions after click Back button from more info details.",""
"passed","Thu Apr 14 19:01:46 EEST 2022","Thu Apr 14 19:02:01 EEST 2022","15463","","My Account > Settings > Change Password","","My Account > Settings > Change Password","#14 Player should be able to show/hide their inputs into the password fields.","#14 Player should be able to show/hide their inputs into the password fields.",""
"failed","Thu Apr 14 19:14:03 EEST 2022","Thu Apr 14 19:14:29 EEST 2022","26600","","My Account -> Deposit","","My Account -> Deposit","#4 Check user is able to select Instant Bank Transfer and is provided with the correct information for this payment method","#4 Check user is able to select Instant Bank Transfer and is provided with the correct information for this payment method",""
"passed","Thu Apr 14 19:01:05 EEST 2022","Thu Apr 14 19:01:10 EEST 2022","4782","","Registration > Step 2","","Registration > Step 2","#06 User cannot enter less that 2 characters into step 2 name input fields.","#06 User cannot enter less that 2 characters into step 2 name input fields.",""
"failed","Thu Apr 14 19:18:24 EEST 2022","Thu Apr 14 19:18:28 EEST 2022","4372","","Home => Terms & Conditions","","Home => Terms & Conditions","#22 User can see the Promotions section on terms and conditions page","#22 User can see the Promotions section on terms and conditions page",""
"passed","Thu Apr 14 18:51:48 EEST 2022","Thu Apr 14 18:52:06 EEST 2022","18078","","Landing Page/Shop Welcome page","","Landing Page/Shop Welcome page","#9 User can come to the Terms & Conditions page from the Shop Welcome page","#9 User can come to the Terms & Conditions page from the Shop Welcome page",""
"failed","Thu Apr 14 19:20:09 EEST 2022","Thu Apr 14 19:20:20 EEST 2022","10244","","My Profile > Communications Preferences","","My Profile > Communications Preferences","#3 Player can edit their preferences and exit using the Cancel CTA within the modal discarding changes","#3 Player can edit their preferences and exit using the Cancel CTA within the modal discarding changes",""
"passed","Thu Apr 14 18:53:06 EEST 2022","Thu Apr 14 18:53:15 EEST 2022","8535","","Log In","","Log In","#06 Player cannot login when entering an incorrect email address.","#06 Player cannot login when entering an incorrect email address.",""
"failed","Thu Apr 14 19:12:31 EEST 2022","Thu Apr 14 19:13:24 EEST 2022","52766","","Home page => Responsible Gambling page","","Home page => Responsible Gambling page","#0 User can come to the Responsible Gambling page","#0 User can come to the Responsible Gambling page",""
"passed","Thu Apr 14 18:54:50 EEST 2022","Thu Apr 14 18:55:08 EEST 2022","17621","","My Account > Gambling Controls > Loss Limits","","My Account > Gambling Controls > Loss Limits","#2 User can open the Loss Limits Edit modal on edit icon click ","#2 User can open the Loss Limits Edit modal on edit icon click ",""
"passed","Thu Apr 14 19:03:03 EEST 2022","Thu Apr 14 19:03:13 EEST 2022","9254","","Registration > Step 3","","Registration > Step 3","#16 Phone Number will display an error when entering non-numeric values into input.","#16 Phone Number will display an error when entering non-numeric values into input.",""
"passed","Thu Apr 14 19:13:38 EEST 2022","Thu Apr 14 19:13:44 EEST 2022","5878","","Home page => Responsible Gambling page","","Home page => Responsible Gambling page","#3 User can come to the Gamble Stop page from Responsible Gambling page","#3 User can come to the Gamble Stop page from Responsible Gambling page",""
"failed","Thu Apr 14 19:14:08 EEST 2022","Thu Apr 14 19:14:11 EEST 2022","3244","","Homepage","","Homepage","#4 After clicking on the second link from 'What personal data do we collect? -> Players', the user should see the page  https://www.merkurcasino.com/.","#4 After clicking on the second link from 'What personal data do we collect? -> Players', the user should see the page  https://www.merkurcasino.com/.",""
"failed","Thu Apr 14 19:18:37 EEST 2022","Thu Apr 14 19:18:42 EEST 2022","5082","","Home => Terms & Conditions","","Home => Terms & Conditions","#24 User can see the Limitation of Liability section on terms and conditions page","#24 User can see the Limitation of Liability section on terms and conditions page",""
"failed","Thu Apr 14 19:14:29 EEST 2022","Thu Apr 14 19:15:18 EEST 2022","48621","","My Account -> Deposit","","My Account -> Deposit","#5 Check user is able to select Phone payment method and is provided with the correct information for this payment method","#5 Check user is able to select Phone payment method and is provided with the correct information for this payment method",""
"failed","Thu Apr 14 19:06:49 EEST 2022","Thu Apr 14 19:07:10 EEST 2022","20783","","Promotions functionality testing. Promotions functionality for unauthenticated user.","","Promotions functionality testing. Promotions functionality for unauthenticated user.","#32 Promo title of promotion card is displayed for not login user.","#32 Promo title of promotion card is displayed for not login user.",""
"passed","Thu Apr 14 18:57:57 EEST 2022","Thu Apr 14 18:58:17 EEST 2022","20211","","My Account > Gambling Controls > Loss Limits","","My Account > Gambling Controls > Loss Limits","#14 User cannot set a Loss Limit higher than the maximum amount. ","#14 User cannot set a Loss Limit higher than the maximum amount. ",""
"passed","Thu Apr 14 19:14:06 EEST 2022","Thu Apr 14 19:15:42 EEST 2022","95794","","Home => Terms & Conditions","","Home => Terms & Conditions","#8 User can come to the eCOGRA page from terms and conditions page","#8 User can come to the eCOGRA page from terms and conditions page",""
"passed","Thu Apr 14 18:53:31 EEST 2022","Thu Apr 14 18:53:38 EEST 2022","6502","","Log In","","Log In","#13 Player should be able to show/hide their input into the Password field.","#13 Player should be able to show/hide their input into the Password field.",""
"passed","Thu Apr 14 19:14:52 EEST 2022","Thu Apr 14 19:15:43 EEST 2022","50792","","Homepage","","Homepage","#7 Balance preview updates correctly upon refresh when a users balance is adjusted","#7 Balance preview updates correctly upon refresh when a users balance is adjusted",""
"passed","Thu Apr 14 19:01:21 EEST 2022","Thu Apr 14 19:01:25 EEST 2022","4586","","Registration > Step 2","","Registration > Step 2","#11 User can enter valid details on Step 2 and progress to Step 3 of the registration process.","#11 User can enter valid details on Step 2 and progress to Step 3 of the registration process.",""
"passed","Thu Apr 14 19:02:49 EEST 2022","Thu Apr 14 19:02:59 EEST 2022","9769","","Promotions functionality testing. Promotions functionality for authenticated user. Particular promotions.","","Promotions functionality testing. Promotions functionality for authenticated user. Particular promotions.","#13 User can go to More Info details after click More Info CTA for authenticated user.","#13 User can go to More Info details after click More Info CTA for authenticated user.",""
"passed","Thu Apr 14 18:52:08 EEST 2022","Thu Apr 14 18:52:49 EEST 2022","41072","","Deep Link -> Change Password","","Deep Link -> Change Password","#1 Deep link to change password opens when logged in","#1 Deep link to change password opens when logged in",""
"passed","Thu Apr 14 18:49:44 EEST 2022","Thu Apr 14 18:49:46 EEST 2022","2040","","Expired Link Error","","Expired Link Error","#2 All elements are persisted on the page. ","#2 All elements are persisted on the page. ",""
"passed","Thu Apr 14 19:01:48 EEST 2022","Thu Apr 14 19:01:56 EEST 2022","7850","","Registration > Step 3","","Registration > Step 3","#04 City field is a mandatory field.","#04 City field is a mandatory field.",""
"failed","Thu Apr 14 19:17:29 EEST 2022","Thu Apr 14 19:18:23 EEST 2022","53713","","My Account > Gambling Controls > Account Closure > Take A Break","","My Account > Gambling Controls > Account Closure > Take A Break","#3 Player can press 'Back' button of the 'Take A Break' modal and then should be displayed previous step.","#3 Player can press 'Back' button of the 'Take A Break' modal and then should be displayed previous step.",""
"failed","Thu Apr 14 19:01:33 EEST 2022","Thu Apr 14 19:01:53 EEST 2022","19992","","Promotions functionality testing. Promotions functionality for authenticated user. Blocks of promotions.","","Promotions functionality testing. Promotions functionality for authenticated user. Blocks of promotions.","#8 Active promotions are excluded from the promotions section.","#8 Active promotions are excluded from the promotions section.",""
"passed","Thu Apr 14 19:02:21 EEST 2022","Thu Apr 14 19:02:31 EEST 2022","9596","","Registration > Step 4","","Registration > Step 4","#08 User can overwrite Select All option and de-select a preference.","#08 User can overwrite Select All option and de-select a preference.",""
"failed","Thu Apr 14 19:15:56 EEST 2022","Thu Apr 14 19:16:05 EEST 2022","8382","","Home => Terms & Conditions","","Home => Terms & Conditions","#11 User can see the Definitions section on terms and conditions page","#11 User can see the Definitions section on terms and conditions page",""
"failed","Thu Apr 14 19:08:33 EEST 2022","Thu Apr 14 19:08:54 EEST 2022","20777","","Promotions functionality testing. Promotions functionality for unauthenticated user.","","Promotions functionality testing. Promotions functionality for unauthenticated user.","#37 All main sections for card are displayed for DEPOSIT bonus for unauthenticated user.","#37 All main sections for card are displayed for DEPOSIT bonus for unauthenticated user.",""
"passed","Thu Apr 14 18:53:04 EEST 2022","Thu Apr 14 18:53:29 EEST 2022","24828","","Deep Link -> Deposit Limits","","Deep Link -> Deposit Limits","#1 Deep link to deposit limits opens when logged in","#1 Deep link to deposit limits opens when logged in",""
"passed","Thu Apr 14 19:18:17 EEST 2022","Thu Apr 14 19:18:21 EEST 2022","4512","","Slots page","","Slots page","#3 User can see static hero banner carousel and can click on it and see game info page","#3 User can see static hero banner carousel and can click on it and see game info page",""
"passed","Thu Apr 14 18:52:43 EEST 2022","Thu Apr 14 18:52:50 EEST 2022","6632","","Log In","","Log In","#03 Password field is a mandatory field.","#03 Password field is a mandatory field.",""
"passed","Thu Apr 14 19:00:44 EEST 2022","Thu Apr 14 19:00:53 EEST 2022","8217","","Registration > Step 1","","Registration > Step 1","#04 User can select the 'Recover' button on the 'Account already exists' drawer and is displayed the Recover Password form.","#04 User can select the 'Recover' button on the 'Account already exists' drawer and is displayed the Recover Password form.",""
"failed","Thu Apr 14 19:16:58 EEST 2022","Thu Apr 14 19:17:15 EEST 2022","17082","","Home => Terms & Conditions","","Home => Terms & Conditions","#15 User can see the Deposits and Withdrawals section on terms and conditions page","#15 User can see the Deposits and Withdrawals section on terms and conditions page",""
"passed","Thu Apr 14 18:50:00 EEST 2022","Thu Apr 14 18:50:03 EEST 2022","3218","","Landing Page/Welcome Offer page","","Landing Page/Welcome Offer page","#2 User try to Join at Welcome Offer page","#2 User try to Join at Welcome Offer page",""
"passed","Thu Apr 14 18:51:27 EEST 2022","Thu Apr 14 18:51:40 EEST 2022","13647","","Inbox functionality testing","","Inbox functionality testing","#6 Player can open message and display the message contents (heading, date/time & body)","#6 Player can open message and display the message contents (heading, date/time & body)",""
"passed","Thu Apr 14 19:21:54 EEST 2022","Thu Apr 14 19:22:07 EEST 2022","13670","","My Account > Gambling Controls > Deposit Limits","","My Account > Gambling Controls > Deposit Limits","#20 Player can close 'History' modal.","#20 Player can close 'History' modal.",""
"passed","Thu Apr 14 18:49:26 EEST 2022","Thu Apr 14 18:49:44 EEST 2022","17968","","Service unavailable","","Service unavailable","#0 User come to the Error 500 page, when service is unavailable","#0 User come to the Error 500 page, when service is unavailable",""
"passed","Thu Apr 14 19:05:25 EEST 2022","Thu Apr 14 19:05:25 EEST 2022","636","","Promotions functionality testing. Promotions functionality for unauthenticated user.","","Promotions functionality testing. Promotions functionality for unauthenticated user.","#26 Promotion page is displayed for not login user.","#26 Promotion page is displayed for not login user.",""
"passed","Thu Apr 14 19:01:09 EEST 2022","Thu Apr 14 19:01:12 EEST 2022","3416","","Registration > Step 1","","Registration > Step 1","#08 User can not enter an invaild email address (space in email).","#08 User can not enter an invaild email address (space in email).",""
"passed","Thu Apr 14 19:00:03 EEST 2022","Thu Apr 14 19:00:11 EEST 2022","8862","","Recover Password","","Recover Password","#01 Player can navigate to the recover password form and is displayed with the correct fields.","#01 Player can navigate to the recover password form and is displayed with the correct fields.",""
"passed","Thu Apr 14 18:57:04 EEST 2022","Thu Apr 14 18:57:22 EEST 2022","17471","","My Account > Gambling Controls > Account Closure > Self Exclusion","","My Account > Gambling Controls > Account Closure > Self Exclusion","#11 Player can choose 5 years option for 'Self Exclusion' and this option should be selected.","#11 Player can choose 5 years option for 'Self Exclusion' and this option should be selected.",""
"passed","Thu Apr 14 19:03:12 EEST 2022","Thu Apr 14 19:03:20 EEST 2022","7565","","Registration > Step 4","","Registration > Step 4","#13 User doesn`t click on confirm checkbox, tries to click success registration button and error text is shown.","#13 User doesn`t click on confirm checkbox, tries to click success registration button and error text is shown.",""
"passed","Thu Apr 14 19:04:06 EEST 2022","Thu Apr 14 19:04:22 EEST 2022","15934","","Spin Zone functionality testing","","Spin Zone functionality testing","#8 Player can open 'Search Games' modal","#8 Player can open 'Search Games' modal",""
"passed","Thu Apr 14 18:50:55 EEST 2022","Thu Apr 14 18:50:59 EEST 2022","3346","","Landing Page/Welcome Offer page","","Landing Page/Welcome Offer page","#9 User can come to the Terms & Conditions page from the Welcome Offer page","#9 User can come to the Terms & Conditions page from the Welcome Offer page",""
"failed","Thu Apr 14 19:21:10 EEST 2022","Thu Apr 14 19:21:32 EEST 2022","21658","","My Account > Gambling Controls > Account Closure > Take A Break","","My Account > Gambling Controls > Account Closure > Take A Break","#12 Player can continue with chosen 1 week option to 'Take A Break' and confirming modal should display.","#12 Player can continue with chosen 1 week option to 'Take A Break' and confirming modal should display.",""
"passed","Thu Apr 14 18:50:21 EEST 2022","Thu Apr 14 18:50:36 EEST 2022","14781","","Inbox functionality testing","","Inbox functionality testing","#2 Unread message count increases when player receives a new message (requires page refresh)","#2 Unread message count increases when player receives a new message (requires page refresh)",""
"skipped","Thu Apr 14 18:59:33 EEST 2022","Thu Apr 14 18:59:33 EEST 2022","1","","My Account > Gambling Controls > Account Closure > Self Exclusion","","My Account > Gambling Controls > Account Closure > Self Exclusion","#19 Player can continue with chosen 6 months option to 'Self Exclusion' and confirming modal should display.","#19 Player can continue with chosen 6 months option to 'Self Exclusion' and confirming modal should display.",""
"passed","Thu Apr 14 19:13:23 EEST 2022","Thu Apr 14 19:13:33 EEST 2022","9984","","Homepage","","Homepage","#2 Authenticated users can preview their balance in the navigation bar","#2 Authenticated users can preview their balance in the navigation bar",""
"passed","Thu Apr 14 19:00:28 EEST 2022","Thu Apr 14 19:00:34 EEST 2022","5982","","Recover Password","","Recover Password","#04 Player can select the 'Cancel and Back To Login' link and is displayed the login section.","#04 Player can select the 'Cancel and Back To Login' link and is displayed the login section.",""
"passed","Thu Apr 14 18:49:50 EEST 2022","Thu Apr 14 18:49:55 EEST 2022","5276","","Expired Link Error","","Expired Link Error","#4 User can click on Join button and see Register page. ","#4 User can click on Join button and see Register page. ",""
"passed","Thu Apr 14 19:21:43 EEST 2022","Thu Apr 14 19:21:54 EEST 2022","10904","","My Account > Gambling Controls > Deposit Limits","","My Account > Gambling Controls > Deposit Limits","#19 Player can open 'History' modal.","#19 Player can open 'History' modal.",""
"passed","Thu Apr 14 18:51:37 EEST 2022","Thu Apr 14 18:51:48 EEST 2022","10676","","Landing Page/Shop Welcome page","","Landing Page/Shop Welcome page","#8 User can come to the Promotion page from the Shop Welcome page","#8 User can come to the Promotion page from the Shop Welcome page",""
"passed","Thu Apr 14 18:53:38 EEST 2022","Thu Apr 14 18:53:44 EEST 2022","6807","","Log In","","Log In","#14 Player can select the link to recover their password.","#14 Player can select the link to recover their password.",""
"passed","Thu Apr 14 18:55:18 EEST 2022","Thu Apr 14 18:55:37 EEST 2022","19050","","My Account > Gambling Controls > Account Closure > Self Exclusion","","My Account > Gambling Controls > Account Closure > Self Exclusion","#3 Player can press 'Back' button of the 'Self Exlusion' modal and should return to previous step.","#3 Player can press 'Back' button of the 'Self Exlusion' modal and should return to previous step.",""
"failed","Thu Apr 14 19:00:31 EEST 2022","Thu Apr 14 19:00:44 EEST 2022","13271","","Promotions functionality testing. Promotions functionality for authenticated user. Blocks of promotions.","","Promotions functionality testing. Promotions functionality for authenticated user. Blocks of promotions.","#4 Bonus History Page is displayed after clicks ""See all Activity"" in Recenty Activity.","#4 Bonus History Page is displayed after clicks ""See all Activity"" in Recenty Activity.",""
"passed","Thu Apr 14 18:49:26 EEST 2022","Thu Apr 14 18:49:44 EEST 2022","17388","","Expired Link Error","","Expired Link Error","#1 Expired Link Error page is displayed","#1 Expired Link Error page is displayed",""
"passed","Thu Apr 14 19:01:44 EEST 2022","Thu Apr 14 19:02:02 EEST 2022","17680","","Registration > Step 4","","Registration > Step 4","#02 User can navigate back to the previous step.","#02 User can navigate back to the previous step.",""
"passed","Thu Apr 14 19:02:12 EEST 2022","Thu Apr 14 19:02:21 EEST 2022","9371","","Registration > Step 3","","Registration > Step 3","#08 User cannot enter invalid characters into the Address Line 2 field.","#08 User cannot enter invalid characters into the Address Line 2 field.",""
"passed","Thu Apr 14 19:04:22 EEST 2022","Thu Apr 14 19:04:37 EEST 2022","15203","","Spin Zone functionality testing","","Spin Zone functionality testing","#9 Player can see Exit Game button in bottom right","#9 Player can see Exit Game button in bottom right",""
"passed","Thu Apr 14 19:01:00 EEST 2022","Thu Apr 14 19:01:06 EEST 2022","6033","","Registration > Step 1","","Registration > Step 1","#06 User can not register with an email address that already exists.","#06 User can not register with an email address that already exists.",""
"passed","Thu Apr 14 19:01:30 EEST 2022","Thu Apr 14 19:01:35 EEST 2022","4910","","Registration > Step 2","","Registration > Step 2","13 User is required to be 18 or over.","13 User is required to be 18 or over.",""
"passed","Thu Apr 14 18:50:03 EEST 2022","Thu Apr 14 18:50:09 EEST 2022","6156","","Landing Page/Welcome Offer page","","Landing Page/Welcome Offer page","#3 User clicks on ""Be Aware Gambling"" image at Welcome Offer page","#3 User clicks on ""Be Aware Gambling"" image at Welcome Offer page",""
"failed","Thu Apr 14 19:15:18 EEST 2022","Thu Apr 14 19:15:49 EEST 2022","30924","","My Account -> Deposit","","My Account -> Deposit","#6 Check user is able to select PayPal payment method and is provided with the correct information for this payment method","#6 Check user is able to select PayPal payment method and is provided with the correct information for this payment method",""
"passed","Thu Apr 14 18:55:08 EEST 2022","Thu Apr 14 18:55:26 EEST 2022","18170","","My Account > Gambling Controls > Loss Limits","","My Account > Gambling Controls > Loss Limits","#3 User can close the Loss Limits Edit modal","#3 User can close the Loss Limits Edit modal",""
"passed","Thu Apr 14 19:02:02 EEST 2022","Thu Apr 14 19:02:13 EEST 2022","10613","","Registration > Step 4","","Registration > Step 4","#06 User can opt in to receive Post marketing preferences.","#06 User can opt in to receive Post marketing preferences.",""
"passed","Thu Apr 14 19:03:28 EEST 2022","Thu Apr 14 19:03:35 EEST 2022","6428","","Registration > Step 4","","Registration > Step 4","#04 User can opt in to receive Email marketing preferences.","#04 User can opt in to receive Email marketing preferences.",""
"passed","Thu Apr 14 18:58:33 EEST 2022","Thu Apr 14 18:58:51 EEST 2022","17544","","My Account > Gambling Controls > Account Closure > Self Exclusion","","My Account > Gambling Controls > Account Closure > Self Exclusion","#16 Player can continue with chosen 5 years option to 'Self Exclusion' and confirming modal should display.","#16 Player can continue with chosen 5 years option to 'Self Exclusion' and confirming modal should display.",""
"failed","Thu Apr 14 19:13:24 EEST 2022","Thu Apr 14 19:13:30 EEST 2022","5854","","Home => Terms & Conditions","","Home => Terms & Conditions","#1 User can come to the help center from terms and conditions page","#1 User can come to the help center from terms and conditions page",""
"passed","Thu Apr 14 19:03:26 EEST 2022","Thu Apr 14 19:03:34 EEST 2022","7591","","Registration > Step 3","","Registration > Step 3","#19 User can select a Country Code from the dropdown menu.","#19 User can select a Country Code from the dropdown menu.",""
"passed","Thu Apr 14 19:03:31 EEST 2022","Thu Apr 14 19:03:46 EEST 2022","15248","","UnsubscribePage","","UnsubscribePage","#5 User can check each radio button and submit the answer → result window will be displayed with the correct content","#5 User can check each radio button and submit the answer → result window will be displayed with the correct content",""
"passed","Thu Apr 14 19:01:16 EEST 2022","Thu Apr 14 19:01:19 EEST 2022","3230","","Registration > Step 1","","Registration > Step 1","#12 User can successfully enter email address with local domain (.de).","#12 User can successfully enter email address with local domain (.de).",""
"passed","Thu Apr 14 19:17:48 EEST 2022","Thu Apr 14 19:18:15 EEST 2022","27616","","Homepage","","Homepage","#11 User is displayed with the correct cash balance format in the dropdown card when balance exceeds 9999 (five figure balance)","#11 User is displayed with the correct cash balance format in the dropdown card when balance exceeds 9999 (five figure balance)",""
"passed","Thu Apr 14 18:51:15 EEST 2022","Thu Apr 14 18:51:27 EEST 2022","11958","","Inbox functionality testing","","Inbox functionality testing","#5 Player can open message, removing the new badge from a message and decreasing the unread message count badge","#5 Player can open message, removing the new badge from a message and decreasing the unread message count badge",""
"failed","Thu Apr 14 19:18:34 EEST 2022","Thu Apr 14 19:19:12 EEST 2022","38095","","My Account > Gambling Controls > Deposit Limits","","My Account > Gambling Controls > Deposit Limits","#6 Player can close the Deposit Limits Edit modal","#6 Player can close the Deposit Limits Edit modal",""
"passed","Thu Apr 14 19:00:34 EEST 2022","Thu Apr 14 19:00:50 EEST 2022","15622","","My Account > Settings > Change Password","","My Account > Settings > Change Password","#09 New password must contain a combination of upper and lower case letters (all lower case).","#09 New password must contain a combination of upper and lower case letters (all lower case).",""
"passed","Thu Apr 14 18:49:46 EEST 2022","Thu Apr 14 18:49:50 EEST 2022","3815","","Expired Link Error","","Expired Link Error","#3 User can come to the Home page from ""Expired Link"" error page. ","#3 User can come to the Home page from ""Expired Link"" error page. ",""
"failed","Thu Apr 14 19:12:31 EEST 2022","Thu Apr 14 19:13:24 EEST 2022","53745","","Home page => Privacy Policy page","","Home page => Privacy Policy page","#0 User can come to the Privacy Policy page","#0 User can come to the Privacy Policy page",""
"passed","Thu Apr 14 19:22:14 EEST 2022","Thu Apr 14 19:22:30 EEST 2022","15401","","My Profile > Communications Preferences","","My Profile > Communications Preferences","#12 Player can uneselect just phone preferences using the phone toggle (phone already toggled on), which upon saving updates the account area accordingly","#12 Player can uneselect just phone preferences using the phone toggle (phone already toggled on), which upon saving updates the account area accordingly",""
"failed","Thu Apr 14 19:13:54 EEST 2022","Thu Apr 14 19:14:08 EEST 2022","13552","","My Profile > Contact Details","","My Profile > Contact Details","#01 Player can view their contact details.","#01 Player can view their contact details.",""
"passed","Thu Apr 14 19:13:44 EEST 2022","Thu Apr 14 19:13:51 EEST 2022","7088","","Home page => Responsible Gambling page","","Home page => Responsible Gambling page","#4 User can come to the ""Block Access to Gambling Websites and Apps Worldwide"" page from Responsible Gambling page","#4 User can come to the ""Block Access to Gambling Websites and Apps Worldwide"" page from Responsible Gambling page",""
"failed","Thu Apr 14 19:12:02 EEST 2022","Thu Apr 14 19:12:28 EEST 2022","25398","","Promotions functionality testing. Promotions functionality for unauthenticated user.","","Promotions functionality testing. Promotions functionality for unauthenticated user.","#47 User clicks button DEPOSIT for already DEPOSITED bonus, successfully login and can see drawer ""This promotion is unavailable"".","#47 User clicks button DEPOSIT for already DEPOSITED bonus, successfully login and can see drawer ""This promotion is unavailable"".",""
"passed","Thu Apr 14 19:01:19 EEST 2022","Thu Apr 14 19:01:22 EEST 2022","2711","","Registration > Step 1","","Registration > Step 1","#13 Password is a mandatory field.","#13 Password is a mandatory field.",""
"passed","Thu Apr 14 19:01:10 EEST 2022","Thu Apr 14 19:01:15 EEST 2022","5584","","Registration > Step 2","","Registration > Step 2","#07 User cannot enter numbers into step 2 name input fields.","#07 User cannot enter numbers into step 2 name input fields.",""
"failed","Thu Apr 14 19:18:23 EEST 2022","Thu Apr 14 19:18:44 EEST 2022","20971","","My Account > Gambling Controls > Account Closure > Take A Break","","My Account > Gambling Controls > Account Closure > Take A Break","#5 Player cannot continue with 'Take A Break' if a duration is not selected.","#5 Player cannot continue with 'Take A Break' if a duration is not selected.",""
"passed","Thu Apr 14 18:53:01 EEST 2022","Thu Apr 14 18:53:06 EEST 2022","5138","","Log In","","Log In","#05 Player can close the login modal.","#05 Player can close the login modal.",""
"failed","Thu Apr 14 19:12:31 EEST 2022","Thu Apr 14 19:13:24 EEST 2022","53227","","Home => Terms & Conditions","","Home => Terms & Conditions","#0 User can come to the terms and conditions page","#0 User can come to the terms and conditions page",""
"failed","Thu Apr 14 19:18:47 EEST 2022","Thu Apr 14 19:18:58 EEST 2022","11089","","Slots page","","Slots page","#9 User hover the game card and click on it and login modal appears","#9 User hover the game card and click on it and login modal appears",""
"passed","Thu Apr 14 19:00:34 EEST 2022","Thu Apr 14 19:00:43 EEST 2022","9453","","Recover Password","","Recover Password","#05 Player receives 'Sent' success feedback on submitting a valid email address.","#05 Player receives 'Sent' success feedback on submitting a valid email address.",""
"passed","Thu Apr 14 18:50:35 EEST 2022","Thu Apr 14 18:50:48 EEST 2022","13481","","Landing Page/Welcome Offer page","","Landing Page/Welcome Offer page","#7 User can come to the ""Be Gambling Aware"" site from the Welcome Offer page","#7 User can come to the ""Be Gambling Aware"" site from the Welcome Offer page",""
"failed","Thu Apr 14 19:22:27 EEST 2022","Thu Apr 14 19:22:48 EEST 2022","21581","","My Account > Gambling Controls > Account Closure > Take A Break","","My Account > Gambling Controls > Account Closure > Take A Break","#16 Player can press 'BACK' for confirmating modal after chosen for 24 hours 'Take A Break' and should return to previous step.","#16 Player can press 'BACK' for confirmating modal after chosen for 24 hours 'Take A Break' and should return to previous step.",""
"passed","Thu Apr 14 19:03:02 EEST 2022","Thu Apr 14 19:03:12 EEST 2022","10627","","Registration > Step 4","","Registration > Step 4","#12 User can click on confirm checkbox and click success registration button.","#12 User can click on confirm checkbox and click success registration button.",""
"passed","Thu Apr 14 19:02:55 EEST 2022","Thu Apr 14 19:03:03 EEST 2022","8255","","Registration > Step 3","","Registration > Step 3","#15 Phone Number is a mandatory field.","#15 Phone Number is a mandatory field.",""
"passed","Thu Apr 14 19:02:59 EEST 2022","Thu Apr 14 19:03:11 EEST 2022","12190","","Promotions functionality testing. Promotions functionality for authenticated user. Particular promotions.","","Promotions functionality testing. Promotions functionality for authenticated user. Particular promotions.","#14 User can click OPT IN primary CTA in more info details page and get confirmation modal with all sections.","#14 User can click OPT IN primary CTA in more info details page and get confirmation modal with all sections.",""
"passed","Thu Apr 14 18:51:29 EEST 2022","Thu Apr 14 18:51:32 EEST 2022","3109","","Landing Page/Shop Welcome page","","Landing Page/Shop Welcome page","#6 User can click on the WELCOME BONUS FULL TERMS AND CONDITIONS","#6 User can click on the WELCOME BONUS FULL TERMS AND CONDITIONS",""
"passed","Thu Apr 14 19:03:04 EEST 2022","Thu Apr 14 19:03:13 EEST 2022","8520","","UnsubscribePage","","UnsubscribePage","#2 User can click on ‘I’ve changed my mind’ button and go to home page.","#2 User can click on ‘I’ve changed my mind’ button and go to home page.",""
"passed","Thu Apr 14 18:57:20 EEST 2022","Thu Apr 14 18:57:36 EEST 2022","15971","","My Account > Gambling Controls > Loss Limits","","My Account > Gambling Controls > Loss Limits","#10 User can successfully set a monthly loss limit if not already set ","#10 User can successfully set a monthly loss limit if not already set ",""
"passed","Thu Apr 14 19:21:43 EEST 2022","Thu Apr 14 19:21:58 EEST 2022","15744","","My Profile > Communications Preferences","","My Profile > Communications Preferences","#10 Player can unselect just email preferences using the email toggle (email already toggled on), which upon saving updates the account area accordingly","#10 Player can unselect just email preferences using the email toggle (email already toggled on), which upon saving updates the account area accordingly",""
"passed","Thu Apr 14 18:58:51 EEST 2022","Thu Apr 14 18:59:12 EEST 2022","21838","","My Account > Gambling Controls > Account Closure > Self Exclusion","","My Account > Gambling Controls > Account Closure > Self Exclusion","#17 Player can press 'BACK' for confirmating modal after chosen for 6 months 'Self Exclusion' and should return to previous step.","#17 Player can press 'BACK' for confirmating modal after chosen for 6 months 'Self Exclusion' and should return to previous step.",""
"passed","Thu Apr 14 19:03:52 EEST 2022","Thu Apr 14 19:04:06 EEST 2022","14578","","Spin Zone functionality testing","","Spin Zone functionality testing","#7 Player can see recently played games","#7 Player can see recently played games",""
"passed","Thu Apr 14 18:59:08 EEST 2022","Thu Apr 14 18:59:24 EEST 2022","16340","","My Account > Settings > Change Password","","My Account > Settings > Change Password","#04 Player cannot submit the Change Password form with blank details.","#04 Player cannot submit the Change Password form with blank details.",""
"passed","Thu Apr 14 19:21:07 EEST 2022","Thu Apr 14 19:21:28 EEST 2022","20739","","My Account > Gambling Controls > Deposit Limits","","My Account > Gambling Controls > Deposit Limits","#15 Player can successfully change Deposit Limit with a decimal value and receive a success toast on submitting the new amount.","#15 Player can successfully change Deposit Limit with a decimal value and receive a success toast on submitting the new amount.",""
"passed","Thu Apr 14 19:02:04 EEST 2022","Thu Apr 14 19:02:12 EEST 2022","8469","","Registration > Step 3","","Registration > Step 3","#07 User cannot enter invalid characters into the Address Line 1 field.","#07 User cannot enter invalid characters into the Address Line 1 field.",""
"passed","Thu Apr 14 19:21:58 EEST 2022","Thu Apr 14 19:22:14 EEST 2022","15851","","My Profile > Communications Preferences","","My Profile > Communications Preferences","#11 Player can uneselect just text preferences using the text toggle (text already toggled on), which upon saving updates the account area accordingly","#11 Player can uneselect just text preferences using the text toggle (text already toggled on), which upon saving updates the account area accordingly",""
"passed","Thu Apr 14 18:52:17 EEST 2022","Thu Apr 14 18:52:43 EEST 2022","26550","","Log In","","Log In","#02 Email Address is a mandatory field.","#02 Email Address is a mandatory field.",""
"failed","Thu Apr 14 19:20:05 EEST 2022","Thu Apr 14 19:20:26 EEST 2022","21565","","My Account > Gambling Controls > Account Closure > Take A Break","","My Account > Gambling Controls > Account Closure > Take A Break","#9 Player can choose 3 weeks option for 'Take A Break' and this option should be selected.","#9 Player can choose 3 weeks option for 'Take A Break' and this option should be selected.",""
"passed","Thu Apr 14 18:51:14 EEST 2022","Thu Apr 14 18:51:18 EEST 2022","3845","","Landing Page/Shop Welcome page","","Landing Page/Shop Welcome page","#3 User clicks on ""Be Aware Gambling"" image at Shop Welcome page","#3 User clicks on ""Be Aware Gambling"" image at Shop Welcome page",""
"skipped","Thu Apr 14 18:57:36 EEST 2022","Thu Apr 14 18:57:36 EEST 2022","1","","My Account > Gambling Controls > Loss Limits","","My Account > Gambling Controls > Loss Limits","#11 User can successfully set their Loss Limit to the minimum allowed value and will receive a success toast on submitting the new amount. ","#11 User can successfully set their Loss Limit to the minimum allowed value and will receive a success toast on submitting the new amount. ",""
"passed","Thu Apr 14 19:01:24 EEST 2022","Thu Apr 14 19:01:27 EEST 2022","2825","","Registration > Step 1","","Registration > Step 1","#28 User can enter valid details on Step 1 and progress to Step 2 of the registration process.","#28 User can enter valid details on Step 1 and progress to Step 2 of the registration process.",""
"passed","Thu Apr 14 19:02:24 EEST 2022","Thu Apr 14 19:02:44 EEST 2022","20258","","Spin Zone functionality testing","","Spin Zone functionality testing","#2 Player can see Resume Game button in the top left of the screen","#2 Player can see Resume Game button in the top left of the screen",""
"passed","Thu Apr 14 18:50:06 EEST 2022","Thu Apr 14 18:50:14 EEST 2022","7276","","Expired Link Error","","Expired Link Error","#9 User can click on 'Back to Login' and open Login window and successfully login.","#9 User can click on 'Back to Login' and open Login window and successfully login.",""
"passed","Thu Apr 14 18:57:40 EEST 2022","Thu Apr 14 18:57:57 EEST 2022","17378","","My Account > Gambling Controls > Account Closure > Self Exclusion","","My Account > Gambling Controls > Account Closure > Self Exclusion","#13 Player can continue with chosen 12 months option to 'Self Exclusion' and confirming modal should display.","#13 Player can continue with chosen 12 months option to 'Self Exclusion' and confirming modal should display.",""
"passed","Thu Apr 14 18:56:44 EEST 2022","Thu Apr 14 18:57:04 EEST 2022","19320","","My Account > Gambling Controls > Loss Limits","","My Account > Gambling Controls > Loss Limits","#8 User can successfully set a daily loss limit if not already set ","#8 User can successfully set a daily loss limit if not already set ",""
"failed","Thu Apr 14 19:18:28 EEST 2022","Thu Apr 14 19:18:37 EEST 2022","8814","","Home => Terms & Conditions","","Home => Terms & Conditions","#23 User can see the Intellectual Property section on terms and conditions page","#23 User can see the Intellectual Property section on terms and conditions page",""
"passed","Thu Apr 14 18:55:37 EEST 2022","Thu Apr 14 18:55:54 EEST 2022","16765","","My Account > Gambling Controls > Account Closure > Self Exclusion","","My Account > Gambling Controls > Account Closure > Self Exclusion","#5 Player cannot continue with 'Self Exclusion' if a duration is not selected.","#5 Player cannot continue with 'Self Exclusion' if a duration is not selected.",""
"failed","Thu Apr 14 19:21:54 EEST 2022","Thu Apr 14 19:22:15 EEST 2022","21594","","My Account > Gambling Controls > Account Closure > Take A Break","","My Account > Gambling Controls > Account Closure > Take A Break","#14 Player can continue with chosen 6 weeks option to 'Take A Break' and confirming modal should display.","#14 Player can continue with chosen 6 weeks option to 'Take A Break' and confirming modal should display.",""
"passed","Thu Apr 14 19:01:31 EEST 2022","Thu Apr 14 19:01:39 EEST 2022","8228","","Registration > Step 3","","Registration > Step 3","#03 Player can select the Manual Input button and is displayed the address inputs.","#03 Player can select the Manual Input button and is displayed the address inputs.",""
"skipped","Thu Apr 14 19:21:28 EEST 2022","Thu Apr 14 19:21:28 EEST 2022","0","","My Account > Gambling Controls > Deposit Limits","","My Account > Gambling Controls > Deposit Limits","#17 Player cannot set Deposit Limit higher than the maximum amount.","#17 Player cannot set Deposit Limit higher than the maximum amount.",""
"passed","Thu Apr 14 19:02:46 EEST 2022","Thu Apr 14 19:03:02 EEST 2022","15821","","Registration > Step 4","","Registration > Step 4","#11 User can click and view the Privacy Policy.","#11 User can click and view the Privacy Policy.",""
"failed","Thu Apr 14 19:18:42 EEST 2022","Thu Apr 14 19:19:18 EEST 2022","35367","","Home => Terms & Conditions","","Home => Terms & Conditions","#25 User can see the Complaints and disputes section on terms and conditions page","#25 User can see the Complaints and disputes section on terms and conditions page",""
"failed","Thu Apr 14 18:51:40 EEST 2022","Thu Apr 14 18:52:30 EEST 2022","49381","","Inbox functionality testing","","Inbox functionality testing","#7 Player can mark a message as read using the message options, removing the new badge from a message and decreasing the unread message count badge","#7 Player can mark a message as read using the message options, removing the new badge from a message and decreasing the unread message count badge",""
"passed","Thu Apr 14 18:50:05 EEST 2022","Thu Apr 14 18:50:19 EEST 2022","14322","","404 error page functionality testing.","","404 error page functionality testing.","#7 Player can click ""Deposit"" button and open Deposit window.","#7 Player can click ""Deposit"" button and open Deposit window.",""
"passed","Thu Apr 14 18:59:58 EEST 2022","Thu Apr 14 19:00:18 EEST 2022","19930","","My Account > Settings > Change Password","","My Account > Settings > Change Password","#07 New password must contain a number.","#07 New password must contain a number.",""
"failed","Thu Apr 14 19:16:05 EEST 2022","Thu Apr 14 19:18:21 EEST 2022","136742","","My Account -> Deposit","","My Account -> Deposit","#8 Check user is displayed with a declined modal when safecharge returns a declined response","#8 Check user is displayed with a declined modal when safecharge returns a declined response",""
"passed","Thu Apr 14 18:54:12 EEST 2022","Thu Apr 14 18:54:24 EEST 2022","11886","","Inbox functionality testing","","Inbox functionality testing","#14 Unread message count is not present on Inbox navigation bar icon if player has no unread messages","#14 Unread message count is not present on Inbox navigation bar icon if player has no unread messages",""
"passed","Thu Apr 14 19:13:29 EEST 2022","Thu Apr 14 19:13:36 EEST 2022","6545","","Footer functionality testing","","Footer functionality testing","#3 Player can see partners logos","#3 Player can see partners logos",""
"failed","Thu Apr 14 19:00:57 EEST 2022","Thu Apr 14 19:01:18 EEST 2022","21042","","Promotions functionality testing. Promotions functionality for authenticated user. Blocks of promotions.","","Promotions functionality testing. Promotions functionality for authenticated user. Blocks of promotions.","#6 Active promotion is excluded from the featured section.","#6 Active promotion is excluded from the featured section.",""
"passed","Thu Apr 14 18:49:45 EEST 2022","Thu Apr 14 18:49:47 EEST 2022","1622","","Service unavailable","","Service unavailable","#1 The user is on the Location Error page","#1 The user is on the Location Error page",""
"passed","Thu Apr 14 19:18:15 EEST 2022","Thu Apr 14 19:18:28 EEST 2022","12344","","Homepage","","Homepage","#12 Balance preview correctly displays £0.00 if user has no balance","#12 Balance preview correctly displays £0.00 if user has no balance",""
"passed","Thu Apr 14 19:20:00 EEST 2022","Thu Apr 14 19:20:21 EEST 2022","20993","","My Account > Gambling Controls > Deposit Limits","","My Account > Gambling Controls > Deposit Limits","#9 Player can successfully update a daily deposit limit in the Deposit Limits Delete modal","#9 Player can successfully update a daily deposit limit in the Deposit Limits Delete modal",""
"passed","Thu Apr 14 18:52:50 EEST 2022","Thu Apr 14 18:53:01 EEST 2022","11128","","Log In","","Log In","#04 Player cannot submit blank details on the Login Form.","#04 Player cannot submit blank details on the Login Form.",""
"passed","Thu Apr 14 19:00:55 EEST 2022","Thu Apr 14 19:01:03 EEST 2022","8012","","Recover Password","","Recover Password","#08 Player can submit an email address which does not exist and still receives a success message on submitting the recover password form.","#08 Player can submit an email address which does not exist and still receives a success message on submitting the recover password form.",""
"passed","Thu Apr 14 19:03:48 EEST 2022","Thu Apr 14 19:04:00 EEST 2022","11904","","Promotions functionality testing. Promotions functionality for authenticated user. Particular promotions.","","Promotions functionality testing. Promotions functionality for authenticated user. Particular promotions.","#18 User can close confirmation message, return to the calling page and bonus has been claimed.","#18 User can close confirmation message, return to the calling page and bonus has been claimed.",""
"passed","Thu Apr 14 18:56:47 EEST 2022","Thu Apr 14 18:57:04 EEST 2022","17497","","My Account > Gambling Controls > Account Closure > Self Exclusion","","My Account > Gambling Controls > Account Closure > Self Exclusion","#10 Player can choose 2 years option for 'Self Exclusion' and this option should be selected.","#10 Player can choose 2 years option for 'Self Exclusion' and this option should be selected.",""
"passed","Thu Apr 14 19:22:18 EEST 2022","Thu Apr 14 19:22:32 EEST 2022","13363","","My Account > Gambling Controls > Deposit Limits","","My Account > Gambling Controls > Deposit Limits","#22 Player can close 'How deposit limits work' modal.","#22 Player can close 'How deposit limits work' modal.",""
"passed","Thu Apr 14 19:20:54 EEST 2022","Thu Apr 14 19:21:07 EEST 2022","13205","","My Account > Gambling Controls > Deposit Limits","","My Account > Gambling Controls > Deposit Limits","#13 Player can open the Deposit Limits Delete modal on delete icon click and click on edit icon in the input field.","#13 Player can open the Deposit Limits Delete modal on delete icon click and click on edit icon in the input field.",""
"passed","Thu Apr 14 18:49:45 EEST 2022","Thu Apr 14 18:49:55 EEST 2022","10026","","404 error page functionality testing.","","404 error page functionality testing.","#2 All elements are persisted on 404 error page.","#2 All elements are persisted on 404 error page.",""
"skipped","Thu Apr 14 18:57:36 EEST 2022","Thu Apr 14 18:57:36 EEST 2022","0","","My Account > Gambling Controls > Loss Limits","","My Account > Gambling Controls > Loss Limits","#12 User can successfully change their Loss Limit with a decimal value and receive a success toast on submitting the new amount. ","#12 User can successfully change their Loss Limit with a decimal value and receive a success toast on submitting the new amount. ",""
"passed","Thu Apr 14 18:57:58 EEST 2022","Thu Apr 14 18:58:18 EEST 2022","19799","","My Account > Settings > Change Password","","My Account > Settings > Change Password","#00 Player can close the Change Password modal.","#00 Player can close the Change Password modal.",""
"passed","Thu Apr 14 18:56:23 EEST 2022","Thu Apr 14 18:56:48 EEST 2022","24610","","My Account > Gambling Controls > Play Reminders","","My Account > Gambling Controls > Play Reminders","#6 Player can successfully set a 'Time Limit'.","#6 Player can successfully set a 'Time Limit'.",""
"skipped","Thu Apr 14 19:23:10 EEST 2022","Thu Apr 14 19:23:10 EEST 2022","0","","My Account > Gambling Controls > Account Closure > Take A Break","","My Account > Gambling Controls > Account Closure > Take A Break","#18 Player can press 'CONFIRM' to finish 'Take A Break' a for 24 hours and should be logged out and unable to sign back into their account.","#18 Player can press 'CONFIRM' to finish 'Take A Break' a for 24 hours and should be logged out and unable to sign back into their account.",""
"passed","Thu Apr 14 19:00:40 EEST 2022","Thu Apr 14 19:00:44 EEST 2022","4843","","Registration > Step 1","","Registration > Step 1","#03 User is prompted with the 'Account already exists' drawer if they enter an email address that already exists.","#03 User is prompted with the 'Account already exists' drawer if they enter an email address that already exists.",""
"passed","Thu Apr 14 19:03:37 EEST 2022","Thu Apr 14 19:03:48 EEST 2022","11422","","Promotions functionality testing. Promotions functionality for authenticated user. Particular promotions.","","Promotions functionality testing. Promotions functionality for authenticated user. Particular promotions.","#17 User can opt in bonus and get modal with all sections, click on the primary CTA and procceds with the journey","#17 User can opt in bonus and get modal with all sections, click on the primary CTA and procceds with the journey",""
"passed","Thu Apr 14 18:56:24 EEST 2022","Thu Apr 14 18:56:44 EEST 2022","20489","","My Account > Gambling Controls > Loss Limits","","My Account > Gambling Controls > Loss Limits","#7 User can open the Loss Limits Delete modal on edit icon click and click on edit icon in the input field ","#7 User can open the Loss Limits Delete modal on edit icon click and click on edit icon in the input field ",""
"passed","Thu Apr 14 18:53:29 EEST 2022","Thu Apr 14 18:53:45 EEST 2022","15517","","Deep Link -> Deposit Limits","","Deep Link -> Deposit Limits","#2 Deep link to deposit limits open login when not logged in before deposit limits","#2 Deep link to deposit limits open login when not logged in before deposit limits",""
"failed","Thu Apr 14 19:13:57 EEST 2022","Thu Apr 14 19:14:03 EEST 2022","5611","","Homepage","","Homepage","#1 When the user clicks to link Privacy Policy user should watches the nex chapters.","#1 When the user clicks to link Privacy Policy user should watches the nex chapters.",""
"failed","Thu Apr 14 19:05:26 EEST 2022","Thu Apr 14 19:05:47 EEST 2022","20743","","Promotions functionality testing. Promotions functionality for unauthenticated user.","","Promotions functionality testing. Promotions functionality for unauthenticated user.","#28 Promotion cards are displayed for not login user.","#28 Promotion cards are displayed for not login user.",""
"passed","Thu Apr 14 18:51:01 EEST 2022","Thu Apr 14 18:51:14 EEST 2022","12967","","Landing Page/Shop Welcome page","","Landing Page/Shop Welcome page","#2 User try to Join at Shop Welcome page","#2 User try to Join at Shop Welcome page",""
"passed","Thu Apr 14 19:00:50 EEST 2022","Thu Apr 14 19:00:56 EEST 2022","5299","","Registration > Step 2","","Registration > Step 2","#03 First Name is a mandatory field.","#03 First Name is a mandatory field.",""
"failed","Thu Apr 14 19:14:11 EEST 2022","Thu Apr 14 19:14:20 EEST 2022","8857","","Homepage","","Homepage","#5 After click one of the links from 'Website Visitors', the user should see new page.","#5 After click one of the links from 'Website Visitors', the user should see new page.",""
"failed","Thu Apr 14 19:18:13 EEST 2022","Thu Apr 14 19:18:18 EEST 2022","5434","","Home => Terms & Conditions","","Home => Terms & Conditions","#20 User can see the Suspension/Termination of your Account section on terms and conditions page","#20 User can see the Suspension/Termination of your Account section on terms and conditions page",""
"failed","Thu Apr 14 19:22:48 EEST 2022","Thu Apr 14 19:23:10 EEST 2022","21345","","My Account > Gambling Controls > Account Closure > Take A Break","","My Account > Gambling Controls > Account Closure > Take A Break","#17 Player can close the take a break modal.","#17 Player can close the take a break modal.",""
"failed","Thu Apr 14 19:00:15 EEST 2022","Thu Apr 14 19:00:31 EEST 2022","16382","","Promotions functionality testing. Promotions functionality for authenticated user. Blocks of promotions.","","Promotions functionality testing. Promotions functionality for authenticated user. Blocks of promotions.","#3 Active promotions are displayed in correct order.","#3 Active promotions are displayed in correct order.",""
"passed","Thu Apr 14 18:54:34 EEST 2022","Thu Apr 14 18:54:58 EEST 2022","23928","","My Account > Gambling Controls > Account Closure > Self Exclusion","","My Account > Gambling Controls > Account Closure > Self Exclusion","#1 Player can select the 'Self Exclusion' menu item and is displayed the Self Exclusion modal.","#1 Player can select the 'Self Exclusion' menu item and is displayed the Self Exclusion modal.",""
"skipped","Thu Apr 14 18:55:37 EEST 2022","Thu Apr 14 18:55:37 EEST 2022","2","","My Account > Gambling Controls > Account Closure > Self Exclusion","","My Account > Gambling Controls > Account Closure > Self Exclusion","#4 Player cannot continue with 'Self Exclusion' if a reason is not selected.","#4 Player cannot continue with 'Self Exclusion' if a reason is not selected.",""
"failed","Thu Apr 14 19:22:15 EEST 2022","Thu Apr 14 19:22:27 EEST 2022","11450","","My Account > Gambling Controls > Account Closure > Take A Break","","My Account > Gambling Controls > Account Closure > Take A Break","#15 Player can choose to view the 'Self Exclusion' service from the 'Take A Break' modal.","#15 Player can choose to view the 'Self Exclusion' service from the 'Take A Break' modal.",""
"passed","Thu Apr 14 19:18:38 EEST 2022","Thu Apr 14 19:18:41 EEST 2022","3726","","Slots page","","Slots page","#7 User hover the game card and click 'Play now' and login modal appears","#7 User hover the game card and click 'Play now' and login modal appears",""
"passed","Thu Apr 14 19:01:34 EEST 2022","Thu Apr 14 19:01:44 EEST 2022","10811","","Registration > Step 4","","Registration > Step 4","#01 User is displayed the correct content and defaut options for Step 4.","#01 User is displayed the correct content and defaut options for Step 4.",""
"passed","Thu Apr 14 19:00:56 EEST 2022","Thu Apr 14 19:01:00 EEST 2022","4480","","Registration > Step 2","","Registration > Step 2","#04 Last Name is a mandatory field.","#04 Last Name is a mandatory field.",""
"passed","Thu Apr 14 19:03:42 EEST 2022","Thu Apr 14 19:03:48 EEST 2022","6375","","Registration > Step 4","","Registration > Step 4","#09 User can select multiple marketing preferences.","#09 User can select multiple marketing preferences.",""
"failed","Thu Apr 14 19:16:23 EEST 2022","Thu Apr 14 19:16:58 EEST 2022","35088","","My Profile > Contact Details","","My Profile > Contact Details","#06 Player can update country code number.","#06 Player can update country code number.",""
"passed","Thu Apr 14 18:58:15 EEST 2022","Thu Apr 14 18:58:33 EEST 2022","17556","","My Account > Gambling Controls > Account Closure > Self Exclusion","","My Account > Gambling Controls > Account Closure > Self Exclusion","#15 Player can continue with chosen 2 years option to 'Self Exclusion' and confirming modal should display.","#15 Player can continue with chosen 2 years option to 'Self Exclusion' and confirming modal should display.",""
"passed","Thu Apr 14 19:19:38 EEST 2022","Thu Apr 14 19:19:43 EEST 2022","4516","","Home => Terms & Conditions","","Home => Terms & Conditions","#27 User can opened mail client after clicks/taps on “care@merkurslots.com” ","#27 User can opened mail client after clicks/taps on “care@merkurslots.com” ",""
"passed","Thu Apr 14 18:55:21 EEST 2022","Thu Apr 14 18:55:43 EEST 2022","22540","","My Account > Gambling Controls > Play Reminders","","My Account > Gambling Controls > Play Reminders","#3 Player can cancel out of the 'Time Limit' modal.","#3 Player can cancel out of the 'Time Limit' modal.",""
"passed","Thu Apr 14 18:50:20 EEST 2022","Thu Apr 14 18:50:32 EEST 2022","11760","","Landing Page/Welcome Offer page","","Landing Page/Welcome Offer page","#5 User try to click on PLAY CTA of Popular game at Welcome Offer page","#5 User try to click on PLAY CTA of Popular game at Welcome Offer page",""
"passed","Thu Apr 14 18:49:57 EEST 2022","Thu Apr 14 18:49:59 EEST 2022","2421","","Expired Link Error","","Expired Link Error","#6 User can click on Recover Password button and see Reset your password window ","#6 User can click on Recover Password button and see Reset your password window ",""
"passed","Thu Apr 14 18:57:04 EEST 2022","Thu Apr 14 18:57:20 EEST 2022","16140","","My Account > Gambling Controls > Loss Limits","","My Account > Gambling Controls > Loss Limits","#9 User can successfully set a weekly loss limit if not already set ","#9 User can successfully set a weekly loss limit if not already set ",""
"passed","Thu Apr 14 18:58:18 EEST 2022","Thu Apr 14 18:58:34 EEST 2022","16478","","My Account > Settings > Change Password","","My Account > Settings > Change Password","#01 Player can cancel out of the Change Password modal.","#01 Player can cancel out of the Change Password modal.",""
"passed","Thu Apr 14 19:04:00 EEST 2022","Thu Apr 14 19:04:17 EEST 2022","16603","","Promotions functionality testing. Promotions functionality for authenticated user. Particular promotions.","","Promotions functionality testing. Promotions functionality for authenticated user. Particular promotions.","#19 User can click DEPOSIT CTA for deposit bonus and open deposit bonus modal with displaying all sections.","#19 User can click DEPOSIT CTA for deposit bonus and open deposit bonus modal with displaying all sections.",""
"passed","Thu Apr 14 18:58:38 EEST 2022","Thu Apr 14 18:58:56 EEST 2022","18568","","My Account > Gambling Controls > Loss Limits","","My Account > Gambling Controls > Loss Limits","#16 User can only enter numeric digits into the set Loss Limit field. ","#16 User can only enter numeric digits into the set Loss Limit field. ",""
"passed","Thu Apr 14 19:02:18 EEST 2022","Thu Apr 14 19:02:35 EEST 2022","16479","","Promotions functionality testing. Promotions functionality for authenticated user. Particular promotions.","","Promotions functionality testing. Promotions functionality for authenticated user. Particular promotions.","#11 All main sections for card are displayed for DEPOSIT bonus.","#11 All main sections for card are displayed for DEPOSIT bonus.",""
"skipped","Thu Apr 14 19:18:44 EEST 2022","Thu Apr 14 19:18:44 EEST 2022","1","","My Account > Gambling Controls > Account Closure > Take A Break","","My Account > Gambling Controls > Account Closure > Take A Break","#6 Player can select a reason for taking a break from the drop down menu.","#6 Player can select a reason for taking a break from the drop down menu.",""
"passed","Thu Apr 14 18:49:44 EEST 2022","Thu Apr 14 18:49:45 EEST 2022","1636","","User come to the 'Planned Maintenance' error page","","User come to the 'Planned Maintenance' error page","#2 User can come to the Home page from ""Planned Maintenance"" error page","#2 User can come to the Home page from ""Planned Maintenance"" error page",""
"passed","Thu Apr 14 18:57:57 EEST 2022","Thu Apr 14 18:58:15 EEST 2022","18527","","My Account > Gambling Controls > Account Closure > Self Exclusion","","My Account > Gambling Controls > Account Closure > Self Exclusion","#14 Player can continue with chosen 18 months option to 'Self Exclusion' and confirming modal should display.","#14 Player can continue with chosen 18 months option to 'Self Exclusion' and confirming modal should display.",""
"passed","Thu Apr 14 19:00:28 EEST 2022","Thu Apr 14 19:00:36 EEST 2022","7435","","Registration > Step 1","","Registration > Step 1","#01.1 User can leave the registration process by clicking the Home link and click 'Yes I want to leave'.","#01.1 User can leave the registration process by clicking the Home link and click 'Yes I want to leave'.",""
"failed","Thu Apr 14 19:18:18 EEST 2022","Thu Apr 14 19:18:24 EEST 2022","5852","","Home => Terms & Conditions","","Home => Terms & Conditions","#21 User can see the Responsible Gambling section on terms and conditions page","#21 User can see the Responsible Gambling section on terms and conditions page",""
"passed","Thu Apr 14 18:49:26 EEST 2022","Thu Apr 14 18:49:45 EEST 2022","18453","","404 error page functionality testing.","","404 error page functionality testing.","#1 404 error page is displayed.","#1 404 error page is displayed.",""
"failed","Thu Apr 14 19:15:42 EEST 2022","Thu Apr 14 19:15:50 EEST 2022","7864","","Home => Terms & Conditions","","Home => Terms & Conditions","#9 User can see Introduction section on terms and conditions page","#9 User can see Introduction section on terms and conditions page",""
"passed","Thu Apr 14 19:14:33 EEST 2022","Thu Apr 14 19:14:35 EEST 2022","1952","","Homepage","","Homepage","#7 The user can use for Malta contact@eyasgaming.com e-mail","#7 The user can use for Malta contact@eyasgaming.com e-mail",""
"failed","Thu Apr 14 19:16:05 EEST 2022","Thu Apr 14 19:16:13 EEST 2022","7907","","Home => Terms & Conditions","","Home => Terms & Conditions","#12 User can see the Changes to the Terms section on terms and conditions page","#12 User can see the Changes to the Terms section on terms and conditions page",""
"failed","Thu Apr 14 19:11:21 EEST 2022","Thu Apr 14 19:11:41 EEST 2022","20732","","Promotions functionality testing. Promotions functionality for unauthenticated user.","","Promotions functionality testing. Promotions functionality for unauthenticated user.","#45 User clicks button OPT IN for already OPTED IN bonus, successfully login and can see drawer ""This promotion is unavailable"".","#45 User clicks button OPT IN for already OPTED IN bonus, successfully login and can see drawer ""This promotion is unavailable"".",""
"failed","Thu Apr 14 19:18:41 EEST 2022","Thu Apr 14 19:18:47 EEST 2022","5551","","Slots page","","Slots page","#8 User hover the game card and click on CTA 'INFO' and go to info page, click on JOIN and see register page","#8 User hover the game card and click on CTA 'INFO' and go to info page, click on JOIN and see register page",""
"passed","Thu Apr 14 18:53:10 EEST 2022","Thu Apr 14 18:53:32 EEST 2022","22037","","Deep Link -> Loss Limits","","Deep Link -> Loss Limits","#1 Deep link to loss limits opens when logged in","#1 Deep link to loss limits opens when logged in",""
