"Status","Start Time","Stop Time","Duration in ms","Parent Suite","Suite","Sub Suite","Test Class","Test Method","Name","Description"
"passed","Tue Mar 15 21:55:21 EET 2022","Tue Mar 15 21:55:24 EET 2022","2824","","Homepage","","Homepage","#8 The user can use to contact for DPO regarding any data protection issue dpo@merkurslots.com email","#8 The user can use to contact for DPO regarding any data protection issue dpo@merkurslots.com email",""
"failed","Tue Mar 15 22:13:08 EET 2022","Tue Mar 15 22:13:31 EET 2022","22879","","My Account > Gambling Controls > Account Closure > Self Exclusion","","My Account > Gambling Controls > Account Closure > Self Exclusion","#7 Player can choose 6 months option for 'Self Exclusion' and this option should be selected.","#7 Player can choose 6 months option for 'Self Exclusion' and this option should be selected.",""
"failed","Tue Mar 15 22:13:20 EET 2022","Tue Mar 15 22:13:31 EET 2022","10528","","Landing Page/Welcome Games page","","Landing Page/Welcome Games page","#9 User can come to the Terms & Conditions page from the Welcome Games page","#9 User can come to the Terms & Conditions page from the Welcome Games page",""
"passed","Tue Mar 15 22:13:18 EET 2022","Tue Mar 15 22:13:47 EET 2022","28866","","My Profile > Contact Details","","My Profile > Contact Details","#04 Player can update their telephone number.","#04 Player can update their telephone number.",""
"passed","Tue Mar 15 21:46:31 EET 2022","Tue Mar 15 21:46:51 EET 2022","20548","","Homepage","","Homepage","#14 Casino amount does not display when total bonus amount is zero and displays correct total balance of £0.00","#14 Casino amount does not display when total bonus amount is zero and displays correct total balance of £0.00",""
"skipped","Tue Mar 15 22:12:32 EET 2022","Tue Mar 15 22:12:32 EET 2022","7","","My Account > Gambling Controls > Account Closure > Take A Break","","My Account > Gambling Controls > Account Closure > Take A Break","#4 Player cannot continue with 'Take A Break' if a reason is not selected.","#4 Player cannot continue with 'Take A Break' if a reason is not selected.",""
"failed","Tue Mar 15 22:14:39 EET 2022","Tue Mar 15 22:15:01 EET 2022","22195","","My Account > Gambling Controls > Account Closure > Self Exclusion","","My Account > Gambling Controls > Account Closure > Self Exclusion","#11 Player can choose 5 years option for 'Self Exclusion' and this option should be selected.","#11 Player can choose 5 years option for 'Self Exclusion' and this option should be selected.",""
"passed","Tue Mar 15 21:45:10 EET 2022","Tue Mar 15 21:45:39 EET 2022","28286","","Deep Link -> Deposit Limits","","Deep Link -> Deposit Limits","#1 Deep link to deposit limits opens when logged in","#1 Deep link to deposit limits opens when logged in",""
"failed","Tue Mar 15 22:08:09 EET 2022","Tue Mar 15 22:08:35 EET 2022","25703","","Promotions functionality testing. Promotions functionality for authenticated user Individual promotions","","Promotions functionality testing. Promotions functionality for authenticated user Individual promotions","#31 User can close deposit bonus modal, remove display bonus modal and return to the launch screen.","#31 User can close deposit bonus modal, remove display bonus modal and return to the launch screen.",""
"passed","Tue Mar 15 22:11:54 EET 2022","Tue Mar 15 22:12:20 EET 2022","26681","","My Account > Gambling Controls > Account Closure > Self Exclusion","","My Account > Gambling Controls > Account Closure > Self Exclusion","#2 Player can close the 'Self Exclusion' modal.","#2 Player can close the 'Self Exclusion' modal.",""
"failed","Tue Mar 15 22:18:13 EET 2022","Tue Mar 15 22:18:36 EET 2022","23016","","My Account > Gambling Controls > Loss Limits","","My Account > Gambling Controls > Loss Limits","#9 User can successfully set a weekly loss limit if not already set ","#9 User can successfully set a weekly loss limit if not already set ",""
"passed","Tue Mar 15 21:57:36 EET 2022","Tue Mar 15 21:57:55 EET 2022","18774","","My Account > Settings > Change Password","","My Account > Settings > Change Password","#13 Player inputs into the password fields should be masked by default.","#13 Player inputs into the password fields should be masked by default.",""
"failed","Tue Mar 15 22:15:42 EET 2022","Tue Mar 15 22:15:48 EET 2022","5673","","Registration > Step 1","","Registration > Step 1","#07 User can not enter an invaild email address (no @ sign).","#07 User can not enter an invaild email address (no @ sign).",""
"passed","Tue Mar 15 21:45:16 EET 2022","Tue Mar 15 21:45:32 EET 2022","16236","","Log In","","Log In","#15 Player can successfully Log In when entering valid details.","#15 Player can successfully Log In when entering valid details.",""
"passed","Tue Mar 15 22:13:34 EET 2022","Tue Mar 15 22:13:42 EET 2022","7427","","Home => Terms & Conditions","","Home => Terms & Conditions","#25 User can see the Complaints and disputes section on terms and conditions page","#25 User can see the Complaints and disputes section on terms and conditions page",""
"passed","Tue Mar 15 22:11:36 EET 2022","Tue Mar 15 22:11:44 EET 2022","8202","","Home => Terms & Conditions","","Home => Terms & Conditions","#11 User can see the Definitions section on terms and conditions page","#11 User can see the Definitions section on terms and conditions page",""
"passed","Tue Mar 15 22:17:10 EET 2022","Tue Mar 15 22:17:26 EET 2022","16393","","Registration > Step 3","","Registration > Step 3","#01 User is displayed the correct content and input fields for Step 3.","#01 User is displayed the correct content and input fields for Step 3.",""
"failed","Tue Mar 15 22:16:36 EET 2022","Tue Mar 15 22:17:08 EET 2022","32556","","My Profile > Communications Preferences","","My Profile > Communications Preferences","#1 Player can view their communication preferences (default preferences: empty communication preferences and English language)","#1 Player can view their communication preferences (default preferences: empty communication preferences and English language)",""
"failed","Tue Mar 15 22:11:07 EET 2022","Tue Mar 15 22:11:13 EET 2022","5909","","Home => Terms & Conditions","","Home => Terms & Conditions","#7 User can come to the GamStop page from terms and conditions page","#7 User can come to the GamStop page from terms and conditions page",""
"failed","Tue Mar 15 22:05:11 EET 2022","Tue Mar 15 22:05:36 EET 2022","25154","","Promotions functionality testing. Promotions functionality for authenticated user Individual promotions","","Promotions functionality testing. Promotions functionality for authenticated user Individual promotions","#24 User can press primary CTA for claimed confirmation message and proceed journey.","#24 User can press primary CTA for claimed confirmation message and proceed journey.",""
"failed","Tue Mar 15 22:15:33 EET 2022","Tue Mar 15 22:15:36 EET 2022","3252","","Registration > Step 1","","Registration > Step 1","#04 User can select the 'Recover' button on the 'Account already exists' drawer and is displayed the Recover Password form.","#04 User can select the 'Recover' button on the 'Account already exists' drawer and is displayed the Recover Password form.",""
"passed","Tue Mar 15 22:15:50 EET 2022","Tue Mar 15 22:16:13 EET 2022","22846","","My Account > Gambling Controls > Deposit Limits","","My Account > Gambling Controls > Deposit Limits","#5 Player can open the Deposit Limits Edit modal on edit icon click.","#5 Player can open the Deposit Limits Edit modal on edit icon click.",""
"passed","Tue Mar 15 21:55:09 EET 2022","Tue Mar 15 21:55:24 EET 2022","14989","","Recover Password","","Recover Password","#01 Player can navigate to the recover password form and is displayed with the correct fields.","#01 Player can navigate to the recover password form and is displayed with the correct fields.",""
"failed","Tue Mar 15 22:11:14 EET 2022","Tue Mar 15 22:11:42 EET 2022","27791","","My Account > Gambling Controls > Account Closure > Take A Break","","My Account > Gambling Controls > Account Closure > Take A Break","#1 Player can select take a break menu item from 'Account Closure' and Take A Break contain is displayed.","#1 Player can select take a break menu item from 'Account Closure' and Take A Break contain is displayed.",""
"passed","Tue Mar 15 21:54:35 EET 2022","Tue Mar 15 21:55:03 EET 2022","27482","","My Account > Settings > Change Password","","My Account > Settings > Change Password","#05 Player should be displayed an error if they submit the Change Password form with an incorrect Current Password.","#05 Player should be displayed an error if they submit the Change Password form with an incorrect Current Password.",""
"failed","Tue Mar 15 22:14:17 EET 2022","Tue Mar 15 22:14:39 EET 2022","22548","","My Account > Gambling Controls > Account Closure > Self Exclusion","","My Account > Gambling Controls > Account Closure > Self Exclusion","#10 Player can choose 2 years option for 'Self Exclusion' and this option should be selected.","#10 Player can choose 2 years option for 'Self Exclusion' and this option should be selected.",""
"failed","Tue Mar 15 22:16:24 EET 2022","Tue Mar 15 22:16:30 EET 2022","6332","","Registration > Step 1","","Registration > Step 1","#29 User can successfully enter email address with uppercase letters.","#29 User can successfully enter email address with uppercase letters.",""
"failed","Tue Mar 15 22:06:01 EET 2022","Tue Mar 15 22:06:27 EET 2022","25328","","Promotions functionality testing. Promotions functionality for authenticated user Individual promotions","","Promotions functionality testing. Promotions functionality for authenticated user Individual promotions","#26 User can click DEPOSIT CTA for deposit bonus and open deposit bonus modal with displaying all sections.","#26 User can click DEPOSIT CTA for deposit bonus and open deposit bonus modal with displaying all sections.",""
"passed","Tue Mar 15 21:57:47 EET 2022","Tue Mar 15 21:57:59 EET 2022","11891","","Registration > Step 4","","Registration > Step 4","#06 User can opt in to receive Post marketing preferences.","#06 User can opt in to receive Post marketing preferences.",""
"passed","Tue Mar 15 21:47:34 EET 2022","Tue Mar 15 21:48:05 EET 2022","30999","","My Account > Gambling Controls > Play Reminders","","My Account > Gambling Controls > Play Reminders","#2 Player can close the 'Time Limit' modal.","#2 Player can close the 'Time Limit' modal.",""
"failed","Tue Mar 15 22:00:55 EET 2022","Tue Mar 15 22:01:21 EET 2022","26066","","Promotions functionality testing. Promotions functionality for authenticated user Individual promotions","","Promotions functionality testing. Promotions functionality for authenticated user Individual promotions","#14 All main sections for card are displayed for CLAIM bonus.","#14 All main sections for card are displayed for CLAIM bonus.",""
"failed","Tue Mar 15 22:15:54 EET 2022","Tue Mar 15 22:16:01 EET 2022","6685","","Registration > Step 1","","Registration > Step 1","#11 User can successfully enter email address with a combination of valid symbols, numbers and letters.","#11 User can successfully enter email address with a combination of valid symbols, numbers and letters.",""
"passed","Tue Mar 15 21:44:55 EET 2022","Tue Mar 15 21:45:22 EET 2022","27739","","Homepage","","Homepage","#10 User is displayed with a shortened balance in the preview section when balance exceeds 9999 (five figure balance)","#10 User is displayed with a shortened balance in the preview section when balance exceeds 9999 (five figure balance)",""
"failed","Tue Mar 15 22:12:44 EET 2022","Tue Mar 15 22:13:08 EET 2022","24306","","My Account > Gambling Controls > Account Closure > Self Exclusion","","My Account > Gambling Controls > Account Closure > Self Exclusion","#5 Player cannot continue with 'Self Exclusion' if a duration is not selected.","#5 Player cannot continue with 'Self Exclusion' if a duration is not selected.",""
"failed","Tue Mar 15 22:16:45 EET 2022","Tue Mar 15 22:17:09 EET 2022","23273","","My Account > Gambling Controls > Account Closure > Self Exclusion","","My Account > Gambling Controls > Account Closure > Self Exclusion","#17 Player can press 'BACK' for confirmating modal after chosen for 6 months 'Self Exclusion' and should return to previous step.","#17 Player can press 'BACK' for confirmating modal after chosen for 6 months 'Self Exclusion' and should return to previous step.",""
"passed","Tue Mar 15 22:18:00 EET 2022","Tue Mar 15 22:18:19 EET 2022","19721","","UnsubscribePage","","UnsubscribePage","#2 User can click on ‘I’ve changed my mind’ button and go to home page.","#2 User can click on ‘I’ve changed my mind’ button and go to home page.",""
"passed","Tue Mar 15 22:12:36 EET 2022","Tue Mar 15 22:12:45 EET 2022","9071","","Home => Terms & Conditions","","Home => Terms & Conditions","#18 User can see the Anti-Money Laundering section on terms and conditions page","#18 User can see the Anti-Money Laundering section on terms and conditions page",""
"passed","Tue Mar 15 22:10:50 EET 2022","Tue Mar 15 22:10:53 EET 2022","2121","","404 error page functionality testing.","","404 error page functionality testing.","#3 Player can click ""Logo"" button and after that it will redirect to Home page.","#3 Player can click ""Logo"" button and after that it will redirect to Home page.",""
"passed","Tue Mar 15 22:12:57 EET 2022","Tue Mar 15 22:13:09 EET 2022","11844","","Landing Page/Welcome Games page","","Landing Page/Welcome Games page","#7 User can come to the ""Be Gambling Aware"" site from the Welcome Games page","#7 User can come to the ""Be Gambling Aware"" site from the Welcome Games page",""
"failed","Tue Mar 15 22:13:14 EET 2022","Tue Mar 15 22:13:37 EET 2022","23188","","My Account -> Deposit","","My Account -> Deposit","#6 Check user is able to select PayPal payment method and is provided with the correct information for this payment method","#6 Check user is able to select PayPal payment method and is provided with the correct information for this payment method",""
"failed","Tue Mar 15 21:55:17 EET 2022","Tue Mar 15 21:55:46 EET 2022","29112","","Promotions functionality testing. Promotions functionality for authenticated user Blocks of promotions","","Promotions functionality testing. Promotions functionality for authenticated user Blocks of promotions","#2 All active promotions cards are displayed.","#2 All active promotions cards are displayed.",""
"passed","Tue Mar 15 21:51:50 EET 2022","Tue Mar 15 21:52:16 EET 2022","26089","","My Profile > Personal Details","","My Profile > Personal Details","#01 Player can view their personal details.","#01 Player can view their personal details.",""
"passed","Tue Mar 15 22:20:23 EET 2022","Tue Mar 15 22:20:40 EET 2022","16752","","My Account > Gambling Controls > Deposit Limits","","My Account > Gambling Controls > Deposit Limits","#19 Player can open 'History' modal.","#19 Player can open 'History' modal.",""
"failed","Tue Mar 15 22:12:17 EET 2022","Tue Mar 15 22:12:40 EET 2022","23070","","My Account -> Deposit","","My Account -> Deposit","#4 Check user is able to select Instant Bank Transfer and is provided with the correct information for this payment method","#4 Check user is able to select Instant Bank Transfer and is provided with the correct information for this payment method",""
"failed","Tue Mar 15 21:59:58 EET 2022","Tue Mar 15 22:00:30 EET 2022","32269","","Promotions functionality testing. Promotions functionality for authenticated user Individual promotions","","Promotions functionality testing. Promotions functionality for authenticated user Individual promotions","#12 All main sections for card are displayed for OPT IN bonus.","#12 All main sections for card are displayed for OPT IN bonus.",""
"failed","Tue Mar 15 22:15:00 EET 2022","Tue Mar 15 22:15:09 EET 2022","9025","","Landing Page/Welcome Casino page","","Landing Page/Welcome Casino page","#9 User can come to the Terms & Conditions page from the Welcome Casino page","#9 User can come to the Terms & Conditions page from the Welcome Casino page",""
"passed","Tue Mar 15 21:41:08 EET 2022","Tue Mar 15 21:41:42 EET 2022","34848","","Homepage","","Homepage","#1 Player can navigate to the registration page via the 'Join'.","#1 Player can navigate to the registration page via the 'Join'.",""
"failed","Tue Mar 15 22:13:31 EET 2022","Tue Mar 15 22:13:54 EET 2022","22591","","My Account > Gambling Controls > Account Closure > Self Exclusion","","My Account > Gambling Controls > Account Closure > Self Exclusion","#8 Player can choose 12 months option for 'Self Exclusion' and this option should be selected.","#8 Player can choose 12 months option for 'Self Exclusion' and this option should be selected.",""
"passed","Tue Mar 15 21:56:51 EET 2022","Tue Mar 15 21:57:02 EET 2022","11425","","Registration > Step 2","","Registration > Step 2","#01 User is displayed the correct content and input fields for Step 2.","#01 User is displayed the correct content and input fields for Step 2.",""
"passed","Tue Mar 15 22:19:20 EET 2022","Tue Mar 15 22:19:31 EET 2022","11541","","Registration > Step 3","","Registration > Step 3","#11 User cannot enter invalid characters into the Post Code field.","#11 User cannot enter invalid characters into the Post Code field.",""
"failed","Tue Mar 15 22:18:10 EET 2022","Tue Mar 15 22:18:30 EET 2022","20133","","My Profile > Communications Preferences","","My Profile > Communications Preferences","#5 Player can edit their preferences and select just the email toggle, which upon saving updates the account area accordingly","#5 Player can edit their preferences and select just the email toggle, which upon saving updates the account area accordingly",""
"failed","Tue Mar 15 22:19:25 EET 2022","Tue Mar 15 22:19:42 EET 2022","17091","","My Profile > Communications Preferences","","My Profile > Communications Preferences","#9 Player can unselect all preferences using the select all toggle (select all toggle already active), which upon saving updates the account area accordingly","#9 Player can unselect all preferences using the select all toggle (select all toggle already active), which upon saving updates the account area accordingly",""
"passed","Tue Mar 15 21:41:32 EET 2022","Tue Mar 15 21:41:51 EET 2022","18975","","Inbox functionality testing","","Inbox functionality testing","#1 Unread message count is present on Inbox navigation bar icon if player has unread messages","#1 Unread message count is present on Inbox navigation bar icon if player has unread messages",""
"passed","Tue Mar 15 21:43:27 EET 2022","Tue Mar 15 21:43:40 EET 2022","12915","","Log In","","Log In","#02 Email Address is a mandatory field.","#02 Email Address is a mandatory field.",""
"passed","Tue Mar 15 22:16:39 EET 2022","Tue Mar 15 22:17:04 EET 2022","24654","","My Account > Gambling Controls > Deposit Limits","","My Account > Gambling Controls > Deposit Limits","#7 Player can open the Deposit Limits Delete modal on delete icon click.","#7 Player can open the Deposit Limits Delete modal on delete icon click.",""
"passed","Tue Mar 15 22:17:03 EET 2022","Tue Mar 15 22:17:30 EET 2022","27680","","My Account > Gambling Controls > Loss Limits","","My Account > Gambling Controls > Loss Limits","#7 User can open the Loss Limits Delete modal on edit icon click and click on edit icon in the input field ","#7 User can open the Loss Limits Delete modal on edit icon click and click on edit icon in the input field ",""
"passed","Tue Mar 15 21:45:20 EET 2022","Tue Mar 15 21:45:37 EET 2022","17351","","Inbox functionality testing","","Inbox functionality testing","#12 Player with less than 15 messages should not be able to view more","#12 Player with less than 15 messages should not be able to view more",""
"passed","Tue Mar 15 22:10:20 EET 2022","Tue Mar 15 22:10:29 EET 2022","8981","","Expired Link Error","","Expired Link Error","#1 Expired Link Error page is displayed","#1 Expired Link Error page is displayed",""
"passed","Tue Mar 15 21:55:37 EET 2022","Tue Mar 15 21:55:50 EET 2022","12923","","Recover Password","","Recover Password","#03 Player cannot enter an invaild email address.","#03 Player cannot enter an invaild email address.",""
"failed","Tue Mar 15 22:15:14 EET 2022","Tue Mar 15 22:15:34 EET 2022","20244","","My Account > Gambling Controls > Account Closure > Take A Break","","My Account > Gambling Controls > Account Closure > Take A Break","#13 Player can continue with chosen 3 weeks option to 'Take A Break' and confirming modal should display.","#13 Player can continue with chosen 3 weeks option to 'Take A Break' and confirming modal should display.",""
"failed","Tue Mar 15 22:16:24 EET 2022","Tue Mar 15 22:16:45 EET 2022","21809","","My Account > Gambling Controls > Account Closure > Self Exclusion","","My Account > Gambling Controls > Account Closure > Self Exclusion","#16 Player can continue with chosen 5 years option to 'Self Exclusion' and confirming modal should display.","#16 Player can continue with chosen 5 years option to 'Self Exclusion' and confirming modal should display.",""
"passed","Tue Mar 15 22:18:15 EET 2022","Tue Mar 15 22:18:29 EET 2022","14495","","Slots page","","Slots page","#11 User logged in and hover the game card and click on CTA ""PLAY NOW"" and go to game page","#11 User logged in and hover the game card and click on CTA ""PLAY NOW"" and go to game page",""
"failed","Tue Mar 15 22:12:20 EET 2022","Tue Mar 15 22:12:44 EET 2022","23686","","My Account > Gambling Controls > Account Closure > Self Exclusion","","My Account > Gambling Controls > Account Closure > Self Exclusion","#3 Player can press 'Back' button of the 'Self Exlusion' modal.","#3 Player can press 'Back' button of the 'Self Exlusion' modal.",""
"passed","Tue Mar 15 22:14:43 EET 2022","Tue Mar 15 22:15:03 EET 2022","19721","","My Account > Gambling Controls > Deposit Limits","","My Account > Gambling Controls > Deposit Limits","#2 Player is displayed 'Set Deposit Limit' text if no deposit limits are set.","#2 Player is displayed 'Set Deposit Limit' text if no deposit limits are set.",""
"passed","Tue Mar 15 21:44:14 EET 2022","Tue Mar 15 21:44:28 EET 2022","14125","","Log In","","Log In","#06 Player cannot login when entering an incorrect email address.","#06 Player cannot login when entering an incorrect email address.",""
"failed","Tue Mar 15 22:19:32 EET 2022","Tue Mar 15 22:20:01 EET 2022","29079","","My Account > Gambling Controls > Deposit Limits","","My Account > Gambling Controls > Deposit Limits","#15 Player can successfully change Deposit Limit with a decimal value and receive a success toast on submitting the new amount.","#15 Player can successfully change Deposit Limit with a decimal value and receive a success toast on submitting the new amount.",""
"passed","Tue Mar 15 22:13:59 EET 2022","Tue Mar 15 22:14:06 EET 2022","7721","","Home => Terms & Conditions","","Home => Terms & Conditions","#28 User can opened mail client after clicks/taps on “complaintsMGA@merkurslots.com” ","#28 User can opened mail client after clicks/taps on “complaintsMGA@merkurslots.com” ",""
"passed","Tue Mar 15 22:12:29 EET 2022","Tue Mar 15 22:12:47 EET 2022","18006","","Landing Page/Welcome Games page","","Landing Page/Welcome Games page","#5 User try to click on PLAY CTA of Popular game at Welcome Games page","#5 User try to click on PLAY CTA of Popular game at Welcome Games page",""
"passed","Tue Mar 15 22:11:52 EET 2022","Tue Mar 15 22:12:01 EET 2022","8608","","Home => Terms & Conditions","","Home => Terms & Conditions","#13 User can see the Other Important Terms section on terms and conditions page","#13 User can see the Other Important Terms section on terms and conditions page",""
"failed","Tue Mar 15 22:15:40 EET 2022","Tue Mar 15 22:16:02 EET 2022","21960","","My Account > Gambling Controls > Account Closure > Self Exclusion","","My Account > Gambling Controls > Account Closure > Self Exclusion","#14 Player can continue with chosen 18 months option to 'Self Exclusion' and confirming modal should display.","#14 Player can continue with chosen 18 months option to 'Self Exclusion' and confirming modal should display.",""
"failed","Tue Mar 15 22:13:37 EET 2022","Tue Mar 15 22:13:57 EET 2022","20288","","My Account -> Deposit","","My Account -> Deposit","#7 Check user is able to deposit with a valid card and is presented with success modal","#7 Check user is able to deposit with a valid card and is presented with success modal",""
"passed","Tue Mar 15 21:54:10 EET 2022","Tue Mar 15 21:54:35 EET 2022","25020","","My Account > Settings > Change Password","","My Account > Settings > Change Password","#04 Player cannot submit the Change Password form with blank details.","#04 Player cannot submit the Change Password form with blank details.",""
"passed","Tue Mar 15 22:11:09 EET 2022","Tue Mar 15 22:11:17 EET 2022","7498","","Expired Link Error","","Expired Link Error","#9 User can click on 'Back to Login' and open Login window and successfully login.","#9 User can click on 'Back to Login' and open Login window and successfully login.",""
"passed","Tue Mar 15 21:40:55 EET 2022","Tue Mar 15 21:41:02 EET 2022","6683","","Footer functionality testing","","Footer functionality testing","#1 Player can see a light grey bar at the top of the footer","#1 Player can see a light grey bar at the top of the footer",""
"passed","Tue Mar 15 21:54:34 EET 2022","Tue Mar 15 21:54:46 EET 2022","11041","","Homepage","","Homepage","#3 After clicking on the first link from 'What personal data do we collect? -> Players', the user should see the page  https://www.merkurslots.com/.","#3 After clicking on the first link from 'What personal data do we collect? -> Players', the user should see the page  https://www.merkurslots.com/.",""
"failed","Tue Mar 15 22:19:09 EET 2022","Tue Mar 15 22:19:25 EET 2022","16517","","My Profile > Communications Preferences","","My Profile > Communications Preferences","#8 Player can edit their preferences and select just the Phone toggle, which upon saving updates the account area accordingly","#8 Player can edit their preferences and select just the Phone toggle, which upon saving updates the account area accordingly",""
"failed","Tue Mar 15 22:18:30 EET 2022","Tue Mar 15 22:18:51 EET 2022","20622","","My Profile > Communications Preferences","","My Profile > Communications Preferences","#6 Player can edit their preferences and select just the Text toggle, which upon saving updates the account area accordingly","#6 Player can edit their preferences and select just the Text toggle, which upon saving updates the account area accordingly",""
"failed","Tue Mar 15 22:10:28 EET 2022","Tue Mar 15 22:10:50 EET 2022","22329","","404 error page functionality testing.","","404 error page functionality testing.","#2 All elements are persisted on 404 error page.","#2 All elements are persisted on 404 error page.",""
"failed","Tue Mar 15 22:06:52 EET 2022","Tue Mar 15 22:07:18 EET 2022","25862","","Promotions functionality testing. Promotions functionality for authenticated user Individual promotions","","Promotions functionality testing. Promotions functionality for authenticated user Individual promotions","#28 User can click on the terms and conditions link and the terms and conditions are displayed for deposit bonus.","#28 User can click on the terms and conditions link and the terms and conditions are displayed for deposit bonus.",""
"passed","Tue Mar 15 21:58:12 EET 2022","Tue Mar 15 21:58:24 EET 2022","12356","","Registration > Step 4","","Registration > Step 4","#08 User can overwrite Select All option and de-select a preference.","#08 User can overwrite Select All option and de-select a preference.",""
"failed","Tue Mar 15 22:11:56 EET 2022","Tue Mar 15 22:12:17 EET 2022","21799","","My Account -> Deposit","","My Account -> Deposit","#3 Check user is able to fill in details of required fields for card deposits","#3 Check user is able to fill in details of required fields for card deposits",""
"passed","Tue Mar 15 21:59:56 EET 2022","Tue Mar 15 22:00:21 EET 2022","25112","","Spin Zone functionality testing","","Spin Zone functionality testing","#5 Player can open 'Deposit' modal","#5 Player can open 'Deposit' modal",""
"passed","Tue Mar 15 22:15:03 EET 2022","Tue Mar 15 22:15:25 EET 2022","21976","","My Account > Gambling Controls > Deposit Limits","","My Account > Gambling Controls > Deposit Limits","#3 Player can close the Deposit Limits modal.","#3 Player can close the Deposit Limits modal.",""
"failed","Tue Mar 15 22:15:34 EET 2022","Tue Mar 15 22:15:54 EET 2022","20679","","My Account > Gambling Controls > Account Closure > Take A Break","","My Account > Gambling Controls > Account Closure > Take A Break","#14 Player can continue with chosen 6 weeks option to 'Take A Break' and confirming modal should display.","#14 Player can continue with chosen 6 weeks option to 'Take A Break' and confirming modal should display.",""
"passed","Tue Mar 15 22:09:01 EET 2022","Tue Mar 15 22:09:03 EET 2022","2155","","Promotions functionality testing. Promotions functionality for unauthenticated user","","Promotions functionality testing. Promotions functionality for unauthenticated user","#35 Promotion cards are displayed for not login user.","#35 Promotion cards are displayed for not login user.",""
"passed","Tue Mar 15 21:59:25 EET 2022","Tue Mar 15 21:59:38 EET 2022","12312","","Registration > Step 4","","Registration > Step 4","#03 User can opt in to receive All marketing preferences.","#03 User can opt in to receive All marketing preferences.",""
"failed","Tue Mar 15 22:07:18 EET 2022","Tue Mar 15 22:07:43 EET 2022","25143","","Promotions functionality testing. Promotions functionality for authenticated user Individual promotions","","Promotions functionality testing. Promotions functionality for authenticated user Individual promotions","#29 User can click back button, close full terms conditions and return in deposit modal.","#29 User can click back button, close full terms conditions and return in deposit modal.",""
"passed","Tue Mar 15 21:41:42 EET 2022","Tue Mar 15 21:41:59 EET 2022","16824","","Homepage","","Homepage","#2 Authenticated users can preview their balance in the navigation bar","#2 Authenticated users can preview their balance in the navigation bar",""
"passed","Tue Mar 15 22:09:07 EET 2022","Tue Mar 15 22:09:09 EET 2022","2393","","Promotions functionality testing. Promotions functionality for unauthenticated user","","Promotions functionality testing. Promotions functionality for unauthenticated user","#37 Promo image of promotion card is displayed for not login user.","#37 Promo image of promotion card is displayed for not login user.",""
"passed","Tue Mar 15 22:18:40 EET 2022","Tue Mar 15 22:18:55 EET 2022","14601","","Registration > Step 3","","Registration > Step 3","#07 User cannot enter invalid characters into the Address Line 1 field.","#07 User cannot enter invalid characters into the Address Line 1 field.",""
"failed","Tue Mar 15 22:19:59 EET 2022","Tue Mar 15 22:20:14 EET 2022","15461","","My Profile > Communications Preferences","","My Profile > Communications Preferences","#11 Player can uneselect just text preferences using the text toggle (text already toggled on), which upon saving updates the account area accordingly","#11 Player can uneselect just text preferences using the text toggle (text already toggled on), which upon saving updates the account area accordingly",""
"passed","Tue Mar 15 22:20:01 EET 2022","Tue Mar 15 22:20:23 EET 2022","21443","","My Account > Gambling Controls > Deposit Limits","","My Account > Gambling Controls > Deposit Limits","#18 Player can submit a blank value in the Deposit Limits.","#18 Player can submit a blank value in the Deposit Limits.",""
"passed","Tue Mar 15 22:17:22 EET 2022","Tue Mar 15 22:17:30 EET 2022","7652","","Slots page","","Slots page","#4 User can see game carousel and can scroll it","#4 User can see game carousel and can scroll it",""
"passed","Tue Mar 15 21:57:55 EET 2022","Tue Mar 15 21:58:17 EET 2022","22242","","My Account > Settings > Change Password","","My Account > Settings > Change Password","#14 Player should be able to show/hide their inputs into the password fields.","#14 Player should be able to show/hide their inputs into the password fields.",""
"passed","Tue Mar 15 22:09:13 EET 2022","Tue Mar 15 22:09:15 EET 2022","1997","","Promotions functionality testing. Promotions functionality for unauthenticated user","","Promotions functionality testing. Promotions functionality for unauthenticated user","#40 Short description of promotion card is displayed for not login user.","#40 Short description of promotion card is displayed for not login user.",""
"passed","Tue Mar 15 22:15:48 EET 2022","Tue Mar 15 22:16:10 EET 2022","21951","","My Account > Gambling Controls > Loss Limits","","My Account > Gambling Controls > Loss Limits","#4 User can open the Loss Limits Delete modal on delete icon click ","#4 User can open the Loss Limits Delete modal on delete icon click ",""
"passed","Tue Mar 15 21:46:39 EET 2022","Tue Mar 15 21:47:00 EET 2022","21505","","Deep Link -> Edit Phone","","Deep Link -> Edit Phone","#2 Deep link to change password open login when not logged in before change password","#2 Deep link to change password open login when not logged in before change password",""
"failed","Tue Mar 15 21:56:15 EET 2022","Tue Mar 15 21:56:44 EET 2022","29125","","Promotions functionality testing. Promotions functionality for authenticated user Blocks of promotions","","Promotions functionality testing. Promotions functionality for authenticated user Blocks of promotions","#4 When Recent activity section is displayed then also Link ""See all Activity"" is displayed.","#4 When Recent activity section is displayed then also Link ""See all Activity"" is displayed.",""
"passed","Tue Mar 15 22:19:12 EET 2022","Tue Mar 15 22:19:32 EET 2022","20218","","My Account > Gambling Controls > Deposit Limits","","My Account > Gambling Controls > Deposit Limits","#13 Player can open the Deposit Limits Delete modal on delete icon click and click on edit icon in the input field.","#13 Player can open the Deposit Limits Delete modal on delete icon click and click on edit icon in the input field.",""
"failed","Tue Mar 15 22:13:57 EET 2022","Tue Mar 15 22:14:18 EET 2022","20682","","My Account -> Deposit","","My Account -> Deposit","#8 Check user is displayed with a declined modal when safecharge returns a declined response","#8 Check user is displayed with a declined modal when safecharge returns a declined response",""
"passed","Tue Mar 15 21:49:39 EET 2022","Tue Mar 15 21:50:14 EET 2022","34618","","My Account > Gambling Controls > Play Reminders","","My Account > Gambling Controls > Play Reminders","#6 Player can successfully set a 'Time Limit'.","#6 Player can successfully set a 'Time Limit'.",""
"passed","Tue Mar 15 21:57:59 EET 2022","Tue Mar 15 21:58:12 EET 2022","12522","","Registration > Step 4","","Registration > Step 4","#07 User can opt in to receive Phone marketing preferences.","#07 User can opt in to receive Phone marketing preferences.",""
"passed","Tue Mar 15 22:18:01 EET 2022","Tue Mar 15 22:18:08 EET 2022","7149","","Slots page","","Slots page","#9 User hover the game card and click on it and login modal appears","#9 User hover the game card and click on it and login modal appears",""
"passed","Tue Mar 15 21:43:53 EET 2022","Tue Mar 15 21:44:25 EET 2022","31831","","Homepage","","Homepage","#8 Cash amount is updated correctly in the dropdown details when cash balance is adjusted","#8 Cash amount is updated correctly in the dropdown details when cash balance is adjusted",""
"failed","Tue Mar 15 22:14:28 EET 2022","Tue Mar 15 22:14:52 EET 2022","23333","","My Account > Gambling Controls > Account Closure > Take A Break","","My Account > Gambling Controls > Account Closure > Take A Break","#11 Player can continue with chosen 24 hours option to 'Take A Break' and confirming modal should display.","#11 Player can continue with chosen 24 hours option to 'Take A Break' and confirming modal should display.",""
"passed","Tue Mar 15 21:44:53 EET 2022","Tue Mar 15 21:45:05 EET 2022","11367","","Log In","","Log In","#13 Player should be able to show/hide their input into the Password field.","#13 Player should be able to show/hide their input into the Password field.",""
"passed","Tue Mar 15 21:59:00 EET 2022","Tue Mar 15 21:59:14 EET 2022","13804","","Registration > Step 4","","Registration > Step 4","#12 User can click on confirm checkbox and click success registration button.","#12 User can click on confirm checkbox and click success registration button.",""
"passed","Tue Mar 15 22:11:47 EET 2022","Tue Mar 15 22:11:57 EET 2022","10129","","Landing Page/Welcome Games page","","Landing Page/Welcome Games page","#1 User come to the Welcome Games page ","#1 User come to the Welcome Games page ",""
"failed","Tue Mar 15 22:10:56 EET 2022","Tue Mar 15 22:11:02 EET 2022","6236","","Home => Terms & Conditions","","Home => Terms & Conditions","#5 User can come to the Gamble Aware page from terms and conditions page","#5 User can come to the Gamble Aware page from terms and conditions page",""
"failed","Tue Mar 15 22:12:47 EET 2022","Tue Mar 15 22:12:57 EET 2022","9988","","Landing Page/Welcome Games page","","Landing Page/Welcome Games page","#6 User can click on the WELCOME BONUS FULL TERMS AND CONDITIONS","#6 User can click on the WELCOME BONUS FULL TERMS AND CONDITIONS",""
"passed","Tue Mar 15 21:41:28 EET 2022","Tue Mar 15 21:41:37 EET 2022","9011","","Footer functionality testing","","Footer functionality testing","#3 Player can see partners logos","#3 Player can see partners logos",""
"passed","Tue Mar 15 22:11:27 EET 2022","Tue Mar 15 22:11:56 EET 2022","28202","","My Account -> Deposit","","My Account -> Deposit","#2 Check user is able to exit out of the deposit modal using the x button","#2 Check user is able to exit out of the deposit modal using the x button",""
"failed","Tue Mar 15 22:16:16 EET 2022","Tue Mar 15 22:16:39 EET 2022","22131","","My Account > Gambling Controls > Account Closure > Take A Break","","My Account > Gambling Controls > Account Closure > Take A Break","#16 Player can press 'BACK' for confirmating modal after chosen for 24 hours 'Take A Break' and should return to previous step.","#16 Player can press 'BACK' for confirmating modal after chosen for 24 hours 'Take A Break' and should return to previous step.",""
"skipped","Tue Mar 15 22:13:08 EET 2022","Tue Mar 15 22:13:08 EET 2022","0","","My Account > Gambling Controls > Account Closure > Self Exclusion","","My Account > Gambling Controls > Account Closure > Self Exclusion","#6 Player can select a reason for taking self exclusion the drop down menu.","#6 Player can select a reason for taking self exclusion the drop down menu.",""
"passed","Tue Mar 15 21:42:13 EET 2022","Tue Mar 15 21:42:21 EET 2022","8421","","Footer functionality testing","","Footer functionality testing","#5 Player can see legal and company information","#5 Player can see legal and company information",""
"failed","Tue Mar 15 22:20:14 EET 2022","Tue Mar 15 22:20:29 EET 2022","14607","","My Profile > Communications Preferences","","My Profile > Communications Preferences","#12 Player can uneselect just phone preferences using the phone toggle (phone already toggled on), which upon saving updates the account area accordingly","#12 Player can uneselect just phone preferences using the phone toggle (phone already toggled on), which upon saving updates the account area accordingly",""
"failed","Tue Mar 15 22:10:37 EET 2022","Tue Mar 15 22:10:59 EET 2022","21924","","Expired Link Error","","Expired Link Error","#5 User can click on Login button and see Login page. ","#5 User can click on Login button and see Login page. ",""
"passed","Tue Mar 15 22:10:59 EET 2022","Tue Mar 15 22:11:01 EET 2022","2324","","Expired Link Error","","Expired Link Error","#6 User can click on Recover Password button and see Reset your password window ","#6 User can click on Recover Password button and see Reset your password window ",""
"passed","Tue Mar 15 21:42:44 EET 2022","Tue Mar 15 21:43:06 EET 2022","22073","","Homepage","","Homepage","#5 The details balance card is dismissed when the user clicks outside the modal","#5 The details balance card is dismissed when the user clicks outside the modal",""
"failed","Tue Mar 15 22:21:59 EET 2022","Tue Mar 15 22:22:30 EET 2022","30533","","My Account > Gambling Controls > Loss Limits","","My Account > Gambling Controls > Loss Limits","#16 User can only enter numeric digits into the set Loss Limit field. ","#16 User can only enter numeric digits into the set Loss Limit field. ",""
"failed","Tue Mar 15 22:03:04 EET 2022","Tue Mar 15 22:03:30 EET 2022","25232","","Promotions functionality testing. Promotions functionality for authenticated user Individual promotions","","Promotions functionality testing. Promotions functionality for authenticated user Individual promotions","#19 User can press NO THANKS CTA at confirmation modal for cancel bonus and get not cancel bonus.","#19 User can press NO THANKS CTA at confirmation modal for cancel bonus and get not cancel bonus.",""
"passed","Tue Mar 15 21:59:02 EET 2022","Tue Mar 15 21:59:32 EET 2022","30124","","Spin Zone functionality testing","","Spin Zone functionality testing","#3 Player can close Game menu","#3 Player can close Game menu",""
"passed","Tue Mar 15 22:17:30 EET 2022","Tue Mar 15 22:18:04 EET 2022","33406","","My Account > Gambling Controls > Deposit Limits","","My Account > Gambling Controls > Deposit Limits","#9 Player can successfully update a daily deposit limit in the Deposit Limits Delete modal","#9 Player can successfully update a daily deposit limit in the Deposit Limits Delete modal",""
"failed","Tue Mar 15 22:15:39 EET 2022","Tue Mar 15 22:15:42 EET 2022","3144","","Registration > Step 1","","Registration > Step 1","#06 User can not register with an email address that already exists.","#06 User can not register with an email address that already exists.",""
"passed","Tue Mar 15 22:20:04 EET 2022","Tue Mar 15 22:20:16 EET 2022","11461","","Registration > Step 3","","Registration > Step 3","#16 Phone Number will display an error when entering non-numeric values into input.","#16 Phone Number will display an error when entering non-numeric values into input.",""
"passed","Tue Mar 15 21:58:02 EET 2022","Tue Mar 15 21:58:08 EET 2022","5539","","Registration > Step 2","","Registration > Step 2","#14 User cannot enter invalid characters into the date of birth field.","#14 User cannot enter invalid characters into the date of birth field.",""
"passed","Tue Mar 15 22:12:22 EET 2022","Tue Mar 15 22:12:50 EET 2022","28058","","My Profile > Contact Details","","My Profile > Contact Details","#03 Player can select to edit their telephone number and cancel out of the modal.","#03 Player can select to edit their telephone number and cancel out of the modal.",""
"failed","Tue Mar 15 22:14:24 EET 2022","Tue Mar 15 22:14:49 EET 2022","25194","","My Account > Gambling Controls > Loss Limits","","My Account > Gambling Controls > Loss Limits","#1 User can view their Loss limits ","#1 User can view their Loss limits ",""
"failed","Tue Mar 15 22:16:06 EET 2022","Tue Mar 15 22:16:15 EET 2022","9382","","Landing Page/Shop Welcome page","","Landing Page/Shop Welcome page","#6 User can click on the WELCOME BONUS FULL TERMS AND CONDITIONS","#6 User can click on the WELCOME BONUS FULL TERMS AND CONDITIONS",""
"passed","Tue Mar 15 21:45:38 EET 2022","Tue Mar 15 21:46:08 EET 2022","30237","","Deep Link -> Loss Limits","","Deep Link -> Loss Limits","#1 Deep link to loss limits opens when logged in","#1 Deep link to loss limits opens when logged in",""
"passed","Tue Mar 15 21:52:21 EET 2022","Tue Mar 15 21:52:54 EET 2022","32465","","My Account > Settings > Change Password","","My Account > Settings > Change Password","#00 Player can close the Change Password modal.","#00 Player can close the Change Password modal.",""
"passed","Tue Mar 15 22:19:54 EET 2022","Tue Mar 15 22:20:04 EET 2022","10534","","Registration > Step 3","","Registration > Step 3","#15 Phone Number is a mandatory field.","#15 Phone Number is a mandatory field.",""
"passed","Tue Mar 15 22:13:27 EET 2022","Tue Mar 15 22:13:34 EET 2022","7558","","Home => Terms & Conditions","","Home => Terms & Conditions","#24 User can see the Limitation of Liability section on terms and conditions page","#24 User can see the Limitation of Liability section on terms and conditions page",""
"failed","Tue Mar 15 22:02:39 EET 2022","Tue Mar 15 22:03:04 EET 2022","25530","","Promotions functionality testing. Promotions functionality for authenticated user Individual promotions","","Promotions functionality testing. Promotions functionality for authenticated user Individual promotions","#18 User can press YES CANCEL CTA at confirmation modal for cancel bonus and get cancel bonus.","#18 User can press YES CANCEL CTA at confirmation modal for cancel bonus and get cancel bonus.",""
"passed","Tue Mar 15 22:17:36 EET 2022","Tue Mar 15 22:17:42 EET 2022","6094","","Slots page","","Slots page","#6 User can hover mouse on game card and see all needed elements","#6 User can hover mouse on game card and see all needed elements",""
"passed","Tue Mar 15 22:12:50 EET 2022","Tue Mar 15 22:13:18 EET 2022","27573","","My Profile > Contact Details","","My Profile > Contact Details","# Player can select to edit their telephone number and close the modal to cancel out of the process.","# Player can select to edit their telephone number and close the modal to cancel out of the process.",""
"passed","Tue Mar 15 22:10:29 EET 2022","Tue Mar 15 22:10:31 EET 2022","2369","","Expired Link Error","","Expired Link Error","#2 All elements are persisted on the page. ","#2 All elements are persisted on the page. ",""
"failed","Tue Mar 15 22:17:29 EET 2022","Tue Mar 15 22:17:49 EET 2022","20627","","My Profile > Communications Preferences","","My Profile > Communications Preferences","#3 Player can edit their preferences and exit using the Cancel CTA within the modal discarding changes","#3 Player can edit their preferences and exit using the Cancel CTA within the modal discarding changes",""
"failed","Tue Mar 15 22:15:29 EET 2022","Tue Mar 15 22:15:33 EET 2022","3889","","Registration > Step 1","","Registration > Step 1","#03 User is prompted with the 'Account already exists' drawer if they enter an email address that already exists.","#03 User is prompted with the 'Account already exists' drawer if they enter an email address that already exists.",""
"failed","Tue Mar 15 22:10:51 EET 2022","Tue Mar 15 22:10:59 EET 2022","7228","","Landing Page/Welcome Offer page","","Landing Page/Welcome Offer page","#4 User clicks on ""Be Aware Gambling"" link at Welcome Offer page","#4 User clicks on ""Be Aware Gambling"" link at Welcome Offer page",""
"passed","Tue Mar 15 22:09:45 EET 2022","Tue Mar 15 22:09:48 EET 2022","3473","","Promotions functionality testing. Promotions functionality for unauthenticated user","","Promotions functionality testing. Promotions functionality for unauthenticated user","#50 User can go to More Info details after click More Info CTA.","#50 User can go to More Info details after click More Info CTA.",""
"passed","Tue Mar 15 21:53:41 EET 2022","Tue Mar 15 21:54:28 EET 2022","46787","","Homepage","","Homepage","#1 When the user clicks to link Privacy Policy user should watches the nex chapters.","#1 When the user clicks to link Privacy Policy user should watches the nex chapters.",""
"passed","Tue Mar 15 21:56:15 EET 2022","Tue Mar 15 21:56:32 EET 2022","17456","","Recover Password","","Recover Password","#06 Recover Password button displays 'Re-Send Email' text after a successful first attempt.","#06 Recover Password button displays 'Re-Send Email' text after a successful first attempt.",""
"passed","Tue Mar 15 22:17:16 EET 2022","Tue Mar 15 22:17:22 EET 2022","6460","","Slots page","","Slots page","#3 User can see static hero banner carousel and can click on it and see game info page","#3 User can see static hero banner carousel and can click on it and see game info page",""
"failed","Tue Mar 15 22:14:50 EET 2022","Tue Mar 15 22:15:00 EET 2022","10594","","Landing Page/Welcome Casino page","","Landing Page/Welcome Casino page","#8 User can come to the Promotion page from the Welcome Casino page","#8 User can come to the Promotion page from the Welcome Casino page",""
"failed","Tue Mar 15 22:19:39 EET 2022","Tue Mar 15 22:20:20 EET 2022","40860","","My Account > Gambling Controls > Loss Limits","","My Account > Gambling Controls > Loss Limits","#12 User can successfully change their Loss Limit with a decimal value and receive a success toast on submitting the new amount. ","#12 User can successfully change their Loss Limit with a decimal value and receive a success toast on submitting the new amount. ",""
"passed","Tue Mar 15 21:45:05 EET 2022","Tue Mar 15 21:45:16 EET 2022","11360","","Log In","","Log In","#14 Player can select the link to recover their password.","#14 Player can select the link to recover their password.",""
"failed","Tue Mar 15 22:14:52 EET 2022","Tue Mar 15 22:15:14 EET 2022","21962","","My Account > Gambling Controls > Account Closure > Take A Break","","My Account > Gambling Controls > Account Closure > Take A Break","#12 Player can continue with chosen 1 week option to 'Take A Break' and confirming modal should display.","#12 Player can continue with chosen 1 week option to 'Take A Break' and confirming modal should display.",""
"passed","Tue Mar 15 21:43:05 EET 2022","Tue Mar 15 21:43:26 EET 2022","21065","","Inbox functionality testing","","Inbox functionality testing","#6 Player can open message and display the message contents (heading, date/time & body)","#6 Player can open message and display the message contents (heading, date/time & body)",""
"failed","Tue Mar 15 22:16:02 EET 2022","Tue Mar 15 22:16:24 EET 2022","21477","","My Account > Gambling Controls > Account Closure > Self Exclusion","","My Account > Gambling Controls > Account Closure > Self Exclusion","#15 Player can continue with chosen 2 years option to 'Self Exclusion' and confirming modal should display.","#15 Player can continue with chosen 2 years option to 'Self Exclusion' and confirming modal should display.",""
"failed","Tue Mar 15 22:15:40 EET 2022","Tue Mar 15 22:15:50 EET 2022","9789","","Landing Page/Shop Welcome page","","Landing Page/Shop Welcome page","#4 User clicks on ""Be Aware Gambling"" link at Shop Welcome page","#4 User clicks on ""Be Aware Gambling"" link at Shop Welcome page",""
"passed","Tue Mar 15 21:57:50 EET 2022","Tue Mar 15 21:57:56 EET 2022","5749","","Registration > Step 2","","Registration > Step 2","#12 User cannot enter an invalid date into the date of birth field.","#12 User cannot enter an invalid date into the date of birth field.",""
"passed","Tue Mar 15 21:47:05 EET 2022","Tue Mar 15 21:47:26 EET 2022","21203","","Deep Link -> Play Reminders","","Deep Link -> Play Reminders","#2 Deep link to play reminders open login when not logged in before play reminders","#2 Deep link to play reminders open login when not logged in before play reminders",""
"passed","Tue Mar 15 22:19:45 EET 2022","Tue Mar 15 22:20:07 EET 2022","21408","","UnsubscribePage","","UnsubscribePage","#7 User can click on ‘Continue’ button in the ‘Re-subscribe’ success window and the Home page will be displayed.","#7 User can click on ‘Continue’ button in the ‘Re-subscribe’ success window and the Home page will be displayed.",""
"failed","Tue Mar 15 22:11:37 EET 2022","Tue Mar 15 22:11:47 EET 2022","9607","","Landing Page/Welcome Offer page","","Landing Page/Welcome Offer page","#9 User can come to the Terms & Conditions page from the Welcome Offer page","#9 User can come to the Terms & Conditions page from the Welcome Offer page",""
"passed","Tue Mar 15 22:09:11 EET 2022","Tue Mar 15 22:09:13 EET 2022","1863","","Promotions functionality testing. Promotions functionality for unauthenticated user","","Promotions functionality testing. Promotions functionality for unauthenticated user","#39 Promo title of promotion card is displayed for not login user.","#39 Promo title of promotion card is displayed for not login user.",""
"failed","Tue Mar 15 22:03:30 EET 2022","Tue Mar 15 22:03:54 EET 2022","24805","","Promotions functionality testing. Promotions functionality for authenticated user Individual promotions","","Promotions functionality testing. Promotions functionality for authenticated user Individual promotions","#20 User can press Back CTA for More Info page and be taken to the list of promotions.","#20 User can press Back CTA for More Info page and be taken to the list of promotions.",""
"passed","Tue Mar 15 22:18:55 EET 2022","Tue Mar 15 22:19:27 EET 2022","32032","","UnsubscribePage","","UnsubscribePage","#5 User can check each radio button and submit the answer → result window will be displayed with the correct content","#5 User can check each radio button and submit the answer → result window will be displayed with the correct content",""
"passed","Tue Mar 15 22:16:55 EET 2022","Tue Mar 15 22:17:05 EET 2022","10195","","Slots page","","Slots page","#1 User can navigates to the slots page and all elements are persisted on the page","#1 User can navigates to the slots page and all elements are persisted on the page",""
"failed","Tue Mar 15 22:17:08 EET 2022","Tue Mar 15 22:17:29 EET 2022","20420","","My Profile > Communications Preferences","","My Profile > Communications Preferences","#2 Player can edit their preferences and exit using the x close button within the modal discarding changes","#2 Player can edit their preferences and exit using the x close button within the modal discarding changes",""
"failed","Tue Mar 15 22:10:19 EET 2022","Tue Mar 15 22:10:32 EET 2022","12896","","Home page => Privacy Policy page","","Home page => Privacy Policy page","#0 User can come to the Privacy Policy page","#0 User can come to the Privacy Policy page",""
"passed","Tue Mar 15 21:58:42 EET 2022","Tue Mar 15 21:59:00 EET 2022","17813","","Registration > Step 4","","Registration > Step 4","#11 User can click and view the Privacy Policy.","#11 User can click and view the Privacy Policy.",""
"passed","Tue Mar 15 22:11:55 EET 2022","Tue Mar 15 22:12:22 EET 2022","27531","","My Profile > Contact Details","","My Profile > Contact Details","#02 Player can select to edit their telephone number and be presented with an edit modal.","#02 Player can select to edit their telephone number and be presented with an edit modal.",""
"passed","Tue Mar 15 22:20:16 EET 2022","Tue Mar 15 22:20:24 EET 2022","8008","","Registration > Step 3","","Registration > Step 3","#17 User cannot enter spaces into Phone Number field.","#17 User cannot enter spaces into Phone Number field.",""
"passed","Tue Mar 15 21:48:38 EET 2022","Tue Mar 15 21:49:09 EET 2022","30862","","My Account > Gambling Controls > Play Reminders","","My Account > Gambling Controls > Play Reminders","#4 Player cannot continue with 'Time Limit' if a limit is not selected.","#4 Player cannot continue with 'Time Limit' if a limit is not selected.",""
"failed","Tue Mar 15 22:06:27 EET 2022","Tue Mar 15 22:06:52 EET 2022","25478","","Promotions functionality testing. Promotions functionality for authenticated user Individual promotions","","Promotions functionality testing. Promotions functionality for authenticated user Individual promotions","#27 Error message is displayed after user enters amount that is less than the qualification amount for deposit bonus.","#27 Error message is displayed after user enters amount that is less than the qualification amount for deposit bonus.",""
"passed","Tue Mar 15 21:57:36 EET 2022","Tue Mar 15 21:57:43 EET 2022","7045","","Registration > Step 2","","Registration > Step 2","#08 User cannot enter invalid characters into step 2 name input fields.","#08 User cannot enter invalid characters into step 2 name input fields.",""
"passed","Tue Mar 15 22:16:36 EET 2022","Tue Mar 15 22:17:03 EET 2022","26334","","My Account > Gambling Controls > Loss Limits","","My Account > Gambling Controls > Loss Limits","#6 User can successfully update their loss limits in the Loss Limits Delete modal ","#6 User can successfully update their loss limits in the Loss Limits Delete modal ",""
"passed","Tue Mar 15 22:11:42 EET 2022","Tue Mar 15 22:12:08 EET 2022","26491","","My Account > Gambling Controls > Account Closure > Take A Break","","My Account > Gambling Controls > Account Closure > Take A Break","#2 Player can close the take a break modal.","#2 Player can close the take a break modal.",""
"passed","Tue Mar 15 21:56:11 EET 2022","Tue Mar 15 21:56:35 EET 2022","23503","","My Account > Settings > Change Password","","My Account > Settings > Change Password","#09 New password must contain a combination of upper and lower case letters (all lower case).","#09 New password must contain a combination of upper and lower case letters (all lower case).",""
"failed","Tue Mar 15 22:02:13 EET 2022","Tue Mar 15 22:02:39 EET 2022","25487","","Promotions functionality testing. Promotions functionality for authenticated user Individual promotions","","Promotions functionality testing. Promotions functionality for authenticated user Individual promotions","#17 User can press back for confirmation cancel bonus drawer and get not cancel bonus.","#17 User can press back for confirmation cancel bonus drawer and get not cancel bonus.",""
"passed","Tue Mar 15 22:15:22 EET 2022","Tue Mar 15 22:15:48 EET 2022","26269","","My Account > Gambling Controls > Loss Limits","","My Account > Gambling Controls > Loss Limits","#3 User can close the Loss Limits Edit modal","#3 User can close the Loss Limits Edit modal",""
"skipped","Tue Mar 15 22:12:44 EET 2022","Tue Mar 15 22:12:44 EET 2022","1","","My Account > Gambling Controls > Account Closure > Self Exclusion","","My Account > Gambling Controls > Account Closure > Self Exclusion","#4 Player cannot continue with 'Self Exclusion' if a reason is not selected.","#4 Player cannot continue with 'Self Exclusion' if a reason is not selected.",""
"passed","Tue Mar 15 21:41:51 EET 2022","Tue Mar 15 21:42:11 EET 2022","20069","","Inbox functionality testing","","Inbox functionality testing","#2 Unread message count increases when player receives a new message (requires page refresh)","#2 Unread message count increases when player receives a new message (requires page refresh)",""
"failed","Tue Mar 15 22:21:28 EET 2022","Tue Mar 15 22:21:59 EET 2022","31116","","My Account > Gambling Controls > Loss Limits","","My Account > Gambling Controls > Loss Limits","#15 User can submit a blank value in the Loss Limit. ","#15 User can submit a blank value in the Loss Limit. ",""
"passed","Tue Mar 15 22:12:10 EET 2022","Tue Mar 15 22:12:18 EET 2022","8503","","Home => Terms & Conditions","","Home => Terms & Conditions","#15 User can see the Deposits and Withdrawals section on terms and conditions page","#15 User can see the Deposits and Withdrawals section on terms and conditions page",""
"failed","Tue Mar 15 22:17:30 EET 2022","Tue Mar 15 22:18:13 EET 2022","42580","","My Account > Gambling Controls > Loss Limits","","My Account > Gambling Controls > Loss Limits","#8 User can successfully set a daily loss limit if not already set ","#8 User can successfully set a daily loss limit if not already set ",""
"passed","Tue Mar 15 21:55:26 EET 2022","Tue Mar 15 21:55:50 EET 2022","23572","","My Account > Settings > Change Password","","My Account > Settings > Change Password","#07 New password must contain a number.","#07 New password must contain a number.",""
"failed","Tue Mar 15 22:15:36 EET 2022","Tue Mar 15 22:15:39 EET 2022","3300","","Registration > Step 1","","Registration > Step 1","#05 User can select the 'Login' button on the 'Account already exists' drawer and is displayed the Login form.","#05 User can select the 'Login' button on the 'Account already exists' drawer and is displayed the Login form.",""
"passed","Tue Mar 15 22:09:23 EET 2022","Tue Mar 15 22:09:27 EET 2022","3972","","Promotions functionality testing. Promotions functionality for unauthenticated user","","Promotions functionality testing. Promotions functionality for unauthenticated user","#44 All main sections for card are displayed for DEPOSIT bonus for unauthenticated user.","#44 All main sections for card are displayed for DEPOSIT bonus for unauthenticated user.",""
"failed","Tue Mar 15 22:15:54 EET 2022","Tue Mar 15 22:16:16 EET 2022","21960","","My Account > Gambling Controls > Account Closure > Take A Break","","My Account > Gambling Controls > Account Closure > Take A Break","#15 Player can choose to view the 'Self Exclusion' service from the 'Take A Break' modal.","#15 Player can choose to view the 'Self Exclusion' service from the 'Take A Break' modal.",""
"passed","Tue Mar 15 22:20:24 EET 2022","Tue Mar 15 22:20:31 EET 2022","7535","","Registration > Step 3","","Registration > Step 3","#18 Country Code is populated by default.","#18 Country Code is populated by default.",""
"skipped","Tue Mar 15 22:20:01 EET 2022","Tue Mar 15 22:20:01 EET 2022","2","","My Account > Gambling Controls > Deposit Limits","","My Account > Gambling Controls > Deposit Limits","#16 Player cannot set Deposit Limit lower than the minimum amount.","#16 Player cannot set Deposit Limit lower than the minimum amount.",""
"passed","Tue Mar 15 21:57:43 EET 2022","Tue Mar 15 21:57:50 EET 2022","6474","","Registration > Step 2","","Registration > Step 2","#11 User can enter valid details on Step 2 and progress to Step 3 of the registration process.","#11 User can enter valid details on Step 2 and progress to Step 3 of the registration process.",""
"passed","Tue Mar 15 22:15:09 EET 2022","Tue Mar 15 22:15:18 EET 2022","8725","","Landing Page/Shop Welcome page","","Landing Page/Shop Welcome page","#1 User come to the Shop Welcome page ","#1 User come to the Shop Welcome page ",""
"failed","Tue Mar 15 22:13:53 EET 2022","Tue Mar 15 22:14:03 EET 2022","9520","","Landing Page/Welcome Casino page","","Landing Page/Welcome Casino page","#3 User clicks on ""Be Aware Gambling"" image at Welcome Casino page","#3 User clicks on ""Be Aware Gambling"" image at Welcome Casino page",""
"failed","Tue Mar 15 22:15:19 EET 2022","Tue Mar 15 22:15:40 EET 2022","21403","","My Account > Gambling Controls > Account Closure > Self Exclusion","","My Account > Gambling Controls > Account Closure > Self Exclusion","#13 Player can continue with chosen 12 months option to 'Self Exclusion' and confirming modal should display.","#13 Player can continue with chosen 12 months option to 'Self Exclusion' and confirming modal should display.",""
"passed","Tue Mar 15 22:11:17 EET 2022","Tue Mar 15 22:11:27 EET 2022","9487","","Landing Page/Welcome Offer page","","Landing Page/Welcome Offer page","#7 User can come to the ""Be Gambling Aware"" site from the Welcome Offer page","#7 User can come to the ""Be Gambling Aware"" site from the Welcome Offer page",""
"passed","Tue Mar 15 21:58:24 EET 2022","Tue Mar 15 21:58:42 EET 2022","17808","","Registration > Step 4","","Registration > Step 4","#10 User can click and view the T&Cs.","#10 User can click and view the T&Cs.",""
"passed","Tue Mar 15 22:10:19 EET 2022","Tue Mar 15 22:10:28 EET 2022","8714","","404 error page functionality testing.","","404 error page functionality testing.","#1 404 error page is displayed.","#1 404 error page is displayed.",""
"failed","Tue Mar 15 21:57:40 EET 2022","Tue Mar 15 21:58:06 EET 2022","26308","","Promotions functionality testing. Promotions functionality for authenticated user Blocks of promotions","","Promotions functionality testing. Promotions functionality for authenticated user Blocks of promotions","#7 Featured promotions are displayed in correct order.","#7 Featured promotions are displayed in correct order.",""
"passed","Tue Mar 15 22:10:32 EET 2022","Tue Mar 15 22:10:43 EET 2022","11029","","Home page => Privacy Policy page","","Home page => Privacy Policy page","#1 User can come to the Eyas Gaming page from Privacy Policy page","#1 User can come to the Eyas Gaming page from Privacy Policy page",""
"passed","Tue Mar 15 22:00:21 EET 2022","Tue Mar 15 22:00:37 EET 2022","16024","","Spin Zone functionality testing","","Spin Zone functionality testing","#6 Player can see total bonus balance","#6 Player can see total bonus balance",""
"failed","Tue Mar 15 22:10:36 EET 2022","Tue Mar 15 22:10:42 EET 2022","6332","","Home => Terms & Conditions","","Home => Terms & Conditions","#2 User can come to the privacy policy page from terms and conditions page","#2 User can come to the privacy policy page from terms and conditions page",""
"failed","Tue Mar 15 22:10:49 EET 2022","Tue Mar 15 22:10:56 EET 2022","6695","","Home => Terms & Conditions","","Home => Terms & Conditions","#4 User can come to the Responsible Gambling page from terms and conditions page","#4 User can come to the Responsible Gambling page from terms and conditions page",""
"passed","Tue Mar 15 22:10:33 EET 2022","Tue Mar 15 22:10:37 EET 2022","3878","","Expired Link Error","","Expired Link Error","#4 User can click on Join button and see Register page. ","#4 User can click on Join button and see Register page. ",""
"failed","Tue Mar 15 22:20:55 EET 2022","Tue Mar 15 22:21:28 EET 2022","32622","","My Account > Gambling Controls > Loss Limits","","My Account > Gambling Controls > Loss Limits","#14 User cannot set a Loss Limit higher than the maximum amount. ","#14 User cannot set a Loss Limit higher than the maximum amount. ",""
"passed","Tue Mar 15 21:55:50 EET 2022","Tue Mar 15 21:56:11 EET 2022","21806","","My Account > Settings > Change Password","","My Account > Settings > Change Password","#08 New password must contain a combination of upper and lower case letters (all upper case).","#08 New password must contain a combination of upper and lower case letters (all upper case).",""
"passed","Tue Mar 15 22:11:57 EET 2022","Tue Mar 15 22:12:09 EET 2022","12519","","Landing Page/Welcome Games page","","Landing Page/Welcome Games page","#2 User try to Join at Welcome Games page","#2 User try to Join at Welcome Games page",""
"passed","Tue Mar 15 21:44:25 EET 2022","Tue Mar 15 21:44:55 EET 2022","29509","","Homepage","","Homepage","#9 Bonus amount is updated correctly in the dropdown details when bonus balance is adjusted","#9 Bonus amount is updated correctly in the dropdown details when bonus balance is adjusted",""
"passed","Tue Mar 15 21:57:30 EET 2022","Tue Mar 15 21:57:36 EET 2022","6360","","Registration > Step 2","","Registration > Step 2","#07 User cannot enter numbers into step 2 name input fields.","#07 User cannot enter numbers into step 2 name input fields.",""
"failed","Tue Mar 15 22:14:56 EET 2022","Tue Mar 15 22:15:23 EET 2022","27389","","Registration > Step 1","","Registration > Step 1","#01.1 User can leave the registration process by clicking the Home link and click 'Yes I want to leave'.","#01.1 User can leave the registration process by clicking the Home link and click 'Yes I want to leave'.",""
"passed","Tue Mar 15 21:50:50 EET 2022","Tue Mar 15 21:51:18 EET 2022","28400","","My Account > Gambling Controls > Play Reminders","","My Account > Gambling Controls > Play Reminders","#8 Player can successfully delete their 'Time Limit' on delete icon click.","#8 Player can successfully delete their 'Time Limit' on delete icon click.",""
"passed","Tue Mar 15 22:10:53 EET 2022","Tue Mar 15 22:11:03 EET 2022","9680","","Home page => Privacy Policy page","","Home page => Privacy Policy page","#3 User can come to the Merkur Casino page from Privacy Policy page","#3 User can come to the Merkur Casino page from Privacy Policy page",""
"passed","Tue Mar 15 22:11:17 EET 2022","Tue Mar 15 22:11:20 EET 2022","3596","","404 error page functionality testing.","","404 error page functionality testing.","#6 Player can click ""Go to lobby"" button and after that it will redirect to Home page.","#6 Player can click ""Go to lobby"" button and after that it will redirect to Home page.",""
"failed","Tue Mar 15 22:12:45 EET 2022","Tue Mar 15 22:12:54 EET 2022","9170","","Home => Terms & Conditions","","Home => Terms & Conditions","#19 User can see the Inactive Customer Accounts section on terms and conditions page","#19 User can see the Inactive Customer Accounts section on terms and conditions page",""
"passed","Tue Mar 15 22:17:26 EET 2022","Tue Mar 15 22:17:45 EET 2022","19304","","Registration > Step 3","","Registration > Step 3","#02 User can navigate back to the previous step.","#02 User can navigate back to the previous step.",""
"passed","Tue Mar 15 22:15:18 EET 2022","Tue Mar 15 22:15:30 EET 2022","11591","","Landing Page/Shop Welcome page","","Landing Page/Shop Welcome page","#2 User try to Join at Shop Welcome page","#2 User try to Join at Shop Welcome page",""
"passed","Tue Mar 15 22:08:58 EET 2022","Tue Mar 15 22:08:59 EET 2022","1464","","Promotions functionality testing. Promotions functionality for unauthenticated user","","Promotions functionality testing. Promotions functionality for unauthenticated user","#33 Promotion page is displayed for not login user.","#33 Promotion page is displayed for not login user.",""
"failed","Tue Mar 15 22:15:48 EET 2022","Tue Mar 15 22:15:54 EET 2022","5865","","Registration > Step 1","","Registration > Step 1","#08 User can not enter an invaild email address (space in email).","#08 User can not enter an invaild email address (space in email).",""
"failed","Tue Mar 15 22:14:03 EET 2022","Tue Mar 15 22:14:13 EET 2022","10150","","Landing Page/Welcome Casino page","","Landing Page/Welcome Casino page","#4 User clicks on ""Be Aware Gambling"" link at Welcome Casino page","#4 User clicks on ""Be Aware Gambling"" link at Welcome Casino page",""
"failed","Tue Mar 15 22:12:55 EET 2022","Tue Mar 15 22:13:18 EET 2022","23006","","My Account > Gambling Controls > Account Closure > Take A Break","","My Account > Gambling Controls > Account Closure > Take A Break","#7 Player can choose 24 hours option for 'Take A Break' and this option should be selected.","#7 Player can choose 24 hours option for 'Take A Break' and this option should be selected.",""
"passed","Tue Mar 15 21:41:00 EET 2022","Tue Mar 15 21:41:03 EET 2022","2857","","User come to the 'Planned Maintenance' error page","","User come to the 'Planned Maintenance' error page","#1 Content of ""Planned Maintenance"" error page","#1 Content of ""Planned Maintenance"" error page",""
"passed","Tue Mar 15 21:46:07 EET 2022","Tue Mar 15 21:46:39 EET 2022","31601","","Deep Link -> Edit Phone","","Deep Link -> Edit Phone","#1 Deep link to edit phone opens when logged in","#1 Deep link to edit phone opens when logged in",""
"failed","Tue Mar 15 21:59:30 EET 2022","Tue Mar 15 21:59:58 EET 2022","27653","","Promotions functionality testing. Promotions functionality for authenticated user Blocks of promotions","","Promotions functionality testing. Promotions functionality for authenticated user Blocks of promotions","#11 Feature promotions are excluded from the promotions section.","#11 Feature promotions are excluded from the promotions section.",""
"passed","Tue Mar 15 21:55:17 EET 2022","Tue Mar 15 21:55:21 EET 2022","3337","","Homepage","","Homepage","#7 The user can use for Malta contact@eyasgaming.com e-mail","#7 The user can use for Malta contact@eyasgaming.com e-mail",""
"failed","Tue Mar 15 22:16:01 EET 2022","Tue Mar 15 22:16:07 EET 2022","6196","","Registration > Step 1","","Registration > Step 1","#12 User can successfully enter email address with local domain (.de).","#12 User can successfully enter email address with local domain (.de).",""
"failed","Tue Mar 15 22:10:42 EET 2022","Tue Mar 15 22:10:49 EET 2022","6588","","Home => Terms & Conditions","","Home => Terms & Conditions","#3 User can come to the Gambling commission page from terms and conditions page","#3 User can come to the Gambling commission page from terms and conditions page",""
"passed","Tue Mar 15 21:55:24 EET 2022","Tue Mar 15 21:55:37 EET 2022","13332","","Recover Password","","Recover Password","#02 Player cannot submit a blank email address on the recover password form.","#02 Player cannot submit a blank email address on the recover password form.",""
"passed","Tue Mar 15 22:12:26 EET 2022","Tue Mar 15 22:12:36 EET 2022","9313","","Home => Terms & Conditions","","Home => Terms & Conditions","#17 User can see the Errors, Interruptions and Malfunctions section on terms and conditions page","#17 User can see the Errors, Interruptions and Malfunctions section on terms and conditions page",""
"passed","Tue Mar 15 21:52:54 EET 2022","Tue Mar 15 21:53:21 EET 2022","27049","","My Account > Settings > Change Password","","My Account > Settings > Change Password","#01 Player can cancel out of the Change Password modal.","#01 Player can cancel out of the Change Password modal.",""
"passed","Tue Mar 15 21:41:01 EET 2022","Tue Mar 15 21:41:05 EET 2022","3966","","Service unavailable","","Service unavailable","#1 User can come to the home page from Error 500 page","#1 User can come to the home page from Error 500 page",""
"passed","Tue Mar 15 22:18:55 EET 2022","Tue Mar 15 22:19:08 EET 2022","13142","","Registration > Step 3","","Registration > Step 3","#08 User cannot enter invalid characters into the Address Line 2 field.","#08 User cannot enter invalid characters into the Address Line 2 field.",""
"failed","Tue Mar 15 22:17:05 EET 2022","Tue Mar 15 22:17:16 EET 2022","10392","","Slots page","","Slots page","#2 User can see hero banner carousel and can scroll it","#2 User can see hero banner carousel and can scroll it",""
"failed","Tue Mar 15 22:18:51 EET 2022","Tue Mar 15 22:19:09 EET 2022","17921","","My Profile > Communications Preferences","","My Profile > Communications Preferences","#7 Player can edit their preferences and select just the Post toggle, which upon saving updates the account area accordingly","#7 Player can edit their preferences and select just the Post toggle, which upon saving updates the account area accordingly",""
"passed","Tue Mar 15 22:17:37 EET 2022","Tue Mar 15 22:18:00 EET 2022","22393","","UnsubscribePage","","UnsubscribePage","#1 Unsubscribe page is displayed with correct content.","#1 Unsubscribe page is displayed with correct content.",""
"passed","Tue Mar 15 21:43:06 EET 2022","Tue Mar 15 21:43:27 EET 2022","20950","","Homepage","","Homepage","#6 The details balance card is dismissed when the user clicks and drags the footer","#6 The details balance card is dismissed when the user clicks and drags the footer",""
"failed","Tue Mar 15 21:58:06 EET 2022","Tue Mar 15 21:58:35 EET 2022","28331","","Promotions functionality testing. Promotions functionality for authenticated user Blocks of promotions","","Promotions functionality testing. Promotions functionality for authenticated user Blocks of promotions","#8 Active promotion are excluded from the featured section.","#8 Active promotion are excluded from the featured section.",""
"failed","Tue Mar 15 22:17:30 EET 2022","Tue Mar 15 22:17:36 EET 2022","6200","","Slots page","","Slots page","#5 User can see on hero banner carousel primary button CTA, can click on it and see game info page","#5 User can see on hero banner carousel primary button CTA, can click on it and see game info page",""
"passed","Tue Mar 15 22:09:19 EET 2022","Tue Mar 15 22:09:23 EET 2022","3820","","Promotions functionality testing. Promotions functionality for unauthenticated user","","Promotions functionality testing. Promotions functionality for unauthenticated user","#43 All main sections for card are displayed for OPT IN bonus for unauthenticated user.","#43 All main sections for card are displayed for OPT IN bonus for unauthenticated user.",""
"failed","Tue Mar 15 21:54:43 EET 2022","Tue Mar 15 21:55:17 EET 2022","33803","","Promotions functionality testing. Promotions functionality for authenticated user Blocks of promotions","","Promotions functionality testing. Promotions functionality for authenticated user Blocks of promotions","#1 All sections are persisted on the promotion page.","#1 All sections are persisted on the promotion page.",""
"passed","Tue Mar 15 22:17:50 EET 2022","Tue Mar 15 22:18:01 EET 2022","11210","","Slots page","","Slots page","#8 User hover the game card and click on CTA 'INFO' and go to info page, click on JOIN and see register page","#8 User hover the game card and click on CTA 'INFO' and go to info page, click on JOIN and see register page",""
"passed","Tue Mar 15 21:43:51 EET 2022","Tue Mar 15 21:44:02 EET 2022","11377","","Log In","","Log In","#04 Player cannot submit blank details on the Login Form.","#04 Player cannot submit blank details on the Login Form.",""
"failed","Tue Mar 15 22:08:35 EET 2022","Tue Mar 15 22:08:58 EET 2022","23236","","Promotions functionality testing. Promotions functionality for authenticated user Individual promotions","","Promotions functionality testing. Promotions functionality for authenticated user Individual promotions","#32 User can make bonus deposit.","#32 User can make bonus deposit.",""
"passed","Tue Mar 15 21:56:32 EET 2022","Tue Mar 15 21:56:46 EET 2022","13414","","Recover Password","","Recover Password","#08 Player can submit an email address which does not exist and still receives a success message on submitting the recover password form.","#08 Player can submit an email address which does not exist and still receives a success message on submitting the recover password form.",""
"passed","Tue Mar 15 22:18:45 EET 2022","Tue Mar 15 22:19:00 EET 2022","14762","","Slots page","","Slots page","#13 User logged in and click on game card and game page appears","#13 User logged in and click on game card and game page appears",""
"failed","Tue Mar 15 22:20:31 EET 2022","Tue Mar 15 22:20:40 EET 2022","8300","","Registration > Step 3","","Registration > Step 3","#19 User can select a Country Code from the dropdown menu.","#19 User can select a Country Code from the dropdown menu.",""
"passed","Tue Mar 15 22:18:19 EET 2022","Tue Mar 15 22:18:36 EET 2022","17035","","UnsubscribePage","","UnsubscribePage","#3 User can click on ‘Unsubscribe’ button and successfully unsubscribe window will be displayed with the correct content","#3 User can click on ‘Unsubscribe’ button and successfully unsubscribe window will be displayed with the correct content",""
"passed","Tue Mar 15 21:45:37 EET 2022","Tue Mar 15 21:45:58 EET 2022","20866","","Inbox functionality testing","","Inbox functionality testing","#13 Unread message count is not present on Inbox navigation bar icon if no messages","#13 Unread message count is not present on Inbox navigation bar icon if no messages",""
"failed","Tue Mar 15 22:14:28 EET 2022","Tue Mar 15 22:14:38 EET 2022","9708","","Landing Page/Welcome Casino page","","Landing Page/Welcome Casino page","#6 User can click on the WELCOME BONUS FULL TERMS AND CONDITIONS","#6 User can click on the WELCOME BONUS FULL TERMS AND CONDITIONS",""
"passed","Tue Mar 15 22:11:04 EET 2022","Tue Mar 15 22:11:09 EET 2022","5412","","Expired Link Error","","Expired Link Error","#8 User can enter an email and reset the password (Sent button with a tick will be displayed).","#8 User can enter an email and reset the password (Sent button with a tick will be displayed).",""
"passed","Tue Mar 15 21:59:14 EET 2022","Tue Mar 15 21:59:25 EET 2022","11799","","Registration > Step 4","","Registration > Step 4","#13 User doesn`t click on confirm checkbox, tries to click success registration button and error text is shown.","#13 User doesn`t click on confirm checkbox, tries to click success registration button and error text is shown.",""
"passed","Tue Mar 15 21:56:02 EET 2022","Tue Mar 15 21:56:15 EET 2022","13062","","Recover Password","","Recover Password","#05 Player receives 'Sent' success feedback on submitting a valid email address.","#05 Player receives 'Sent' success feedback on submitting a valid email address.",""
"failed","Tue Mar 15 22:13:54 EET 2022","Tue Mar 15 22:14:17 EET 2022","22746","","My Account > Gambling Controls > Account Closure > Self Exclusion","","My Account > Gambling Controls > Account Closure > Self Exclusion","#9 Player can choose 18 months option for 'Self Exclusion' and this option should be selected.","#9 Player can choose 18 months option for 'Self Exclusion' and this option should be selected.",""
"passed","Tue Mar 15 21:48:05 EET 2022","Tue Mar 15 21:48:38 EET 2022","32910","","My Account > Gambling Controls > Play Reminders","","My Account > Gambling Controls > Play Reminders","#3 Player can cancel out of the 'Time Limit' modal.","#3 Player can cancel out of the 'Time Limit' modal.",""
"passed","Tue Mar 15 22:09:48 EET 2022","Tue Mar 15 22:09:52 EET 2022","4342","","Promotions functionality testing. Promotions functionality for unauthenticated user","","Promotions functionality testing. Promotions functionality for unauthenticated user","#51 User can see list of promotions after click Back button from more info details.","#51 User can see list of promotions after click Back button from more info details.",""
"passed","Tue Mar 15 22:18:36 EET 2022","Tue Mar 15 22:18:55 EET 2022","18793","","UnsubscribePage","","UnsubscribePage","#4 User can check ‘Other’ radio button and the text input will be displayed","#4 User can check ‘Other’ radio button and the text input will be displayed",""
"skipped","Tue Mar 15 22:19:32 EET 2022","Tue Mar 15 22:19:32 EET 2022","1","","My Account > Gambling Controls > Deposit Limits","","My Account > Gambling Controls > Deposit Limits","#14 Player can successfully set Deposit Limit to the minimum allowed value and will receive a success toast on submitting the new amount.","#14 Player can successfully set Deposit Limit to the minimum allowed value and will receive a success toast on submitting the new amount.",""
"failed","Tue Mar 15 21:56:44 EET 2022","Tue Mar 15 21:57:12 EET 2022","28478","","Promotions functionality testing. Promotions functionality for authenticated user Blocks of promotions","","Promotions functionality testing. Promotions functionality for authenticated user Blocks of promotions","#5 Less or equal 4 recent activity cards are displayed.","#5 Less or equal 4 recent activity cards are displayed.",""
"passed","Tue Mar 15 21:44:43 EET 2022","Tue Mar 15 21:44:53 EET 2022","10556","","Log In","","Log In","#12 Players inputs into the password field should be masked by default.","#12 Players inputs into the password field should be masked by default.",""
"passed","Tue Mar 15 22:20:40 EET 2022","Tue Mar 15 22:20:56 EET 2022","16238","","My Account > Gambling Controls > Deposit Limits","","My Account > Gambling Controls > Deposit Limits","#20 Player can close 'History' modal.","#20 Player can close 'History' modal.",""
"failed","Tue Mar 15 22:04:45 EET 2022","Tue Mar 15 22:05:11 EET 2022","25457","","Promotions functionality testing. Promotions functionality for authenticated user Individual promotions","","Promotions functionality testing. Promotions functionality for authenticated user Individual promotions","#23 User can opt in bonus and get claimed confirmation message.","#23 User can opt in bonus and get claimed confirmation message.",""
"failed","Tue Mar 15 22:11:10 EET 2022","Tue Mar 15 22:11:17 EET 2022","7288","","Landing Page/Welcome Offer page","","Landing Page/Welcome Offer page","#6 User can click on the WELCOME BONUS FULL TERMS AND CONDITIONS","#6 User can click on the WELCOME BONUS FULL TERMS AND CONDITIONS",""
"passed","Tue Mar 15 21:57:10 EET 2022","Tue Mar 15 21:57:16 EET 2022","6233","","Registration > Step 2","","Registration > Step 2","#04 Last Name is a mandatory field.","#04 Last Name is a mandatory field.",""
"passed","Tue Mar 15 21:57:56 EET 2022","Tue Mar 15 21:58:02 EET 2022","6747","","Registration > Step 2","","Registration > Step 2","13 User is required to be 18 or over.","13 User is required to be 18 or over.",""
"failed","Tue Mar 15 22:18:36 EET 2022","Tue Mar 15 22:18:59 EET 2022","23361","","My Account > Gambling Controls > Loss Limits","","My Account > Gambling Controls > Loss Limits","#10 User can successfully set a monthly loss limit if not already set ","#10 User can successfully set a monthly loss limit if not already set ",""
"passed","Tue Mar 15 22:10:53 EET 2022","Tue Mar 15 22:10:55 EET 2022","2234","","404 error page functionality testing.","","404 error page functionality testing.","#4 Player can click ""Join"" button and after that it will redirect to Register page.","#4 Player can click ""Join"" button and after that it will redirect to Register page.",""
"passed","Tue Mar 15 21:54:46 EET 2022","Tue Mar 15 21:54:53 EET 2022","6964","","Homepage","","Homepage","#4 After clicking on the second link from 'What personal data do we collect? -> Players', the user should see the page  https://www.merkurcasino.com/.","#4 After clicking on the second link from 'What personal data do we collect? -> Players', the user should see the page  https://www.merkurcasino.com/.",""
"passed","Tue Mar 15 22:18:27 EET 2022","Tue Mar 15 22:18:40 EET 2022","13740","","Registration > Step 3","","Registration > Step 3","#06 Post Code field is a mandatory field.","#06 Post Code field is a mandatory field.",""
"passed","Tue Mar 15 22:19:31 EET 2022","Tue Mar 15 22:19:44 EET 2022","12535","","Registration > Step 3","","Registration > Step 3","#14 User can enter valid details on Step 3 and progress to Step 4 of the registration process.","#14 User can enter valid details on Step 3 and progress to Step 4 of the registration process.",""
"passed","Tue Mar 15 21:42:23 EET 2022","Tue Mar 15 21:42:44 EET 2022","21407","","Homepage","","Homepage","#4 The details balance card is dismissed when the user clicks it","#4 The details balance card is dismissed when the user clicks it",""
"passed","Tue Mar 15 22:10:59 EET 2022","Tue Mar 15 22:11:10 EET 2022","11366","","Landing Page/Welcome Offer page","","Landing Page/Welcome Offer page","#5 User try to click on PLAY CTA of Popular game at Welcome Offer page","#5 User try to click on PLAY CTA of Popular game at Welcome Offer page",""
"failed","Tue Mar 15 22:15:01 EET 2022","Tue Mar 15 22:15:19 EET 2022","17378","","My Account > Gambling Controls > Account Closure > Self Exclusion","","My Account > Gambling Controls > Account Closure > Self Exclusion","#12 Player can continue with chosen 6 months option to 'Self Exclusion' and confirming modal should display.","#12 Player can continue with chosen 6 months option to 'Self Exclusion' and confirming modal should display.",""
"passed","Tue Mar 15 22:18:08 EET 2022","Tue Mar 15 22:18:15 EET 2022","6547","","Slots page","","Slots page","#10 User click on category and go to category page","#10 User click on category and go to category page",""
"passed","Tue Mar 15 21:43:18 EET 2022","Tue Mar 15 21:43:47 EET 2022","29777","","Logout","","Logout","#01 Player can successfully logout.","#01 Player can successfully logout.",""
"passed","Tue Mar 15 21:46:08 EET 2022","Tue Mar 15 21:46:30 EET 2022","22296","","Deep Link -> Loss Limits","","Deep Link -> Loss Limits","#2 Deep link to loss limits open login when not logged in before loss limits","#2 Deep link to loss limits open login when not logged in before loss limits",""
"failed","Tue Mar 15 22:20:29 EET 2022","Tue Mar 15 22:20:43 EET 2022","14330","","My Profile > Communications Preferences","","My Profile > Communications Preferences","#13 Player can uneselect just post preferences using the post toggle (post already toggled on), which upon saving updates the account area accordingly","#13 Player can uneselect just post preferences using the post toggle (post already toggled on), which upon saving updates the account area accordingly",""
"failed","Tue Mar 15 22:07:43 EET 2022","Tue Mar 15 22:08:09 EET 2022","25599","","Promotions functionality testing. Promotions functionality for authenticated user Individual promotions","","Promotions functionality testing. Promotions functionality for authenticated user Individual promotions","#30 User can click on the terms and conditions link and the terms and all sections of conditions are displayed for deposit bonus.","#30 User can click on the terms and conditions link and the terms and all sections of conditions are displayed for deposit bonus.",""
"passed","Tue Mar 15 22:16:10 EET 2022","Tue Mar 15 22:16:36 EET 2022","26206","","My Account > Gambling Controls > Loss Limits","","My Account > Gambling Controls > Loss Limits","#5 User can close the Loss Limits Delete modal ","#5 User can close the Loss Limits Delete modal ",""
"failed","Tue Mar 15 22:12:08 EET 2022","Tue Mar 15 22:12:32 EET 2022","23159","","My Account > Gambling Controls > Account Closure > Take A Break","","My Account > Gambling Controls > Account Closure > Take A Break","#3 Player can press 'Back' button of the 'Take A Break' modal.","#3 Player can press 'Back' button of the 'Take A Break' modal.",""
"passed","Tue Mar 15 21:57:22 EET 2022","Tue Mar 15 21:57:30 EET 2022","7786","","Registration > Step 2","","Registration > Step 2","#06 User cannot enter less that 2 characters into step 2 name input fields.","#06 User cannot enter less that 2 characters into step 2 name input fields.",""
"passed","Tue Mar 15 22:14:13 EET 2022","Tue Mar 15 22:14:28 EET 2022","15603","","Landing Page/Welcome Casino page","","Landing Page/Welcome Casino page","#5 User try to click on PLAY CTA of Popular game at Welcome Casino page","#5 User try to click on PLAY CTA of Popular game at Welcome Casino page",""
"passed","Tue Mar 15 22:12:54 EET 2022","Tue Mar 15 22:13:02 EET 2022","8425","","Home => Terms & Conditions","","Home => Terms & Conditions","#20 User can see the Suspension/Termination of your Account section on terms and conditions page","#20 User can see the Suspension/Termination of your Account section on terms and conditions page",""
"passed","Tue Mar 15 22:13:41 EET 2022","Tue Mar 15 22:13:53 EET 2022","12651","","Landing Page/Welcome Casino page","","Landing Page/Welcome Casino page","#2 User try to Join at Welcome Casino page","#2 User try to Join at Welcome Casino page",""
"passed","Tue Mar 15 21:43:27 EET 2022","Tue Mar 15 21:43:53 EET 2022","26344","","Homepage","","Homepage","#7 Balance preview updates correctly upon refresh when a users balance is adjusted","#7 Balance preview updates correctly upon refresh when a users balance is adjusted",""
"passed","Tue Mar 15 21:44:28 EET 2022","Tue Mar 15 21:44:43 EET 2022","14916","","Log In","","Log In","#07 Player cannot login when entering an incorrect password.","#07 Player cannot login when entering an incorrect password.",""
"passed","Tue Mar 15 22:11:20 EET 2022","Tue Mar 15 22:11:28 EET 2022","8010","","Home => Terms & Conditions","","Home => Terms & Conditions","#9 User can see Introduction section on terms and conditions page","#9 User can see Introduction section on terms and conditions page",""
"passed","Tue Mar 15 21:57:02 EET 2022","Tue Mar 15 21:57:10 EET 2022","7776","","Registration > Step 2","","Registration > Step 2","#03 First Name is a mandatory field.","#03 First Name is a mandatory field.",""
"passed","Tue Mar 15 22:18:27 EET 2022","Tue Mar 15 22:18:51 EET 2022","23867","","My Account > Gambling Controls > Deposit Limits","","My Account > Gambling Controls > Deposit Limits","#11 Player can successfully set a weekly deposit limit if not already set.","#11 Player can successfully set a weekly deposit limit if not already set.",""
"passed","Tue Mar 15 22:13:19 EET 2022","Tue Mar 15 22:13:27 EET 2022","7514","","Home => Terms & Conditions","","Home => Terms & Conditions","#23 User can see the Intellectual Property section on terms and conditions page","#23 User can see the Intellectual Property section on terms and conditions page",""
"passed","Tue Mar 15 21:41:59 EET 2022","Tue Mar 15 21:42:23 EET 2022","23376","","Homepage","","Homepage","#3 The detailed balance card is shown when the dropdown chevron is clicked","#3 The detailed balance card is shown when the dropdown chevron is clicked",""
"passed","Tue Mar 15 22:09:15 EET 2022","Tue Mar 15 22:09:17 EET 2022","1866","","Promotions functionality testing. Promotions functionality for unauthenticated user","","Promotions functionality testing. Promotions functionality for unauthenticated user","#41 Relevant CTAs of promotion card are displayed for not login user.","#41 Relevant CTAs of promotion card are displayed for not login user.",""
"failed","Tue Mar 15 22:19:42 EET 2022","Tue Mar 15 22:19:59 EET 2022","16686","","My Profile > Communications Preferences","","My Profile > Communications Preferences","#10 Player can unselect just email preferences using the email toggle (email already toggled on), which upon saving updates the account area accordingly","#10 Player can unselect just email preferences using the email toggle (email already toggled on), which upon saving updates the account area accordingly",""
"passed","Tue Mar 15 22:11:01 EET 2022","Tue Mar 15 22:11:04 EET 2022","2985","","Expired Link Error","","Expired Link Error","#7 User can click on x button and close reset password window. ","#7 User can click on x button and close reset password window. ",""
"passed","Tue Mar 15 22:09:41 EET 2022","Tue Mar 15 22:09:45 EET 2022","3604","","Promotions functionality testing. Promotions functionality for unauthenticated user","","Promotions functionality testing. Promotions functionality for unauthenticated user","#49 Login form appears after press CLAIM CTA for CLAIM bonus of unauthenticated user.","#49 Login form appears after press CLAIM CTA for CLAIM bonus of unauthenticated user.",""
"passed","Tue Mar 15 21:53:45 EET 2022","Tue Mar 15 21:54:10 EET 2022","24971","","My Account > Settings > Change Password","","My Account > Settings > Change Password","#03 New Password is a mandatory field.","#03 New Password is a mandatory field.",""
"failed","Tue Mar 15 22:10:31 EET 2022","Tue Mar 15 22:10:37 EET 2022","5421","","Home page => Responsible Gambling page","","Home page => Responsible Gambling page","#1 User can come to the Be Gamble Aware page from Responsible Gambling page","#1 User can come to the Be Gamble Aware page from Responsible Gambling page",""
"failed","Tue Mar 15 22:17:49 EET 2022","Tue Mar 15 22:18:10 EET 2022","20704","","My Profile > Communications Preferences","","My Profile > Communications Preferences","#4 Player can edit their preferences and toggle all preferences with the select all toggle, which upon saving updates the account area","#4 Player can edit their preferences and toggle all preferences with the select all toggle, which upon saving updates the account area",""
"failed","Tue Mar 15 22:14:05 EET 2022","Tue Mar 15 22:14:28 EET 2022","22942","","My Account > Gambling Controls > Account Closure > Take A Break","","My Account > Gambling Controls > Account Closure > Take A Break","#10 Player can choose 6 weeks option for 'Take A Break' and this option should be selected.","#10 Player can choose 6 weeks option for 'Take A Break' and this option should be selected.",""
"failed","Tue Mar 15 22:10:19 EET 2022","Tue Mar 15 22:10:31 EET 2022","11282","","Home => Terms & Conditions","","Home => Terms & Conditions","#0 User can come to the terms and conditions page","#0 User can come to the terms and conditions page",""
"failed","Tue Mar 15 22:04:20 EET 2022","Tue Mar 15 22:04:45 EET 2022","25316","","Promotions functionality testing. Promotions functionality for authenticated user Individual promotions","","Promotions functionality testing. Promotions functionality for authenticated user Individual promotions","#22 User can opt in bonus and get modal with all sections that bonus is opted in.","#22 User can opt in bonus and get modal with all sections that bonus is opted in.",""
"passed","Tue Mar 15 21:40:55 EET 2022","Tue Mar 15 21:41:01 EET 2022","5786","","Service unavailable","","Service unavailable","#0 User come to the Error 500 page, when service is unavailable","#0 User come to the Error 500 page, when service is unavailable",""
"failed","Tue Mar 15 22:11:02 EET 2022","Tue Mar 15 22:11:27 EET 2022","25654","","My Account -> Deposit","","My Account -> Deposit","#1 Check user is able to access the deposit modal via the account menu and is displayed with the option to fill in card details by default","#1 Check user is able to access the deposit modal via the account menu and is displayed with the option to fill in card details by default",""
"passed","Tue Mar 15 21:44:02 EET 2022","Tue Mar 15 21:44:14 EET 2022","11654","","Log In","","Log In","#05 Player can close the login modal.","#05 Player can close the login modal.",""
"skipped","Tue Mar 15 21:58:17 EET 2022","Tue Mar 15 21:58:17 EET 2022","1","","My Account > Settings > Change Password","","My Account > Settings > Change Password","#15 Player can successfully update and sign in with their new password.","#15 Player can successfully update and sign in with their new password.",""
"failed","Tue Mar 15 22:15:23 EET 2022","Tue Mar 15 22:15:29 EET 2022","5644","","Registration > Step 1","","Registration > Step 1","#02 Email Address is a mandatory field.","#02 Email Address is a mandatory field.",""
"failed","Tue Mar 15 22:11:13 EET 2022","Tue Mar 15 22:11:20 EET 2022","6923","","Home => Terms & Conditions","","Home => Terms & Conditions","#8 User can come to the eCOGRA page from terms and conditions page","#8 User can come to the eCOGRA page from terms and conditions page",""
"passed","Tue Mar 15 22:22:41 EET 2022","Tue Mar 15 22:22:54 EET 2022","13322","","My Account > Gambling Controls > Loss Limits","","My Account > Gambling Controls > Loss Limits","#18 User can close 'How loss limits work' modal. ","#18 User can close 'How loss limits work' modal. ",""
"failed","Tue Mar 15 22:14:15 EET 2022","Tue Mar 15 22:14:43 EET 2022","28500","","My Account > Gambling Controls > Deposit Limits","","My Account > Gambling Controls > Deposit Limits","#1 Player can view their deposit limits.","#1 Player can view their deposit limits.",""
"failed","Tue Mar 15 22:00:30 EET 2022","Tue Mar 15 22:00:55 EET 2022","25375","","Promotions functionality testing. Promotions functionality for authenticated user Individual promotions","","Promotions functionality testing. Promotions functionality for authenticated user Individual promotions","#13 All main sections for card are displayed for DEPOSIT bonus.","#13 All main sections for card are displayed for DEPOSIT bonus.",""
"failed","Tue Mar 15 22:12:32 EET 2022","Tue Mar 15 22:12:55 EET 2022","23322","","My Account > Gambling Controls > Account Closure > Take A Break","","My Account > Gambling Controls > Account Closure > Take A Break","#5 Player cannot continue with 'Take A Break' if a duration is not selected.","#5 Player cannot continue with 'Take A Break' if a duration is not selected.",""
"failed","Tue Mar 15 22:16:26 EET 2022","Tue Mar 15 22:16:36 EET 2022","10113","","Landing Page/Shop Welcome page","","Landing Page/Shop Welcome page","#8 User can come to the Promotion page from the Shop Welcome page","#8 User can come to the Promotion page from the Shop Welcome page",""
"passed","Tue Mar 15 22:13:31 EET 2022","Tue Mar 15 22:13:41 EET 2022","9552","","Landing Page/Welcome Casino page","","Landing Page/Welcome Casino page","#1 User come to the Welcome Casino page ","#1 User come to the Welcome Casino page ",""
"failed","Tue Mar 15 22:10:43 EET 2022","Tue Mar 15 22:10:50 EET 2022","7227","","Home page => Responsible Gambling page","","Home page => Responsible Gambling page","#3 User can come to the Gamble Stop page from Responsible Gambling page","#3 User can come to the Gamble Stop page from Responsible Gambling page",""
"passed","Tue Mar 15 21:54:28 EET 2022","Tue Mar 15 21:54:34 EET 2022","6944","","Homepage","","Homepage","#2 After clicking on the link from 'Introduction to Eyas Gaming', the user should see the page  https://www.eyasgaming.com/.","#2 After clicking on the link from 'Introduction to Eyas Gaming', the user should see the page  https://www.eyasgaming.com/.",""
"passed","Tue Mar 15 22:19:27 EET 2022","Tue Mar 15 22:19:45 EET 2022","18256","","UnsubscribePage","","UnsubscribePage","#6 User can click on ‘Re-subscribe’ button and success window will be displayed with the correct content","#6 User can click on ‘Re-subscribe’ button and success window will be displayed with the correct content",""
"passed","Tue Mar 15 22:10:09 EET 2022","Tue Mar 15 22:10:16 EET 2022","6087","","Promotions functionality testing. Promotions functionality for unauthenticated user","","Promotions functionality testing. Promotions functionality for unauthenticated user","#54 User clicks button DEPOSIT for already DEPOSITED bonus, successfully login and can see drawer ""This promotion is unavailable"".","#54 User clicks button DEPOSIT for already DEPOSITED bonus, successfully login and can see drawer ""This promotion is unavailable"".",""
"passed","Tue Mar 15 21:45:47 EET 2022","Tue Mar 15 21:46:08 EET 2022","21142","","Homepage","","Homepage","#12 Balance preview correctly displays £0.00 if user has no balance","#12 Balance preview correctly displays £0.00 if user has no balance",""
"passed","Tue Mar 15 21:40:55 EET 2022","Tue Mar 15 21:41:00 EET 2022","4530","","User come to the 'Planned Maintenance' error page","","User come to the 'Planned Maintenance' error page","#0 User come to the ""Planned Maintenance"" error page","#0 User come to the ""Planned Maintenance"" error page",""
"passed","Tue Mar 15 21:41:18 EET 2022","Tue Mar 15 21:41:26 EET 2022","7862","","Service unavailable","","Service unavailable","#1 The user is on the Location Error page","#1 The user is on the Location Error page",""
"passed","Tue Mar 15 22:16:15 EET 2022","Tue Mar 15 22:16:26 EET 2022","10716","","Landing Page/Shop Welcome page","","Landing Page/Shop Welcome page","#7 User can come to the ""Be Gambling Aware"" site from the Shop Welcome page","#7 User can come to the ""Be Gambling Aware"" site from the Shop Welcome page",""
"failed","Tue Mar 15 22:16:39 EET 2022","Tue Mar 15 22:17:03 EET 2022","24900","","My Account > Gambling Controls > Account Closure > Take A Break","","My Account > Gambling Controls > Account Closure > Take A Break","#17 Player can close the take a break modal.","#17 Player can close the take a break modal.",""
"passed","Tue Mar 15 21:57:16 EET 2022","Tue Mar 15 21:57:22 EET 2022","5972","","Registration > Step 2","","Registration > Step 2","#05 Date of Birth is a mandatory field.","#05 Date of Birth is a mandatory field.",""
"passed","Tue Mar 15 22:09:52 EET 2022","Tue Mar 15 22:10:03 EET 2022","10729","","Promotions functionality testing. Promotions functionality for unauthenticated user","","Promotions functionality testing. Promotions functionality for unauthenticated user","#52 User clicks button OPT IN for already OPTED IN bonus, successfully login and can see drawer ""This promotion is unavailable"".","#52 User clicks button OPT IN for already OPTED IN bonus, successfully login and can see drawer ""This promotion is unavailable"".",""
"passed","Tue Mar 15 21:40:55 EET 2022","Tue Mar 15 21:41:18 EET 2022","22895","","Service unavailable","","Service unavailable","#0 User come to the Location Error page, when service is unavailable","#0 User come to the Location Error page, when service is unavailable",""
"passed","Tue Mar 15 21:41:03 EET 2022","Tue Mar 15 21:41:04 EET 2022","1672","","User come to the 'Planned Maintenance' error page","","User come to the 'Planned Maintenance' error page","#2 User can come to the Home page from ""Planned Maintenance"" error page","#2 User can come to the Home page from ""Planned Maintenance"" error page",""
"passed","Tue Mar 15 21:42:45 EET 2022","Tue Mar 15 21:43:05 EET 2022","19790","","Inbox functionality testing","","Inbox functionality testing","#5 Player can open message, removing the new badge from a message and decreasing the unread message count badge","#5 Player can open message, removing the new badge from a message and decreasing the unread message count badge",""
"failed","Tue Mar 15 22:12:09 EET 2022","Tue Mar 15 22:12:19 EET 2022","9965","","Landing Page/Welcome Games page","","Landing Page/Welcome Games page","#3 User clicks on ""Be Aware Gambling"" image at Welcome Games page","#3 User clicks on ""Be Aware Gambling"" image at Welcome Games page",""
"passed","Tue Mar 15 22:09:30 EET 2022","Tue Mar 15 22:09:32 EET 2022","2317","","Promotions functionality testing. Promotions functionality for unauthenticated user","","Promotions functionality testing. Promotions functionality for unauthenticated user","#46 User can click see full terms CTA and go to Term and Conditions.","#46 User can click see full terms CTA and go to Term and Conditions.",""
"passed","Tue Mar 15 21:56:35 EET 2022","Tue Mar 15 21:56:57 EET 2022","21654","","My Account > Settings > Change Password","","My Account > Settings > Change Password","#10 New password must contain a minimum of 8 characters.","#10 New password must contain a minimum of 8 characters.",""
"passed","Tue Mar 15 22:17:58 EET 2022","Tue Mar 15 22:18:13 EET 2022","14723","","Registration > Step 3","","Registration > Step 3","#03 Address Line 1 field is a mandatory field.","#03 Address Line 1 field is a mandatory field.",""
"passed","Tue Mar 15 22:13:47 EET 2022","Tue Mar 15 22:14:13 EET 2022","25955","","My Profile > Contact Details","","My Profile > Contact Details","#05 Player try to update invalid phone number.","#05 Player try to update invalid phone number.",""
"passed","Tue Mar 15 21:45:58 EET 2022","Tue Mar 15 21:46:14 EET 2022","15954","","Inbox functionality testing","","Inbox functionality testing","#14 Unread message count is not present on Inbox navigation bar icon if player has no unread messages","#14 Unread message count is not present on Inbox navigation bar icon if player has no unread messages",""
"passed","Tue Mar 15 21:59:38 EET 2022","Tue Mar 15 21:59:47 EET 2022","8826","","Registration > Step 4","","Registration > Step 4","#04 User can opt in to receive Email marketing preferences.","#04 User can opt in to receive Email marketing preferences.",""
"passed","Tue Mar 15 22:09:09 EET 2022","Tue Mar 15 22:09:11 EET 2022","1942","","Promotions functionality testing. Promotions functionality for unauthenticated user","","Promotions functionality testing. Promotions functionality for unauthenticated user","#38 Applicable the expiry date of promotion card is displayed for not login user.","#38 Applicable the expiry date of promotion card is displayed for not login user.",""
"passed","Tue Mar 15 22:10:50 EET 2022","Tue Mar 15 22:10:58 EET 2022","8045","","Home page => Responsible Gambling page","","Home page => Responsible Gambling page","#4 User can come to the ""Block Access to Gambling Websites and Apps Worldwide"" page from Responsible Gambling page","#4 User can come to the ""Block Access to Gambling Websites and Apps Worldwide"" page from Responsible Gambling page",""
"passed","Tue Mar 15 22:13:51 EET 2022","Tue Mar 15 22:13:59 EET 2022","8174","","Home => Terms & Conditions","","Home => Terms & Conditions","#27 User can opened mail client after clicks/taps on “care@merkurslots.com” ","#27 User can opened mail client after clicks/taps on “care@merkurslots.com” ",""
"passed","Tue Mar 15 22:14:38 EET 2022","Tue Mar 15 22:14:50 EET 2022","11656","","Landing Page/Welcome Casino page","","Landing Page/Welcome Casino page","#7 User can come to the ""Be Gambling Aware"" site from the Welcome Casino page","#7 User can come to the ""Be Gambling Aware"" site from the Welcome Casino page",""
"passed","Tue Mar 15 22:01:26 EET 2022","Tue Mar 15 22:01:43 EET 2022","16524","","Spin Zone functionality testing","","Spin Zone functionality testing","#10 Player can close game","#10 Player can close game",""
"passed","Tue Mar 15 22:09:17 EET 2022","Tue Mar 15 22:09:19 EET 2022","1927","","Promotions functionality testing. Promotions functionality for unauthenticated user","","Promotions functionality testing. Promotions functionality for unauthenticated user","#42 Short terms and conditions of promotion card is displayed for not login user.","#42 Short terms and conditions of promotion card is displayed for not login user.",""
"passed","Tue Mar 15 21:42:29 EET 2022","Tue Mar 15 21:42:45 EET 2022","16672","","Inbox functionality testing","","Inbox functionality testing","#4 Player can see their message list, with messages displaying the correct information (if messages > 1)","#4 Player can see their message list, with messages displaying the correct information (if messages > 1)",""
"failed","Tue Mar 15 22:11:27 EET 2022","Tue Mar 15 22:11:37 EET 2022","10403","","Landing Page/Welcome Offer page","","Landing Page/Welcome Offer page","#8 User can come to the Promotion page from the Welcome Offer page","#8 User can come to the Promotion page from the Welcome Offer page",""
"passed","Tue Mar 15 21:45:00 EET 2022","Tue Mar 15 21:45:20 EET 2022","19659","","Inbox functionality testing","","Inbox functionality testing","#11 Player can delete a message using the message options, removing it from the list","#11 Player can delete a message using the message options, removing it from the list",""
"failed","Tue Mar 15 22:01:21 EET 2022","Tue Mar 15 22:01:48 EET 2022","26148","","Promotions functionality testing. Promotions functionality for authenticated user Individual promotions","","Promotions functionality testing. Promotions functionality for authenticated user Individual promotions","#15 User can go to More Info details after click More Info CTA for authenticated user.","#15 User can go to More Info details after click More Info CTA for authenticated user.",""
"passed","Tue Mar 15 22:13:42 EET 2022","Tue Mar 15 22:13:51 EET 2022","8796","","Home => Terms & Conditions","","Home => Terms & Conditions","#26 User can see the Miscellaneous section on terms and conditions page","#26 User can see the Miscellaneous section on terms and conditions page",""
"failed","Tue Mar 15 22:03:54 EET 2022","Tue Mar 15 22:04:20 EET 2022","25553","","Promotions functionality testing. Promotions functionality for authenticated user Individual promotions","","Promotions functionality testing. Promotions functionality for authenticated user Individual promotions","#21 User can opt in bonus and get confirmation modal with all sections.","#21 User can opt in bonus and get confirmation modal with all sections.",""
"passed","Tue Mar 15 21:43:11 EET 2022","Tue Mar 15 21:43:27 EET 2022","15339","","Log In","","Log In","#01 Player can open the Log In modal and is displayed with the correct fields.","#01 Player can open the Log In modal and is displayed with the correct fields.",""
"failed","Tue Mar 15 22:11:03 EET 2022","Tue Mar 15 22:11:11 EET 2022","7817","","Home page => Privacy Policy page","","Home page => Privacy Policy page","#4 User can come to the ICO(Information Commissioner's office) page from Privacy Policy page","#4 User can come to the ICO(Information Commissioner's office) page from Privacy Policy page",""
"passed","Tue Mar 15 21:57:26 EET 2022","Tue Mar 15 21:57:47 EET 2022","21111","","Registration > Step 4","","Registration > Step 4","#02 User can navigate back to the previous step.","#02 User can navigate back to the previous step.",""
"passed","Tue Mar 15 21:50:14 EET 2022","Tue Mar 15 21:50:50 EET 2022","36194","","My Account > Gambling Controls > Play Reminders","","My Account > Gambling Controls > Play Reminders","#7 Player can successfully edit their 'Time Limit'.","#7 Player can successfully edit their 'Time Limit'.",""
"passed","Tue Mar 15 21:44:11 EET 2022","Tue Mar 15 21:44:29 EET 2022","17816","","Inbox functionality testing","","Inbox functionality testing","#9 Player is presented with an updated list of messages when clicking view more button","#9 Player is presented with an updated list of messages when clicking view more button",""
"passed","Tue Mar 15 22:00:54 EET 2022","Tue Mar 15 22:01:12 EET 2022","18040","","Spin Zone functionality testing","","Spin Zone functionality testing","#8 Player can open 'Search Games' modal","#8 Player can open 'Search Games' modal",""
"passed","Tue Mar 15 21:46:14 EET 2022","Tue Mar 15 21:46:31 EET 2022","16713","","Inbox functionality testing","","Inbox functionality testing","#15 Player is presented with an Empty Inbox image if the Inbox is empty (rather than a heading & message list)","#15 Player is presented with an Empty Inbox image if the Inbox is empty (rather than a heading & message list)",""
"passed","Tue Mar 15 22:08:59 EET 2022","Tue Mar 15 22:09:01 EET 2022","2057","","Promotions functionality testing. Promotions functionality for unauthenticated user","","Promotions functionality testing. Promotions functionality for unauthenticated user","#34 Promotion page has correct title for not login user.","#34 Promotion page has correct title for not login user.",""
"skipped","Tue Mar 15 22:20:01 EET 2022","Tue Mar 15 22:20:01 EET 2022","1","","My Account > Gambling Controls > Deposit Limits","","My Account > Gambling Controls > Deposit Limits","#17 Player cannot set Deposit Limit higher than the maximum amount.","#17 Player cannot set Deposit Limit higher than the maximum amount.",""
"failed","Tue Mar 15 22:10:31 EET 2022","Tue Mar 15 22:10:36 EET 2022","5488","","Home => Terms & Conditions","","Home => Terms & Conditions","#1 User can come to the help center from terms and conditions page","#1 User can come to the help center from terms and conditions page",""
"passed","Tue Mar 15 21:44:14 EET 2022","Tue Mar 15 21:44:42 EET 2022","28347","","Deep Link -> Change Password","","Deep Link -> Change Password","#1 Deep link to change password opens when logged in","#1 Deep link to change password opens when logged in",""
"failed","Tue Mar 15 22:16:12 EET 2022","Tue Mar 15 22:16:18 EET 2022","5495","","Registration > Step 1","","Registration > Step 1","#23 User cannot continue to next step if their password does not meet the minimum password requirements.","#23 User cannot continue to next step if their password does not meet the minimum password requirements.",""
"passed","Tue Mar 15 22:18:51 EET 2022","Tue Mar 15 22:19:12 EET 2022","21060","","My Account > Gambling Controls > Deposit Limits","","My Account > Gambling Controls > Deposit Limits","#12 Player can successfully set a monthly deposit limit if not already set.","#12 Player can successfully set a monthly deposit limit if not already set.",""
"passed","Tue Mar 15 21:46:57 EET 2022","Tue Mar 15 21:47:34 EET 2022","36655","","My Account > Gambling Controls > Play Reminders","","My Account > Gambling Controls > Play Reminders","#1 Player can select to edit their 'Time Limit' and is displayed the Play Reminders modal.","#1 Player can select to edit their 'Time Limit' and is displayed the Play Reminders modal.",""
"passed","Tue Mar 15 22:15:50 EET 2022","Tue Mar 15 22:16:06 EET 2022","16075","","Landing Page/Shop Welcome page","","Landing Page/Shop Welcome page","#5 User try to click on PLAY CTA of Popular game at Shop Welcome page","#5 User try to click on PLAY CTA of Popular game at Shop Welcome page",""
"failed","Tue Mar 15 22:10:55 EET 2022","Tue Mar 15 22:11:17 EET 2022","21897","","404 error page functionality testing.","","404 error page functionality testing.","#5 Player can click ""Login"" button, open login window and successfully login.","#5 Player can click ""Login"" button, open login window and successfully login.",""
"failed","Tue Mar 15 22:05:36 EET 2022","Tue Mar 15 22:06:01 EET 2022","25534","","Promotions functionality testing. Promotions functionality for authenticated user Individual promotions","","Promotions functionality testing. Promotions functionality for authenticated user Individual promotions","#25 User can close confirmation message, return to the calling page and bonus has been claimed.","#25 User can close confirmation message, return to the calling page and bonus has been claimed.",""
"passed","Tue Mar 15 22:17:04 EET 2022","Tue Mar 15 22:17:30 EET 2022","26721","","My Account > Gambling Controls > Deposit Limits","","My Account > Gambling Controls > Deposit Limits","#8 Player can close the Deposit Limits Delete modal","#8 Player can close the Deposit Limits Delete modal",""
"passed","Tue Mar 15 22:12:18 EET 2022","Tue Mar 15 22:12:26 EET 2022","7841","","Home => Terms & Conditions","","Home => Terms & Conditions","#16 User can see the Playing for Real Money section on terms and conditions page","#16 User can see the Playing for Real Money section on terms and conditions page",""
"passed","Tue Mar 15 21:43:40 EET 2022","Tue Mar 15 21:43:51 EET 2022","11129","","Log In","","Log In","#03 Password field is a mandatory field.","#03 Password field is a mandatory field.",""
"failed","Tue Mar 15 22:11:17 EET 2022","Tue Mar 15 22:11:21 EET 2022","3526","","Expired Link Error","","Expired Link Error","#10 User can click on 'Deposit' button opens Deposit window and successfully deposit.","#10 User can click on 'Deposit' button opens Deposit window and successfully deposit.",""
"passed","Tue Mar 15 21:55:50 EET 2022","Tue Mar 15 21:56:02 EET 2022","11706","","Recover Password","","Recover Password","#04 Player can select the 'Cancel and Back To Login' link and is displayed the login section.","#04 Player can select the 'Cancel and Back To Login' link and is displayed the login section.",""
"passed","Tue Mar 15 21:59:55 EET 2022","Tue Mar 15 22:00:05 EET 2022","9359","","Registration > Step 4","","Registration > Step 4","#09 User can select multiple marketing preferences.","#09 User can select multiple marketing preferences.",""
"passed","Tue Mar 15 21:55:03 EET 2022","Tue Mar 15 21:55:26 EET 2022","23166","","My Account > Settings > Change Password","","My Account > Settings > Change Password","#06 Player is displayed with the password requirements when they start to enter a new password.","#06 Player is displayed with the password requirements when they start to enter a new password.",""
"failed","Tue Mar 15 22:18:59 EET 2022","Tue Mar 15 22:19:39 EET 2022","39344","","My Account > Gambling Controls > Loss Limits","","My Account > Gambling Controls > Loss Limits","#11 User can successfully set their Loss Limit to the minimum allowed value and will receive a success toast on submitting the new amount. ","#11 User can successfully set their Loss Limit to the minimum allowed value and will receive a success toast on submitting the new amount. ",""
"passed","Tue Mar 15 22:15:25 EET 2022","Tue Mar 15 22:15:50 EET 2022","24965","","My Account > Gambling Controls > Deposit Limits","","My Account > Gambling Controls > Deposit Limits","#4 Player can cancel out of the Deposit Limits modal.","#4 Player can cancel out of the Deposit Limits modal.",""
"failed","Tue Mar 15 22:10:37 EET 2022","Tue Mar 15 22:10:43 EET 2022","6307","","Home page => Responsible Gambling page","","Home page => Responsible Gambling page","#2 User can come to the ""Help for problem gambling"" page from Responsible Gambling page","#2 User can come to the ""Help for problem gambling"" page from Responsible Gambling page",""
"passed","Tue Mar 15 21:54:53 EET 2022","Tue Mar 15 21:55:11 EET 2022","18883","","Homepage","","Homepage","#5 After click one of the links from 'Website Visitors', the user should see new page.","#5 After click one of the links from 'Website Visitors', the user should see new page.",""
"passed","Tue Mar 15 21:43:53 EET 2022","Tue Mar 15 21:44:11 EET 2022","18612","","Inbox functionality testing","","Inbox functionality testing","#8 Player with 15 or more messages, view more button is shown","#8 Player with 15 or more messages, view more button is shown",""
"passed","Tue Mar 15 21:58:12 EET 2022","Tue Mar 15 21:58:34 EET 2022","21379","","Spin Zone functionality testing","","Spin Zone functionality testing","#1 Player can see Menu button in the top left of the screen","#1 Player can see Menu button in the top left of the screen",""
"passed","Tue Mar 15 22:14:13 EET 2022","Tue Mar 15 22:14:40 EET 2022","27761","","My Profile > Contact Details","","My Profile > Contact Details","#06 Player can update country code number.","#06 Player can update country code number.",""
"passed","Tue Mar 15 22:17:45 EET 2022","Tue Mar 15 22:17:58 EET 2022","12451","","Registration > Step 3","","Registration > Step 3","#03 Player can select the Manual Input button and is displayed the address inputs.","#03 Player can select the Manual Input button and is displayed the address inputs.",""
"skipped","Tue Mar 15 22:12:55 EET 2022","Tue Mar 15 22:12:55 EET 2022","6","","My Account > Gambling Controls > Account Closure > Take A Break","","My Account > Gambling Controls > Account Closure > Take A Break","#6 Player can select a reason for taking a break from the drop down menu.","#6 Player can select a reason for taking a break from the drop down menu.",""
"passed","Tue Mar 15 21:49:09 EET 2022","Tue Mar 15 21:49:39 EET 2022","30425","","My Account > Gambling Controls > Play Reminders","","My Account > Gambling Controls > Play Reminders","#5 Player can select a time limit from the drop down menu.","#5 Player can select a time limit from the drop down menu.",""
"passed","Tue Mar 15 22:11:44 EET 2022","Tue Mar 15 22:11:52 EET 2022","7695","","Home => Terms & Conditions","","Home => Terms & Conditions","#12 User can see the Changes to the Terms section on terms and conditions page","#12 User can see the Changes to the Terms section on terms and conditions page",""
"failed","Tue Mar 15 22:10:19 EET 2022","Tue Mar 15 22:10:31 EET 2022","11859","","Home page => Responsible Gambling page","","Home page => Responsible Gambling page","#0 User can come to the Responsible Gambling page","#0 User can come to the Responsible Gambling page",""
"passed","Tue Mar 15 22:18:04 EET 2022","Tue Mar 15 22:18:27 EET 2022","23311","","My Account > Gambling Controls > Deposit Limits","","My Account > Gambling Controls > Deposit Limits","#10 Player can successfully set a daily deposit limit if not already set.","#10 Player can successfully set a daily deposit limit if not already set.",""
"passed","Tue Mar 15 22:10:21 EET 2022","Tue Mar 15 22:10:37 EET 2022","16561","","Landing Page/Welcome Offer page","","Landing Page/Welcome Offer page","#1 User come to the Welcome Offer page ","#1 User come to the Welcome Offer page ",""
"failed","Tue Mar 15 21:58:35 EET 2022","Tue Mar 15 21:59:03 EET 2022","27972","","Promotions functionality testing. Promotions functionality for authenticated user Blocks of promotions","","Promotions functionality testing. Promotions functionality for authenticated user Blocks of promotions","#9 Promotions are displayed in correct order.","#9 Promotions are displayed in correct order.",""
"passed","Tue Mar 15 21:56:57 EET 2022","Tue Mar 15 21:57:16 EET 2022","19807","","My Account > Settings > Change Password","","My Account > Settings > Change Password","#11 New password must not contain email address.","#11 New password must not contain email address.",""
"failed","Tue Mar 15 22:13:18 EET 2022","Tue Mar 15 22:13:41 EET 2022","23158","","My Account > Gambling Controls > Account Closure > Take A Break","","My Account > Gambling Controls > Account Closure > Take A Break","#8 Player can choose 1 week option for 'Take A Break' and this option should be selected.","#8 Player can choose 1 week option for 'Take A Break' and this option should be selected.",""
"passed","Tue Mar 15 21:57:11 EET 2022","Tue Mar 15 21:57:26 EET 2022","15541","","Registration > Step 4","","Registration > Step 4","#01 User is displayed the correct content and defaut options for Step 4.","#01 User is displayed the correct content and defaut options for Step 4.",""
"failed","Tue Mar 15 22:11:20 EET 2022","Tue Mar 15 22:11:25 EET 2022","4514","","404 error page functionality testing.","","404 error page functionality testing.","#7 Player can click ""Deposit"" button and open Deposit window.","#7 Player can click ""Deposit"" button and open Deposit window.",""
"passed","Tue Mar 15 21:46:35 EET 2022","Tue Mar 15 21:47:05 EET 2022","29101","","Deep Link -> Play Reminders","","Deep Link -> Play Reminders","#1 Deep link to play reminders opens when logged in","#1 Deep link to play reminders opens when logged in",""
"passed","Tue Mar 15 22:13:02 EET 2022","Tue Mar 15 22:13:11 EET 2022","8797","","Home => Terms & Conditions","","Home => Terms & Conditions","#21 User can see the Responsible Gambling section on terms and conditions page","#21 User can see the Responsible Gambling section on terms and conditions page",""
"passed","Tue Mar 15 21:44:42 EET 2022","Tue Mar 15 21:45:05 EET 2022","22270","","Deep Link -> Change Password","","Deep Link -> Change Password","#2 Deep link to change password open login when not logged in before change password","#2 Deep link to change password open login when not logged in before change password",""
"passed","Tue Mar 15 22:00:37 EET 2022","Tue Mar 15 22:00:54 EET 2022","16790","","Spin Zone functionality testing","","Spin Zone functionality testing","#7 Player can see recently played games","#7 Player can see recently played games",""
"passed","Tue Mar 15 22:10:43 EET 2022","Tue Mar 15 22:10:53 EET 2022","9860","","Home page => Privacy Policy page","","Home page => Privacy Policy page","#2 User can come to the Merkur Slots page from Privacy Policy page","#2 User can come to the Merkur Slots page from Privacy Policy page",""
"passed","Tue Mar 15 21:43:26 EET 2022","Tue Mar 15 21:43:53 EET 2022","26603","","Inbox functionality testing","","Inbox functionality testing","#7 Player can mark a message as read using the message options, removing the new badge from a message and decreasing the unread message count badge","#7 Player can mark a message as read using the message options, removing the new badge from a message and decreasing the unread message count badge",""
"failed","Tue Mar 15 22:14:48 EET 2022","Tue Mar 15 22:14:56 EET 2022","7896","","Registration > Step 1","","Registration > Step 1","#01 User is displayed the correct content and input fields for Step 1.","#01 User is displayed the correct content and input fields for Step 1.",""
"failed","Tue Mar 15 22:16:36 EET 2022","Tue Mar 15 22:16:48 EET 2022","11933","","Landing Page/Shop Welcome page","","Landing Page/Shop Welcome page","#9 User can come to the Terms & Conditions page from the Shop Welcome page","#9 User can come to the Terms & Conditions page from the Shop Welcome page",""
"failed","Tue Mar 15 22:17:09 EET 2022","Tue Mar 15 22:17:32 EET 2022","23030","","My Account > Gambling Controls > Account Closure > Self Exclusion","","My Account > Gambling Controls > Account Closure > Self Exclusion","#18 Player can close the self exclusion modal.","#18 Player can close the self exclusion modal.",""
"passed","Tue Mar 15 22:10:31 EET 2022","Tue Mar 15 22:10:33 EET 2022","2052","","Expired Link Error","","Expired Link Error","#3 User can come to the Home page from ""Expired Link"" error page. ","#3 User can come to the Home page from ""Expired Link"" error page. ",""
"failed","Tue Mar 15 21:57:12 EET 2022","Tue Mar 15 21:57:40 EET 2022","27656","","Promotions functionality testing. Promotions functionality for authenticated user Blocks of promotions","","Promotions functionality testing. Promotions functionality for authenticated user Blocks of promotions","#6 Bonus History Page is displayed after clicks ""See all Activity"" in Recenty Activity.","#6 Bonus History Page is displayed after clicks ""See all Activity"" in Recenty Activity.",""
"passed","Tue Mar 15 22:09:03 EET 2022","Tue Mar 15 22:09:07 EET 2022","3414","","Promotions functionality testing. Promotions functionality for unauthenticated user","","Promotions functionality testing. Promotions functionality for unauthenticated user","#36 Promotions are displayed in correct order for unauthenticated user","#36 Promotions are displayed in correct order for unauthenticated user",""
"failed","Tue Mar 15 22:20:20 EET 2022","Tue Mar 15 22:20:55 EET 2022","35877","","My Account > Gambling Controls > Loss Limits","","My Account > Gambling Controls > Loss Limits","#13 User cannot set a Loss Limit lower than the minimum amount. ","#13 User cannot set a Loss Limit lower than the minimum amount. ",""
"passed","Tue Mar 15 21:44:29 EET 2022","Tue Mar 15 21:45:00 EET 2022","30985","","Inbox functionality testing","","Inbox functionality testing","#10 Deleting a message from the inbox which is marked as new should decrease the unread message count badge","#10 Deleting a message from the inbox which is marked as new should decrease the unread message count badge",""
"failed","Tue Mar 15 22:11:02 EET 2022","Tue Mar 15 22:11:07 EET 2022","5541","","Home => Terms & Conditions","","Home => Terms & Conditions","#6 User can come to the GamCare page from terms and conditions page","#6 User can come to the GamCare page from terms and conditions page",""
"passed","Tue Mar 15 22:01:12 EET 2022","Tue Mar 15 22:01:26 EET 2022","14260","","Spin Zone functionality testing","","Spin Zone functionality testing","#9 Player can see Exit Game button in bottom right","#9 Player can see Exit Game button in bottom right",""
"passed","Tue Mar 15 21:53:21 EET 2022","Tue Mar 15 21:53:45 EET 2022","24648","","My Account > Settings > Change Password","","My Account > Settings > Change Password","#02 Current Password is a mandatory field.","#02 Current Password is a mandatory field.",""
"passed","Tue Mar 15 22:14:49 EET 2022","Tue Mar 15 22:15:22 EET 2022","32790","","My Account > Gambling Controls > Loss Limits","","My Account > Gambling Controls > Loss Limits","#2 User can open the Loss Limits Edit modal on edit icon click ","#2 User can open the Loss Limits Edit modal on edit icon click ",""
"failed","Tue Mar 15 22:13:41 EET 2022","Tue Mar 15 22:14:05 EET 2022","24202","","My Account > Gambling Controls > Account Closure > Take A Break","","My Account > Gambling Controls > Account Closure > Take A Break","#9 Player can choose 3 weeks option for 'Take A Break' and this option should be selected.","#9 Player can choose 3 weeks option for 'Take A Break' and this option should be selected.",""
"failed","Tue Mar 15 22:01:48 EET 2022","Tue Mar 15 22:02:13 EET 2022","25747","","Promotions functionality testing. Promotions functionality for authenticated user Individual promotions","","Promotions functionality testing. Promotions functionality for authenticated user Individual promotions","#16 User can go to More Info page for active promotion, press CANCEL BONUS CTA and get cancel confirmation modal.","#16 User can go to More Info page for active promotion, press CANCEL BONUS CTA and get cancel confirmation modal.",""
"failed","Tue Mar 15 21:41:37 EET 2022","Tue Mar 15 21:42:13 EET 2022","35735","","Footer functionality testing","","Footer functionality testing","#4 Player can see safer gambling logos","#4 Player can see safer gambling logos",""
"skipped","Tue Mar 15 22:17:03 EET 2022","Tue Mar 15 22:17:03 EET 2022","1","","My Account > Gambling Controls > Account Closure > Take A Break","","My Account > Gambling Controls > Account Closure > Take A Break","#18 Player can press 'CONFIRM' to finish 'Take A Break' a for 24 hours and should be logged out and unable to sign back into their account.","#18 Player can press 'CONFIRM' to finish 'Take A Break' a for 24 hours and should be logged out and unable to sign back into their account.",""
"passed","Tue Mar 15 22:09:36 EET 2022","Tue Mar 15 22:09:41 EET 2022","4599","","Promotions functionality testing. Promotions functionality for unauthenticated user","","Promotions functionality testing. Promotions functionality for unauthenticated user","#48 Login form appears after press DEPOSIT CTA for DEPOSIT bonus of unauthenticated user.","#48 Login form appears after press DEPOSIT CTA for DEPOSIT bonus of unauthenticated user.",""
"passed","Tue Mar 15 21:43:47 EET 2022","Tue Mar 15 21:44:09 EET 2022","21480","","Logout","","Logout","#02 Player is logged out of site if clearing there cookies.","#02 Player is logged out of site if clearing there cookies.",""
"passed","Tue Mar 15 22:09:27 EET 2022","Tue Mar 15 22:09:30 EET 2022","3528","","Promotions functionality testing. Promotions functionality for unauthenticated user","","Promotions functionality testing. Promotions functionality for unauthenticated user","#45 All main sections for card are displayed for CLAIM bonus for unauthenticated user.","#45 All main sections for card are displayed for CLAIM bonus for unauthenticated user.",""
"passed","Tue Mar 15 21:55:11 EET 2022","Tue Mar 15 21:55:17 EET 2022","6104","","Homepage","","Homepage","#6 After clicking on the link from 'Contact and DPO', the user should see the page  https://www.eyasgaming.com/.","#6 After clicking on the link from 'Contact and DPO', the user should see the page  https://www.eyasgaming.com/.",""
"passed","Tue Mar 15 21:42:11 EET 2022","Tue Mar 15 21:42:29 EET 2022","17359","","Inbox functionality testing","","Inbox functionality testing","#3 New messages are marked with a NEW message sticker","#3 New messages are marked with a NEW message sticker",""
"passed","Tue Mar 15 22:13:11 EET 2022","Tue Mar 15 22:13:19 EET 2022","8284","","Home => Terms & Conditions","","Home => Terms & Conditions","#22 User can see the Promotions section on terms and conditions page","#22 User can see the Promotions section on terms and conditions page",""
"failed","Tue Mar 15 21:59:03 EET 2022","Tue Mar 15 21:59:30 EET 2022","27339","","Promotions functionality testing. Promotions functionality for authenticated user Blocks of promotions","","Promotions functionality testing. Promotions functionality for authenticated user Blocks of promotions","#10 Active promotions are excluded from the promotions section.","#10 Active promotions are excluded from the promotions section.",""
"passed","Tue Mar 15 22:19:08 EET 2022","Tue Mar 15 22:19:20 EET 2022","11502","","Registration > Step 3","","Registration > Step 3","#09 User cannot enter invalid characters into the City field.","#09 User cannot enter invalid characters into the City field.",""
"failed","Tue Mar 15 22:11:26 EET 2022","Tue Mar 15 22:11:54 EET 2022","27433","","My Account > Gambling Controls > Account Closure > Self Exclusion","","My Account > Gambling Controls > Account Closure > Self Exclusion","#1 Player can select the 'Self Exclusion' menu item and is displayed the Self Exclusion modal.","#1 Player can select the 'Self Exclusion' menu item and is displayed the Self Exclusion modal.",""
"failed","Tue Mar 15 22:15:30 EET 2022","Tue Mar 15 22:15:40 EET 2022","9986","","Landing Page/Shop Welcome page","","Landing Page/Shop Welcome page","#3 User clicks on ""Be Aware Gambling"" image at Shop Welcome page","#3 User clicks on ""Be Aware Gambling"" image at Shop Welcome page",""
"passed","Tue Mar 15 21:57:16 EET 2022","Tue Mar 15 21:57:36 EET 2022","19451","","My Account > Settings > Change Password","","My Account > Settings > Change Password","#12 Player cannot continue to next step if their new password does not meet the minimum password requirements.","#12 Player cannot continue to next step if their new password does not meet the minimum password requirements.",""
"passed","Tue Mar 15 21:59:47 EET 2022","Tue Mar 15 21:59:55 EET 2022","8684","","Registration > Step 4","","Registration > Step 4","#05 User can opt in to receive SMS marketing preferences.","#05 User can opt in to receive SMS marketing preferences.",""
"passed","Tue Mar 15 22:10:03 EET 2022","Tue Mar 15 22:10:09 EET 2022","6367","","Promotions functionality testing. Promotions functionality for unauthenticated user","","Promotions functionality testing. Promotions functionality for unauthenticated user","#53 User clicks button CLAIM for already CLAIMED bonus, successfully login and can see drawer ""This promotion is unavailable"".","#53 User clicks button CLAIM for already CLAIMED bonus, successfully login and can see drawer ""This promotion is unavailable"".",""
"passed","Tue Mar 15 22:20:56 EET 2022","Tue Mar 15 22:21:08 EET 2022","12210","","My Account > Gambling Controls > Deposit Limits","","My Account > Gambling Controls > Deposit Limits","#21 Player can open 'How deposit limits work' modal.","#21 Player can open 'How deposit limits work' modal.",""
"passed","Tue Mar 15 22:18:29 EET 2022","Tue Mar 15 22:18:45 EET 2022","15808","","Slots page","","Slots page","#12 User logged in hover the game card  and click on CTA ""INFO"" and go to INFO page and click on ""PLAY NOW"" and see game page","#12 User logged in hover the game card  and click on CTA ""INFO"" and go to INFO page and click on ""PLAY NOW"" and see game page",""
"failed","Tue Mar 15 22:13:09 EET 2022","Tue Mar 15 22:13:20 EET 2022","11258","","Landing Page/Welcome Games page","","Landing Page/Welcome Games page","#8 User can come to the Promotion page from the Welcome Games page","#8 User can come to the Promotion page from the Welcome Games page",""
"passed","Tue Mar 15 22:16:13 EET 2022","Tue Mar 15 22:16:39 EET 2022","26168","","My Account > Gambling Controls > Deposit Limits","","My Account > Gambling Controls > Deposit Limits","#6 Player can close the Deposit Limits Edit modal","#6 Player can close the Deposit Limits Edit modal",""
"failed","Tue Mar 15 22:10:44 EET 2022","Tue Mar 15 22:10:51 EET 2022","6943","","Landing Page/Welcome Offer page","","Landing Page/Welcome Offer page","#3 User clicks on ""Be Aware Gambling"" image at Welcome Offer page","#3 User clicks on ""Be Aware Gambling"" image at Welcome Offer page",""
"passed","Tue Mar 15 21:58:34 EET 2022","Tue Mar 15 21:59:02 EET 2022","28036","","Spin Zone functionality testing","","Spin Zone functionality testing","#2 Player can see Resume Game button in the top left of the screen","#2 Player can see Resume Game button in the top left of the screen",""
"passed","Tue Mar 15 21:45:22 EET 2022","Tue Mar 15 21:45:47 EET 2022","24107","","Homepage","","Homepage","#11 User is displayed with the correct cash balance format in the dropdown card when balance exceeds 9999 (five figure balance)","#11 User is displayed with the correct cash balance format in the dropdown card when balance exceeds 9999 (five figure balance)",""
"failed","Tue Mar 15 22:16:18 EET 2022","Tue Mar 15 22:16:24 EET 2022","6256","","Registration > Step 1","","Registration > Step 1","#28 User can enter valid details on Step 1 and progress to Step 2 of the registration process.","#28 User can enter valid details on Step 1 and progress to Step 2 of the registration process.",""
"skipped","Tue Mar 15 22:17:32 EET 2022","Tue Mar 15 22:17:32 EET 2022","5","","My Account > Gambling Controls > Account Closure > Self Exclusion","","My Account > Gambling Controls > Account Closure > Self Exclusion","#19 Player can continue with chosen 6 months option to 'Self Exclusion' and confirming modal should display.","#19 Player can continue with chosen 6 months option to 'Self Exclusion' and confirming modal should display.",""
"passed","Tue Mar 15 21:46:08 EET 2022","Tue Mar 15 21:46:31 EET 2022","22940","","Homepage","","Homepage","#13 Balance details still correctly display balance of £0.00 if user has no cash balance","#13 Balance details still correctly display balance of £0.00 if user has no cash balance",""
"passed","Tue Mar 15 21:45:39 EET 2022","Tue Mar 15 21:46:02 EET 2022","23160","","Deep Link -> Deposit Limits","","Deep Link -> Deposit Limits","#2 Deep link to deposit limits open login when not logged in before deposit limits","#2 Deep link to deposit limits open login when not logged in before deposit limits",""
"failed","Tue Mar 15 22:12:40 EET 2022","Tue Mar 15 22:13:14 EET 2022","33527","","My Account -> Deposit","","My Account -> Deposit","#5 Check user is able to select Phone payment method and is provided with the correct information for this payment method","#5 Check user is able to select Phone payment method and is provided with the correct information for this payment method",""
"passed","Tue Mar 15 22:10:37 EET 2022","Tue Mar 15 22:10:44 EET 2022","6944","","Landing Page/Welcome Offer page","","Landing Page/Welcome Offer page","#2 User try to Join at Welcome Offer page","#2 User try to Join at Welcome Offer page",""
"passed","Tue Mar 15 22:09:32 EET 2022","Tue Mar 15 22:09:36 EET 2022","3893","","Promotions functionality testing. Promotions functionality for unauthenticated user","","Promotions functionality testing. Promotions functionality for unauthenticated user","#47 Login form appears after press OPT IN CTA for OPT IN bonus of unauthenticated user.","#47 Login form appears after press OPT IN CTA for OPT IN bonus of unauthenticated user.",""
"passed","Tue Mar 15 21:59:32 EET 2022","Tue Mar 15 21:59:56 EET 2022","23920","","Spin Zone functionality testing","","Spin Zone functionality testing","#4 Player can see total withdrawable cash balance","#4 Player can see total withdrawable cash balance",""
"failed","Tue Mar 15 22:12:19 EET 2022","Tue Mar 15 22:12:29 EET 2022","9960","","Landing Page/Welcome Games page","","Landing Page/Welcome Games page","#4 User clicks on ""Be Aware Gambling"" link at Welcome Games page","#4 User clicks on ""Be Aware Gambling"" link at Welcome Games page",""
"passed","Tue Mar 15 22:22:30 EET 2022","Tue Mar 15 22:22:41 EET 2022","10840","","My Account > Gambling Controls > Loss Limits","","My Account > Gambling Controls > Loss Limits","#17 User can open 'How loss limits work' modal. ","#17 User can open 'How loss limits work' modal. ",""
"failed","Tue Mar 15 22:11:30 EET 2022","Tue Mar 15 22:11:55 EET 2022","24889","","My Profile > Contact Details","","My Profile > Contact Details","#01 Player can view their contact details.","#01 Player can view their contact details.",""
"passed","Tue Mar 15 22:17:42 EET 2022","Tue Mar 15 22:17:50 EET 2022","7736","","Slots page","","Slots page","#7 User hover the game card and click 'Play now' and login modal appears","#7 User hover the game card and click 'Play now' and login modal appears",""
"failed","Tue Mar 15 21:55:46 EET 2022","Tue Mar 15 21:56:15 EET 2022","29041","","Promotions functionality testing. Promotions functionality for authenticated user Blocks of promotions","","Promotions functionality testing. Promotions functionality for authenticated user Blocks of promotions","#3 Active promotions are displayed in correct order.","#3 Active promotions are displayed in correct order.",""
"passed","Tue Mar 15 22:18:13 EET 2022","Tue Mar 15 22:18:27 EET 2022","14139","","Registration > Step 3","","Registration > Step 3","#04 City field is a mandatory field.","#04 City field is a mandatory field.",""
"passed","Tue Mar 15 22:11:28 EET 2022","Tue Mar 15 22:11:36 EET 2022","7743","","Home => Terms & Conditions","","Home => Terms & Conditions","#10 User can see the Terms and Conditions section on terms and conditions page","#10 User can see the Terms and Conditions section on terms and conditions page",""
"passed","Tue Mar 15 21:41:02 EET 2022","Tue Mar 15 21:41:28 EET 2022","26267","","Footer functionality testing","","Footer functionality testing","#2 Player can see payment logos","#2 Player can see payment logos",""
"failed","Tue Mar 15 22:16:07 EET 2022","Tue Mar 15 22:16:12 EET 2022","5536","","Registration > Step 1","","Registration > Step 1","#13 Password is a mandatory field.","#13 Password is a mandatory field.",""
"passed","Tue Mar 15 22:21:08 EET 2022","Tue Mar 15 22:21:24 EET 2022","15630","","My Account > Gambling Controls > Deposit Limits","","My Account > Gambling Controls > Deposit Limits","#22 Player can close 'How deposit limits work' modal.","#22 Player can close 'How deposit limits work' modal.",""
"passed","Tue Mar 15 22:12:01 EET 2022","Tue Mar 15 22:12:10 EET 2022","9360","","Home => Terms & Conditions","","Home => Terms & Conditions","#14 User can see the Your Account section on terms and conditions page","#14 User can see the Your Account section on terms and conditions page",""
