"Status","Start Time","Stop Time","Duration in ms","Parent Suite","Suite","Sub Suite","Test Class","Test Method","Name","Description"
"passed","Tue May 24 16:42:35 EEST 2022","Tue May 24 16:42:51 EEST 2022","15853","","Registration > Step 4","","Registration > Step 4","#10 User can click and view the T&Cs.","#10 User can click and view the T&Cs.",""
"passed","Tue May 24 16:39:42 EEST 2022","Tue May 24 16:39:58 EEST 2022","15214","","My Account > Gambling Controls > Deposit Limits","","My Account > Gambling Controls > Deposit Limits","#5 Player can open the Deposit Limits Edit modal on edit icon click.","#5 Player can open the Deposit Limits Edit modal on edit icon click.",""
"passed","Tue May 24 16:41:39 EEST 2022","Tue May 24 16:41:46 EEST 2022","7383","","Home => Terms & Conditions","","Home => Terms & Conditions","#15 User can see the Deposits and Withdrawals section on terms and conditions page","#15 User can see the Deposits and Withdrawals section on terms and conditions page",""
"passed","Tue May 24 16:43:22 EEST 2022","Tue May 24 16:43:35 EEST 2022","12915","","Registration > Step 4","","Registration > Step 4","#13 User doesn`t click on confirm checkbox, tries to click success registration button and error text is shown.","#13 User doesn`t click on confirm checkbox, tries to click success registration button and error text is shown.",""
"passed","Tue May 24 16:23:28 EEST 2022","Tue May 24 16:23:48 EEST 2022","20049","","My Account > Gambling Controls > Account Closure > Self Exclusion","","My Account > Gambling Controls > Account Closure > Self Exclusion","#2 Player can close the 'Self Exclusion' modal.","#2 Player can close the 'Self Exclusion' modal.",""
"passed","Tue May 24 16:37:20 EEST 2022","Tue May 24 16:37:27 EEST 2022","6418","","404 error page functionality testing.","","404 error page functionality testing.","#3 Player can click ""Logo"" button and after that it will redirect to Home page.","#3 Player can click ""Logo"" button and after that it will redirect to Home page.",""
"passed","Tue May 24 16:42:46 EEST 2022","Tue May 24 16:43:05 EEST 2022","18869","","My Account > Gambling Controls > Deposit Limits","","My Account > Gambling Controls > Deposit Limits","#18 Player can submit a blank value in the Deposit Limits.","#18 Player can submit a blank value in the Deposit Limits.",""
"passed","Tue May 24 16:29:21 EEST 2022","Tue May 24 16:29:29 EEST 2022","7984","","Registration > Step 2","","Registration > Step 2","#04 Last Name is a mandatory field.","#04 Last Name is a mandatory field.",""
"passed","Tue May 24 16:44:35 EEST 2022","Tue May 24 16:44:47 EEST 2022","12083","","Promotions functionality testing. Promotions functionality for authenticated user. Blocks of promotions.","","Promotions functionality testing. Promotions functionality for authenticated user. Blocks of promotions.","#8 Active promotions are excluded from the promotions section.","#8 Active promotions are excluded from the promotions section.",""
"skipped","Tue May 24 16:52:02 EEST 2022","Tue May 24 16:52:02 EEST 2022","0","","Promotions functionality testing. Promotions functionality for unauthenticated user.","","Promotions functionality testing. Promotions functionality for unauthenticated user.","#45 User clicks button OPT IN for already OPTED IN bonus, successfully login and can see drawer ""This promotion is unavailable"".","#45 User clicks button OPT IN for already OPTED IN bonus, successfully login and can see drawer ""This promotion is unavailable"".",""
"passed","Tue May 24 16:44:56 EEST 2022","Tue May 24 16:46:49 EEST 2022","112858","","Promotions functionality testing. Promotions functionality for authenticated user. Particular promotions.","","Promotions functionality testing. Promotions functionality for authenticated user. Particular promotions.","#10 All main sections for card are displayed for OPT IN bonus.","#10 All main sections for card are displayed for OPT IN bonus.",""
"failed","Tue May 24 16:41:10 EEST 2022","Tue May 24 16:41:24 EEST 2022","14067","","My Profile > Communications Preferences","","My Profile > Communications Preferences","#9 Player can unselect all preferences using the select all toggle (select all toggle already active), which upon saving updates the account area accordingly","#9 Player can unselect all preferences using the select all toggle (select all toggle already active), which upon saving updates the account area accordingly",""
"passed","Tue May 24 16:38:36 EEST 2022","Tue May 24 16:38:52 EEST 2022","16675","","Homepage","","Homepage","#5 The details balance card is dismissed when the user clicks outside the modal","#5 The details balance card is dismissed when the user clicks outside the modal",""
"skipped","Tue May 24 16:44:23 EEST 2022","Tue May 24 16:44:23 EEST 2022","0","","My Account > Gambling Controls > Account Closure > Take A Break","","My Account > Gambling Controls > Account Closure > Take A Break","#18 Player can press 'CONFIRM' to finish 'Take A Break' a for 24 hours and should be logged out and unable to sign back into their account.","#18 Player can press 'CONFIRM' to finish 'Take A Break' a for 24 hours and should be logged out and unable to sign back into their account.",""
"failed","Tue May 24 16:39:31 EEST 2022","Tue May 24 16:39:45 EEST 2022","13753","","My Account > Settings > Change Password","","My Account > Settings > Change Password","#1 Player can close the Change Password modal.","#1 Player can close the Change Password modal.",""
"passed","Tue May 24 16:22:30 EEST 2022","Tue May 24 16:22:46 EEST 2022","16301","","Deep Link -> Play Reminders","","Deep Link -> Play Reminders","#1 Deep link to play reminders opens when logged in","#1 Deep link to play reminders opens when logged in",""
"passed","Tue May 24 16:40:43 EEST 2022","Tue May 24 16:41:00 EEST 2022","16503","","Homepage","","Homepage","#13 Balance details still correctly display balance of £0.00 if user has no cash balance","#13 Balance details still correctly display balance of £0.00 if user has no cash balance",""
"passed","Tue May 24 16:37:42 EEST 2022","Tue May 24 16:37:51 EEST 2022","8630","","Homepage","","Homepage","#1 Player can navigate to the registration page via the 'Join'.","#1 Player can navigate to the registration page via the 'Join'.",""
"passed","Tue May 24 16:39:10 EEST 2022","Tue May 24 16:39:27 EEST 2022","17929","","Homepage","","Homepage","#7 Balance preview updates correctly upon refresh when a users balance is adjusted","#7 Balance preview updates correctly upon refresh when a users balance is adjusted",""
"passed","Tue May 24 16:22:22 EEST 2022","Tue May 24 16:22:37 EEST 2022","14625","","Inbox functionality testing","","Inbox functionality testing","#13 Unread message count is not present on Inbox navigation bar icon if no messages","#13 Unread message count is not present on Inbox navigation bar icon if no messages",""
"passed","Tue May 24 16:26:51 EEST 2022","Tue May 24 16:27:09 EEST 2022","17822","","My Account > Gambling Controls > Loss Limits","","My Account > Gambling Controls > Loss Limits","#16 User can only enter numeric digits into the set Loss Limit field. ","#16 User can only enter numeric digits into the set Loss Limit field. ",""
"passed","Tue May 24 16:31:40 EEST 2022","Tue May 24 16:31:51 EEST 2022","11875","","Registration > Step 3","","Registration > Step 3","#09 User cannot enter invalid characters into the City field.","#09 User cannot enter invalid characters into the City field.",""
"failed","Tue May 24 16:39:45 EEST 2022","Tue May 24 16:39:59 EEST 2022","13865","","My Account > Settings > Change Password","","My Account > Settings > Change Password","#2 Player can cancel out of the Change Password modal.","#2 Player can cancel out of the Change Password modal.",""
"failed","Tue May 24 16:41:03 EEST 2022","Tue May 24 16:41:15 EEST 2022","12776","","My Account > Settings > Change Password","","My Account > Settings > Change Password","#8 New password must contain a number.","#8 New password must contain a number.",""
"passed","Tue May 24 16:37:48 EEST 2022","Tue May 24 16:38:01 EEST 2022","13335","","Log In","","Log In","#04 Player cannot submit blank details on the Login Form.","#04 Player cannot submit blank details on the Login Form.",""
"failed","Tue May 24 16:50:01 EEST 2022","Tue May 24 16:50:19 EEST 2022","18804","","Promotions functionality testing. Promotions functionality for authenticated user. Particular promotions.","","Promotions functionality testing. Promotions functionality for authenticated user. Particular promotions.","#22 User can enter amount, go to full terms and conditions, click back button, close full terms conditions and return in deposit modal.","#22 User can enter amount, go to full terms and conditions, click back button, close full terms conditions and return in deposit modal.",""
"passed","Tue May 24 16:29:18 EEST 2022","Tue May 24 16:29:24 EEST 2022","6701","","Registration > Step 1","","Registration > Step 1","#02 Email Address is a mandatory field.","#02 Email Address is a mandatory field.",""
"failed","Tue May 24 16:41:51 EEST 2022","Tue May 24 16:42:05 EEST 2022","13832","","My Profile > Communications Preferences","","My Profile > Communications Preferences","#12 Player can uneselect just phone preferences using the phone toggle (phone already toggled on), which upon saving updates the account area accordingly","#12 Player can uneselect just phone preferences using the phone toggle (phone already toggled on), which upon saving updates the account area accordingly",""
"passed","Tue May 24 16:27:22 EEST 2022","Tue May 24 16:27:39 EEST 2022","17574","","My Profile > Contact Details","","My Profile > Contact Details","#05 Player try to update invalid phone number.","#05 Player try to update invalid phone number.",""
"passed","Tue May 24 16:43:19 EEST 2022","Tue May 24 16:43:27 EEST 2022","8113","","Home => Terms & Conditions","","Home => Terms & Conditions","#28 User can opened mail client after clicks/taps on “complaintsMGA@merkurslots.com” ","#28 User can opened mail client after clicks/taps on “complaintsMGA@merkurslots.com” ",""
"failed","Tue May 24 16:43:17 EEST 2022","Tue May 24 16:43:32 EEST 2022","15223","","Promotions functionality testing. Promotions functionality for authenticated user. Blocks of promotions.","","Promotions functionality testing. Promotions functionality for authenticated user. Blocks of promotions.","#2 All active promotions cards are displayed.","#2 All active promotions cards are displayed.",""
"failed","Tue May 24 16:41:30 EEST 2022","Tue May 24 16:41:56 EEST 2022","26530","","My Account > Gambling Controls > Account Closure > Take A Break","","My Account > Gambling Controls > Account Closure > Take A Break","#11 Player can continue with chosen 24 hours option to 'Take A Break' and confirming modal should display.","#11 Player can continue with chosen 24 hours option to 'Take A Break' and confirming modal should display.",""
"passed","Tue May 24 16:32:03 EEST 2022","Tue May 24 16:32:21 EEST 2022","18119","","Spin Zone functionality testing","","Spin Zone functionality testing","#4 Player can see total withdrawable cash balance","#4 Player can see total withdrawable cash balance",""
"skipped","Tue May 24 16:25:52 EEST 2022","Tue May 24 16:25:52 EEST 2022","1","","My Account > Gambling Controls > Loss Limits","","My Account > Gambling Controls > Loss Limits","#11 User can successfully set their Loss Limit to the minimum allowed value and will receive a success toast on submitting the new amount. ","#11 User can successfully set their Loss Limit to the minimum allowed value and will receive a success toast on submitting the new amount. ",""
"passed","Tue May 24 16:29:49 EEST 2022","Tue May 24 16:29:57 EEST 2022","7925","","Registration > Step 2","","Registration > Step 2","#08 User cannot enter invalid characters into step 2 name input fields.","#08 User cannot enter invalid characters into step 2 name input fields.",""
"failed","Tue May 24 16:40:30 EEST 2022","Tue May 24 16:40:43 EEST 2022","13120","","My Profile > Communications Preferences","","My Profile > Communications Preferences","#6 Player can edit their preferences and select just the Text toggle, which upon saving updates the account area accordingly","#6 Player can edit their preferences and select just the Text toggle, which upon saving updates the account area accordingly",""
"passed","Tue May 24 16:30:32 EEST 2022","Tue May 24 16:30:43 EEST 2022","10582","","Registration > Step 3","","Registration > Step 3","#03 Player can select the Manual Input button and is displayed the address inputs.","#03 Player can select the Manual Input button and is displayed the address inputs.",""
"passed","Tue May 24 16:40:32 EEST 2022","Tue May 24 16:40:49 EEST 2022","17128","","My Account > Gambling Controls > Deposit Limits","","My Account > Gambling Controls > Deposit Limits","#8 Player can close the Deposit Limits Delete modal","#8 Player can close the Deposit Limits Delete modal",""
"failed","Tue May 24 16:41:38 EEST 2022","Tue May 24 16:41:51 EEST 2022","12889","","My Profile > Communications Preferences","","My Profile > Communications Preferences","#11 Player can uneselect just text preferences using the text toggle (text already toggled on), which upon saving updates the account area accordingly","#11 Player can uneselect just text preferences using the text toggle (text already toggled on), which upon saving updates the account area accordingly",""
"passed","Tue May 24 16:30:55 EEST 2022","Tue May 24 16:31:06 EEST 2022","11513","","Registration > Step 3","","Registration > Step 3","#04 City field is a mandatory field.","#04 City field is a mandatory field.",""
"passed","Tue May 24 16:38:01 EEST 2022","Tue May 24 16:38:13 EEST 2022","11725","","Log In","","Log In","#05 Player can close the login modal.","#05 Player can close the login modal.",""
"passed","Tue May 24 16:41:00 EEST 2022","Tue May 24 16:41:07 EEST 2022","6513","","Home => Terms & Conditions","","Home => Terms & Conditions","#10 User can see the Terms and Conditions section on terms and conditions page","#10 User can see the Terms and Conditions section on terms and conditions page",""
"passed","Tue May 24 16:32:43 EEST 2022","Tue May 24 16:33:01 EEST 2022","18000","","Spin Zone functionality testing","","Spin Zone functionality testing","#6 Player can see total bonus balance","#6 Player can see total bonus balance",""
"passed","Tue May 24 16:51:07 EEST 2022","Tue May 24 16:51:09 EEST 2022","2446","","Promotions functionality testing. Promotions functionality for unauthenticated user.","","Promotions functionality testing. Promotions functionality for unauthenticated user.","#27 Promotion page has correct title for not login user.","#27 Promotion page has correct title for not login user.",""
"passed","Tue May 24 16:19:26 EEST 2022","Tue May 24 16:19:35 EEST 2022","9513","","Footer functionality testing","","Footer functionality testing","#3 Player can see partners logos","#3 Player can see partners logos",""
"passed","Tue May 24 16:23:52 EEST 2022","Tue May 24 16:24:14 EEST 2022","21779","","My Account > Gambling Controls > Play Reminders","","My Account > Gambling Controls > Play Reminders","#3 Player can cancel out of the 'Time Limit' modal.","#3 Player can cancel out of the 'Time Limit' modal.",""
"failed","Tue May 24 16:38:12 EEST 2022","Tue May 24 16:38:27 EEST 2022","14437","","Deep Link -> Edit Phone","","Deep Link -> Edit Phone","#2 Deep link to change password open login when not logged in before change password","#2 Deep link to change password open login when not logged in before change password",""
"passed","Tue May 24 16:37:51 EEST 2022","Tue May 24 16:38:03 EEST 2022","12178","","Homepage","","Homepage","#2 Authenticated users can preview their balance in the navigation bar","#2 Authenticated users can preview their balance in the navigation bar",""
"failed","Tue May 24 16:46:06 EEST 2022","Tue May 24 16:46:33 EEST 2022","26827","","Slots page","","Slots page","#7 User hover the game card and click 'Play now' and login modal appears","#7 User hover the game card and click 'Play now' and login modal appears",""
"passed","Tue May 24 16:23:05 EEST 2022","Tue May 24 16:23:22 EEST 2022","16211","","My Account > Gambling Controls > Loss Limits","","My Account > Gambling Controls > Loss Limits","#1 User can view their Loss limits ","#1 User can view their Loss limits ",""
"passed","Tue May 24 16:51:33 EEST 2022","Tue May 24 16:51:37 EEST 2022","3447","","Promotions functionality testing. Promotions functionality for unauthenticated user.","","Promotions functionality testing. Promotions functionality for unauthenticated user.","#38 All main sections for card are displayed for CLAIM bonus for unauthenticated user.","#38 All main sections for card are displayed for CLAIM bonus for unauthenticated user.",""
"passed","Tue May 24 16:43:21 EEST 2022","Tue May 24 16:43:39 EEST 2022","18160","","My Account > Gambling Controls > Deposit Limits","","My Account > Gambling Controls > Deposit Limits","#20 Player can close 'History' modal.","#20 Player can close 'History' modal.",""
"passed","Tue May 24 16:37:52 EEST 2022","Tue May 24 16:38:01 EEST 2022","9215","","Home page => Responsible Gambling page","","Home page => Responsible Gambling page","#3 User can come to the Gamble Stop page from Responsible Gambling page","#3 User can come to the Gamble Stop page from Responsible Gambling page",""
"passed","Tue May 24 16:38:59 EEST 2022","Tue May 24 16:39:09 EEST 2022","10635","","Log In","","Log In","#14 Player can select the link to recover their password.","#14 Player can select the link to recover their password.",""
"passed","Tue May 24 16:26:45 EEST 2022","Tue May 24 16:27:08 EEST 2022","23002","","My Account -> Deposit","","My Account -> Deposit","#8 Check user is displayed with a declined modal when safecharge returns a declined response","#8 Check user is displayed with a declined modal when safecharge returns a declined response",""
"failed","Tue May 24 16:39:20 EEST 2022","Tue May 24 16:39:35 EEST 2022","15068","","My Profile > Communications Preferences","","My Profile > Communications Preferences","#1 Player can view their communication preferences (default preferences: empty communication preferences and English language)","#1 Player can view their communication preferences (default preferences: empty communication preferences and English language)",""
"passed","Tue May 24 16:25:42 EEST 2022","Tue May 24 16:25:59 EEST 2022","16980","","My Account > Gambling Controls > Account Closure > Self Exclusion","","My Account > Gambling Controls > Account Closure > Self Exclusion","#12 Player can continue with chosen 6 months option to 'Self Exclusion' and confirming modal should display.","#12 Player can continue with chosen 6 months option to 'Self Exclusion' and confirming modal should display.",""
"passed","Tue May 24 16:30:40 EEST 2022","Tue May 24 16:30:47 EEST 2022","6399","","Registration > Step 1","","Registration > Step 1","#28 User can enter valid details on Step 1 and progress to Step 2 of the registration process.","#28 User can enter valid details on Step 1 and progress to Step 2 of the registration process.",""
"failed","Tue May 24 16:43:32 EEST 2022","Tue May 24 16:43:45 EEST 2022","12758","","Promotions functionality testing. Promotions functionality for authenticated user. Blocks of promotions.","","Promotions functionality testing. Promotions functionality for authenticated user. Blocks of promotions.","#3 Active promotions are displayed in correct order.","#3 Active promotions are displayed in correct order.",""
"failed","Tue May 24 16:41:55 EEST 2022","Tue May 24 16:42:08 EEST 2022","13185","","My Account > Settings > Change Password","","My Account > Settings > Change Password","#12 New password must not contain email address.","#12 New password must not contain email address.",""
"passed","Tue May 24 16:25:41 EEST 2022","Tue May 24 16:25:58 EEST 2022","16647","","My Account -> Deposit","","My Account -> Deposit","#3 Check user is able to fill in details of required fields for card deposits","#3 Check user is able to fill in details of required fields for card deposits",""
"passed","Tue May 24 16:26:11 EEST 2022","Tue May 24 16:26:28 EEST 2022","17193","","My Profile > Contact Details","","My Profile > Contact Details","#02 Player can select to edit their telephone number and be presented with an edit modal.","#02 Player can select to edit their telephone number and be presented with an edit modal.",""
"passed","Tue May 24 16:21:27 EEST 2022","Tue May 24 16:21:46 EEST 2022","18467","","Deep Link -> Deposit Limits","","Deep Link -> Deposit Limits","#1 Deep link to deposit limits opens when logged in","#1 Deep link to deposit limits opens when logged in",""
"passed","Tue May 24 16:24:48 EEST 2022","Tue May 24 16:25:05 EEST 2022","17503","","My Account > Gambling Controls > Loss Limits","","My Account > Gambling Controls > Loss Limits","#7 User can open the Loss Limits Delete modal on edit icon click and click on edit icon in the input field ","#7 User can open the Loss Limits Delete modal on edit icon click and click on edit icon in the input field ",""
"passed","Tue May 24 16:31:25 EEST 2022","Tue May 24 16:31:43 EEST 2022","18402","","Spin Zone functionality testing","","Spin Zone functionality testing","#2 Player can see Resume Game button in the top left of the screen","#2 Player can see Resume Game button in the top left of the screen",""
"passed","Tue May 24 16:51:05 EEST 2022","Tue May 24 16:51:07 EEST 2022","1848","","Promotions functionality testing. Promotions functionality for unauthenticated user.","","Promotions functionality testing. Promotions functionality for unauthenticated user.","#26 Promotion page is displayed for not login user.","#26 Promotion page is displayed for not login user.",""
"passed","Tue May 24 16:39:27 EEST 2022","Tue May 24 16:39:47 EEST 2022","19181","","Homepage","","Homepage","#8 Cash amount is updated correctly in the dropdown details when cash balance is adjusted","#8 Cash amount is updated correctly in the dropdown details when cash balance is adjusted",""
"passed","Tue May 24 16:19:12 EEST 2022","Tue May 24 16:19:20 EEST 2022","7329","","Footer functionality testing","","Footer functionality testing","#1 Player can see a light grey bar at the top of the footer","#1 Player can see a light grey bar at the top of the footer",""
"passed","Tue May 24 16:24:38 EEST 2022","Tue May 24 16:24:54 EEST 2022","16205","","My Account > Gambling Controls > Account Closure > Self Exclusion","","My Account > Gambling Controls > Account Closure > Self Exclusion","#8 Player can choose 12 months option for 'Self Exclusion' and this option should be selected.","#8 Player can choose 12 months option for 'Self Exclusion' and this option should be selected.",""
"passed","Tue May 24 16:24:14 EEST 2022","Tue May 24 16:24:33 EEST 2022","19211","","My Account > Gambling Controls > Play Reminders","","My Account > Gambling Controls > Play Reminders","#4 Player cannot continue with 'Time Limit' if a limit is not selected.","#4 Player cannot continue with 'Time Limit' if a limit is not selected.",""
"passed","Tue May 24 16:23:08 EEST 2022","Tue May 24 16:23:28 EEST 2022","20532","","My Account > Gambling Controls > Account Closure > Self Exclusion","","My Account > Gambling Controls > Account Closure > Self Exclusion","#1 Player can select the 'Self Exclusion' menu item and is displayed the Self Exclusion modal.","#1 Player can select the 'Self Exclusion' menu item and is displayed the Self Exclusion modal.",""
"failed","Tue May 24 16:43:45 EEST 2022","Tue May 24 16:43:59 EEST 2022","13941","","Promotions functionality testing. Promotions functionality for authenticated user. Blocks of promotions.","","Promotions functionality testing. Promotions functionality for authenticated user. Blocks of promotions.","#4 Bonus History Page is displayed after clicks ""See all Activity"" in Recenty Activity.","#4 Bonus History Page is displayed after clicks ""See all Activity"" in Recenty Activity.",""
"failed","Tue May 24 16:43:32 EEST 2022","Tue May 24 16:43:57 EEST 2022","24953","","My Account > Gambling Controls > Account Closure > Take A Break","","My Account > Gambling Controls > Account Closure > Take A Break","#16 Player can press 'BACK' for confirmating modal after chosen for 24 hours 'Take A Break' and should return to previous step.","#16 Player can press 'BACK' for confirmating modal after chosen for 24 hours 'Take A Break' and should return to previous step.",""
"passed","Tue May 24 16:33:01 EEST 2022","Tue May 24 16:33:20 EEST 2022","18623","","Spin Zone functionality testing","","Spin Zone functionality testing","#7 Player can see recently played games","#7 Player can see recently played games",""
"passed","Tue May 24 16:25:05 EEST 2022","Tue May 24 16:25:22 EEST 2022","17025","","My Account > Gambling Controls > Loss Limits","","My Account > Gambling Controls > Loss Limits","#8 User can successfully set a daily loss limit if not already set ","#8 User can successfully set a daily loss limit if not already set ",""
"failed","Tue May 24 16:40:35 EEST 2022","Tue May 24 16:40:43 EEST 2022","8065","","Homepage","","Homepage","#12 Balance preview correctly displays £0.00 if user has no balance","#12 Balance preview correctly displays £0.00 if user has no balance",""
"passed","Tue May 24 16:44:23 EEST 2022","Tue May 24 16:44:35 EEST 2022","12179","","Promotions functionality testing. Promotions functionality for authenticated user. Blocks of promotions.","","Promotions functionality testing. Promotions functionality for authenticated user. Blocks of promotions.","#7 Promotions are displayed in correct order.","#7 Promotions are displayed in correct order.",""
"passed","Tue May 24 16:39:05 EEST 2022","Tue May 24 16:39:24 EEST 2022","18714","","My Account > Gambling Controls > Deposit Limits","","My Account > Gambling Controls > Deposit Limits","#3 Player can close the Deposit Limits modal.","#3 Player can close the Deposit Limits modal.",""
"passed","Tue May 24 16:25:52 EEST 2022","Tue May 24 16:26:11 EEST 2022","18731","","My Account > Gambling Controls > Loss Limits","","My Account > Gambling Controls > Loss Limits","#13 User cannot set a Loss Limit lower than the minimum amount. ","#13 User cannot set a Loss Limit lower than the minimum amount. ",""
"passed","Tue May 24 16:30:47 EEST 2022","Tue May 24 16:30:52 EEST 2022","5235","","Registration > Step 1","","Registration > Step 1","#29 User can successfully enter email address with uppercase letters.","#29 User can successfully enter email address with uppercase letters.",""
"passed","Tue May 24 16:40:06 EEST 2022","Tue May 24 16:40:20 EEST 2022","13728","","Homepage","","Homepage","#10 User is displayed with a shortened balance in the preview section when balance exceeds 9999 (five figure balance)","#10 User is displayed with a shortened balance in the preview section when balance exceeds 9999 (five figure balance)",""
"passed","Tue May 24 16:38:48 EEST 2022","Tue May 24 16:38:59 EEST 2022","10305","","Log In","","Log In","#13 Player should be able to show/hide their input into the Password field.","#13 Player should be able to show/hide their input into the Password field.",""
"passed","Tue May 24 16:40:49 EEST 2022","Tue May 24 16:41:14 EEST 2022","25501","","My Account > Gambling Controls > Deposit Limits","","My Account > Gambling Controls > Deposit Limits","#9 Player can successfully update a daily deposit limit in the Deposit Limits Delete modal","#9 Player can successfully update a daily deposit limit in the Deposit Limits Delete modal",""
"failed","Tue May 24 16:39:17 EEST 2022","Tue May 24 16:39:33 EEST 2022","15572","","My Account > Gambling Controls > Account Closure > Take A Break","","My Account > Gambling Controls > Account Closure > Take A Break","#3 Player can press 'Back' button of the 'Take A Break' modal and then should be displayed previous step.","#3 Player can press 'Back' button of the 'Take A Break' modal and then should be displayed previous step.",""
"failed","Tue May 24 16:37:09 EEST 2022","Tue May 24 16:37:16 EEST 2022","7798","","Home page => Responsible Gambling page","","Home page => Responsible Gambling page","#0 User can come to the Responsible Gambling page","#0 User can come to the Responsible Gambling page",""
"passed","Tue May 24 16:21:35 EEST 2022","Tue May 24 16:21:56 EEST 2022","20911","","Inbox functionality testing","","Inbox functionality testing","#10 Deleting a message from the inbox which is marked as new should decrease the unread message count badge","#10 Deleting a message from the inbox which is marked as new should decrease the unread message count badge",""
"failed","Tue May 24 16:47:00 EEST 2022","Tue May 24 16:47:27 EEST 2022","26532","","Slots page","","Slots page","#9 User hover the game card and click on it and login modal appears","#9 User hover the game card and click on it and login modal appears",""
"passed","Tue May 24 16:39:10 EEST 2022","Tue May 24 16:39:23 EEST 2022","13003","","Home => Terms & Conditions","","Home => Terms & Conditions","#3 User can come to the Gambling commission page from terms and conditions page","#3 User can come to the Gambling commission page from terms and conditions page",""
"passed","Tue May 24 16:19:12 EEST 2022","Tue May 24 16:19:14 EEST 2022","1354","","Service unavailable","","Service unavailable","#1 The user is on the Location Error page","#1 The user is on the Location Error page",""
"passed","Tue May 24 16:37:51 EEST 2022","Tue May 24 16:38:05 EEST 2022","14005","","Home page => Privacy Policy page","","Home page => Privacy Policy page","#3 User can come to the Merkur Casino page from Privacy Policy page","#3 User can come to the Merkur Casino page from Privacy Policy page",""
"passed","Tue May 24 16:19:14 EEST 2022","Tue May 24 16:19:17 EEST 2022","3716","","Service unavailable","","Service unavailable","#1 User can come to the home page from Error 500 page","#1 User can come to the home page from Error 500 page",""
"passed","Tue May 24 16:29:29 EEST 2022","Tue May 24 16:29:35 EEST 2022","6120","","Registration > Step 2","","Registration > Step 2","#05 Date of Birth is a mandatory field.","#05 Date of Birth is a mandatory field.",""
"failed","Tue May 24 16:48:56 EEST 2022","Tue May 24 16:49:27 EEST 2022","31139","","Slots page","","Slots page","#13 User logged in and click on game card and game page appears","#13 User logged in and click on game card and game page appears",""
"passed","Tue May 24 16:25:06 EEST 2022","Tue May 24 16:25:23 EEST 2022","17123","","My Account -> Deposit","","My Account -> Deposit","#1 Check user is able to access the deposit modal via the account menu and is displayed with the option to fill in card details by default","#1 Check user is able to access the deposit modal via the account menu and is displayed with the option to fill in card details by default",""
"failed","Tue May 24 16:48:25 EEST 2022","Tue May 24 16:48:56 EEST 2022","31130","","Slots page","","Slots page","#12 User logged in hover the game card  and click on CTA ""INFO"" and go to INFO page and click on ""PLAY NOW"" and see game page","#12 User logged in hover the game card  and click on CTA ""INFO"" and go to INFO page and click on ""PLAY NOW"" and see game page",""
"failed","Tue May 24 16:39:07 EEST 2022","Tue May 24 16:39:09 EEST 2022","2670","","Privacy Policy","","Privacy Policy","#6 After clicking on the link from 'Contact and DPO', the user should see the page  https://www.eyasgaming.com/.","#6 After clicking on the link from 'Contact and DPO', the user should see the page  https://www.eyasgaming.com/.",""
"passed","Tue May 24 16:23:30 EEST 2022","Tue May 24 16:23:52 EEST 2022","22226","","My Account > Gambling Controls > Play Reminders","","My Account > Gambling Controls > Play Reminders","#2 Player can close the 'Time Limit' modal.","#2 Player can close the 'Time Limit' modal.",""
"failed","Tue May 24 16:37:10 EEST 2022","Tue May 24 16:37:21 EEST 2022","10522","","Log In","","Log In","#01 Player can open the Log In modal and is displayed with the correct fields.","#01 Player can open the Log In modal and is displayed with the correct fields.",""
"passed","Tue May 24 16:41:13 EEST 2022","Tue May 24 16:41:22 EEST 2022","8434","","Home => Terms & Conditions","","Home => Terms & Conditions","#12 User can see the Changes to the Terms section on terms and conditions page","#12 User can see the Changes to the Terms section on terms and conditions page",""
"passed","Tue May 24 16:26:31 EEST 2022","Tue May 24 16:26:51 EEST 2022","20261","","My Account > Gambling Controls > Loss Limits","","My Account > Gambling Controls > Loss Limits","#15 User can submit a blank value in the Loss Limit. ","#15 User can submit a blank value in the Loss Limit. ",""
"passed","Tue May 24 16:20:52 EEST 2022","Tue May 24 16:21:10 EEST 2022","17955","","Inbox functionality testing","","Inbox functionality testing","#7 Player can mark a message as read using the message options, removing the new badge from a message and decreasing the unread message count badge","#7 Player can mark a message as read using the message options, removing the new badge from a message and decreasing the unread message count badge",""
"passed","Tue May 24 16:26:27 EEST 2022","Tue May 24 16:26:45 EEST 2022","17735","","My Account -> Deposit","","My Account -> Deposit","#7 Check user is able to deposit with a valid card and is presented with success modal","#7 Check user is able to deposit with a valid card and is presented with success modal",""
"skipped","Tue May 24 16:24:22 EEST 2022","Tue May 24 16:24:22 EEST 2022","0","","My Account > Gambling Controls > Account Closure > Self Exclusion","","My Account > Gambling Controls > Account Closure > Self Exclusion","#6 Player can select a reason for taking self exclusion the drop down menu.","#6 Player can select a reason for taking self exclusion the drop down menu.",""
"passed","Tue May 24 16:23:08 EEST 2022","Tue May 24 16:23:30 EEST 2022","21839","","My Account > Gambling Controls > Play Reminders","","My Account > Gambling Controls > Play Reminders","#1 Player can select to edit their 'Time Limit' and is displayed the Play Reminders modal.","#1 Player can select to edit their 'Time Limit' and is displayed the Play Reminders modal.",""
"passed","Tue May 24 16:30:11 EEST 2022","Tue May 24 16:30:32 EEST 2022","21036","","Registration > Step 3","","Registration > Step 3","#02 User can navigate back to the previous step.","#02 User can navigate back to the previous step.",""
"passed","Tue May 24 16:29:07 EEST 2022","Tue May 24 16:29:20 EEST 2022","12645","","Recover Password","","Recover Password","#05 Player receives 'Sent' success feedback on submitting a valid email address.","#05 Player receives 'Sent' success feedback on submitting a valid email address.",""
"passed","Tue May 24 16:27:23 EEST 2022","Tue May 24 16:27:42 EEST 2022","18159","","My Account > Gambling Controls > Loss Limits","","My Account > Gambling Controls > Loss Limits","#18 User can close 'How loss limits work' modal. ","#18 User can close 'How loss limits work' modal. ",""
"failed","Tue May 24 16:44:32 EEST 2022","Tue May 24 16:44:54 EEST 2022","22130","","Slots page","","Slots page","#3 User can see static hero banner carousel and can click on it and see game info page","#3 User can see static hero banner carousel and can click on it and see game info page",""
"passed","Tue May 24 16:21:23 EEST 2022","Tue May 24 16:21:35 EEST 2022","12025","","Inbox functionality testing","","Inbox functionality testing","#9 Player is presented with an updated list of messages when clicking view more button","#9 Player is presented with an updated list of messages when clicking view more button",""
"passed","Tue May 24 16:30:31 EEST 2022","Tue May 24 16:30:35 EEST 2022","4431","","Registration > Step 1","","Registration > Step 1","#13 Password is a mandatory field.","#13 Password is a mandatory field.",""
"passed","Tue May 24 16:26:16 EEST 2022","Tue May 24 16:26:31 EEST 2022","15807","","My Account > Gambling Controls > Account Closure > Self Exclusion","","My Account > Gambling Controls > Account Closure > Self Exclusion","#14 Player can continue with chosen 18 months option to 'Self Exclusion' and confirming modal should display.","#14 Player can continue with chosen 18 months option to 'Self Exclusion' and confirming modal should display.",""
"passed","Tue May 24 16:51:18 EEST 2022","Tue May 24 16:51:21 EEST 2022","2471","","Promotions functionality testing. Promotions functionality for unauthenticated user.","","Promotions functionality testing. Promotions functionality for unauthenticated user.","#33 Short description of promotion card is displayed for not login user.","#33 Short description of promotion card is displayed for not login user.",""
"passed","Tue May 24 16:51:30 EEST 2022","Tue May 24 16:51:33 EEST 2022","3634","","Promotions functionality testing. Promotions functionality for unauthenticated user.","","Promotions functionality testing. Promotions functionality for unauthenticated user.","#37 All main sections for card are displayed for DEPOSIT bonus for unauthenticated user.","#37 All main sections for card are displayed for DEPOSIT bonus for unauthenticated user.",""
"passed","Tue May 24 16:25:11 EEST 2022","Tue May 24 16:25:27 EEST 2022","16315","","My Account > Gambling Controls > Account Closure > Self Exclusion","","My Account > Gambling Controls > Account Closure > Self Exclusion","#10 Player can choose 2 years option for 'Self Exclusion' and this option should be selected.","#10 Player can choose 2 years option for 'Self Exclusion' and this option should be selected.",""
"passed","Tue May 24 16:43:05 EEST 2022","Tue May 24 16:43:21 EEST 2022","15846","","My Account > Gambling Controls > Deposit Limits","","My Account > Gambling Controls > Deposit Limits","#19 Player can open 'History' modal.","#19 Player can open 'History' modal.",""
"passed","Tue May 24 16:49:17 EEST 2022","Tue May 24 16:49:31 EEST 2022","13709","","Promotions functionality testing. Promotions functionality for authenticated user. Particular promotions.","","Promotions functionality testing. Promotions functionality for authenticated user. Particular promotions.","#19 User can click DEPOSIT CTA for deposit bonus and open deposit bonus modal with displaying all sections.","#19 User can click DEPOSIT CTA for deposit bonus and open deposit bonus modal with displaying all sections.",""
"failed","Tue May 24 16:39:04 EEST 2022","Tue May 24 16:39:07 EEST 2022","2905","","Privacy Policy","","Privacy Policy","#5 After click one of the links from 'Website Visitors', the user should see new page.","#5 After click one of the links from 'Website Visitors', the user should see new page.",""
"passed","Tue May 24 16:29:54 EEST 2022","Tue May 24 16:30:11 EEST 2022","16994","","Registration > Step 3","","Registration > Step 3","#01 User is displayed the correct content and input fields for Step 3.","#01 User is displayed the correct content and input fields for Step 3.",""
"passed","Tue May 24 16:32:02 EEST 2022","Tue May 24 16:32:12 EEST 2022","10843","","Registration > Step 3","","Registration > Step 3","#14 User can enter valid details on Step 3 and progress to Step 4 of the registration process.","#14 User can enter valid details on Step 3 and progress to Step 4 of the registration process.",""
"failed","Tue May 24 16:45:39 EEST 2022","Tue May 24 16:46:06 EEST 2022","27066","","Slots page","","Slots page","#6 User can hover mouse on game card and see all needed elements","#6 User can hover mouse on game card and see all needed elements",""
"passed","Tue May 24 16:30:26 EEST 2022","Tue May 24 16:30:32 EEST 2022","6377","","Registration > Step 2","","Registration > Step 2","#14 User cannot enter invalid characters into the date of birth field.","#14 User cannot enter invalid characters into the date of birth field.",""
"passed","Tue May 24 16:19:12 EEST 2022","Tue May 24 16:19:13 EEST 2022","1402","","User come to the 'Planned Maintenance' error page","","User come to the 'Planned Maintenance' error page","#1 Content of ""Planned Maintenance"" error page","#1 Content of ""Planned Maintenance"" error page",""
"passed","Tue May 24 16:37:12 EEST 2022","Tue May 24 16:37:20 EEST 2022","8093","","404 error page functionality testing.","","404 error page functionality testing.","#2 All elements are persisted on 404 error page.","#2 All elements are persisted on 404 error page.",""
"passed","Tue May 24 16:41:53 EEST 2022","Tue May 24 16:42:01 EEST 2022","8536","","Home => Terms & Conditions","","Home => Terms & Conditions","#17 User can see the Errors, Interruptions and Malfunctions section on terms and conditions page","#17 User can see the Errors, Interruptions and Malfunctions section on terms and conditions page",""
"failed","Tue May 24 16:45:35 EEST 2022","Tue May 24 16:46:01 EEST 2022","26373","","UnsubscribePage","","UnsubscribePage","#7 User can click on ‘Continue’ button in the ‘Re-subscribe’ success window and the Home page will be displayed.","#7 User can click on ‘Continue’ button in the ‘Re-subscribe’ success window and the Home page will be displayed.",""
"passed","Tue May 24 16:21:46 EEST 2022","Tue May 24 16:22:02 EEST 2022","16068","","Deep Link -> Deposit Limits","","Deep Link -> Deposit Limits","#2 Deep link to deposit limits open login when not logged in before deposit limits","#2 Deep link to deposit limits open login when not logged in before deposit limits",""
"passed","Tue May 24 16:42:41 EEST 2022","Tue May 24 16:42:47 EEST 2022","6419","","Home => Terms & Conditions","","Home => Terms & Conditions","#23 User can see the Intellectual Property section on terms and conditions page","#23 User can see the Intellectual Property section on terms and conditions page",""
"passed","Tue May 24 16:37:15 EEST 2022","Tue May 24 16:37:26 EEST 2022","10945","","Home page => Privacy Policy page","","Home page => Privacy Policy page","#1 User can come to the Eyas Gaming page from Privacy Policy page","#1 User can come to the Eyas Gaming page from Privacy Policy page",""
"failed","Tue May 24 16:47:47 EEST 2022","Tue May 24 16:48:15 EEST 2022","28445","","Promotions functionality testing. Promotions functionality for authenticated user. Particular promotions.","","Promotions functionality testing. Promotions functionality for authenticated user. Particular promotions.","#14 User can click OPT IN primary CTA in more info details page and get confirmation modal with all sections.","#14 User can click OPT IN primary CTA in more info details page and get confirmation modal with all sections.",""
"passed","Tue May 24 16:42:17 EEST 2022","Tue May 24 16:42:26 EEST 2022","8432","","Home => Terms & Conditions","","Home => Terms & Conditions","#20 User can see the Suspension/Termination of your Account section on terms and conditions page","#20 User can see the Suspension/Termination of your Account section on terms and conditions page",""
"passed","Tue May 24 16:43:35 EEST 2022","Tue May 24 16:43:47 EEST 2022","11645","","Registration > Step 4","","Registration > Step 4","#03 User can opt in to receive All marketing preferences.","#03 User can opt in to receive All marketing preferences.",""
"passed","Tue May 24 16:25:56 EEST 2022","Tue May 24 16:26:11 EEST 2022","14396","","My Profile > Contact Details","","My Profile > Contact Details","#01 Player can view their contact details.","#01 Player can view their contact details.",""
"passed","Tue May 24 16:24:33 EEST 2022","Tue May 24 16:24:51 EEST 2022","18163","","My Account > Gambling Controls > Play Reminders","","My Account > Gambling Controls > Play Reminders","#5 Player can select a time limit from the drop down menu.","#5 Player can select a time limit from the drop down menu.",""
"passed","Tue May 24 16:19:13 EEST 2022","Tue May 24 16:19:15 EEST 2022","1701","","User come to the 'Planned Maintenance' error page","","User come to the 'Planned Maintenance' error page","#2 User can come to the Home page from ""Planned Maintenance"" error page","#2 User can come to the Home page from ""Planned Maintenance"" error page",""
"passed","Tue May 24 16:22:10 EEST 2022","Tue May 24 16:22:22 EEST 2022","11873","","Inbox functionality testing","","Inbox functionality testing","#12 Player with less than 15 messages should not be able to view more","#12 Player with less than 15 messages should not be able to view more",""
"passed","Tue May 24 16:19:08 EEST 2022","Tue May 24 16:19:12 EEST 2022","4353","","Service unavailable","","Service unavailable","#0 User come to the Location Error page, when service is unavailable","#0 User come to the Location Error page, when service is unavailable",""
"passed","Tue May 24 16:41:00 EEST 2022","Tue May 24 16:41:13 EEST 2022","12888","","Homepage","","Homepage","#14 Casino amount does not display when total bonus amount is zero and displays correct total balance of £0.00","#14 Casino amount does not display when total bonus amount is zero and displays correct total balance of £0.00",""
"failed","Tue May 24 16:45:18 EEST 2022","Tue May 24 16:45:39 EEST 2022","21840","","Slots page","","Slots page","#5 User can see on hero banner carousel primary button CTA, can click on it and see game info page","#5 User can see on hero banner carousel primary button CTA, can click on it and see game info page",""
"passed","Tue May 24 16:19:31 EEST 2022","Tue May 24 16:19:44 EEST 2022","13765","","Inbox functionality testing","","Inbox functionality testing","#1 Unread message count is present on Inbox navigation bar icon if player has unread messages","#1 Unread message count is present on Inbox navigation bar icon if player has unread messages",""
"passed","Tue May 24 16:46:49 EEST 2022","Tue May 24 16:47:07 EEST 2022","18128","","Promotions functionality testing. Promotions functionality for authenticated user. Particular promotions.","","Promotions functionality testing. Promotions functionality for authenticated user. Particular promotions.","#11 All main sections for card are displayed for DEPOSIT bonus.","#11 All main sections for card are displayed for DEPOSIT bonus.",""
"failed","Tue May 24 16:37:26 EEST 2022","Tue May 24 16:37:51 EEST 2022","24866","","Home page => Privacy Policy page","","Home page => Privacy Policy page","#2 User can come to the Merkur Slots page from Privacy Policy page","#2 User can come to the Merkur Slots page from Privacy Policy page",""
"passed","Tue May 24 16:29:20 EEST 2022","Tue May 24 16:29:37 EEST 2022","17118","","Recover Password","","Recover Password","#06 Recover Password button displays 'Re-Send Email' text after a successful first attempt.","#06 Recover Password button displays 'Re-Send Email' text after a successful first attempt.",""
"failed","Tue May 24 16:44:28 EEST 2022","Tue May 24 16:44:55 EEST 2022","26369","","UnsubscribePage","","UnsubscribePage","#5 User can check each radio button and submit the answer → result window will be displayed with the correct content","#5 User can check each radio button and submit the answer → result window will be displayed with the correct content",""
"passed","Tue May 24 16:52:02 EEST 2022","Tue May 24 16:52:08 EEST 2022","6139","","Promotions functionality testing. Promotions functionality for unauthenticated user.","","Promotions functionality testing. Promotions functionality for unauthenticated user.","#46 User clicks button CLAIM for already CLAIMED bonus, successfully login and can see drawer ""This promotion is unavailable"".","#46 User clicks button CLAIM for already CLAIMED bonus, successfully login and can see drawer ""This promotion is unavailable"".",""
"failed","Tue May 24 16:42:27 EEST 2022","Tue May 24 16:42:58 EEST 2022","31449","","UnsubscribePage","","UnsubscribePage","#1 Unsubscribe page is displayed with correct content.","#1 Unsubscribe page is displayed with correct content.",""
"passed","Tue May 24 16:27:24 EEST 2022","Tue May 24 16:27:46 EEST 2022","22031","","My Account > Gambling Controls > Account Closure > Self Exclusion","","My Account > Gambling Controls > Account Closure > Self Exclusion","#18 Player can close the self exclusion modal.","#18 Player can close the self exclusion modal.",""
"passed","Tue May 24 16:51:51 EEST 2022","Tue May 24 16:51:56 EEST 2022","5157","","Promotions functionality testing. Promotions functionality for unauthenticated user.","","Promotions functionality testing. Promotions functionality for unauthenticated user.","#43 User can go to More Info details after click More Info CTA.","#43 User can go to More Info details after click More Info CTA.",""
"passed","Tue May 24 16:29:14 EEST 2022","Tue May 24 16:29:21 EEST 2022","6862","","Registration > Step 2","","Registration > Step 2","#03 First Name is a mandatory field.","#03 First Name is a mandatory field.",""
"failed","Tue May 24 16:47:54 EEST 2022","Tue May 24 16:48:25 EEST 2022","31294","","Slots page","","Slots page","#11 User logged in and hover the game card and click on CTA ""PLAY NOW"" and go to game page","#11 User logged in and hover the game card and click on CTA ""PLAY NOW"" and go to game page",""
"failed","Tue May 24 16:39:48 EEST 2022","Tue May 24 16:40:03 EEST 2022","14542","","My Profile > Communications Preferences","","My Profile > Communications Preferences","#3 Player can edit their preferences and exit using the Cancel CTA within the modal discarding changes","#3 Player can edit their preferences and exit using the Cancel CTA within the modal discarding changes",""
"passed","Tue May 24 16:25:27 EEST 2022","Tue May 24 16:25:42 EEST 2022","14534","","My Account > Gambling Controls > Account Closure > Self Exclusion","","My Account > Gambling Controls > Account Closure > Self Exclusion","#11 Player can choose 5 years option for 'Self Exclusion' and this option should be selected.","#11 Player can choose 5 years option for 'Self Exclusion' and this option should be selected.",""
"passed","Tue May 24 16:48:55 EEST 2022","Tue May 24 16:49:06 EEST 2022","10778","","Promotions functionality testing. Promotions functionality for authenticated user. Particular promotions.","","Promotions functionality testing. Promotions functionality for authenticated user. Particular promotions.","#17 User can opt in bonus and get modal with all sections, click on the primary CTA and procceds with the journey","#17 User can opt in bonus and get modal with all sections, click on the primary CTA and procceds with the journey",""
"passed","Tue May 24 16:29:43 EEST 2022","Tue May 24 16:29:52 EEST 2022","9147","","Registration > Step 1","","Registration > Step 1","#05 User can select the 'Login' button on the 'Account already exists' drawer and is displayed the Login form.","#05 User can select the 'Login' button on the 'Account already exists' drawer and is displayed the Login form.",""
"passed","Tue May 24 16:42:01 EEST 2022","Tue May 24 16:42:10 EEST 2022","8075","","Home => Terms & Conditions","","Home => Terms & Conditions","#18 User can see the Anti-Money Laundering section on terms and conditions page","#18 User can see the Anti-Money Laundering section on terms and conditions page",""
"passed","Tue May 24 16:26:46 EEST 2022","Tue May 24 16:27:04 EEST 2022","17463","","My Profile > Contact Details","","My Profile > Contact Details","# Player can select to edit their telephone number and close the modal to cancel out of the process.","# Player can select to edit their telephone number and close the modal to cancel out of the process.",""
"passed","Tue May 24 16:22:49 EEST 2022","Tue May 24 16:23:00 EEST 2022","11589","","Inbox functionality testing","","Inbox functionality testing","#15 Player is presented with an Empty Inbox image if the Inbox is empty (rather than a heading & message list)","#15 Player is presented with an Empty Inbox image if the Inbox is empty (rather than a heading & message list)",""
"passed","Tue May 24 16:43:39 EEST 2022","Tue May 24 16:43:54 EEST 2022","14376","","My Account > Gambling Controls > Deposit Limits","","My Account > Gambling Controls > Deposit Limits","#21 Player can open 'How deposit limits work' modal.","#21 Player can open 'How deposit limits work' modal.",""
"passed","Tue May 24 16:19:08 EEST 2022","Tue May 24 16:19:12 EEST 2022","3655","","User come to the 'Planned Maintenance' error page","","User come to the 'Planned Maintenance' error page","#0 User come to the ""Planned Maintenance"" error page","#0 User come to the ""Planned Maintenance"" error page",""
"passed","Tue May 24 16:49:46 EEST 2022","Tue May 24 16:50:01 EEST 2022","14842","","Promotions functionality testing. Promotions functionality for authenticated user. Particular promotions.","","Promotions functionality testing. Promotions functionality for authenticated user. Particular promotions.","#21 User can click on the terms and conditions link and the terms and conditions are displayed for deposit bonus.","#21 User can click on the terms and conditions link and the terms and conditions are displayed for deposit bonus.",""
"passed","Tue May 24 16:19:57 EEST 2022","Tue May 24 16:20:07 EEST 2022","9966","","Expired Link Error","","Expired Link Error","#9 User can click on 'Back to Login' and open Login window and successfully login.","#9 User can click on 'Back to Login' and open Login window and successfully login.",""
"failed","Tue May 24 16:38:01 EEST 2022","Tue May 24 16:38:26 EEST 2022","24616","","Home page => Responsible Gambling page","","Home page => Responsible Gambling page","#4 User can come to the ""Block Access to Gambling Websites and Apps Worldwide"" page from Responsible Gambling page","#4 User can come to the ""Block Access to Gambling Websites and Apps Worldwide"" page from Responsible Gambling page",""
"passed","Tue May 24 16:30:43 EEST 2022","Tue May 24 16:30:55 EEST 2022","11669","","Registration > Step 3","","Registration > Step 3","#03 Address Line 1 field is a mandatory field.","#03 Address Line 1 field is a mandatory field.",""
"passed","Tue May 24 16:49:06 EEST 2022","Tue May 24 16:49:17 EEST 2022","11073","","Promotions functionality testing. Promotions functionality for authenticated user. Particular promotions.","","Promotions functionality testing. Promotions functionality for authenticated user. Particular promotions.","#18 User can close confirmation message, return to the calling page and bonus has been claimed.","#18 User can close confirmation message, return to the calling page and bonus has been claimed.",""
"passed","Tue May 24 16:38:43 EEST 2022","Tue May 24 16:38:47 EEST 2022","4321","","Privacy Policy","","Privacy Policy","#2 After clicking on the link from 'Introduction to Eyas Gaming', the user should see the page  https://www.eyasgaming.com/.","#2 After clicking on the link from 'Introduction to Eyas Gaming', the user should see the page  https://www.eyasgaming.com/.",""
"passed","Tue May 24 16:20:25 EEST 2022","Tue May 24 16:20:38 EEST 2022","13471","","Inbox functionality testing","","Inbox functionality testing","#5 Player can open message, removing the new badge from a message and decreasing the unread message count badge","#5 Player can open message, removing the new badge from a message and decreasing the unread message count badge",""
"passed","Tue May 24 16:37:07 EEST 2022","Tue May 24 16:37:15 EEST 2022","7871","","Home page => Privacy Policy page","","Home page => Privacy Policy page","#0 User can come to the Privacy Policy page","#0 User can come to the Privacy Policy page",""
"passed","Tue May 24 16:24:22 EEST 2022","Tue May 24 16:24:38 EEST 2022","16044","","My Account > Gambling Controls > Account Closure > Self Exclusion","","My Account > Gambling Controls > Account Closure > Self Exclusion","#7 Player can choose 6 months option for 'Self Exclusion' and this option should be selected.","#7 Player can choose 6 months option for 'Self Exclusion' and this option should be selected.",""
"failed","Tue May 24 16:38:38 EEST 2022","Tue May 24 16:38:57 EEST 2022","18934","","My Account > Gambling Controls > Account Closure > Take A Break","","My Account > Gambling Controls > Account Closure > Take A Break","#1 Player can select take a break menu item from 'Account Closure' and Take A Break contain is displayed.","#1 Player can select take a break menu item from 'Account Closure' and Take A Break contain is displayed.",""
"passed","Tue May 24 16:27:14 EEST 2022","Tue May 24 16:27:27 EEST 2022","13535","","My Profile > Personal Details","","My Profile > Personal Details","#01 Player can view their personal details.","#01 Player can view their personal details.",""
"passed","Tue May 24 16:24:28 EEST 2022","Tue May 24 16:24:48 EEST 2022","19510","","My Account > Gambling Controls > Loss Limits","","My Account > Gambling Controls > Loss Limits","#6 User can successfully update their loss limits in the Loss Limits Delete modal ","#6 User can successfully update their loss limits in the Loss Limits Delete modal ",""
"failed","Tue May 24 16:42:05 EEST 2022","Tue May 24 16:42:19 EEST 2022","13914","","My Profile > Communications Preferences","","My Profile > Communications Preferences","#13 Player can uneselect just post preferences using the post toggle (post already toggled on), which upon saving updates the account area accordingly","#13 Player can uneselect just post preferences using the post toggle (post already toggled on), which upon saving updates the account area accordingly",""
"passed","Tue May 24 16:19:12 EEST 2022","Tue May 24 16:19:17 EEST 2022","4591","","Expired Link Error","","Expired Link Error","#1 Expired Link Error page is displayed","#1 Expired Link Error page is displayed",""
"passed","Tue May 24 16:38:35 EEST 2022","Tue May 24 16:38:45 EEST 2022","9754","","Home => Terms & Conditions","","Home => Terms & Conditions","#1 User can come to the help center from terms and conditions page","#1 User can come to the help center from terms and conditions page",""
"passed","Tue May 24 16:33:54 EEST 2022","Tue May 24 16:34:11 EEST 2022","17289","","Spin Zone functionality testing","","Spin Zone functionality testing","#10 Player can close game","#10 Player can close game",""
"failed","Tue May 24 16:47:18 EEST 2022","Tue May 24 16:47:47 EEST 2022","28364","","Promotions functionality testing. Promotions functionality for authenticated user. Particular promotions.","","Promotions functionality testing. Promotions functionality for authenticated user. Particular promotions.","#13 User can go to More Info details after click More Info CTA for authenticated user.","#13 User can go to More Info details after click More Info CTA for authenticated user.",""
"passed","Tue May 24 16:39:24 EEST 2022","Tue May 24 16:39:42 EEST 2022","18354","","My Account > Gambling Controls > Deposit Limits","","My Account > Gambling Controls > Deposit Limits","#4 Player can cancel out of the Deposit Limits modal.","#4 Player can cancel out of the Deposit Limits modal.",""
"passed","Tue May 24 16:38:57 EEST 2022","Tue May 24 16:39:17 EEST 2022","19862","","My Account > Gambling Controls > Account Closure > Take A Break","","My Account > Gambling Controls > Account Closure > Take A Break","#2 Player can close the take a break modal.","#2 Player can close the take a break modal.",""
"skipped","Tue May 24 16:51:11 EEST 2022","Tue May 24 16:51:11 EEST 2022","0","","Promotions functionality testing. Promotions functionality for unauthenticated user.","","Promotions functionality testing. Promotions functionality for unauthenticated user.","#29 Promotions are displayed in correct order for unauthenticated user","#29 Promotions are displayed in correct order for unauthenticated user",""
"passed","Tue May 24 16:42:02 EEST 2022","Tue May 24 16:42:20 EEST 2022","17602","","My Account > Gambling Controls > Deposit Limits","","My Account > Gambling Controls > Deposit Limits","#13 Player can open the Deposit Limits Delete modal on delete icon click and click on edit icon in the input field.","#13 Player can open the Deposit Limits Delete modal on delete icon click and click on edit icon in the input field.",""
"passed","Tue May 24 16:27:04 EEST 2022","Tue May 24 16:27:22 EEST 2022","17941","","My Profile > Contact Details","","My Profile > Contact Details","#04 Player can update their telephone number.","#04 Player can update their telephone number.",""
"passed","Tue May 24 16:29:35 EEST 2022","Tue May 24 16:29:43 EEST 2022","7654","","Registration > Step 2","","Registration > Step 2","#06 User cannot enter less that 2 characters into step 2 name input fields.","#06 User cannot enter less that 2 characters into step 2 name input fields.",""
"passed","Tue May 24 16:29:57 EEST 2022","Tue May 24 16:30:08 EEST 2022","10670","","Registration > Step 2","","Registration > Step 2","#11 User can enter valid details on Step 2 and progress to Step 3 of the registration process.","#11 User can enter valid details on Step 2 and progress to Step 3 of the registration process.",""
"passed","Tue May 24 16:51:26 EEST 2022","Tue May 24 16:51:30 EEST 2022","3723","","Promotions functionality testing. Promotions functionality for unauthenticated user.","","Promotions functionality testing. Promotions functionality for unauthenticated user.","#36 All main sections for card are displayed for OPT IN bonus for unauthenticated user.","#36 All main sections for card are displayed for OPT IN bonus for unauthenticated user.",""
"passed","Tue May 24 16:32:22 EEST 2022","Tue May 24 16:32:33 EEST 2022","10826","","Registration > Step 3","","Registration > Step 3","#15 Phone Number is a mandatory field.","#15 Phone Number is a mandatory field.",""
"passed","Tue May 24 16:39:58 EEST 2022","Tue May 24 16:40:16 EEST 2022","18465","","My Account > Gambling Controls > Deposit Limits","","My Account > Gambling Controls > Deposit Limits","#6 Player can close the Deposit Limits Edit modal","#6 Player can close the Deposit Limits Edit modal",""
"passed","Tue May 24 16:39:09 EEST 2022","Tue May 24 16:39:11 EEST 2022","1779","","Privacy Policy","","Privacy Policy","#7 The user can use for Malta contact@eyasgaming.com e-mail","#7 The user can use for Malta contact@eyasgaming.com e-mail",""
"failed","Tue May 24 16:39:57 EEST 2022","Tue May 24 16:40:22 EEST 2022","24372","","Home => Terms & Conditions","","Home => Terms & Conditions","#6 User can come to the GamCare page from terms and conditions page","#6 User can come to the GamCare page from terms and conditions page",""
"failed","Tue May 24 16:42:58 EEST 2022","Tue May 24 16:43:27 EEST 2022","28848","","UnsubscribePage","","UnsubscribePage","#2 User can click on ‘I’ve changed my mind’ button and go to home page.","#2 User can click on ‘I’ve changed my mind’ button and go to home page.",""
"passed","Tue May 24 16:30:10 EEST 2022","Tue May 24 16:30:21 EEST 2022","11428","","Registration > Step 1","","Registration > Step 1","#11 User can successfully enter email address with a combination of valid symbols, numbers and letters.","#11 User can successfully enter email address with a combination of valid symbols, numbers and letters.",""
"passed","Tue May 24 16:43:04 EEST 2022","Tue May 24 16:43:12 EEST 2022","8071","","Home => Terms & Conditions","","Home => Terms & Conditions","#26 User can see the Miscellaneous section on terms and conditions page","#26 User can see the Miscellaneous section on terms and conditions page",""
"passed","Tue May 24 16:30:35 EEST 2022","Tue May 24 16:30:40 EEST 2022","4953","","Registration > Step 1","","Registration > Step 1","#23 User cannot continue to next step if their password does not meet the minimum password requirements.","#23 User cannot continue to next step if their password does not meet the minimum password requirements.",""
"failed","Tue May 24 16:38:45 EEST 2022","Tue May 24 16:39:10 EEST 2022","25246","","Home => Terms & Conditions","","Home => Terms & Conditions","#2 User can come to the privacy policy page from terms and conditions page","#2 User can come to the privacy policy page from terms and conditions page",""
"passed","Tue May 24 16:51:23 EEST 2022","Tue May 24 16:51:26 EEST 2022","2425","","Promotions functionality testing. Promotions functionality for unauthenticated user.","","Promotions functionality testing. Promotions functionality for unauthenticated user.","#35 Short terms and conditions of promotion card is displayed for not login user.","#35 Short terms and conditions of promotion card is displayed for not login user.",""
"failed","Tue May 24 16:38:32 EEST 2022","Tue May 24 16:38:43 EEST 2022","10495","","Privacy Policy","","Privacy Policy","#1 When the user clicks to link Privacy Policy user should watches the nex chapters.","#1 When the user clicks to link Privacy Policy user should watches the nex chapters.",""
"failed","Tue May 24 16:41:43 EEST 2022","Tue May 24 16:41:55 EEST 2022","11766","","My Account > Settings > Change Password","","My Account > Settings > Change Password","#11 New password must contain a minimum of 8 characters.","#11 New password must contain a minimum of 8 characters.",""
"passed","Tue May 24 16:22:09 EEST 2022","Tue May 24 16:22:29 EEST 2022","20208","","Deep Link -> Loss Limits","","Deep Link -> Loss Limits","#1 Deep link to loss limits opens when logged in","#1 Deep link to loss limits opens when logged in",""
"passed","Tue May 24 16:28:44 EEST 2022","Tue May 24 16:28:56 EEST 2022","11363","","Recover Password","","Recover Password","#03 Player cannot enter an invaild email address.","#03 Player cannot enter an invaild email address.",""
"passed","Tue May 24 16:20:12 EEST 2022","Tue May 24 16:20:25 EEST 2022","13012","","Inbox functionality testing","","Inbox functionality testing","#4 Player can see their message list, with messages displaying the correct information (if messages > 1)","#4 Player can see their message list, with messages displaying the correct information (if messages > 1)",""
"failed","Tue May 24 16:41:24 EEST 2022","Tue May 24 16:41:38 EEST 2022","14333","","My Profile > Communications Preferences","","My Profile > Communications Preferences","#10 Player can unselect just email preferences using the email toggle (email already toggled on), which upon saving updates the account area accordingly","#10 Player can unselect just email preferences using the email toggle (email already toggled on), which upon saving updates the account area accordingly",""
"skipped","Tue May 24 16:39:33 EEST 2022","Tue May 24 16:39:33 EEST 2022","1","","My Account > Gambling Controls > Account Closure > Take A Break","","My Account > Gambling Controls > Account Closure > Take A Break","#4 Player cannot continue with 'Take A Break' if a reason is not selected.","#4 Player cannot continue with 'Take A Break' if a reason is not selected.",""
"failed","Tue May 24 16:44:55 EEST 2022","Tue May 24 16:45:35 EEST 2022","40153","","UnsubscribePage","","UnsubscribePage","#6 User can click on ‘Re-subscribe’ button and success window will be displayed with the correct content","#6 User can click on ‘Re-subscribe’ button and success window will be displayed with the correct content",""
"passed","Tue May 24 16:39:09 EEST 2022","Tue May 24 16:39:23 EEST 2022","13722","","Log In","","Log In","#15 Player can successfully Log In when entering valid details.","#15 Player can successfully Log In when entering valid details.",""
"passed","Tue May 24 16:31:08 EEST 2022","Tue May 24 16:31:25 EEST 2022","17316","","Spin Zone functionality testing","","Spin Zone functionality testing","#1 Player can see Menu button in the top left of the screen","#1 Player can see Menu button in the top left of the screen",""
"failed","Tue May 24 16:39:33 EEST 2022","Tue May 24 16:39:48 EEST 2022","15747","","My Account > Gambling Controls > Account Closure > Take A Break","","My Account > Gambling Controls > Account Closure > Take A Break","#5 Player cannot continue with 'Take A Break' if a duration is not selected.","#5 Player cannot continue with 'Take A Break' if a duration is not selected.",""
"passed","Tue May 24 16:50:19 EEST 2022","Tue May 24 16:50:34 EEST 2022","14812","","Promotions functionality testing. Promotions functionality for authenticated user. Particular promotions.","","Promotions functionality testing. Promotions functionality for authenticated user. Particular promotions.","#23 User can click on the terms and conditions link and the terms and all sections of conditions are displayed for deposit bonus.","#23 User can click on the terms and conditions link and the terms and all sections of conditions are displayed for deposit bonus.",""
"passed","Tue May 24 16:19:20 EEST 2022","Tue May 24 16:19:26 EEST 2022","6306","","Footer functionality testing","","Footer functionality testing","#2 Player can see payment logos","#2 Player can see payment logos",""
"passed","Tue May 24 16:43:47 EEST 2022","Tue May 24 16:43:57 EEST 2022","10498","","Registration > Step 4","","Registration > Step 4","#04 User can opt in to receive Email marketing preferences.","#04 User can opt in to receive Email marketing preferences.",""
"passed","Tue May 24 16:41:55 EEST 2022","Tue May 24 16:42:08 EEST 2022","13919","","Registration > Step 4","","Registration > Step 4","#06 User can opt in to receive Post marketing preferences.","#06 User can opt in to receive Post marketing preferences.",""
"passed","Tue May 24 16:29:52 EEST 2022","Tue May 24 16:30:01 EEST 2022","9236","","Registration > Step 1","","Registration > Step 1","#06 User can not register with an email address that already exists.","#06 User can not register with an email address that already exists.",""
"failed","Tue May 24 16:37:44 EEST 2022","Tue May 24 16:38:19 EEST 2022","34821","","Deep Link -> Change Password","","Deep Link -> Change Password","#2 Deep link to change password open login when not logged in before change password","#2 Deep link to change password open login when not logged in before change password",""
"failed","Tue May 24 16:43:59 EEST 2022","Tue May 24 16:44:13 EEST 2022","14289","","Promotions functionality testing. Promotions functionality for authenticated user. Blocks of promotions.","","Promotions functionality testing. Promotions functionality for authenticated user. Blocks of promotions.","#5 Featured promotions are displayed in correct order.","#5 Featured promotions are displayed in correct order.",""
"passed","Tue May 24 16:29:07 EEST 2022","Tue May 24 16:29:18 EEST 2022","10197","","Registration > Step 1","","Registration > Step 1","#01.1 User can leave the registration process by clicking the Home link and click 'Yes I want to leave'.","#01.1 User can leave the registration process by clicking the Home link and click 'Yes I want to leave'.",""
"passed","Tue May 24 16:39:11 EEST 2022","Tue May 24 16:39:13 EEST 2022","1818","","Privacy Policy","","Privacy Policy","#8 The user can use to contact for DPO regarding any data protection issue dpo@merkurslots.com email","#8 The user can use to contact for DPO regarding any data protection issue dpo@merkurslots.com email",""
"passed","Tue May 24 16:37:35 EEST 2022","Tue May 24 16:37:48 EEST 2022","12924","","Log In","","Log In","#03 Password field is a mandatory field.","#03 Password field is a mandatory field.",""
"passed","Tue May 24 16:51:43 EEST 2022","Tue May 24 16:51:47 EEST 2022","3868","","Promotions functionality testing. Promotions functionality for unauthenticated user.","","Promotions functionality testing. Promotions functionality for unauthenticated user.","#41 Login form appears after press DEPOSIT CTA for DEPOSIT bonus of unauthenticated user.","#41 Login form appears after press DEPOSIT CTA for DEPOSIT bonus of unauthenticated user.",""
"passed","Tue May 24 16:25:23 EEST 2022","Tue May 24 16:25:41 EEST 2022","18231","","My Account -> Deposit","","My Account -> Deposit","#2 Check user is able to exit out of the deposit modal using the x button","#2 Check user is able to exit out of the deposit modal using the x button",""
"failed","Tue May 24 16:44:03 EEST 2022","Tue May 24 16:44:32 EEST 2022","28576","","Slots page","","Slots page","#2 User can see hero banner carousel and can scroll it","#2 User can see hero banner carousel and can scroll it",""
"failed","Tue May 24 16:40:30 EEST 2022","Tue May 24 16:40:53 EEST 2022","22427","","Home => Terms & Conditions","","Home => Terms & Conditions","#8 User can come to the eCOGRA page from terms and conditions page","#8 User can come to the eCOGRA page from terms and conditions page",""
"passed","Tue May 24 16:37:16 EEST 2022","Tue May 24 16:37:28 EEST 2022","11793","","Home page => Responsible Gambling page","","Home page => Responsible Gambling page","#1 User can come to the Be Gamble Aware page from Responsible Gambling page","#1 User can come to the Be Gamble Aware page from Responsible Gambling page",""
"passed","Tue May 24 16:26:28 EEST 2022","Tue May 24 16:26:46 EEST 2022","18393","","My Profile > Contact Details","","My Profile > Contact Details","#03 Player can select to edit their telephone number and cancel out of the modal.","#03 Player can select to edit their telephone number and cancel out of the modal.",""
"passed","Tue May 24 16:21:56 EEST 2022","Tue May 24 16:22:10 EEST 2022","14861","","Inbox functionality testing","","Inbox functionality testing","#11 Player can delete a message using the message options, removing it from the list","#11 Player can delete a message using the message options, removing it from the list",""
"failed","Tue May 24 16:41:56 EEST 2022","Tue May 24 16:42:22 EEST 2022","26091","","My Account > Gambling Controls > Account Closure > Take A Break","","My Account > Gambling Controls > Account Closure > Take A Break","#12 Player can continue with chosen 1 week option to 'Take A Break' and confirming modal should display.","#12 Player can continue with chosen 1 week option to 'Take A Break' and confirming modal should display.",""
"failed","Tue May 24 16:41:05 EEST 2022","Tue May 24 16:41:30 EEST 2022","25133","","My Account > Gambling Controls > Account Closure > Take A Break","","My Account > Gambling Controls > Account Closure > Take A Break","#10 Player can choose 6 weeks option for 'Take A Break' and this option should be selected.","#10 Player can choose 6 weeks option for 'Take A Break' and this option should be selected.",""
"passed","Tue May 24 16:22:46 EEST 2022","Tue May 24 16:23:02 EEST 2022","15403","","Deep Link -> Play Reminders","","Deep Link -> Play Reminders","#2 Deep link to play reminders open login when not logged in before play reminders","#2 Deep link to play reminders open login when not logged in before play reminders",""
"passed","Tue May 24 16:38:20 EEST 2022","Tue May 24 16:38:36 EEST 2022","15680","","Homepage","","Homepage","#4 The details balance card is dismissed when the user clicks it","#4 The details balance card is dismissed when the user clicks it",""
"passed","Tue May 24 16:40:16 EEST 2022","Tue May 24 16:40:32 EEST 2022","15644","","My Account > Gambling Controls > Deposit Limits","","My Account > Gambling Controls > Deposit Limits","#7 Player can open the Deposit Limits Delete modal on delete icon click.","#7 Player can open the Deposit Limits Delete modal on delete icon click.",""
"passed","Tue May 24 16:25:22 EEST 2022","Tue May 24 16:25:37 EEST 2022","14797","","My Account > Gambling Controls > Loss Limits","","My Account > Gambling Controls > Loss Limits","#9 User can successfully set a weekly loss limit if not already set ","#9 User can successfully set a weekly loss limit if not already set ",""
"passed","Tue May 24 16:52:08 EEST 2022","Tue May 24 16:52:14 EEST 2022","5315","","Promotions functionality testing. Promotions functionality for unauthenticated user.","","Promotions functionality testing. Promotions functionality for unauthenticated user.","#47 User clicks button DEPOSIT for already DEPOSITED bonus, successfully login and can see drawer ""This promotion is unavailable"".","#47 User clicks button DEPOSIT for already DEPOSITED bonus, successfully login and can see drawer ""This promotion is unavailable"".",""
"passed","Tue May 24 16:50:50 EEST 2022","Tue May 24 16:51:05 EEST 2022","15060","","Promotions functionality testing. Promotions functionality for authenticated user. Particular promotions.","","Promotions functionality testing. Promotions functionality for authenticated user. Particular promotions.","#25 User can make bonus deposit.","#25 User can make bonus deposit.",""
"passed","Tue May 24 16:38:47 EEST 2022","Tue May 24 16:38:56 EEST 2022","9020","","Privacy Policy","","Privacy Policy","#3 After clicking on the first link from 'What personal data do we collect? -> Players', the user should see the page  https://www.merkurslots.com/.","#3 After clicking on the first link from 'What personal data do we collect? -> Players', the user should see the page  https://www.merkurslots.com/.",""
"skipped","Tue May 24 16:27:46 EEST 2022","Tue May 24 16:27:46 EEST 2022","1","","My Account > Gambling Controls > Account Closure > Self Exclusion","","My Account > Gambling Controls > Account Closure > Self Exclusion","#19 Player can continue with chosen 6 months option to 'Self Exclusion' and confirming modal should display.","#19 Player can continue with chosen 6 months option to 'Self Exclusion' and confirming modal should display.",""
"passed","Tue May 24 16:41:30 EEST 2022","Tue May 24 16:41:39 EEST 2022","8987","","Home => Terms & Conditions","","Home => Terms & Conditions","#14 User can see the Your Account section on terms and conditions page","#14 User can see the Your Account section on terms and conditions page",""
"failed","Tue May 24 16:41:29 EEST 2022","Tue May 24 16:41:43 EEST 2022","14223","","My Account > Settings > Change Password","","My Account > Settings > Change Password","#10 New password must contain a combination of upper and lower case letters (all lower case).","#10 New password must contain a combination of upper and lower case letters (all lower case).",""
"passed","Tue May 24 16:24:10 EEST 2022","Tue May 24 16:24:28 EEST 2022","18260","","My Account > Gambling Controls > Loss Limits","","My Account > Gambling Controls > Loss Limits","#5 User can close the Loss Limits Delete modal ","#5 User can close the Loss Limits Delete modal ",""
"passed","Tue May 24 16:37:31 EEST 2022","Tue May 24 16:37:40 EEST 2022","8278","","404 error page functionality testing.","","404 error page functionality testing.","#5 Player can click ""Login"" button, open login window and successfully login.","#5 Player can click ""Login"" button, open login window and successfully login.",""
"passed","Tue May 24 16:33:20 EEST 2022","Tue May 24 16:33:38 EEST 2022","18173","","Spin Zone functionality testing","","Spin Zone functionality testing","#8 Player can open 'Search Games' modal","#8 Player can open 'Search Games' modal",""
"passed","Tue May 24 16:42:08 EEST 2022","Tue May 24 16:42:20 EEST 2022","11797","","Registration > Step 4","","Registration > Step 4","#07 User can opt in to receive Phone marketing preferences.","#07 User can opt in to receive Phone marketing preferences.",""
"passed","Tue May 24 16:51:14 EEST 2022","Tue May 24 16:51:16 EEST 2022","2402","","Promotions functionality testing. Promotions functionality for unauthenticated user.","","Promotions functionality testing. Promotions functionality for unauthenticated user.","#31 Applicable the expiry date of promotion card is displayed for not login user.","#31 Applicable the expiry date of promotion card is displayed for not login user.",""
"failed","Tue May 24 16:40:37 EEST 2022","Tue May 24 16:40:50 EEST 2022","13136","","My Account > Settings > Change Password","","My Account > Settings > Change Password","#6 Player should be displayed an error if they submit the Change Password form with an incorrect Current Password.","#6 Player should be displayed an error if they submit the Change Password form with an incorrect Current Password.",""
"failed","Tue May 24 16:42:22 EEST 2022","Tue May 24 16:42:49 EEST 2022","26748","","My Account > Gambling Controls > Account Closure > Take A Break","","My Account > Gambling Controls > Account Closure > Take A Break","#13 Player can continue with chosen 4 weeks option to 'Take A Break' and confirming modal should display.","#13 Player can continue with chosen 4 weeks option to 'Take A Break' and confirming modal should display.",""
"passed","Tue May 24 16:26:12 EEST 2022","Tue May 24 16:26:27 EEST 2022","14738","","My Account -> Deposit","","My Account -> Deposit","#6 Check user is able to select PayPal payment method and is provided with the correct information for this payment method","#6 Check user is able to select PayPal payment method and is provided with the correct information for this payment method",""
"failed","Tue May 24 16:42:08 EEST 2022","Tue May 24 16:42:21 EEST 2022","13345","","My Account > Settings > Change Password","","My Account > Settings > Change Password","#13 Player cannot continue to next step if their new password does not meet the minimum password requirements.","#13 Player cannot continue to next step if their new password does not meet the minimum password requirements.",""
"passed","Tue May 24 16:37:21 EEST 2022","Tue May 24 16:37:35 EEST 2022","13587","","Log In","","Log In","#02 Email Address is a mandatory field.","#02 Email Address is a mandatory field.",""
"passed","Tue May 24 16:47:07 EEST 2022","Tue May 24 16:47:18 EEST 2022","11146","","Promotions functionality testing. Promotions functionality for authenticated user. Particular promotions.","","Promotions functionality testing. Promotions functionality for authenticated user. Particular promotions.","#12 All main sections for card are displayed for CLAIM bonus.","#12 All main sections for card are displayed for CLAIM bonus.",""
"passed","Tue May 24 16:19:39 EEST 2022","Tue May 24 16:19:44 EEST 2022","5115","","Expired Link Error","","Expired Link Error","#6 User can click on Recover Password button and see Reset your password window ","#6 User can click on Recover Password button and see Reset your password window ",""
"passed","Tue May 24 16:25:59 EEST 2022","Tue May 24 16:26:16 EEST 2022","16851","","My Account > Gambling Controls > Account Closure > Self Exclusion","","My Account > Gambling Controls > Account Closure > Self Exclusion","#13 Player can continue with chosen 12 months option to 'Self Exclusion' and confirming modal should display.","#13 Player can continue with chosen 12 months option to 'Self Exclusion' and confirming modal should display.",""
"passed","Tue May 24 16:41:14 EEST 2022","Tue May 24 16:41:30 EEST 2022","16063","","My Account > Gambling Controls > Deposit Limits","","My Account > Gambling Controls > Deposit Limits","#10 Player can successfully set a daily deposit limit if not already set.","#10 Player can successfully set a daily deposit limit if not already set.",""
"failed","Tue May 24 16:43:27 EEST 2022","Tue May 24 16:43:57 EEST 2022","29894","","UnsubscribePage","","UnsubscribePage","#3 User can click on ‘Unsubscribe’ button and successfully unsubscribe window will be displayed with the correct content","#3 User can click on ‘Unsubscribe’ button and successfully unsubscribe window will be displayed with the correct content",""
"failed","Tue May 24 16:40:16 EEST 2022","Tue May 24 16:40:30 EEST 2022","13832","","My Profile > Communications Preferences","","My Profile > Communications Preferences","#5 Player can edit their preferences and select just the email toggle, which upon saving updates the account area accordingly","#5 Player can edit their preferences and select just the email toggle, which upon saving updates the account area accordingly",""
"passed","Tue May 24 16:19:21 EEST 2022","Tue May 24 16:19:27 EEST 2022","6544","","Expired Link Error","","Expired Link Error","#3 User can come to the Home page from ""Expired Link"" error page. ","#3 User can come to the Home page from ""Expired Link"" error page. ",""
"passed","Tue May 24 16:44:13 EEST 2022","Tue May 24 16:44:23 EEST 2022","10135","","Promotions functionality testing. Promotions functionality for authenticated user. Blocks of promotions.","","Promotions functionality testing. Promotions functionality for authenticated user. Blocks of promotions.","#6 Active promotion is excluded from the featured section.","#6 Active promotion is excluded from the featured section.",""
"passed","Tue May 24 16:32:33 EEST 2022","Tue May 24 16:32:43 EEST 2022","10292","","Registration > Step 3","","Registration > Step 3","#16 Phone Number will display an error when entering non-numeric values into input.","#16 Phone Number will display an error when entering non-numeric values into input.",""
"passed","Tue May 24 16:29:32 EEST 2022","Tue May 24 16:29:43 EEST 2022","10795","","Registration > Step 1","","Registration > Step 1","#04 User can select the 'Recover' button on the 'Account already exists' drawer and is displayed the Recover Password form.","#04 User can select the 'Recover' button on the 'Account already exists' drawer and is displayed the Recover Password form.",""
"failed","Tue May 24 16:40:40 EEST 2022","Tue May 24 16:41:05 EEST 2022","24438","","My Account > Gambling Controls > Account Closure > Take A Break","","My Account > Gambling Controls > Account Closure > Take A Break","#9 Player can choose 4 weeks option for 'Take A Break' and this option should be selected.","#9 Player can choose 4 weeks option for 'Take A Break' and this option should be selected.",""
"failed","Tue May 24 16:37:28 EEST 2022","Tue May 24 16:37:52 EEST 2022","24130","","Home page => Responsible Gambling page","","Home page => Responsible Gambling page","#2 User can come to the ""Help for problem gambling"" page from Responsible Gambling page","#2 User can come to the ""Help for problem gambling"" page from Responsible Gambling page",""
"passed","Tue May 24 16:51:39 EEST 2022","Tue May 24 16:51:43 EEST 2022","3800","","Promotions functionality testing. Promotions functionality for unauthenticated user.","","Promotions functionality testing. Promotions functionality for unauthenticated user.","#40 Login form appears after press OPT IN CTA for OPT IN bonus of unauthenticated user.","#40 Login form appears after press OPT IN CTA for OPT IN bonus of unauthenticated user.",""
"failed","Tue May 24 16:39:35 EEST 2022","Tue May 24 16:39:48 EEST 2022","13086","","My Profile > Communications Preferences","","My Profile > Communications Preferences","#2 Player can edit their preferences and exit using the x close button within the modal discarding changes","#2 Player can edit their preferences and exit using the x close button within the modal discarding changes",""
"passed","Tue May 24 16:51:21 EEST 2022","Tue May 24 16:51:23 EEST 2022","2472","","Promotions functionality testing. Promotions functionality for unauthenticated user.","","Promotions functionality testing. Promotions functionality for unauthenticated user.","#34 Relevant CTAs of promotion card are displayed for not login user.","#34 Relevant CTAs of promotion card are displayed for not login user.",""
"skipped","Tue May 24 16:42:20 EEST 2022","Tue May 24 16:42:20 EEST 2022","0","","My Account > Gambling Controls > Deposit Limits","","My Account > Gambling Controls > Deposit Limits","#14 Player can successfully set Deposit Limit to the minimum allowed value and will receive a success toast on submitting the new amount.","#14 Player can successfully set Deposit Limit to the minimum allowed value and will receive a success toast on submitting the new amount.",""
"skipped","Tue May 24 16:25:52 EEST 2022","Tue May 24 16:25:52 EEST 2022","1","","My Account > Gambling Controls > Loss Limits","","My Account > Gambling Controls > Loss Limits","#12 User can successfully change their Loss Limit with a decimal value and receive a success toast on submitting the new amount. ","#12 User can successfully change their Loss Limit with a decimal value and receive a success toast on submitting the new amount. ",""
"passed","Tue May 24 16:31:29 EEST 2022","Tue May 24 16:31:40 EEST 2022","10989","","Registration > Step 3","","Registration > Step 3","#08 User cannot enter invalid characters into the Address Line 2 field.","#08 User cannot enter invalid characters into the Address Line 2 field.",""
"passed","Tue May 24 16:23:48 EEST 2022","Tue May 24 16:24:06 EEST 2022","17567","","My Account > Gambling Controls > Account Closure > Self Exclusion","","My Account > Gambling Controls > Account Closure > Self Exclusion","#3 Player can press 'Back' button of the 'Self Exlusion' modal and should return to previous step.","#3 Player can press 'Back' button of the 'Self Exlusion' modal and should return to previous step.",""
"passed","Tue May 24 16:19:27 EEST 2022","Tue May 24 16:19:33 EEST 2022","5797","","Expired Link Error","","Expired Link Error","#4 User can click on Join button and see Register page. ","#4 User can click on Join button and see Register page. ",""
"passed","Tue May 24 16:38:13 EEST 2022","Tue May 24 16:38:24 EEST 2022","11010","","Log In","","Log In","#06 Player cannot login when entering an incorrect email address.","#06 Player cannot login when entering an incorrect email address.",""
"passed","Tue May 24 16:41:47 EEST 2022","Tue May 24 16:42:02 EEST 2022","15556","","My Account > Gambling Controls > Deposit Limits","","My Account > Gambling Controls > Deposit Limits","#12 Player can successfully set a monthly deposit limit if not already set.","#12 Player can successfully set a monthly deposit limit if not already set.",""
"passed","Tue May 24 16:26:49 EEST 2022","Tue May 24 16:27:05 EEST 2022","16027","","My Account > Gambling Controls > Account Closure > Self Exclusion","","My Account > Gambling Controls > Account Closure > Self Exclusion","#16 Player can continue with chosen 5 years option to 'Self Exclusion' and confirming modal should display.","#16 Player can continue with chosen 5 years option to 'Self Exclusion' and confirming modal should display.",""
"passed","Tue May 24 16:51:11 EEST 2022","Tue May 24 16:51:14 EEST 2022","2430","","Promotions functionality testing. Promotions functionality for unauthenticated user.","","Promotions functionality testing. Promotions functionality for unauthenticated user.","#30 Promo image of promotion card is displayed for not login user.","#30 Promo image of promotion card is displayed for not login user.",""
"passed","Tue May 24 16:38:33 EEST 2022","Tue May 24 16:38:51 EEST 2022","17329","","My Account > Gambling Controls > Deposit Limits","","My Account > Gambling Controls > Deposit Limits","#1 Player can view their deposit limits.","#1 Player can view their deposit limits.",""
"passed","Tue May 24 16:31:51 EEST 2022","Tue May 24 16:32:02 EEST 2022","10155","","Registration > Step 3","","Registration > Step 3","#11 User cannot enter invalid characters into the Post Code field.","#11 User cannot enter invalid characters into the Post Code field.",""
"passed","Tue May 24 16:26:31 EEST 2022","Tue May 24 16:26:49 EEST 2022","17464","","My Account > Gambling Controls > Account Closure > Self Exclusion","","My Account > Gambling Controls > Account Closure > Self Exclusion","#15 Player can continue with chosen 2 years option to 'Self Exclusion' and confirming modal should display.","#15 Player can continue with chosen 2 years option to 'Self Exclusion' and confirming modal should display.",""
"failed","Tue May 24 16:43:34 EEST 2022","Tue May 24 16:44:03 EEST 2022","29880","","Slots page","","Slots page","#1 User can navigates to the slots page and all elements are persisted on the page","#1 User can navigates to the slots page and all elements are persisted on the page",""
"passed","Tue May 24 16:19:08 EEST 2022","Tue May 24 16:19:14 EEST 2022","5336","","Service unavailable","","Service unavailable","#0 User come to the Error 500 page, when service is unavailable","#0 User come to the Error 500 page, when service is unavailable",""
"failed","Tue May 24 16:37:08 EEST 2022","Tue May 24 16:37:19 EEST 2022","11035","","Logout","","Logout","#01 Player can successfully logout.","#01 Player can successfully logout.",""
"failed","Tue May 24 16:43:57 EEST 2022","Tue May 24 16:44:28 EEST 2022","31162","","UnsubscribePage","","UnsubscribePage","#4 User can check ‘Other’ radio button and the text input will be displayed","#4 User can check ‘Other’ radio button and the text input will be displayed",""
"passed","Tue May 24 16:33:38 EEST 2022","Tue May 24 16:33:54 EEST 2022","15427","","Spin Zone functionality testing","","Spin Zone functionality testing","#9 Player can see Exit Game button in bottom right","#9 Player can see Exit Game button in bottom right",""
"passed","Tue May 24 16:22:37 EEST 2022","Tue May 24 16:22:49 EEST 2022","11841","","Inbox functionality testing","","Inbox functionality testing","#14 Unread message count is not present on Inbox navigation bar icon if player has no unread messages","#14 Unread message count is not present on Inbox navigation bar icon if player has no unread messages",""
"passed","Tue May 24 16:19:50 EEST 2022","Tue May 24 16:19:57 EEST 2022","7616","","Expired Link Error","","Expired Link Error","#8 User can enter an email and reset the password (Sent button with a tick will be displayed).","#8 User can enter an email and reset the password (Sent button with a tick will be displayed).",""
"passed","Tue May 24 16:24:54 EEST 2022","Tue May 24 16:25:11 EEST 2022","16760","","My Account > Gambling Controls > Account Closure > Self Exclusion","","My Account > Gambling Controls > Account Closure > Self Exclusion","#9 Player can choose 18 months option for 'Self Exclusion' and this option should be selected.","#9 Player can choose 18 months option for 'Self Exclusion' and this option should be selected.",""
"passed","Tue May 24 16:38:03 EEST 2022","Tue May 24 16:38:20 EEST 2022","17118","","Homepage","","Homepage","#3 The detailed balance card is shown when the dropdown chevron is clicked","#3 The detailed balance card is shown when the dropdown chevron is clicked",""
"passed","Tue May 24 16:37:40 EEST 2022","Tue May 24 16:37:47 EEST 2022","7410","","404 error page functionality testing.","","404 error page functionality testing.","#6 Player can click ""Go to lobby"" button and after that it will redirect to Home page.","#6 Player can click ""Go to lobby"" button and after that it will redirect to Home page.",""
"passed","Tue May 24 16:29:43 EEST 2022","Tue May 24 16:29:49 EEST 2022","6810","","Registration > Step 2","","Registration > Step 2","#07 User cannot enter numbers into step 2 name input fields.","#07 User cannot enter numbers into step 2 name input fields.",""
"passed","Tue May 24 16:24:51 EEST 2022","Tue May 24 16:25:13 EEST 2022","22100","","My Account > Gambling Controls > Play Reminders","","My Account > Gambling Controls > Play Reminders","#6 Player can successfully set a 'Time Limit'.","#6 Player can successfully set a 'Time Limit'.",""
"passed","Tue May 24 16:25:58 EEST 2022","Tue May 24 16:26:12 EEST 2022","14013","","My Account -> Deposit","","My Account -> Deposit","#4 Check user is able to select Instant Bank Transfer and is provided with the correct information for this payment method","#4 Check user is able to select Instant Bank Transfer and is provided with the correct information for this payment method",""
"skipped","Tue May 24 16:42:46 EEST 2022","Tue May 24 16:42:46 EEST 2022","0","","My Account > Gambling Controls > Deposit Limits","","My Account > Gambling Controls > Deposit Limits","#16 Player cannot set Deposit Limit lower than the minimum amount.","#16 Player cannot set Deposit Limit lower than the minimum amount.",""
"failed","Tue May 24 16:39:23 EEST 2022","Tue May 24 16:39:49 EEST 2022","25735","","Home => Terms & Conditions","","Home => Terms & Conditions","#4 User can come to the Responsible Gambling page from terms and conditions page","#4 User can come to the Responsible Gambling page from terms and conditions page",""
"failed","Tue May 24 16:38:26 EEST 2022","Tue May 24 16:38:35 EEST 2022","9202","","Home => Terms & Conditions","","Home => Terms & Conditions","#0 User can come to the terms and conditions page","#0 User can come to the terms and conditions page",""
"passed","Tue May 24 16:42:56 EEST 2022","Tue May 24 16:43:04 EEST 2022","7880","","Home => Terms & Conditions","","Home => Terms & Conditions","#25 User can see the Complaints and disputes section on terms and conditions page","#25 User can see the Complaints and disputes section on terms and conditions page",""
"passed","Tue May 24 16:30:06 EEST 2022","Tue May 24 16:30:10 EEST 2022","4093","","Registration > Step 1","","Registration > Step 1","#08 User can not enter an invaild email address (space in email).","#08 User can not enter an invaild email address (space in email).",""
"passed","Tue May 24 16:38:37 EEST 2022","Tue May 24 16:38:48 EEST 2022","11453","","Log In","","Log In","#12 Players inputs into the password field should be masked by default.","#12 Players inputs into the password field should be masked by default.",""
"passed","Tue May 24 16:19:56 EEST 2022","Tue May 24 16:20:04 EEST 2022","7983","","Footer functionality testing","","Footer functionality testing","#5 Player can see legal and company information","#5 Player can see legal and company information",""
"passed","Tue May 24 16:44:47 EEST 2022","Tue May 24 16:44:56 EEST 2022","9047","","Promotions functionality testing. Promotions functionality for authenticated user. Blocks of promotions.","","Promotions functionality testing. Promotions functionality for authenticated user. Blocks of promotions.","#9 Featured promotions are excluded from the promotions section.","#9 Featured promotions are excluded from the promotions section.",""
"passed","Tue May 24 16:30:16 EEST 2022","Tue May 24 16:30:26 EEST 2022","9930","","Registration > Step 2","","Registration > Step 2","13 User is required to be 18 or over.","13 User is required to be 18 or over.",""
"failed","Tue May 24 16:40:03 EEST 2022","Tue May 24 16:40:16 EEST 2022","13598","","My Profile > Communications Preferences","","My Profile > Communications Preferences","#4 Player can edit their preferences and toggle all preferences with the select all toggle, which upon saving updates the account area","#4 Player can edit their preferences and toggle all preferences with the select all toggle, which upon saving updates the account area",""
"passed","Tue May 24 16:28:56 EEST 2022","Tue May 24 16:29:07 EEST 2022","11381","","Recover Password","","Recover Password","#04 Player can select the 'Cancel and Back To Login' link and is displayed the login section.","#04 Player can select the 'Cancel and Back To Login' link and is displayed the login section.",""
"failed","Tue May 24 16:40:15 EEST 2022","Tue May 24 16:40:40 EEST 2022","25643","","My Account > Gambling Controls > Account Closure > Take A Break","","My Account > Gambling Controls > Account Closure > Take A Break","#8 Player can choose 1 week option for 'Take A Break' and this option should be selected.","#8 Player can choose 1 week option for 'Take A Break' and this option should be selected.",""
"passed","Tue May 24 16:19:44 EEST 2022","Tue May 24 16:19:59 EEST 2022","14592","","Inbox functionality testing","","Inbox functionality testing","#2 Unread message count increases when player receives a new message (requires page refresh)","#2 Unread message count increases when player receives a new message (requires page refresh)",""
"passed","Tue May 24 16:41:30 EEST 2022","Tue May 24 16:41:47 EEST 2022","16375","","My Account > Gambling Controls > Deposit Limits","","My Account > Gambling Controls > Deposit Limits","#11 Player can successfully set a weekly deposit limit if not already set.","#11 Player can successfully set a weekly deposit limit if not already set.",""
"passed","Tue May 24 16:40:20 EEST 2022","Tue May 24 16:40:35 EEST 2022","15362","","Homepage","","Homepage","#11 User is displayed with the correct cash balance format in the dropdown card when balance exceeds 9999 (five figure balance)","#11 User is displayed with the correct cash balance format in the dropdown card when balance exceeds 9999 (five figure balance)",""
"passed","Tue May 24 16:51:09 EEST 2022","Tue May 24 16:51:11 EEST 2022","2016","","Promotions functionality testing. Promotions functionality for unauthenticated user.","","Promotions functionality testing. Promotions functionality for unauthenticated user.","#28 Promotion cards are displayed for not login user.","#28 Promotion cards are displayed for not login user.",""
"passed","Tue May 24 16:27:09 EEST 2022","Tue May 24 16:27:23 EEST 2022","14173","","My Account > Gambling Controls > Loss Limits","","My Account > Gambling Controls > Loss Limits","#17 User can open 'How loss limits work' modal. ","#17 User can open 'How loss limits work' modal. ",""
"passed","Tue May 24 16:23:22 EEST 2022","Tue May 24 16:23:37 EEST 2022","15079","","My Account > Gambling Controls > Loss Limits","","My Account > Gambling Controls > Loss Limits","#2 User can open the Loss Limits Edit modal on edit icon click ","#2 User can open the Loss Limits Edit modal on edit icon click ",""
"passed","Tue May 24 16:43:09 EEST 2022","Tue May 24 16:43:22 EEST 2022","13135","","Registration > Step 4","","Registration > Step 4","#12 User can click on confirm checkbox and click success registration button.","#12 User can click on confirm checkbox and click success registration button.",""
"passed","Tue May 24 16:25:36 EEST 2022","Tue May 24 16:25:51 EEST 2022","14932","","My Account > Gambling Controls > Play Reminders","","My Account > Gambling Controls > Play Reminders","#8 Player can successfully delete their 'Time Limit' on delete icon click.","#8 Player can successfully delete their 'Time Limit' on delete icon click.",""
"failed","Tue May 24 16:38:05 EEST 2022","Tue May 24 16:38:30 EEST 2022","25064","","Home page => Privacy Policy page","","Home page => Privacy Policy page","#4 User can come to the ICO(Information Commissioner's office) page from Privacy Policy page","#4 User can come to the ICO(Information Commissioner's office) page from Privacy Policy page",""
"passed","Tue May 24 16:30:01 EEST 2022","Tue May 24 16:30:06 EEST 2022","4674","","Registration > Step 1","","Registration > Step 1","#07 User can not enter an invaild email address (no @ sign).","#07 User can not enter an invaild email address (no @ sign).",""
"skipped","Tue May 24 16:39:48 EEST 2022","Tue May 24 16:39:48 EEST 2022","1","","My Account > Gambling Controls > Account Closure > Take A Break","","My Account > Gambling Controls > Account Closure > Take A Break","#6 Player can select a reason for taking a break from the drop down menu.","#6 Player can select a reason for taking a break from the drop down menu.",""
"skipped","Tue May 24 16:42:46 EEST 2022","Tue May 24 16:42:46 EEST 2022","0","","My Account > Gambling Controls > Deposit Limits","","My Account > Gambling Controls > Deposit Limits","#17 Player cannot set Deposit Limit higher than the maximum amount.","#17 Player cannot set Deposit Limit higher than the maximum amount.",""
"passed","Tue May 24 16:38:56 EEST 2022","Tue May 24 16:39:04 EEST 2022","7536","","Privacy Policy","","Privacy Policy","#4 After clicking on the second link from 'What personal data do we collect? -> Players', the user should see the page  https://www.merkurcasino.com/.","#4 After clicking on the second link from 'What personal data do we collect? -> Players', the user should see the page  https://www.merkurcasino.com/.",""
"failed","Tue May 24 16:47:27 EEST 2022","Tue May 24 16:47:54 EEST 2022","27050","","Slots page","","Slots page","#10 User click on category and go to category page","#10 User click on category and go to category page",""
"passed","Tue May 24 16:31:06 EEST 2022","Tue May 24 16:31:17 EEST 2022","10348","","Registration > Step 3","","Registration > Step 3","#06 Post Code field is a mandatory field.","#06 Post Code field is a mandatory field.",""
"passed","Tue May 24 16:42:20 EEST 2022","Tue May 24 16:42:46 EEST 2022","26371","","My Account > Gambling Controls > Deposit Limits","","My Account > Gambling Controls > Deposit Limits","#15 Player can successfully change Deposit Limit with a decimal value and receive a success toast on submitting the new amount.","#15 Player can successfully change Deposit Limit with a decimal value and receive a success toast on submitting the new amount.",""
"passed","Tue May 24 16:24:06 EEST 2022","Tue May 24 16:24:22 EEST 2022","15948","","My Account > Gambling Controls > Account Closure > Self Exclusion","","My Account > Gambling Controls > Account Closure > Self Exclusion","#5 Player cannot continue with 'Self Exclusion' if a duration is not selected.","#5 Player cannot continue with 'Self Exclusion' if a duration is not selected.",""
"passed","Tue May 24 16:50:34 EEST 2022","Tue May 24 16:50:50 EEST 2022","15609","","Promotions functionality testing. Promotions functionality for authenticated user. Particular promotions.","","Promotions functionality testing. Promotions functionality for authenticated user. Particular promotions.","#24 User can close deposit bonus modal, remove display bonus modal and return to the launch screen.","#24 User can close deposit bonus modal, remove display bonus modal and return to the launch screen.",""
"passed","Tue May 24 16:48:44 EEST 2022","Tue May 24 16:48:55 EEST 2022","11308","","Promotions functionality testing. Promotions functionality for authenticated user. Particular promotions.","","Promotions functionality testing. Promotions functionality for authenticated user. Particular promotions.","#16 User can opt in bonus and get confirmation modal with all sections.","#16 User can opt in bonus and get confirmation modal with all sections.",""
"passed","Tue May 24 16:32:21 EEST 2022","Tue May 24 16:32:43 EEST 2022","21947","","Spin Zone functionality testing","","Spin Zone functionality testing","#5 Player can open 'Deposit' modal","#5 Player can open 'Deposit' modal",""
"passed","Tue May 24 16:27:05 EEST 2022","Tue May 24 16:27:24 EEST 2022","19362","","My Account > Gambling Controls > Account Closure > Self Exclusion","","My Account > Gambling Controls > Account Closure > Self Exclusion","#17 Player can press 'BACK' for confirmating modal after chosen for 6 months 'Self Exclusion' and should return to previous step.","#17 Player can press 'BACK' for confirmating modal after chosen for 6 months 'Self Exclusion' and should return to previous step.",""
"failed","Tue May 24 16:40:25 EEST 2022","Tue May 24 16:40:37 EEST 2022","12111","","My Account > Settings > Change Password","","My Account > Settings > Change Password","#5 Player cannot submit the Change Password form with blank details.","#5 Player cannot submit the Change Password form with blank details.",""
"passed","Tue May 24 16:49:31 EEST 2022","Tue May 24 16:49:46 EEST 2022","15307","","Promotions functionality testing. Promotions functionality for authenticated user. Particular promotions.","","Promotions functionality testing. Promotions functionality for authenticated user. Particular promotions.","#20 Error message is displayed after user enters amount that is less than the qualification amount for deposit bonus.","#20 Error message is displayed after user enters amount that is less than the qualification amount for deposit bonus.",""
"passed","Tue May 24 16:28:34 EEST 2022","Tue May 24 16:28:44 EEST 2022","10609","","Recover Password","","Recover Password","#02 Player cannot submit a blank email address on the recover password form.","#02 Player cannot submit a blank email address on the recover password form.",""
"failed","Tue May 24 16:46:33 EEST 2022","Tue May 24 16:47:00 EEST 2022","26904","","Slots page","","Slots page","#8 User hover the game card and click on CTA 'INFO' and go to info page, click on JOIN and see register page","#8 User hover the game card and click on CTA 'INFO' and go to info page, click on JOIN and see register page",""
"passed","Tue May 24 16:33:00 EEST 2022","Tue May 24 16:33:12 EEST 2022","11664","","Registration > Step 3","","Registration > Step 3","#19 User can select a Country Code from the dropdown menu.","#19 User can select a Country Code from the dropdown menu.",""
"passed","Tue May 24 16:30:08 EEST 2022","Tue May 24 16:30:16 EEST 2022","7904","","Registration > Step 2","","Registration > Step 2","#12 User cannot enter an invalid date into the date of birth field.","#12 User cannot enter an invalid date into the date of birth field.",""
"passed","Tue May 24 16:42:51 EEST 2022","Tue May 24 16:43:09 EEST 2022","18254","","Registration > Step 4","","Registration > Step 4","#11 User can click and view the Privacy Policy.","#11 User can click and view the Privacy Policy.",""
"passed","Tue May 24 16:43:57 EEST 2022","Tue May 24 16:44:09 EEST 2022","11941","","Registration > Step 4","","Registration > Step 4","#05 User can opt in to receive SMS marketing preferences.","#05 User can opt in to receive SMS marketing preferences.",""
"passed","Tue May 24 16:40:22 EEST 2022","Tue May 24 16:40:30 EEST 2022","8325","","Home => Terms & Conditions","","Home => Terms & Conditions","#7 User can come to the GamStop page from terms and conditions page","#7 User can come to the GamStop page from terms and conditions page",""
"failed","Tue May 24 16:43:57 EEST 2022","Tue May 24 16:44:23 EEST 2022","25915","","My Account > Gambling Controls > Account Closure > Take A Break","","My Account > Gambling Controls > Account Closure > Take A Break","#17 Player can close the take a break modal.","#17 Player can close the take a break modal.",""
"passed","Tue May 24 16:51:16 EEST 2022","Tue May 24 16:51:18 EEST 2022","2359","","Promotions functionality testing. Promotions functionality for unauthenticated user.","","Promotions functionality testing. Promotions functionality for unauthenticated user.","#32 Promo title of promotion card is displayed for not login user.","#32 Promo title of promotion card is displayed for not login user.",""
"passed","Tue May 24 16:29:05 EEST 2022","Tue May 24 16:29:14 EEST 2022","9326","","Registration > Step 2","","Registration > Step 2","#01 User is displayed the correct content and input fields for Step 2.","#01 User is displayed the correct content and input fields for Step 2.",""
"failed","Tue May 24 16:48:15 EEST 2022","Tue May 24 16:48:44 EEST 2022","28398","","Promotions functionality testing. Promotions functionality for authenticated user. Particular promotions.","","Promotions functionality testing. Promotions functionality for authenticated user. Particular promotions.","#15 User can press Back CTA for More Info page and be taken to the list of promotions.","#15 User can press Back CTA for More Info page and be taken to the list of promotions.",""
"failed","Tue May 24 16:40:43 EEST 2022","Tue May 24 16:40:57 EEST 2022","13224","","My Profile > Communications Preferences","","My Profile > Communications Preferences","#7 Player can edit their preferences and select just the Post toggle, which upon saving updates the account area accordingly","#7 Player can edit their preferences and select just the Post toggle, which upon saving updates the account area accordingly",""
"passed","Tue May 24 16:42:47 EEST 2022","Tue May 24 16:42:56 EEST 2022","9024","","Home => Terms & Conditions","","Home => Terms & Conditions","#24 User can see the Limitation of Liability section on terms and conditions page","#24 User can see the Limitation of Liability section on terms and conditions page",""
"passed","Tue May 24 16:29:24 EEST 2022","Tue May 24 16:29:32 EEST 2022","7621","","Registration > Step 1","","Registration > Step 1","#03 User is prompted with the 'Account already exists' drawer if they enter an email address that already exists.","#03 User is prompted with the 'Account already exists' drawer if they enter an email address that already exists.",""
"failed","Tue May 24 16:39:48 EEST 2022","Tue May 24 16:40:15 EEST 2022","26301","","My Account > Gambling Controls > Account Closure > Take A Break","","My Account > Gambling Controls > Account Closure > Take A Break","#7 Player can choose 24 hours option for 'Take A Break' and this option should be selected.","#7 Player can choose 24 hours option for 'Take A Break' and this option should be selected.",""
"passed","Tue May 24 16:25:13 EEST 2022","Tue May 24 16:25:36 EEST 2022","22352","","My Account > Gambling Controls > Play Reminders","","My Account > Gambling Controls > Play Reminders","#7 Player can successfully edit their 'Time Limit'.","#7 Player can successfully edit their 'Time Limit'.",""
"passed","Tue May 24 16:20:38 EEST 2022","Tue May 24 16:20:52 EEST 2022","13825","","Inbox functionality testing","","Inbox functionality testing","#6 Player can open message and display the message contents (heading, date/time & body)","#6 Player can open message and display the message contents (heading, date/time & body)",""
"failed","Tue May 24 16:44:54 EEST 2022","Tue May 24 16:45:18 EEST 2022","23465","","Slots page","","Slots page","#4 User can see game carousel and can scroll it","#4 User can see game carousel and can scroll it",""
"passed","Tue May 24 16:38:52 EEST 2022","Tue May 24 16:39:10 EEST 2022","17333","","Homepage","","Homepage","#6 The details balance card is dismissed when the user clicks and drags the footer","#6 The details balance card is dismissed when the user clicks and drags the footer",""
"passed","Tue May 24 16:37:08 EEST 2022","Tue May 24 16:37:12 EEST 2022","4374","","404 error page functionality testing.","","404 error page functionality testing.","#1 404 error page is displayed.","#1 404 error page is displayed.",""
"passed","Tue May 24 16:19:35 EEST 2022","Tue May 24 16:19:56 EEST 2022","20732","","Footer functionality testing","","Footer functionality testing","#4 Player can see safer gambling logos","#4 Player can see safer gambling logos",""
"passed","Tue May 24 16:32:52 EEST 2022","Tue May 24 16:33:00 EEST 2022","8082","","Registration > Step 3","","Registration > Step 3","#18 Country Code is populated by default.","#18 Country Code is populated by default.",""
"failed","Tue May 24 16:42:21 EEST 2022","Tue May 24 16:42:36 EEST 2022","14606","","My Account > Settings > Change Password","","My Account > Settings > Change Password","#14 Player inputs into the password fields should be masked by default.","#14 Player inputs into the password fields should be masked by default.",""
"passed","Tue May 24 16:22:29 EEST 2022","Tue May 24 16:22:46 EEST 2022","16201","","Deep Link -> Loss Limits","","Deep Link -> Loss Limits","#2 Deep link to loss limits open login when not logged in before loss limits","#2 Deep link to loss limits open login when not logged in before loss limits",""
"passed","Tue May 24 16:19:59 EEST 2022","Tue May 24 16:20:12 EEST 2022","12751","","Inbox functionality testing","","Inbox functionality testing","#3 New messages are marked with a NEW message sticker","#3 New messages are marked with a NEW message sticker",""
"failed","Tue May 24 16:42:48 EEST 2022","Tue May 24 16:43:02 EEST 2022","13923","","My Account > Settings > Change Password","","My Account > Settings > Change Password","#16 Player can successfully update and sign in with their new password.","#16 Player can successfully update and sign in with their new password.",""
"passed","Tue May 24 16:28:24 EEST 2022","Tue May 24 16:28:34 EEST 2022","10017","","Recover Password","","Recover Password","#01 Player can navigate to the recover password form and is displayed with the correct fields.","#01 Player can navigate to the recover password form and is displayed with the correct fields.",""
"passed","Tue May 24 16:21:10 EEST 2022","Tue May 24 16:21:23 EEST 2022","12753","","Inbox functionality testing","","Inbox functionality testing","#8 Player with 15 or more messages, view more button is shown","#8 Player with 15 or more messages, view more button is shown",""
"passed","Tue May 24 16:41:20 EEST 2022","Tue May 24 16:41:34 EEST 2022","14130","","Registration > Step 4","","Registration > Step 4","#01 User is displayed the correct content and defaut options for Step 4.","#01 User is displayed the correct content and defaut options for Step 4.",""
"passed","Tue May 24 16:32:43 EEST 2022","Tue May 24 16:32:52 EEST 2022","9555","","Registration > Step 3","","Registration > Step 3","#17 User cannot enter spaces into Phone Number field.","#17 User cannot enter spaces into Phone Number field.",""
"failed","Tue May 24 16:42:26 EEST 2022","Tue May 24 16:42:33 EEST 2022","7882","","Home => Terms & Conditions","","Home => Terms & Conditions","#21 User can see the Responsible Gambling section on terms and conditions page","#21 User can see the Responsible Gambling section on terms and conditions page",""
"passed","Tue May 24 16:41:22 EEST 2022","Tue May 24 16:41:30 EEST 2022","8050","","Home => Terms & Conditions","","Home => Terms & Conditions","#13 User can see the Other Important Terms section on terms and conditions page","#13 User can see the Other Important Terms section on terms and conditions page",""
"passed","Tue May 24 16:31:17 EEST 2022","Tue May 24 16:31:29 EEST 2022","11988","","Registration > Step 3","","Registration > Step 3","#07 User cannot enter invalid characters into the Address Line 1 field.","#07 User cannot enter invalid characters into the Address Line 1 field.",""
"passed","Tue May 24 16:42:20 EEST 2022","Tue May 24 16:42:35 EEST 2022","14490","","Registration > Step 4","","Registration > Step 4","#08 User can overwrite Select All option and de-select a preference.","#08 User can overwrite Select All option and de-select a preference.",""
"failed","Tue May 24 16:43:16 EEST 2022","Tue May 24 16:43:32 EEST 2022","15897","","My Account > Gambling Controls > Account Closure > Take A Break","","My Account > Gambling Controls > Account Closure > Take A Break","#15 Player can choose to view the 'Self Exclusion' service from the 'Take A Break' modal.","#15 Player can choose to view the 'Self Exclusion' service from the 'Take A Break' modal.",""
"failed","Tue May 24 16:40:50 EEST 2022","Tue May 24 16:41:03 EEST 2022","12848","","My Account > Settings > Change Password","","My Account > Settings > Change Password","#7 Player is displayed with the password requirements when they start to enter a new password.","#7 Player is displayed with the password requirements when they start to enter a new password.",""
"passed","Tue May 24 16:41:34 EEST 2022","Tue May 24 16:41:55 EEST 2022","20868","","Registration > Step 4","","Registration > Step 4","#02 User can navigate back to the previous step.","#02 User can navigate back to the previous step.",""
"passed","Tue May 24 16:29:37 EEST 2022","Tue May 24 16:29:48 EEST 2022","11754","","Recover Password","","Recover Password","#08 Player can submit an email address which does not exist and still receives a success message on submitting the recover password form.","#08 Player can submit an email address which does not exist and still receives a success message on submitting the recover password form.",""
"failed","Tue May 24 16:40:57 EEST 2022","Tue May 24 16:41:10 EEST 2022","12912","","My Profile > Communications Preferences","","My Profile > Communications Preferences","#8 Player can edit their preferences and select just the Phone toggle, which upon saving updates the account area accordingly","#8 Player can edit their preferences and select just the Phone toggle, which upon saving updates the account area accordingly",""
"passed","Tue May 24 16:30:21 EEST 2022","Tue May 24 16:30:31 EEST 2022","9498","","Registration > Step 1","","Registration > Step 1","#12 User can successfully enter email address with local domain (.de).","#12 User can successfully enter email address with local domain (.de).",""
"passed","Tue May 24 16:23:37 EEST 2022","Tue May 24 16:23:55 EEST 2022","18022","","My Account > Gambling Controls > Loss Limits","","My Account > Gambling Controls > Loss Limits","#3 User can close the Loss Limits Edit modal","#3 User can close the Loss Limits Edit modal",""
"passed","Tue May 24 16:23:55 EEST 2022","Tue May 24 16:24:10 EEST 2022","15227","","My Account > Gambling Controls > Loss Limits","","My Account > Gambling Controls > Loss Limits","#4 User can open the Loss Limits Delete modal on delete icon click ","#4 User can open the Loss Limits Delete modal on delete icon click ",""
"passed","Tue May 24 16:43:54 EEST 2022","Tue May 24 16:44:11 EEST 2022","17490","","My Account > Gambling Controls > Deposit Limits","","My Account > Gambling Controls > Deposit Limits","#22 Player can close 'How deposit limits work' modal.","#22 Player can close 'How deposit limits work' modal.",""
"passed","Tue May 24 16:51:37 EEST 2022","Tue May 24 16:51:39 EEST 2022","2735","","Promotions functionality testing. Promotions functionality for unauthenticated user.","","Promotions functionality testing. Promotions functionality for unauthenticated user.","#39 User can click see full terms CTA and go to Term and Conditions.","#39 User can click see full terms CTA and go to Term and Conditions.",""
"passed","Tue May 24 16:19:44 EEST 2022","Tue May 24 16:19:50 EEST 2022","5931","","Expired Link Error","","Expired Link Error","#7 User can click on x button and close reset password window. ","#7 User can click on x button and close reset password window. ",""
"failed","Tue May 24 16:41:15 EEST 2022","Tue May 24 16:41:29 EEST 2022","13071","","My Account > Settings > Change Password","","My Account > Settings > Change Password","#9 New password must contain a combination of upper and lower case letters (all upper case).","#9 New password must contain a combination of upper and lower case letters (all upper case).",""
"passed","Tue May 24 16:40:53 EEST 2022","Tue May 24 16:41:00 EEST 2022","7935","","Home => Terms & Conditions","","Home => Terms & Conditions","#9 User can see Introduction section on terms and conditions page","#9 User can see Introduction section on terms and conditions page",""
"passed","Tue May 24 16:51:47 EEST 2022","Tue May 24 16:51:51 EEST 2022","3658","","Promotions functionality testing. Promotions functionality for unauthenticated user.","","Promotions functionality testing. Promotions functionality for unauthenticated user.","#42 Login form appears after press CLAIM CTA for CLAIM bonus of unauthenticated user.","#42 Login form appears after press CLAIM CTA for CLAIM bonus of unauthenticated user.",""
"failed","Tue May 24 16:42:36 EEST 2022","Tue May 24 16:42:48 EEST 2022","12558","","My Account > Settings > Change Password","","My Account > Settings > Change Password","#15 Player should be able to show/hide their inputs into the password fields.","#15 Player should be able to show/hide their inputs into the password fields.",""
"failed","Tue May 24 16:37:08 EEST 2022","Tue May 24 16:37:44 EEST 2022","35585","","Deep Link -> Change Password","","Deep Link -> Change Password","#1 Deep link to change password opens when logged in","#1 Deep link to change password opens when logged in",""
"passed","Tue May 24 16:25:37 EEST 2022","Tue May 24 16:25:52 EEST 2022","15151","","My Account > Gambling Controls > Loss Limits","","My Account > Gambling Controls > Loss Limits","#10 User can successfully set a monthly loss limit if not already set ","#10 User can successfully set a monthly loss limit if not already set ",""
"failed","Tue May 24 16:40:12 EEST 2022","Tue May 24 16:40:25 EEST 2022","12919","","My Account > Settings > Change Password","","My Account > Settings > Change Password","#4 New Password is a mandatory field.","#4 New Password is a mandatory field.",""
"passed","Tue May 24 16:38:24 EEST 2022","Tue May 24 16:38:37 EEST 2022","13396","","Log In","","Log In","#07 Player cannot login when entering an incorrect password.","#07 Player cannot login when entering an incorrect password.",""
"passed","Tue May 24 16:43:12 EEST 2022","Tue May 24 16:43:19 EEST 2022","6975","","Home => Terms & Conditions","","Home => Terms & Conditions","#27 User can opened mail client after clicks/taps on “care@merkurslots.com” ","#27 User can opened mail client after clicks/taps on “care@merkurslots.com” ",""
"passed","Tue May 24 16:41:46 EEST 2022","Tue May 24 16:41:53 EEST 2022","6877","","Home => Terms & Conditions","","Home => Terms & Conditions","#16 User can see the Playing for Real Money section on terms and conditions page","#16 User can see the Playing for Real Money section on terms and conditions page",""
"passed","Tue May 24 16:19:33 EEST 2022","Tue May 24 16:19:39 EEST 2022","5411","","Expired Link Error","","Expired Link Error","#5 User can click on Login button and see Login page. ","#5 User can click on Login button and see Login page. ",""
"passed","Tue May 24 16:42:33 EEST 2022","Tue May 24 16:42:41 EEST 2022","7234","","Home => Terms & Conditions","","Home => Terms & Conditions","#22 User can see the Promotions section on terms and conditions page","#22 User can see the Promotions section on terms and conditions page",""
"passed","Tue May 24 16:37:27 EEST 2022","Tue May 24 16:37:31 EEST 2022","4567","","404 error page functionality testing.","","404 error page functionality testing.","#4 Player can click ""Join"" button and after that it will redirect to Register page.","#4 Player can click ""Join"" button and after that it will redirect to Register page.",""
"passed","Tue May 24 16:42:10 EEST 2022","Tue May 24 16:42:17 EEST 2022","7623","","Home => Terms & Conditions","","Home => Terms & Conditions","#19 User can see the Inactive Customer Accounts section on terms and conditions page","#19 User can see the Inactive Customer Accounts section on terms and conditions page",""
"failed","Tue May 24 16:37:56 EEST 2022","Tue May 24 16:38:12 EEST 2022","16683","","Deep Link -> Edit Phone","","Deep Link -> Edit Phone","#1 Deep link to edit phone opens when logged in","#1 Deep link to edit phone opens when logged in",""
"passed","Tue May 24 16:38:51 EEST 2022","Tue May 24 16:39:05 EEST 2022","14685","","My Account > Gambling Controls > Deposit Limits","","My Account > Gambling Controls > Deposit Limits","#2 Player is displayed 'Set Deposit Limit' text if no deposit limits are set.","#2 Player is displayed 'Set Deposit Limit' text if no deposit limits are set.",""
"passed","Tue May 24 16:19:17 EEST 2022","Tue May 24 16:19:21 EEST 2022","3881","","Expired Link Error","","Expired Link Error","#2 All elements are persisted on the page. ","#2 All elements are persisted on the page. ",""
"passed","Tue May 24 16:27:39 EEST 2022","Tue May 24 16:27:56 EEST 2022","17016","","My Profile > Contact Details","","My Profile > Contact Details","#06 Player can update country code number.","#06 Player can update country code number.",""
"passed","Tue May 24 16:37:19 EEST 2022","Tue May 24 16:37:34 EEST 2022","15144","","Logout","","Logout","#02 Player is logged out of site if clearing there cookies.","#02 Player is logged out of site if clearing there cookies.",""
"passed","Tue May 24 16:43:08 EEST 2022","Tue May 24 16:43:17 EEST 2022","8921","","Promotions functionality testing. Promotions functionality for authenticated user. Blocks of promotions.","","Promotions functionality testing. Promotions functionality for authenticated user. Blocks of promotions.","#1 Featured Promotions and Promotions section are displayed.","#1 Featured Promotions and Promotions section are displayed.",""
"passed","Tue May 24 16:29:02 EEST 2022","Tue May 24 16:29:07 EEST 2022","5611","","Registration > Step 1","","Registration > Step 1","#01 User is displayed the correct content and input fields for Step 1.","#01 User is displayed the correct content and input fields for Step 1.",""
"passed","Tue May 24 16:26:11 EEST 2022","Tue May 24 16:26:31 EEST 2022","20117","","My Account > Gambling Controls > Loss Limits","","My Account > Gambling Controls > Loss Limits","#14 User cannot set a Loss Limit higher than the maximum amount. ","#14 User cannot set a Loss Limit higher than the maximum amount. ",""
"failed","Tue May 24 16:42:49 EEST 2022","Tue May 24 16:43:16 EEST 2022","26743","","My Account > Gambling Controls > Account Closure > Take A Break","","My Account > Gambling Controls > Account Closure > Take A Break","#14 Player can continue with chosen 6 weeks option to 'Take A Break' and confirming modal should display.","#14 Player can continue with chosen 6 weeks option to 'Take A Break' and confirming modal should display.",""
"passed","Tue May 24 16:31:43 EEST 2022","Tue May 24 16:32:03 EEST 2022","19935","","Spin Zone functionality testing","","Spin Zone functionality testing","#3 Player can close Game menu","#3 Player can close Game menu",""
"passed","Tue May 24 16:44:09 EEST 2022","Tue May 24 16:44:18 EEST 2022","9019","","Registration > Step 4","","Registration > Step 4","#09 User can select multiple marketing preferences.","#09 User can select multiple marketing preferences.",""
"passed","Tue May 24 16:39:49 EEST 2022","Tue May 24 16:39:57 EEST 2022","8438","","Home => Terms & Conditions","","Home => Terms & Conditions","#5 User can come to the Gamble Aware page from terms and conditions page","#5 User can come to the Gamble Aware page from terms and conditions page",""
"skipped","Tue May 24 16:24:06 EEST 2022","Tue May 24 16:24:06 EEST 2022","1","","My Account > Gambling Controls > Account Closure > Self Exclusion","","My Account > Gambling Controls > Account Closure > Self Exclusion","#4 Player cannot continue with 'Self Exclusion' if a reason is not selected.","#4 Player cannot continue with 'Self Exclusion' if a reason is not selected.",""
"passed","Tue May 24 16:51:56 EEST 2022","Tue May 24 16:52:02 EEST 2022","6500","","Promotions functionality testing. Promotions functionality for unauthenticated user.","","Promotions functionality testing. Promotions functionality for unauthenticated user.","#44 User can see list of promotions after click Back button from more info details.","#44 User can see list of promotions after click Back button from more info details.",""
"passed","Tue May 24 16:41:07 EEST 2022","Tue May 24 16:41:13 EEST 2022","6240","","Home => Terms & Conditions","","Home => Terms & Conditions","#11 User can see the Definitions section on terms and conditions page","#11 User can see the Definitions section on terms and conditions page",""
"failed","Tue May 24 16:39:59 EEST 2022","Tue May 24 16:40:12 EEST 2022","12758","","My Account > Settings > Change Password","","My Account > Settings > Change Password","#3 Current Password is a mandatory field.","#3 Current Password is a mandatory field.",""
"passed","Tue May 24 16:39:47 EEST 2022","Tue May 24 16:40:06 EEST 2022","19634","","Homepage","","Homepage","#9 Bonus amount is updated correctly in the dropdown details when bonus balance is adjusted","#9 Bonus amount is updated correctly in the dropdown details when bonus balance is adjusted",""
