"Status","Start Time","Stop Time","Duration in ms","Parent Suite","Suite","Sub Suite","Test Class","Test Method","Name","Description"
"passed","Mon Apr 25 20:20:59 EEST 2022","Mon Apr 25 20:21:14 EEST 2022","15111","","Logout","","Logout","#01 Player can successfully logout.","#01 Player can successfully logout.",""
"passed","Mon Apr 25 20:42:27 EEST 2022","Mon Apr 25 20:42:31 EEST 2022","3759","","Footer functionality testing","","Footer functionality testing","#5 Player can see legal and company information","#5 Player can see legal and company information",""
"passed","Mon Apr 25 20:41:27 EEST 2022","Mon Apr 25 20:41:43 EEST 2022","16168","","Inbox functionality testing","","Inbox functionality testing","#1 Unread message count is present on Inbox navigation bar icon if player has unread messages","#1 Unread message count is present on Inbox navigation bar icon if player has unread messages",""
"failed","Mon Apr 25 20:44:37 EEST 2022","Mon Apr 25 20:44:49 EEST 2022","12149","","My Account -> Deposit","","My Account -> Deposit","#7 Check user is able to deposit with a valid card and is presented with success modal","#7 Check user is able to deposit with a valid card and is presented with success modal",""
"passed","Mon Apr 25 20:19:15 EEST 2022","Mon Apr 25 20:19:17 EEST 2022","1953","","404 error page functionality testing.","","404 error page functionality testing.","#3 Player can click ""Logo"" button and after that it will redirect to Home page.","#3 Player can click ""Logo"" button and after that it will redirect to Home page.",""
"passed","Mon Apr 25 20:44:07 EEST 2022","Mon Apr 25 20:44:12 EEST 2022","4930","","Registration > Step 2","","Registration > Step 2","#14 User cannot enter invalid characters into the date of birth field.","#14 User cannot enter invalid characters into the date of birth field.",""
"passed","Mon Apr 25 20:43:52 EEST 2022","Mon Apr 25 20:44:08 EEST 2022","15387","","My Account > Gambling Controls > Deposit Limits","","My Account > Gambling Controls > Deposit Limits","#7 Player can open the Deposit Limits Delete modal on delete icon click.","#7 Player can open the Deposit Limits Delete modal on delete icon click.",""
"passed","Mon Apr 25 20:19:24 EEST 2022","Mon Apr 25 20:19:29 EEST 2022","4370","","Expired Link Error","","Expired Link Error","#8 User can enter an email and reset the password (Sent button with a tick will be displayed).","#8 User can enter an email and reset the password (Sent button with a tick will be displayed).",""
"passed","Mon Apr 25 20:43:27 EEST 2022","Mon Apr 25 20:43:43 EEST 2022","16019","","My Account > Gambling Controls > Account Closure > Take A Break","","My Account > Gambling Controls > Account Closure > Take A Break","#5 Player cannot continue with 'Take A Break' if a duration is not selected.","#5 Player cannot continue with 'Take A Break' if a duration is not selected.",""
"passed","Mon Apr 25 20:26:08 EEST 2022","Mon Apr 25 20:26:25 EEST 2022","16355","","My Account > Gambling Controls > Account Closure > Self Exclusion","","My Account > Gambling Controls > Account Closure > Self Exclusion","#14 Player can continue with chosen 18 months option to 'Self Exclusion' and confirming modal should display.","#14 Player can continue with chosen 18 months option to 'Self Exclusion' and confirming modal should display.",""
"failed","Mon Apr 25 20:43:31 EEST 2022","Mon Apr 25 20:43:36 EEST 2022","5286","","Home => Terms & Conditions","","Home => Terms & Conditions","#19 User can see the Inactive Customer Accounts section on terms and conditions page","#19 User can see the Inactive Customer Accounts section on terms and conditions page",""
"passed","Mon Apr 25 20:19:53 EEST 2022","Mon Apr 25 20:19:56 EEST 2022","2970","","Landing Page/Welcome Offer page","","Landing Page/Welcome Offer page","#6 User can click on the WELCOME BONUS FULL TERMS AND CONDITIONS","#6 User can click on the WELCOME BONUS FULL TERMS AND CONDITIONS",""
"passed","Mon Apr 25 20:41:51 EEST 2022","Mon Apr 25 20:42:22 EEST 2022","31256","","Home => Terms & Conditions","","Home => Terms & Conditions","#6 User can come to the GamCare page from terms and conditions page","#6 User can come to the GamCare page from terms and conditions page",""
"failed","Mon Apr 25 20:29:29 EEST 2022","Mon Apr 25 20:29:51 EEST 2022","22083","","Promotions functionality testing. Promotions functionality for authenticated user. Blocks of promotions.","","Promotions functionality testing. Promotions functionality for authenticated user. Blocks of promotions.","#8 Active promotions are excluded from the promotions section.","#8 Active promotions are excluded from the promotions section.",""
"passed","Mon Apr 25 20:19:41 EEST 2022","Mon Apr 25 20:19:45 EEST 2022","4016","","Landing Page/Welcome Offer page","","Landing Page/Welcome Offer page","#4 User clicks on ""Be Aware Gambling"" link at Welcome Offer page","#4 User clicks on ""Be Aware Gambling"" link at Welcome Offer page",""
"passed","Mon Apr 25 20:23:20 EEST 2022","Mon Apr 25 20:23:38 EEST 2022","18045","","My Account > Gambling Controls > Account Closure > Self Exclusion","","My Account > Gambling Controls > Account Closure > Self Exclusion","#2 Player can close the 'Self Exclusion' modal.","#2 Player can close the 'Self Exclusion' modal.",""
"passed","Mon Apr 25 20:25:52 EEST 2022","Mon Apr 25 20:26:08 EEST 2022","16311","","My Account > Gambling Controls > Account Closure > Self Exclusion","","My Account > Gambling Controls > Account Closure > Self Exclusion","#13 Player can continue with chosen 12 months option to 'Self Exclusion' and confirming modal should display.","#13 Player can continue with chosen 12 months option to 'Self Exclusion' and confirming modal should display.",""
"passed","Mon Apr 25 20:22:39 EEST 2022","Mon Apr 25 20:22:52 EEST 2022","13599","","My Account > Gambling Controls > Loss Limits","","My Account > Gambling Controls > Loss Limits","#1 User can view their Loss limits ","#1 User can view their Loss limits ",""
"passed","Mon Apr 25 20:32:58 EEST 2022","Mon Apr 25 20:33:13 EEST 2022","14861","","Promotions functionality testing. Promotions functionality for authenticated user. Particular promotions.","","Promotions functionality testing. Promotions functionality for authenticated user. Particular promotions.","#23 User can click on the terms and conditions link and the terms and all sections of conditions are displayed for deposit bonus.","#23 User can click on the terms and conditions link and the terms and all sections of conditions are displayed for deposit bonus.",""
"passed","Mon Apr 25 20:32:37 EEST 2022","Mon Apr 25 20:32:53 EEST 2022","16187","","Spin Zone functionality testing","","Spin Zone functionality testing","#8 Player can open 'Search Games' modal","#8 Player can open 'Search Games' modal",""
"passed","Mon Apr 25 20:30:41 EEST 2022","Mon Apr 25 20:30:51 EEST 2022","9896","","Registration > Step 4","","Registration > Step 4","#06 User can opt in to receive Post marketing preferences.","#06 User can opt in to receive Post marketing preferences.",""
"failed","Mon Apr 25 20:44:07 EEST 2022","Mon Apr 25 20:44:12 EEST 2022","4979","","Home => Terms & Conditions","","Home => Terms & Conditions","#26 User can see the Miscellaneous section on terms and conditions page","#26 User can see the Miscellaneous section on terms and conditions page",""
"failed","Mon Apr 25 20:43:52 EEST 2022","Mon Apr 25 20:43:57 EEST 2022","4904","","Home => Terms & Conditions","","Home => Terms & Conditions","#23 User can see the Intellectual Property section on terms and conditions page","#23 User can see the Intellectual Property section on terms and conditions page",""
"passed","Mon Apr 25 20:29:48 EEST 2022","Mon Apr 25 20:29:51 EEST 2022","2938","","Registration > Step 1","","Registration > Step 1","#12 User can successfully enter email address with local domain (.de).","#12 User can successfully enter email address with local domain (.de).",""
"passed","Mon Apr 25 20:29:21 EEST 2022","Mon Apr 25 20:29:35 EEST 2022","13150","","My Account > Settings > Change Password","","My Account > Settings > Change Password","#10 New password must contain a minimum of 8 characters.","#10 New password must contain a minimum of 8 characters.",""
"skipped","Mon Apr 25 20:43:43 EEST 2022","Mon Apr 25 20:43:43 EEST 2022","2","","My Account > Gambling Controls > Account Closure > Take A Break","","My Account > Gambling Controls > Account Closure > Take A Break","#6 Player can select a reason for taking a break from the drop down menu.","#6 Player can select a reason for taking a break from the drop down menu.",""
"failed","Mon Apr 25 20:44:49 EEST 2022","Mon Apr 25 20:44:54 EEST 2022","4307","","Slots page","","Slots page","#8 User hover the game card and click on CTA 'INFO' and go to info page, click on JOIN and see register page","#8 User hover the game card and click on CTA 'INFO' and go to info page, click on JOIN and see register page",""
"passed","Mon Apr 25 20:44:04 EEST 2022","Mon Apr 25 20:44:18 EEST 2022","14074","","Inbox functionality testing","","Inbox functionality testing","#11 Player can delete a message using the message options, removing it from the list","#11 Player can delete a message using the message options, removing it from the list",""
"passed","Mon Apr 25 20:25:29 EEST 2022","Mon Apr 25 20:25:50 EEST 2022","20662","","My Account > Gambling Controls > Loss Limits","","My Account > Gambling Controls > Loss Limits","#13 User cannot set a Loss Limit lower than the minimum amount. ","#13 User cannot set a Loss Limit lower than the minimum amount. ",""
"passed","Mon Apr 25 20:43:09 EEST 2022","Mon Apr 25 20:43:19 EEST 2022","10038","","Inbox functionality testing","","Inbox functionality testing","#8 Player with 15 or more messages, view more button is shown","#8 Player with 15 or more messages, view more button is shown",""
"passed","Mon Apr 25 20:20:51 EEST 2022","Mon Apr 25 20:20:55 EEST 2022","3960","","Landing Page/Shop Welcome page","","Landing Page/Shop Welcome page","#8 User can come to the Promotion page from the Shop Welcome page","#8 User can come to the Promotion page from the Shop Welcome page",""
"skipped","Mon Apr 25 20:45:44 EEST 2022","Mon Apr 25 20:45:44 EEST 2022","1","","My Account > Gambling Controls > Deposit Limits","","My Account > Gambling Controls > Deposit Limits","#14 Player can successfully set Deposit Limit to the minimum allowed value and will receive a success toast on submitting the new amount.","#14 Player can successfully set Deposit Limit to the minimum allowed value and will receive a success toast on submitting the new amount.",""
"passed","Mon Apr 25 20:29:15 EEST 2022","Mon Apr 25 20:29:29 EEST 2022","13668","","Promotions functionality testing. Promotions functionality for authenticated user. Blocks of promotions.","","Promotions functionality testing. Promotions functionality for authenticated user. Blocks of promotions.","#7 Promotions are displayed in correct order.","#7 Promotions are displayed in correct order.",""
"failed","Mon Apr 25 20:35:30 EEST 2022","Mon Apr 25 20:35:52 EEST 2022","21651","","Promotions functionality testing. Promotions functionality for unauthenticated user.","","Promotions functionality testing. Promotions functionality for unauthenticated user.","#33 Short description of promotion card is displayed for not login user.","#33 Short description of promotion card is displayed for not login user.",""
"passed","Mon Apr 25 20:30:45 EEST 2022","Mon Apr 25 20:30:53 EEST 2022","8686","","Registration > Step 3","","Registration > Step 3","#09 User cannot enter invalid characters into the City field.","#09 User cannot enter invalid characters into the City field.",""
"passed","Mon Apr 25 20:28:50 EEST 2022","Mon Apr 25 20:28:55 EEST 2022","5889","","Recover Password","","Recover Password","#04 Player can select the 'Cancel and Back To Login' link and is displayed the login section.","#04 Player can select the 'Cancel and Back To Login' link and is displayed the login section.",""
"passed","Mon Apr 25 20:45:17 EEST 2022","Mon Apr 25 20:45:31 EEST 2022","13824","","My Account > Gambling Controls > Deposit Limits","","My Account > Gambling Controls > Deposit Limits","#12 Player can successfully set a monthly deposit limit if not already set.","#12 Player can successfully set a monthly deposit limit if not already set.",""
"passed","Mon Apr 25 20:19:25 EEST 2022","Mon Apr 25 20:19:33 EEST 2022","8321","","Homepage","","Homepage","#2 Authenticated users can preview their balance in the navigation bar","#2 Authenticated users can preview their balance in the navigation bar",""
"passed","Mon Apr 25 20:19:18 EEST 2022","Mon Apr 25 20:19:20 EEST 2022","1997","","Expired Link Error","","Expired Link Error","#5 User can click on Login button and see Login page. ","#5 User can click on Login button and see Login page. ",""
"skipped","Mon Apr 25 20:24:11 EEST 2022","Mon Apr 25 20:24:11 EEST 2022","1","","My Account > Gambling Controls > Account Closure > Self Exclusion","","My Account > Gambling Controls > Account Closure > Self Exclusion","#6 Player can select a reason for taking self exclusion the drop down menu.","#6 Player can select a reason for taking self exclusion the drop down menu.",""
"passed","Mon Apr 25 20:29:38 EEST 2022","Mon Apr 25 20:29:57 EEST 2022","19021","","My Profile > Communications Preferences","","My Profile > Communications Preferences","#9 Player can unselect all preferences using the select all toggle (select all toggle already active), which upon saving updates the account area accordingly","#9 Player can unselect all preferences using the select all toggle (select all toggle already active), which upon saving updates the account area accordingly",""
"failed","Mon Apr 25 20:46:09 EEST 2022","Mon Apr 25 20:46:30 EEST 2022","21162","","My Account > Gambling Controls > Account Closure > Take A Break","","My Account > Gambling Controls > Account Closure > Take A Break","#13 Player can continue with chosen 3 weeks option to 'Take A Break' and confirming modal should display.","#13 Player can continue with chosen 3 weeks option to 'Take A Break' and confirming modal should display.",""
"failed","Mon Apr 25 20:43:27 EEST 2022","Mon Apr 25 20:43:31 EEST 2022","4471","","Home => Terms & Conditions","","Home => Terms & Conditions","#18 User can see the Anti-Money Laundering section on terms and conditions page","#18 User can see the Anti-Money Laundering section on terms and conditions page",""
"passed","Mon Apr 25 20:20:37 EEST 2022","Mon Apr 25 20:20:45 EEST 2022","8312","","Home page => Privacy Policy page","","Home page => Privacy Policy page","#4 User can come to the ICO(Information Commissioner's office) page from Privacy Policy page","#4 User can come to the ICO(Information Commissioner's office) page from Privacy Policy page",""
"passed","Mon Apr 25 20:44:37 EEST 2022","Mon Apr 25 20:44:41 EEST 2022","3403","","Slots page","","Slots page","#5 User can see on hero banner carousel primary button CTA, can click on it and see game info page","#5 User can see on hero banner carousel primary button CTA, can click on it and see game info page",""
"failed","Mon Apr 25 20:43:03 EEST 2022","Mon Apr 25 20:43:07 EEST 2022","4763","","Home => Terms & Conditions","","Home => Terms & Conditions","#13 User can see the Other Important Terms section on terms and conditions page","#13 User can see the Other Important Terms section on terms and conditions page",""
"passed","Mon Apr 25 20:28:24 EEST 2022","Mon Apr 25 20:28:34 EEST 2022","9835","","Homepage","","Homepage","#4 After clicking on the second link from 'What personal data do we collect? -> Players', the user should see the page  https://www.merkurcasino.com/.","#4 After clicking on the second link from 'What personal data do we collect? -> Players', the user should see the page  https://www.merkurcasino.com/.",""
"failed","Mon Apr 25 20:43:27 EEST 2022","Mon Apr 25 20:43:32 EEST 2022","4653","","Registration > Step 2","","Registration > Step 2","#05 Date of Birth is a mandatory field.","#05 Date of Birth is a mandatory field.",""
"failed","Mon Apr 25 20:36:34 EEST 2022","Mon Apr 25 20:36:55 EEST 2022","21148","","Promotions functionality testing. Promotions functionality for unauthenticated user.","","Promotions functionality testing. Promotions functionality for unauthenticated user.","#36 All main sections for card are displayed for OPT IN bonus for unauthenticated user.","#36 All main sections for card are displayed for OPT IN bonus for unauthenticated user.",""
"passed","Mon Apr 25 20:29:33 EEST 2022","Mon Apr 25 20:29:39 EEST 2022","5771","","Registration > Step 1","","Registration > Step 1","#06 User can not register with an email address that already exists.","#06 User can not register with an email address that already exists.",""
"passed","Mon Apr 25 20:26:57 EEST 2022","Mon Apr 25 20:27:17 EEST 2022","19812","","My Account > Gambling Controls > Account Closure > Self Exclusion","","My Account > Gambling Controls > Account Closure > Self Exclusion","#17 Player can press 'BACK' for confirmating modal after chosen for 6 months 'Self Exclusion' and should return to previous step.","#17 Player can press 'BACK' for confirmating modal after chosen for 6 months 'Self Exclusion' and should return to previous step.",""
"failed","Mon Apr 25 20:40:52 EEST 2022","Mon Apr 25 20:41:06 EEST 2022","14245","","Footer functionality testing","","Footer functionality testing","#1 Player can see a light grey bar at the top of the footer","#1 Player can see a light grey bar at the top of the footer",""
"passed","Mon Apr 25 20:31:51 EEST 2022","Mon Apr 25 20:31:58 EEST 2022","7206","","Registration > Step 4","","Registration > Step 4","#03 User can opt in to receive All marketing preferences.","#03 User can opt in to receive All marketing preferences.",""
"passed","Mon Apr 25 20:31:17 EEST 2022","Mon Apr 25 20:31:25 EEST 2022","8092","","Registration > Step 3","","Registration > Step 3","#15 Phone Number is a mandatory field.","#15 Phone Number is a mandatory field.",""
"failed","Mon Apr 25 20:37:38 EEST 2022","Mon Apr 25 20:37:59 EEST 2022","21575","","Promotions functionality testing. Promotions functionality for unauthenticated user.","","Promotions functionality testing. Promotions functionality for unauthenticated user.","#39 User can click see full terms CTA and go to Term and Conditions.","#39 User can click see full terms CTA and go to Term and Conditions.",""
"passed","Mon Apr 25 20:28:14 EEST 2022","Mon Apr 25 20:28:31 EEST 2022","16814","","My Profile > Communications Preferences","","My Profile > Communications Preferences","#4 Player can edit their preferences and toggle all preferences with the select all toggle, which upon saving updates the account area","#4 Player can edit their preferences and toggle all preferences with the select all toggle, which upon saving updates the account area",""
"failed","Mon Apr 25 20:38:21 EEST 2022","Mon Apr 25 20:38:42 EEST 2022","20983","","Promotions functionality testing. Promotions functionality for unauthenticated user.","","Promotions functionality testing. Promotions functionality for unauthenticated user.","#41 Login form appears after press DEPOSIT CTA for DEPOSIT bonus of unauthenticated user.","#41 Login form appears after press DEPOSIT CTA for DEPOSIT bonus of unauthenticated user.",""
"passed","Mon Apr 25 20:42:52 EEST 2022","Mon Apr 25 20:43:09 EEST 2022","17596","","Inbox functionality testing","","Inbox functionality testing","#7 Player can mark a message as read using the message options, removing the new badge from a message and decreasing the unread message count badge","#7 Player can mark a message as read using the message options, removing the new badge from a message and decreasing the unread message count badge",""
"passed","Mon Apr 25 20:18:57 EEST 2022","Mon Apr 25 20:19:06 EEST 2022","9037","","User come to the 'Planned Maintenance' error page","","User come to the 'Planned Maintenance' error page","#0 User come to the ""Planned Maintenance"" error page","#0 User come to the ""Planned Maintenance"" error page",""
"passed","Mon Apr 25 20:31:35 EEST 2022","Mon Apr 25 20:31:44 EEST 2022","8661","","Registration > Step 4","","Registration > Step 4","#12 User can click on confirm checkbox and click success registration button.","#12 User can click on confirm checkbox and click success registration button.",""
"failed","Mon Apr 25 20:44:45 EEST 2022","Mon Apr 25 20:44:49 EEST 2022","4552","","Slots page","","Slots page","#7 User hover the game card and click 'Play now' and login modal appears","#7 User hover the game card and click 'Play now' and login modal appears",""
"passed","Mon Apr 25 20:31:32 EEST 2022","Mon Apr 25 20:31:39 EEST 2022","6345","","Registration > Step 3","","Registration > Step 3","#17 User cannot enter spaces into Phone Number field.","#17 User cannot enter spaces into Phone Number field.",""
"passed","Mon Apr 25 20:31:58 EEST 2022","Mon Apr 25 20:32:06 EEST 2022","7913","","Registration > Step 4","","Registration > Step 4","#04 User can opt in to receive Email marketing preferences.","#04 User can opt in to receive Email marketing preferences.",""
"passed","Mon Apr 25 20:19:29 EEST 2022","Mon Apr 25 20:19:41 EEST 2022","11704","","Landing Page/Welcome Offer page","","Landing Page/Welcome Offer page","#3 User clicks on ""Be Aware Gambling"" image at Welcome Offer page","#3 User clicks on ""Be Aware Gambling"" image at Welcome Offer page",""
"passed","Mon Apr 25 20:25:34 EEST 2022","Mon Apr 25 20:25:52 EEST 2022","17510","","My Account > Gambling Controls > Account Closure > Self Exclusion","","My Account > Gambling Controls > Account Closure > Self Exclusion","#12 Player can continue with chosen 6 months option to 'Self Exclusion' and confirming modal should display.","#12 Player can continue with chosen 6 months option to 'Self Exclusion' and confirming modal should display.",""
"passed","Mon Apr 25 20:31:49 EEST 2022","Mon Apr 25 20:32:03 EEST 2022","14535","","Promotions functionality testing. Promotions functionality for authenticated user. Particular promotions.","","Promotions functionality testing. Promotions functionality for authenticated user. Particular promotions.","#17 User can opt in bonus and get modal with all sections, click on the primary CTA and procceds with the journey","#17 User can opt in bonus and get modal with all sections, click on the primary CTA and procceds with the journey",""
"passed","Mon Apr 25 20:27:26 EEST 2022","Mon Apr 25 20:27:40 EEST 2022","14222","","My Account > Settings > Change Password","","My Account > Settings > Change Password","#02 Current Password is a mandatory field.","#02 Current Password is a mandatory field.",""
"passed","Mon Apr 25 20:19:09 EEST 2022","Mon Apr 25 20:19:12 EEST 2022","3352","","Expired Link Error","","Expired Link Error","#2 All elements are persisted on the page. ","#2 All elements are persisted on the page. ",""
"passed","Mon Apr 25 20:23:56 EEST 2022","Mon Apr 25 20:24:11 EEST 2022","14838","","My Account > Gambling Controls > Account Closure > Self Exclusion","","My Account > Gambling Controls > Account Closure > Self Exclusion","#5 Player cannot continue with 'Self Exclusion' if a duration is not selected.","#5 Player cannot continue with 'Self Exclusion' if a duration is not selected.",""
"passed","Mon Apr 25 20:26:11 EEST 2022","Mon Apr 25 20:26:31 EEST 2022","20577","","My Account > Gambling Controls > Loss Limits","","My Account > Gambling Controls > Loss Limits","#15 User can submit a blank value in the Loss Limit. ","#15 User can submit a blank value in the Loss Limit. ",""
"passed","Mon Apr 25 20:23:13 EEST 2022","Mon Apr 25 20:23:31 EEST 2022","17197","","My Account > Gambling Controls > Loss Limits","","My Account > Gambling Controls > Loss Limits","#3 User can close the Loss Limits Edit modal","#3 User can close the Loss Limits Edit modal",""
"failed","Mon Apr 25 20:43:16 EEST 2022","Mon Apr 25 20:43:21 EEST 2022","4863","","Home => Terms & Conditions","","Home => Terms & Conditions","#16 User can see the Playing for Real Money section on terms and conditions page","#16 User can see the Playing for Real Money section on terms and conditions page",""
"passed","Mon Apr 25 20:43:17 EEST 2022","Mon Apr 25 20:43:22 EEST 2022","4919","","Registration > Step 2","","Registration > Step 2","#03 First Name is a mandatory field.","#03 First Name is a mandatory field.",""
"passed","Mon Apr 25 20:30:09 EEST 2022","Mon Apr 25 20:30:23 EEST 2022","13581","","Registration > Step 4","","Registration > Step 4","#01 User is displayed the correct content and defaut options for Step 4.","#01 User is displayed the correct content and defaut options for Step 4.",""
"failed","Mon Apr 25 20:42:57 EEST 2022","Mon Apr 25 20:43:03 EEST 2022","5425","","Home => Terms & Conditions","","Home => Terms & Conditions","#12 User can see the Changes to the Terms section on terms and conditions page","#12 User can see the Changes to the Terms section on terms and conditions page",""
"skipped","Mon Apr 25 20:27:36 EEST 2022","Mon Apr 25 20:27:36 EEST 2022","0","","My Account > Gambling Controls > Account Closure > Self Exclusion","","My Account > Gambling Controls > Account Closure > Self Exclusion","#19 Player can continue with chosen 6 months option to 'Self Exclusion' and confirming modal should display.","#19 Player can continue with chosen 6 months option to 'Self Exclusion' and confirming modal should display.",""
"failed","Mon Apr 25 20:34:27 EEST 2022","Mon Apr 25 20:34:48 EEST 2022","20950","","Promotions functionality testing. Promotions functionality for unauthenticated user.","","Promotions functionality testing. Promotions functionality for unauthenticated user.","#30 Promo image of promotion card is displayed for not login user.","#30 Promo image of promotion card is displayed for not login user.",""
"passed","Mon Apr 25 20:21:22 EEST 2022","Mon Apr 25 20:21:37 EEST 2022","15288","","Deep Link -> Change Password","","Deep Link -> Change Password","#2 Deep link to change password open login when not logged in before change password","#2 Deep link to change password open login when not logged in before change password",""
"passed","Mon Apr 25 20:41:18 EEST 2022","Mon Apr 25 20:41:24 EEST 2022","6348","","Home => Terms & Conditions","","Home => Terms & Conditions","#2 User can come to the privacy policy page from terms and conditions page","#2 User can come to the privacy policy page from terms and conditions page",""
"passed","Mon Apr 25 20:19:26 EEST 2022","Mon Apr 25 20:19:29 EEST 2022","3400","","Landing Page/Welcome Offer page","","Landing Page/Welcome Offer page","#2 User try to Join at Welcome Offer page","#2 User try to Join at Welcome Offer page",""
"failed","Mon Apr 25 20:39:45 EEST 2022","Mon Apr 25 20:40:06 EEST 2022","21054","","Promotions functionality testing. Promotions functionality for unauthenticated user.","","Promotions functionality testing. Promotions functionality for unauthenticated user.","#45 User clicks button OPT IN for already OPTED IN bonus, successfully login and can see drawer ""This promotion is unavailable"".","#45 User clicks button OPT IN for already OPTED IN bonus, successfully login and can see drawer ""This promotion is unavailable"".",""
"passed","Mon Apr 25 20:19:07 EEST 2022","Mon Apr 25 20:19:11 EEST 2022","3900","","Service unavailable","","Service unavailable","#1 The user is on the Location Error page","#1 The user is on the Location Error page",""
"passed","Mon Apr 25 20:20:57 EEST 2022","Mon Apr 25 20:21:02 EEST 2022","5332","","Log In","","Log In","#02 Email Address is a mandatory field.","#02 Email Address is a mandatory field.",""
"passed","Mon Apr 25 20:21:06 EEST 2022","Mon Apr 25 20:21:13 EEST 2022","6280","","Log In","","Log In","#04 Player cannot submit blank details on the Login Form.","#04 Player cannot submit blank details on the Login Form.",""
"passed","Mon Apr 25 20:29:22 EEST 2022","Mon Apr 25 20:29:38 EEST 2022","16133","","My Profile > Communications Preferences","","My Profile > Communications Preferences","#8 Player can edit their preferences and select just the Phone toggle, which upon saving updates the account area accordingly","#8 Player can edit their preferences and select just the Phone toggle, which upon saving updates the account area accordingly",""
"passed","Mon Apr 25 20:28:09 EEST 2022","Mon Apr 25 20:28:25 EEST 2022","15495","","My Account > Settings > Change Password","","My Account > Settings > Change Password","#05 Player should be displayed an error if they submit the Change Password form with an incorrect Current Password.","#05 Player should be displayed an error if they submit the Change Password form with an incorrect Current Password.",""
"passed","Mon Apr 25 20:30:21 EEST 2022","Mon Apr 25 20:30:39 EEST 2022","17774","","My Account > Settings > Change Password","","My Account > Settings > Change Password","#14 Player should be able to show/hide their inputs into the password fields.","#14 Player should be able to show/hide their inputs into the password fields.",""
"passed","Mon Apr 25 20:25:13 EEST 2022","Mon Apr 25 20:25:29 EEST 2022","15539","","My Account > Gambling Controls > Loss Limits","","My Account > Gambling Controls > Loss Limits","#10 User can successfully set a monthly loss limit if not already set ","#10 User can successfully set a monthly loss limit if not already set ",""
"failed","Mon Apr 25 20:43:42 EEST 2022","Mon Apr 25 20:43:47 EEST 2022","4952","","Home => Terms & Conditions","","Home => Terms & Conditions","#21 User can see the Responsible Gambling section on terms and conditions page","#21 User can see the Responsible Gambling section on terms and conditions page",""
"failed","Mon Apr 25 20:41:11 EEST 2022","Mon Apr 25 20:41:18 EEST 2022","7229","","Home => Terms & Conditions","","Home => Terms & Conditions","#1 User can come to the help center from terms and conditions page","#1 User can come to the help center from terms and conditions page",""
"passed","Mon Apr 25 20:23:31 EEST 2022","Mon Apr 25 20:23:47 EEST 2022","16290","","My Account > Gambling Controls > Loss Limits","","My Account > Gambling Controls > Loss Limits","#4 User can open the Loss Limits Delete modal on delete icon click ","#4 User can open the Loss Limits Delete modal on delete icon click ",""
"passed","Mon Apr 25 20:31:34 EEST 2022","Mon Apr 25 20:31:43 EEST 2022","9125","","UnsubscribePage","","UnsubscribePage","#2 User can click on ‘I’ve changed my mind’ button and go to home page.","#2 User can click on ‘I’ve changed my mind’ button and go to home page.",""
"passed","Mon Apr 25 20:31:22 EEST 2022","Mon Apr 25 20:31:34 EEST 2022","11884","","UnsubscribePage","","UnsubscribePage","#1 Unsubscribe page is displayed with correct content.","#1 Unsubscribe page is displayed with correct content.",""
"passed","Mon Apr 25 20:32:14 EEST 2022","Mon Apr 25 20:32:21 EEST 2022","6611","","Registration > Step 4","","Registration > Step 4","#09 User can select multiple marketing preferences.","#09 User can select multiple marketing preferences.",""
"failed","Mon Apr 25 20:39:24 EEST 2022","Mon Apr 25 20:39:45 EEST 2022","21441","","Promotions functionality testing. Promotions functionality for unauthenticated user.","","Promotions functionality testing. Promotions functionality for unauthenticated user.","#44 User can see list of promotions after click Back button from more info details.","#44 User can see list of promotions after click Back button from more info details.",""
"passed","Mon Apr 25 20:24:44 EEST 2022","Mon Apr 25 20:25:03 EEST 2022","18641","","My Account > Gambling Controls > Account Closure > Self Exclusion","","My Account > Gambling Controls > Account Closure > Self Exclusion","#9 Player can choose 18 months option for 'Self Exclusion' and this option should be selected.","#9 Player can choose 18 months option for 'Self Exclusion' and this option should be selected.",""
"passed","Mon Apr 25 20:43:39 EEST 2022","Mon Apr 25 20:43:44 EEST 2022","5757","","Registration > Step 2","","Registration > Step 2","#07 User cannot enter numbers into step 2 name input fields.","#07 User cannot enter numbers into step 2 name input fields.",""
"passed","Mon Apr 25 20:22:18 EEST 2022","Mon Apr 25 20:23:29 EEST 2022","71786","","Homepage","","Homepage","#12 Balance preview correctly displays £0.00 if user has no balance","#12 Balance preview correctly displays £0.00 if user has no balance",""
"passed","Mon Apr 25 20:32:00 EEST 2022","Mon Apr 25 20:32:19 EEST 2022","18257","","UnsubscribePage","","UnsubscribePage","#5 User can check each radio button and submit the answer → result window will be displayed with the correct content","#5 User can check each radio button and submit the answer → result window will be displayed with the correct content",""
"passed","Mon Apr 25 20:23:29 EEST 2022","Mon Apr 25 20:23:47 EEST 2022","17952","","Homepage","","Homepage","#13 Balance details still correctly display balance of £0.00 if user has no cash balance","#13 Balance details still correctly display balance of £0.00 if user has no cash balance",""
"failed","Mon Apr 25 20:43:36 EEST 2022","Mon Apr 25 20:43:42 EEST 2022","5380","","Home => Terms & Conditions","","Home => Terms & Conditions","#20 User can see the Suspension/Termination of your Account section on terms and conditions page","#20 User can see the Suspension/Termination of your Account section on terms and conditions page",""
"passed","Mon Apr 25 20:24:27 EEST 2022","Mon Apr 25 20:24:49 EEST 2022","21863","","My Account > Gambling Controls > Play Reminders","","My Account > Gambling Controls > Play Reminders","#6 Player can successfully set a 'Time Limit'.","#6 Player can successfully set a 'Time Limit'.",""
"passed","Mon Apr 25 20:19:50 EEST 2022","Mon Apr 25 20:20:05 EEST 2022","14993","","Homepage","","Homepage","#4 The details balance card is dismissed when the user clicks it","#4 The details balance card is dismissed when the user clicks it",""
"passed","Mon Apr 25 20:20:39 EEST 2022","Mon Apr 25 20:20:45 EEST 2022","5789","","Landing Page/Shop Welcome page","","Landing Page/Shop Welcome page","#5 User try to click on PLAY CTA of Popular game at Shop Welcome page","#5 User try to click on PLAY CTA of Popular game at Shop Welcome page",""
"failed","Mon Apr 25 20:43:57 EEST 2022","Mon Apr 25 20:44:02 EEST 2022","5465","","Home => Terms & Conditions","","Home => Terms & Conditions","#24 User can see the Limitation of Liability section on terms and conditions page","#24 User can see the Limitation of Liability section on terms and conditions page",""
"passed","Mon Apr 25 20:31:39 EEST 2022","Mon Apr 25 20:31:45 EEST 2022","6416","","Registration > Step 3","","Registration > Step 3","#18 Country Code is populated by default.","#18 Country Code is populated by default.",""
"passed","Mon Apr 25 20:32:06 EEST 2022","Mon Apr 25 20:32:14 EEST 2022","7810","","Registration > Step 4","","Registration > Step 4","#05 User can opt in to receive SMS marketing preferences.","#05 User can opt in to receive SMS marketing preferences.",""
"passed","Mon Apr 25 20:42:39 EEST 2022","Mon Apr 25 20:42:52 EEST 2022","13003","","Inbox functionality testing","","Inbox functionality testing","#6 Player can open message and display the message contents (heading, date/time & body)","#6 Player can open message and display the message contents (heading, date/time & body)",""
"passed","Mon Apr 25 20:31:45 EEST 2022","Mon Apr 25 20:31:52 EEST 2022","6541","","Registration > Step 3","","Registration > Step 3","#19 User can select a Country Code from the dropdown menu.","#19 User can select a Country Code from the dropdown menu.",""
"passed","Mon Apr 25 20:42:45 EEST 2022","Mon Apr 25 20:43:03 EEST 2022","17598","","My Account > Gambling Controls > Deposit Limits","","My Account > Gambling Controls > Deposit Limits","#3 Player can close the Deposit Limits modal.","#3 Player can close the Deposit Limits modal.",""
"passed","Mon Apr 25 20:26:50 EEST 2022","Mon Apr 25 20:27:04 EEST 2022","14174","","My Account > Gambling Controls > Loss Limits","","My Account > Gambling Controls > Loss Limits","#17 User can open 'How loss limits work' modal. ","#17 User can open 'How loss limits work' modal. ",""
"passed","Mon Apr 25 20:29:45 EEST 2022","Mon Apr 25 20:29:48 EEST 2022","3878","","Registration > Step 1","","Registration > Step 1","#11 User can successfully enter email address with a combination of valid symbols, numbers and letters.","#11 User can successfully enter email address with a combination of valid symbols, numbers and letters.",""
"passed","Mon Apr 25 20:31:01 EEST 2022","Mon Apr 25 20:31:10 EEST 2022","9077","","Registration > Step 3","","Registration > Step 3","#14 User can enter valid details on Step 3 and progress to Step 4 of the registration process.","#14 User can enter valid details on Step 3 and progress to Step 4 of the registration process.",""
"failed","Mon Apr 25 20:34:48 EEST 2022","Mon Apr 25 20:35:09 EEST 2022","20930","","Promotions functionality testing. Promotions functionality for unauthenticated user.","","Promotions functionality testing. Promotions functionality for unauthenticated user.","#31 Applicable the expiry date of promotion card is displayed for not login user.","#31 Applicable the expiry date of promotion card is displayed for not login user.",""
"passed","Mon Apr 25 20:44:17 EEST 2022","Mon Apr 25 20:44:21 EEST 2022","4317","","Home => Terms & Conditions","","Home => Terms & Conditions","#28 User can opened mail client after clicks/taps on “complaintsMGA@merkurslots.com” ","#28 User can opened mail client after clicks/taps on “complaintsMGA@merkurslots.com” ",""
"passed","Mon Apr 25 20:19:22 EEST 2022","Mon Apr 25 20:19:24 EEST 2022","2924","","Expired Link Error","","Expired Link Error","#7 User can click on x button and close reset password window. ","#7 User can click on x button and close reset password window. ",""
"passed","Mon Apr 25 20:41:57 EEST 2022","Mon Apr 25 20:42:12 EEST 2022","14188","","Inbox functionality testing","","Inbox functionality testing","#3 New messages are marked with a NEW message sticker","#3 New messages are marked with a NEW message sticker",""
"passed","Mon Apr 25 20:29:39 EEST 2022","Mon Apr 25 20:29:42 EEST 2022","2629","","Registration > Step 1","","Registration > Step 1","#07 User can not enter an invaild email address (no @ sign).","#07 User can not enter an invaild email address (no @ sign).",""
"passed","Mon Apr 25 20:30:53 EEST 2022","Mon Apr 25 20:31:01 EEST 2022","7919","","Registration > Step 3","","Registration > Step 3","#11 User cannot enter invalid characters into the Post Code field.","#11 User cannot enter invalid characters into the Post Code field.",""
"failed","Mon Apr 25 20:44:34 EEST 2022","Mon Apr 25 20:44:37 EEST 2022","3131","","Slots page","","Slots page","#4 User can see game carousel and can scroll it","#4 User can see game carousel and can scroll it",""
"passed","Mon Apr 25 20:21:35 EEST 2022","Mon Apr 25 20:21:40 EEST 2022","5300","","Log In","","Log In","#12 Players inputs into the password field should be masked by default.","#12 Players inputs into the password field should be masked by default.",""
"passed","Mon Apr 25 20:19:50 EEST 2022","Mon Apr 25 20:19:58 EEST 2022","8833","","Home page => Privacy Policy page","","Home page => Privacy Policy page","#1 User can come to the Eyas Gaming page from Privacy Policy page","#1 User can come to the Eyas Gaming page from Privacy Policy page",""
"failed","Mon Apr 25 20:33:45 EEST 2022","Mon Apr 25 20:34:06 EEST 2022","21075","","Promotions functionality testing. Promotions functionality for unauthenticated user.","","Promotions functionality testing. Promotions functionality for unauthenticated user.","#28 Promotion cards are displayed for not login user.","#28 Promotion cards are displayed for not login user.",""
"passed","Mon Apr 25 20:42:22 EEST 2022","Mon Apr 25 20:42:29 EEST 2022","7052","","Home => Terms & Conditions","","Home => Terms & Conditions","#7 User can come to the GamStop page from terms and conditions page","#7 User can come to the GamStop page from terms and conditions page",""
"passed","Mon Apr 25 20:29:35 EEST 2022","Mon Apr 25 20:29:47 EEST 2022","12708","","My Account > Settings > Change Password","","My Account > Settings > Change Password","#11 New password must not contain email address.","#11 New password must not contain email address.",""
"failed","Mon Apr 25 20:40:52 EEST 2022","Mon Apr 25 20:43:08 EEST 2022","136111","","My Account -> Deposit","","My Account -> Deposit","#1 Check user is able to access the deposit modal via the account menu and is displayed with the option to fill in card details by default","#1 Check user is able to access the deposit modal via the account menu and is displayed with the option to fill in card details by default",""
"passed","Mon Apr 25 20:21:38 EEST 2022","Mon Apr 25 20:21:59 EEST 2022","20664","","Homepage","","Homepage","#10 User is displayed with a shortened balance in the preview section when balance exceeds 9999 (five figure balance)","#10 User is displayed with a shortened balance in the preview section when balance exceeds 9999 (five figure balance)",""
"passed","Mon Apr 25 20:21:59 EEST 2022","Mon Apr 25 20:22:18 EEST 2022","18889","","Homepage","","Homepage","#11 User is displayed with the correct cash balance format in the dropdown card when balance exceeds 9999 (five figure balance)","#11 User is displayed with the correct cash balance format in the dropdown card when balance exceeds 9999 (five figure balance)",""
"passed","Mon Apr 25 20:29:30 EEST 2022","Mon Apr 25 20:29:42 EEST 2022","11641","","Registration > Step 3","","Registration > Step 3","#01 User is displayed the correct content and input fields for Step 3.","#01 User is displayed the correct content and input fields for Step 3.",""
"passed","Mon Apr 25 20:29:04 EEST 2022","Mon Apr 25 20:29:16 EEST 2022","11747","","Recover Password","","Recover Password","#06 Recover Password button displays 'Re-Send Email' text after a successful first attempt.","#06 Recover Password button displays 'Re-Send Email' text after a successful first attempt.",""
"failed","Mon Apr 25 20:43:30 EEST 2022","Mon Apr 25 20:43:43 EEST 2022","13407","","My Account -> Deposit","","My Account -> Deposit","#3 Check user is able to fill in details of required fields for card deposits","#3 Check user is able to fill in details of required fields for card deposits",""
"passed","Mon Apr 25 20:19:41 EEST 2022","Mon Apr 25 20:19:50 EEST 2022","8243","","Home page => Privacy Policy page","","Home page => Privacy Policy page","#0 User can come to the Privacy Policy page","#0 User can come to the Privacy Policy page",""
"failed","Mon Apr 25 20:44:23 EEST 2022","Mon Apr 25 20:44:37 EEST 2022","13817","","My Account -> Deposit","","My Account -> Deposit","#6 Check user is able to select PayPal payment method and is provided with the correct information for this payment method","#6 Check user is able to select PayPal payment method and is provided with the correct information for this payment method",""
"passed","Mon Apr 25 20:23:28 EEST 2022","Mon Apr 25 20:23:50 EEST 2022","21694","","My Account > Gambling Controls > Play Reminders","","My Account > Gambling Controls > Play Reminders","#3 Player can cancel out of the 'Time Limit' modal.","#3 Player can cancel out of the 'Time Limit' modal.",""
"passed","Mon Apr 25 20:31:00 EEST 2022","Mon Apr 25 20:31:11 EEST 2022","11120","","Promotions functionality testing. Promotions functionality for authenticated user. Particular promotions.","","Promotions functionality testing. Promotions functionality for authenticated user. Particular promotions.","#13 User can go to More Info details after click More Info CTA for authenticated user.","#13 User can go to More Info details after click More Info CTA for authenticated user.",""
"passed","Mon Apr 25 20:32:22 EEST 2022","Mon Apr 25 20:32:37 EEST 2022","14964","","Spin Zone functionality testing","","Spin Zone functionality testing","#7 Player can see recently played games","#7 Player can see recently played games",""
"passed","Mon Apr 25 20:27:55 EEST 2022","Mon Apr 25 20:28:09 EEST 2022","14444","","My Account > Settings > Change Password","","My Account > Settings > Change Password","#04 Player cannot submit the Change Password form with blank details.","#04 Player cannot submit the Change Password form with blank details.",""
"passed","Mon Apr 25 20:20:25 EEST 2022","Mon Apr 25 20:20:41 EEST 2022","16109","","Homepage","","Homepage","#6 The details balance card is dismissed when the user clicks and drags the footer","#6 The details balance card is dismissed when the user clicks and drags the footer",""
"passed","Mon Apr 25 20:28:34 EEST 2022","Mon Apr 25 20:28:41 EEST 2022","7677","","Recover Password","","Recover Password","#02 Player cannot submit a blank email address on the recover password form.","#02 Player cannot submit a blank email address on the recover password form.",""
"failed","Mon Apr 25 20:44:16 EEST 2022","Mon Apr 25 20:44:23 EEST 2022","6727","","Slots page","","Slots page","#1 User can navigates to the slots page and all elements are persisted on the page","#1 User can navigates to the slots page and all elements are persisted on the page",""
"passed","Mon Apr 25 20:32:45 EEST 2022","Mon Apr 25 20:32:58 EEST 2022","13173","","Promotions functionality testing. Promotions functionality for authenticated user. Particular promotions.","","Promotions functionality testing. Promotions functionality for authenticated user. Particular promotions.","#21 User can click on the terms and conditions link and the terms and conditions are displayed for deposit bonus.","#21 User can click on the terms and conditions link and the terms and conditions are displayed for deposit bonus.",""
"failed","Mon Apr 25 20:40:06 EEST 2022","Mon Apr 25 20:40:27 EEST 2022","20971","","Promotions functionality testing. Promotions functionality for unauthenticated user.","","Promotions functionality testing. Promotions functionality for unauthenticated user.","#46 User clicks button CLAIM for already CLAIMED bonus, successfully login and can see drawer ""This promotion is unavailable"".","#46 User clicks button CLAIM for already CLAIMED bonus, successfully login and can see drawer ""This promotion is unavailable"".",""
"failed","Mon Apr 25 20:44:02 EEST 2022","Mon Apr 25 20:44:07 EEST 2022","4802","","Home => Terms & Conditions","","Home => Terms & Conditions","#25 User can see the Complaints and disputes section on terms and conditions page","#25 User can see the Complaints and disputes section on terms and conditions page",""
"passed","Mon Apr 25 20:20:26 EEST 2022","Mon Apr 25 20:20:34 EEST 2022","7924","","Landing Page/Shop Welcome page","","Landing Page/Shop Welcome page","#3 User clicks on ""Be Aware Gambling"" image at Shop Welcome page","#3 User clicks on ""Be Aware Gambling"" image at Shop Welcome page",""
"passed","Mon Apr 25 20:20:05 EEST 2022","Mon Apr 25 20:20:25 EEST 2022","19952","","Homepage","","Homepage","#5 The details balance card is dismissed when the user clicks outside the modal","#5 The details balance card is dismissed when the user clicks outside the modal",""
"failed","Mon Apr 25 20:40:53 EEST 2022","Mon Apr 25 20:41:20 EEST 2022","26572","","My Profile > Contact Details","","My Profile > Contact Details","#01 Player can view their contact details.","#01 Player can view their contact details.",""
"failed","Mon Apr 25 20:37:16 EEST 2022","Mon Apr 25 20:37:38 EEST 2022","21401","","Promotions functionality testing. Promotions functionality for unauthenticated user.","","Promotions functionality testing. Promotions functionality for unauthenticated user.","#38 All main sections for card are displayed for CLAIM bonus for unauthenticated user.","#38 All main sections for card are displayed for CLAIM bonus for unauthenticated user.",""
"failed","Mon Apr 25 20:43:32 EEST 2022","Mon Apr 25 20:44:04 EEST 2022","32624","","Inbox functionality testing","","Inbox functionality testing","#10 Deleting a message from the inbox which is marked as new should decrease the unread message count badge","#10 Deleting a message from the inbox which is marked as new should decrease the unread message count badge",""
"failed","Mon Apr 25 20:41:24 EEST 2022","Mon Apr 25 20:41:33 EEST 2022","8654","","Home page => Responsible Gambling page","","Home page => Responsible Gambling page","#2 User can come to the ""Help for problem gambling"" page from Responsible Gambling page","#2 User can come to the ""Help for problem gambling"" page from Responsible Gambling page",""
"passed","Mon Apr 25 20:24:04 EEST 2022","Mon Apr 25 20:24:24 EEST 2022","19506","","My Account > Gambling Controls > Loss Limits","","My Account > Gambling Controls > Loss Limits","#6 User can successfully update their loss limits in the Loss Limits Delete modal ","#6 User can successfully update their loss limits in the Loss Limits Delete modal ",""
"passed","Mon Apr 25 20:43:03 EEST 2022","Mon Apr 25 20:43:20 EEST 2022","16715","","My Account > Gambling Controls > Deposit Limits","","My Account > Gambling Controls > Deposit Limits","#4 Player can cancel out of the Deposit Limits modal.","#4 Player can cancel out of the Deposit Limits modal.",""
"passed","Mon Apr 25 20:46:05 EEST 2022","Mon Apr 25 20:46:19 EEST 2022","14572","","My Account > Gambling Controls > Deposit Limits","","My Account > Gambling Controls > Deposit Limits","#18 Player can submit a blank value in the Deposit Limits.","#18 Player can submit a blank value in the Deposit Limits.",""
"passed","Mon Apr 25 20:42:02 EEST 2022","Mon Apr 25 20:42:33 EEST 2022","31159","","My Account > Gambling Controls > Deposit Limits","","My Account > Gambling Controls > Deposit Limits","#1 Player can view their deposit limits.","#1 Player can view their deposit limits.",""
"passed","Mon Apr 25 20:44:30 EEST 2022","Mon Apr 25 20:44:34 EEST 2022","4199","","Slots page","","Slots page","#3 User can see static hero banner carousel and can click on it and see game info page","#3 User can see static hero banner carousel and can click on it and see game info page",""
"passed","Mon Apr 25 20:31:00 EEST 2022","Mon Apr 25 20:31:19 EEST 2022","18493","","My Profile > Communications Preferences","","My Profile > Communications Preferences","#13 Player can uneselect just post preferences using the post toggle (post already toggled on), which upon saving updates the account area accordingly","#13 Player can uneselect just post preferences using the post toggle (post already toggled on), which upon saving updates the account area accordingly",""
"passed","Mon Apr 25 20:31:22 EEST 2022","Mon Apr 25 20:31:35 EEST 2022","12756","","Registration > Step 4","","Registration > Step 4","#11 User can click and view the Privacy Policy.","#11 User can click and view the Privacy Policy.",""
"passed","Mon Apr 25 20:30:21 EEST 2022","Mon Apr 25 20:30:29 EEST 2022","8053","","Registration > Step 3","","Registration > Step 3","#06 Post Code field is a mandatory field.","#06 Post Code field is a mandatory field.",""
"passed","Mon Apr 25 20:30:15 EEST 2022","Mon Apr 25 20:30:31 EEST 2022","15493","","Promotions functionality testing. Promotions functionality for authenticated user. Particular promotions.","","Promotions functionality testing. Promotions functionality for authenticated user. Particular promotions.","#10 All main sections for card are displayed for OPT IN bonus.","#10 All main sections for card are displayed for OPT IN bonus.",""
"failed","Mon Apr 25 20:43:21 EEST 2022","Mon Apr 25 20:43:27 EEST 2022","5262","","Home => Terms & Conditions","","Home => Terms & Conditions","#17 User can see the Errors, Interruptions and Malfunctions section on terms and conditions page","#17 User can see the Errors, Interruptions and Malfunctions section on terms and conditions page",""
"passed","Mon Apr 25 20:43:08 EEST 2022","Mon Apr 25 20:43:17 EEST 2022","8793","","Registration > Step 2","","Registration > Step 2","#01 User is displayed the correct content and input fields for Step 2.","#01 User is displayed the correct content and input fields for Step 2.",""
"skipped","Mon Apr 25 20:47:45 EEST 2022","Mon Apr 25 20:47:45 EEST 2022","0","","My Account > Gambling Controls > Account Closure > Take A Break","","My Account > Gambling Controls > Account Closure > Take A Break","#18 Player can press 'CONFIRM' to finish 'Take A Break' a for 24 hours and should be logged out and unable to sign back into their account.","#18 Player can press 'CONFIRM' to finish 'Take A Break' a for 24 hours and should be logged out and unable to sign back into their account.",""
"passed","Mon Apr 25 20:21:41 EEST 2022","Mon Apr 25 20:22:00 EEST 2022","19579","","Deep Link -> Loss Limits","","Deep Link -> Loss Limits","#1 Deep link to loss limits opens when logged in","#1 Deep link to loss limits opens when logged in",""
"passed","Mon Apr 25 20:27:17 EEST 2022","Mon Apr 25 20:27:36 EEST 2022","19344","","My Account > Gambling Controls > Account Closure > Self Exclusion","","My Account > Gambling Controls > Account Closure > Self Exclusion","#18 Player can close the self exclusion modal.","#18 Player can close the self exclusion modal.",""
"passed","Mon Apr 25 20:19:25 EEST 2022","Mon Apr 25 20:19:37 EEST 2022","11587","","404 error page functionality testing.","","404 error page functionality testing.","#7 Player can click ""Deposit"" button and open Deposit window.","#7 Player can click ""Deposit"" button and open Deposit window.",""
"passed","Mon Apr 25 20:28:14 EEST 2022","Mon Apr 25 20:28:24 EEST 2022","9959","","Homepage","","Homepage","#3 After clicking on the first link from 'What personal data do we collect? -> Players', the user should see the page  https://www.merkurslots.com/.","#3 After clicking on the first link from 'What personal data do we collect? -> Players', the user should see the page  https://www.merkurslots.com/.",""
"passed","Mon Apr 25 20:19:08 EEST 2022","Mon Apr 25 20:19:12 EEST 2022","4168","","Service unavailable","","Service unavailable","#1 User can come to the home page from Error 500 page","#1 User can come to the home page from Error 500 page",""
"passed","Mon Apr 25 20:30:23 EEST 2022","Mon Apr 25 20:30:41 EEST 2022","18017","","Registration > Step 4","","Registration > Step 4","#02 User can navigate back to the previous step.","#02 User can navigate back to the previous step.",""
"passed","Mon Apr 25 20:44:12 EEST 2022","Mon Apr 25 20:44:17 EEST 2022","5036","","Home => Terms & Conditions","","Home => Terms & Conditions","#27 User can opened mail client after clicks/taps on “care@merkurslots.com” ","#27 User can opened mail client after clicks/taps on “care@merkurslots.com” ",""
"passed","Mon Apr 25 20:29:07 EEST 2022","Mon Apr 25 20:29:21 EEST 2022","14477","","My Account > Settings > Change Password","","My Account > Settings > Change Password","#09 New password must contain a combination of upper and lower case letters (all lower case).","#09 New password must contain a combination of upper and lower case letters (all lower case).",""
"passed","Mon Apr 25 20:27:39 EEST 2022","Mon Apr 25 20:27:55 EEST 2022","15198","","Promotions functionality testing. Promotions functionality for authenticated user. Blocks of promotions.","","Promotions functionality testing. Promotions functionality for authenticated user. Blocks of promotions.","#1 Featured Promotions and Promotions section are displayed.","#1 Featured Promotions and Promotions section are displayed.",""
"passed","Mon Apr 25 20:42:55 EEST 2022","Mon Apr 25 20:43:12 EEST 2022","17220","","My Account > Gambling Controls > Account Closure > Take A Break","","My Account > Gambling Controls > Account Closure > Take A Break","#2 Player can close the take a break modal.","#2 Player can close the take a break modal.",""
"passed","Mon Apr 25 20:25:03 EEST 2022","Mon Apr 25 20:25:18 EEST 2022","15157","","My Account > Gambling Controls > Account Closure > Self Exclusion","","My Account > Gambling Controls > Account Closure > Self Exclusion","#10 Player can choose 2 years option for 'Self Exclusion' and this option should be selected.","#10 Player can choose 2 years option for 'Self Exclusion' and this option should be selected.",""
"failed","Mon Apr 25 20:46:30 EEST 2022","Mon Apr 25 20:46:52 EEST 2022","21411","","My Account > Gambling Controls > Account Closure > Take A Break","","My Account > Gambling Controls > Account Closure > Take A Break","#14 Player can continue with chosen 6 weeks option to 'Take A Break' and confirming modal should display.","#14 Player can continue with chosen 6 weeks option to 'Take A Break' and confirming modal should display.",""
"passed","Mon Apr 25 20:20:16 EEST 2022","Mon Apr 25 20:20:19 EEST 2022","3474","","Landing Page/Welcome Offer page","","Landing Page/Welcome Offer page","#9 User can come to the Terms & Conditions page from the Welcome Offer page","#9 User can come to the Terms & Conditions page from the Welcome Offer page",""
"passed","Mon Apr 25 20:28:31 EEST 2022","Mon Apr 25 20:28:49 EEST 2022","17818","","My Profile > Communications Preferences","","My Profile > Communications Preferences","#5 Player can edit their preferences and select just the email toggle, which upon saving updates the account area accordingly","#5 Player can edit their preferences and select just the email toggle, which upon saving updates the account area accordingly",""
"passed","Mon Apr 25 20:30:13 EEST 2022","Mon Apr 25 20:30:21 EEST 2022","8047","","Registration > Step 3","","Registration > Step 3","#04 City field is a mandatory field.","#04 City field is a mandatory field.",""
"passed","Mon Apr 25 20:21:13 EEST 2022","Mon Apr 25 20:21:18 EEST 2022","5395","","Log In","","Log In","#05 Player can close the login modal.","#05 Player can close the login modal.",""
"passed","Mon Apr 25 20:41:16 EEST 2022","Mon Apr 25 20:41:20 EEST 2022","3941","","Footer functionality testing","","Footer functionality testing","#3 Player can see partners logos","#3 Player can see partners logos",""
"failed","Mon Apr 25 20:35:52 EEST 2022","Mon Apr 25 20:36:13 EEST 2022","20961","","Promotions functionality testing. Promotions functionality for unauthenticated user.","","Promotions functionality testing. Promotions functionality for unauthenticated user.","#34 Relevant CTAs of promotion card are displayed for not login user.","#34 Relevant CTAs of promotion card are displayed for not login user.",""
"passed","Mon Apr 25 20:21:31 EEST 2022","Mon Apr 25 20:21:49 EEST 2022","18563","","Deep Link -> Deposit Limits","","Deep Link -> Deposit Limits","#1 Deep link to deposit limits opens when logged in","#1 Deep link to deposit limits opens when logged in",""
"passed","Mon Apr 25 20:19:45 EEST 2022","Mon Apr 25 20:19:53 EEST 2022","7822","","Landing Page/Welcome Offer page","","Landing Page/Welcome Offer page","#5 User try to click on PLAY CTA of Popular game at Welcome Offer page","#5 User try to click on PLAY CTA of Popular game at Welcome Offer page",""
"passed","Mon Apr 25 20:46:55 EEST 2022","Mon Apr 25 20:47:08 EEST 2022","13427","","My Account > Gambling Controls > Deposit Limits","","My Account > Gambling Controls > Deposit Limits","#22 Player can close 'How deposit limits work' modal.","#22 Player can close 'How deposit limits work' modal.",""
"passed","Mon Apr 25 20:28:37 EEST 2022","Mon Apr 25 20:28:52 EEST 2022","14556","","Promotions functionality testing. Promotions functionality for authenticated user. Blocks of promotions.","","Promotions functionality testing. Promotions functionality for authenticated user. Blocks of promotions.","#5 Featured promotions are displayed in correct order.","#5 Featured promotions are displayed in correct order.",""
"passed","Mon Apr 25 20:22:23 EEST 2022","Mon Apr 25 20:22:35 EEST 2022","12811","","Deep Link -> Play Reminders","","Deep Link -> Play Reminders","#2 Deep link to play reminders open login when not logged in before play reminders","#2 Deep link to play reminders open login when not logged in before play reminders",""
"passed","Mon Apr 25 20:42:29 EEST 2022","Mon Apr 25 20:42:42 EEST 2022","12446","","Home => Terms & Conditions","","Home => Terms & Conditions","#8 User can come to the eCOGRA page from terms and conditions page","#8 User can come to the eCOGRA page from terms and conditions page",""
"failed","Mon Apr 25 20:36:55 EEST 2022","Mon Apr 25 20:37:16 EEST 2022","20993","","Promotions functionality testing. Promotions functionality for unauthenticated user.","","Promotions functionality testing. Promotions functionality for unauthenticated user.","#37 All main sections for card are displayed for DEPOSIT bonus for unauthenticated user.","#37 All main sections for card are displayed for DEPOSIT bonus for unauthenticated user.",""
"passed","Mon Apr 25 20:44:01 EEST 2022","Mon Apr 25 20:44:07 EEST 2022","5675","","Registration > Step 2","","Registration > Step 2","13 User is required to be 18 or over.","13 User is required to be 18 or over.",""
"passed","Mon Apr 25 20:21:49 EEST 2022","Mon Apr 25 20:22:02 EEST 2022","13146","","Deep Link -> Deposit Limits","","Deep Link -> Deposit Limits","#2 Deep link to deposit limits open login when not logged in before deposit limits","#2 Deep link to deposit limits open login when not logged in before deposit limits",""
"passed","Mon Apr 25 20:41:24 EEST 2022","Mon Apr 25 20:41:40 EEST 2022","15604","","Home => Terms & Conditions","","Home => Terms & Conditions","#3 User can come to the Gambling commission page from terms and conditions page","#3 User can come to the Gambling commission page from terms and conditions page",""
"passed","Mon Apr 25 20:21:02 EEST 2022","Mon Apr 25 20:21:06 EEST 2022","4544","","Log In","","Log In","#03 Password field is a mandatory field.","#03 Password field is a mandatory field.",""
"failed","Mon Apr 25 20:38:42 EEST 2022","Mon Apr 25 20:39:03 EEST 2022","20996","","Promotions functionality testing. Promotions functionality for unauthenticated user.","","Promotions functionality testing. Promotions functionality for unauthenticated user.","#42 Login form appears after press CLAIM CTA for CLAIM bonus of unauthenticated user.","#42 Login form appears after press CLAIM CTA for CLAIM bonus of unauthenticated user.",""
"skipped","Mon Apr 25 20:30:39 EEST 2022","Mon Apr 25 20:30:39 EEST 2022","1","","My Account > Settings > Change Password","","My Account > Settings > Change Password","#15 Player can successfully update and sign in with their new password.","#15 Player can successfully update and sign in with their new password.",""
"failed","Mon Apr 25 20:27:55 EEST 2022","Mon Apr 25 20:28:09 EEST 2022","14162","","Promotions functionality testing. Promotions functionality for authenticated user. Blocks of promotions.","","Promotions functionality testing. Promotions functionality for authenticated user. Blocks of promotions.","#2 All active promotions cards are displayed.","#2 All active promotions cards are displayed.",""
"passed","Mon Apr 25 20:31:00 EEST 2022","Mon Apr 25 20:31:16 EEST 2022","15937","","Spin Zone functionality testing","","Spin Zone functionality testing","#2 Player can see Resume Game button in the top left of the screen","#2 Player can see Resume Game button in the top left of the screen",""
"passed","Mon Apr 25 20:25:18 EEST 2022","Mon Apr 25 20:25:34 EEST 2022","16430","","My Account > Gambling Controls > Account Closure > Self Exclusion","","My Account > Gambling Controls > Account Closure > Self Exclusion","#11 Player can choose 5 years option for 'Self Exclusion' and this option should be selected.","#11 Player can choose 5 years option for 'Self Exclusion' and this option should be selected.",""
"passed","Mon Apr 25 20:20:21 EEST 2022","Mon Apr 25 20:20:26 EEST 2022","4962","","Landing Page/Shop Welcome page","","Landing Page/Shop Welcome page","#2 User try to Join at Shop Welcome page","#2 User try to Join at Shop Welcome page",""
"failed","Mon Apr 25 20:43:07 EEST 2022","Mon Apr 25 20:43:11 EEST 2022","4044","","Home => Terms & Conditions","","Home => Terms & Conditions","#14 User can see the Your Account section on terms and conditions page","#14 User can see the Your Account section on terms and conditions page",""
"passed","Mon Apr 25 20:46:19 EEST 2022","Mon Apr 25 20:46:30 EEST 2022","10667","","My Account > Gambling Controls > Deposit Limits","","My Account > Gambling Controls > Deposit Limits","#19 Player can open 'History' modal.","#19 Player can open 'History' modal.",""
"failed","Mon Apr 25 20:45:25 EEST 2022","Mon Apr 25 20:45:48 EEST 2022","22784","","My Account > Gambling Controls > Account Closure > Take A Break","","My Account > Gambling Controls > Account Closure > Take A Break","#11 Player can continue with chosen 24 hours option to 'Take A Break' and confirming modal should display.","#11 Player can continue with chosen 24 hours option to 'Take A Break' and confirming modal should display.",""
"passed","Mon Apr 25 20:30:04 EEST 2022","Mon Apr 25 20:30:13 EEST 2022","9266","","Registration > Step 3","","Registration > Step 3","#03 Address Line 1 field is a mandatory field.","#03 Address Line 1 field is a mandatory field.",""
"passed","Mon Apr 25 20:30:37 EEST 2022","Mon Apr 25 20:30:45 EEST 2022","7228","","Registration > Step 3","","Registration > Step 3","#08 User cannot enter invalid characters into the Address Line 2 field.","#08 User cannot enter invalid characters into the Address Line 2 field.",""
"passed","Mon Apr 25 20:41:06 EEST 2022","Mon Apr 25 20:41:16 EEST 2022","10276","","Footer functionality testing","","Footer functionality testing","#2 Player can see payment logos","#2 Player can see payment logos",""
"passed","Mon Apr 25 20:44:50 EEST 2022","Mon Apr 25 20:45:00 EEST 2022","10112","","Inbox functionality testing","","Inbox functionality testing","#15 Player is presented with an Empty Inbox image if the Inbox is empty (rather than a heading & message list)","#15 Player is presented with an Empty Inbox image if the Inbox is empty (rather than a heading & message list)",""
"passed","Mon Apr 25 20:29:47 EEST 2022","Mon Apr 25 20:30:00 EEST 2022","12376","","My Account > Settings > Change Password","","My Account > Settings > Change Password","#12 Player cannot continue to next step if their new password does not meet the minimum password requirements.","#12 Player cannot continue to next step if their new password does not meet the minimum password requirements.",""
"passed","Mon Apr 25 20:22:40 EEST 2022","Mon Apr 25 20:23:07 EEST 2022","27680","","My Account > Gambling Controls > Play Reminders","","My Account > Gambling Controls > Play Reminders","#1 Player can select to edit their 'Time Limit' and is displayed the Play Reminders modal.","#1 Player can select to edit their 'Time Limit' and is displayed the Play Reminders modal.",""
"passed","Mon Apr 25 20:41:46 EEST 2022","Mon Apr 25 20:41:51 EEST 2022","5130","","Home => Terms & Conditions","","Home => Terms & Conditions","#5 User can come to the Gamble Aware page from terms and conditions page","#5 User can come to the Gamble Aware page from terms and conditions page",""
"passed","Mon Apr 25 20:19:12 EEST 2022","Mon Apr 25 20:19:15 EEST 2022","2927","","Expired Link Error","","Expired Link Error","#3 User can come to the Home page from ""Expired Link"" error page. ","#3 User can come to the Home page from ""Expired Link"" error page. ",""
"passed","Mon Apr 25 20:30:29 EEST 2022","Mon Apr 25 20:30:37 EEST 2022","8180","","Registration > Step 3","","Registration > Step 3","#07 User cannot enter invalid characters into the Address Line 1 field.","#07 User cannot enter invalid characters into the Address Line 1 field.",""
"passed","Mon Apr 25 20:24:24 EEST 2022","Mon Apr 25 20:24:41 EEST 2022","17688","","My Account > Gambling Controls > Loss Limits","","My Account > Gambling Controls > Loss Limits","#7 User can open the Loss Limits Delete modal on edit icon click and click on edit icon in the input field ","#7 User can open the Loss Limits Delete modal on edit icon click and click on edit icon in the input field ",""
"failed","Mon Apr 25 20:47:24 EEST 2022","Mon Apr 25 20:47:45 EEST 2022","20591","","My Account > Gambling Controls > Account Closure > Take A Break","","My Account > Gambling Controls > Account Closure > Take A Break","#17 Player can close the take a break modal.","#17 Player can close the take a break modal.",""
"passed","Mon Apr 25 20:27:37 EEST 2022","Mon Apr 25 20:28:09 EEST 2022","32087","","Homepage","","Homepage","#1 When the user clicks to link Privacy Policy user should watches the nex chapters.","#1 When the user clicks to link Privacy Policy user should watches the nex chapters.",""
"skipped","Mon Apr 25 20:23:56 EEST 2022","Mon Apr 25 20:23:56 EEST 2022","1","","My Account > Gambling Controls > Account Closure > Self Exclusion","","My Account > Gambling Controls > Account Closure > Self Exclusion","#4 Player cannot continue with 'Self Exclusion' if a reason is not selected.","#4 Player cannot continue with 'Self Exclusion' if a reason is not selected.",""
"passed","Mon Apr 25 20:29:51 EEST 2022","Mon Apr 25 20:30:15 EEST 2022","24586","","Promotions functionality testing. Promotions functionality for authenticated user. Blocks of promotions.","","Promotions functionality testing. Promotions functionality for authenticated user. Blocks of promotions.","#9 Featured promotions are excluded from the promotions section.","#9 Featured promotions are excluded from the promotions section.",""
"failed","Mon Apr 25 20:37:59 EEST 2022","Mon Apr 25 20:38:21 EEST 2022","21506","","Promotions functionality testing. Promotions functionality for unauthenticated user.","","Promotions functionality testing. Promotions functionality for unauthenticated user.","#40 Login form appears after press OPT IN CTA for OPT IN bonus of unauthenticated user.","#40 Login form appears after press OPT IN CTA for OPT IN bonus of unauthenticated user.",""
"passed","Mon Apr 25 20:21:14 EEST 2022","Mon Apr 25 20:21:27 EEST 2022","13183","","Logout","","Logout","#02 Player is logged out of site if clearing there cookies.","#02 Player is logged out of site if clearing there cookies.",""
"passed","Mon Apr 25 20:20:57 EEST 2022","Mon Apr 25 20:21:18 EEST 2022","20989","","Homepage","","Homepage","#8 Cash amount is updated correctly in the dropdown details when cash balance is adjusted","#8 Cash amount is updated correctly in the dropdown details when cash balance is adjusted",""
"passed","Mon Apr 25 20:28:53 EEST 2022","Mon Apr 25 20:29:07 EEST 2022","14114","","My Account > Settings > Change Password","","My Account > Settings > Change Password","#08 New password must contain a combination of upper and lower case letters (all upper case).","#08 New password must contain a combination of upper and lower case letters (all upper case).",""
"passed","Mon Apr 25 20:19:24 EEST 2022","Mon Apr 25 20:19:25 EEST 2022","1502","","404 error page functionality testing.","","404 error page functionality testing.","#6 Player can click ""Go to lobby"" button and after that it will redirect to Home page.","#6 Player can click ""Go to lobby"" button and after that it will redirect to Home page.",""
"failed","Mon Apr 25 20:44:07 EEST 2022","Mon Apr 25 20:44:32 EEST 2022","25328","","My Account > Gambling Controls > Account Closure > Take A Break","","My Account > Gambling Controls > Account Closure > Take A Break","#8 Player can choose 1 week option for 'Take A Break' and this option should be selected.","#8 Player can choose 1 week option for 'Take A Break' and this option should be selected.",""
"passed","Mon Apr 25 20:44:25 EEST 2022","Mon Apr 25 20:44:49 EEST 2022","23366","","My Account > Gambling Controls > Deposit Limits","","My Account > Gambling Controls > Deposit Limits","#9 Player can successfully update a daily deposit limit in the Deposit Limits Delete modal","#9 Player can successfully update a daily deposit limit in the Deposit Limits Delete modal",""
"passed","Mon Apr 25 20:23:47 EEST 2022","Mon Apr 25 20:24:01 EEST 2022","13901","","Homepage","","Homepage","#14 Casino amount does not display when total bonus amount is zero and displays correct total balance of £0.00","#14 Casino amount does not display when total bonus amount is zero and displays correct total balance of £0.00",""
"passed","Mon Apr 25 20:41:40 EEST 2022","Mon Apr 25 20:41:46 EEST 2022","5953","","Home => Terms & Conditions","","Home => Terms & Conditions","#4 User can come to the Responsible Gambling page from terms and conditions page","#4 User can come to the Responsible Gambling page from terms and conditions page",""
"passed","Mon Apr 25 20:31:09 EEST 2022","Mon Apr 25 20:31:22 EEST 2022","13640","","Registration > Step 4","","Registration > Step 4","#10 User can click and view the T&Cs.","#10 User can click and view the T&Cs.",""
"failed","Mon Apr 25 20:44:32 EEST 2022","Mon Apr 25 20:44:56 EEST 2022","23283","","My Account > Gambling Controls > Account Closure > Take A Break","","My Account > Gambling Controls > Account Closure > Take A Break","#9 Player can choose 3 weeks option for 'Take A Break' and this option should be selected.","#9 Player can choose 3 weeks option for 'Take A Break' and this option should be selected.",""
"passed","Mon Apr 25 20:41:43 EEST 2022","Mon Apr 25 20:41:59 EEST 2022","16014","","Home page => Responsible Gambling page","","Home page => Responsible Gambling page","#4 User can come to the ""Block Access to Gambling Websites and Apps Worldwide"" page from Responsible Gambling page","#4 User can come to the ""Block Access to Gambling Websites and Apps Worldwide"" page from Responsible Gambling page",""
"passed","Mon Apr 25 20:30:31 EEST 2022","Mon Apr 25 20:30:47 EEST 2022","16037","","Promotions functionality testing. Promotions functionality for authenticated user. Particular promotions.","","Promotions functionality testing. Promotions functionality for authenticated user. Particular promotions.","#11 All main sections for card are displayed for DEPOSIT bonus.","#11 All main sections for card are displayed for DEPOSIT bonus.",""
"passed","Mon Apr 25 20:19:17 EEST 2022","Mon Apr 25 20:19:18 EEST 2022","1642","","404 error page functionality testing.","","404 error page functionality testing.","#4 Player can click ""Join"" button and after that it will redirect to Register page.","#4 Player can click ""Join"" button and after that it will redirect to Register page.",""
"passed","Mon Apr 25 20:31:11 EEST 2022","Mon Apr 25 20:31:23 EEST 2022","11342","","Promotions functionality testing. Promotions functionality for authenticated user. Particular promotions.","","Promotions functionality testing. Promotions functionality for authenticated user. Particular promotions.","#14 User can click OPT IN primary CTA in more info details page and get confirmation modal with all sections.","#14 User can click OPT IN primary CTA in more info details page and get confirmation modal with all sections.",""
"passed","Mon Apr 25 20:18:57 EEST 2022","Mon Apr 25 20:19:06 EEST 2022","8697","","404 error page functionality testing.","","404 error page functionality testing.","#1 404 error page is displayed.","#1 404 error page is displayed.",""
"passed","Mon Apr 25 20:32:31 EEST 2022","Mon Apr 25 20:32:44 EEST 2022","12267","","UnsubscribePage","","UnsubscribePage","#7 User can click on ‘Continue’ button in the ‘Re-subscribe’ success window and the Home page will be displayed.","#7 User can click on ‘Continue’ button in the ‘Re-subscribe’ success window and the Home page will be displayed.",""
"passed","Mon Apr 25 20:22:57 EEST 2022","Mon Apr 25 20:23:20 EEST 2022","23570","","My Account > Gambling Controls > Account Closure > Self Exclusion","","My Account > Gambling Controls > Account Closure > Self Exclusion","#1 Player can select the 'Self Exclusion' menu item and is displayed the Self Exclusion modal.","#1 Player can select the 'Self Exclusion' menu item and is displayed the Self Exclusion modal.",""
"passed","Mon Apr 25 20:27:11 EEST 2022","Mon Apr 25 20:27:26 EEST 2022","14668","","My Account > Settings > Change Password","","My Account > Settings > Change Password","#01 Player can cancel out of the Change Password modal.","#01 Player can cancel out of the Change Password modal.",""
"passed","Mon Apr 25 20:25:50 EEST 2022","Mon Apr 25 20:26:11 EEST 2022","21257","","My Account > Gambling Controls > Loss Limits","","My Account > Gambling Controls > Loss Limits","#14 User cannot set a Loss Limit higher than the maximum amount. ","#14 User cannot set a Loss Limit higher than the maximum amount. ",""
"passed","Mon Apr 25 20:46:44 EEST 2022","Mon Apr 25 20:46:55 EEST 2022","10848","","My Account > Gambling Controls > Deposit Limits","","My Account > Gambling Controls > Deposit Limits","#21 Player can open 'How deposit limits work' modal.","#21 Player can open 'How deposit limits work' modal.",""
"passed","Mon Apr 25 20:29:59 EEST 2022","Mon Apr 25 20:30:06 EEST 2022","6937","","Registration > Step 1","","Registration > Step 1","#29 User can successfully enter email address with uppercase letters.","#29 User can successfully enter email address with uppercase letters.",""
"passed","Mon Apr 25 20:29:42 EEST 2022","Mon Apr 25 20:29:57 EEST 2022","14604","","Registration > Step 3","","Registration > Step 3","#02 User can navigate back to the previous step.","#02 User can navigate back to the previous step.",""
"passed","Mon Apr 25 20:21:18 EEST 2022","Mon Apr 25 20:21:26 EEST 2022","8072","","Log In","","Log In","#06 Player cannot login when entering an incorrect email address.","#06 Player cannot login when entering an incorrect email address.",""
"passed","Mon Apr 25 20:26:25 EEST 2022","Mon Apr 25 20:26:40 EEST 2022","15761","","My Account > Gambling Controls > Account Closure > Self Exclusion","","My Account > Gambling Controls > Account Closure > Self Exclusion","#15 Player can continue with chosen 2 years option to 'Self Exclusion' and confirming modal should display.","#15 Player can continue with chosen 2 years option to 'Self Exclusion' and confirming modal should display.",""
"passed","Mon Apr 25 20:31:16 EEST 2022","Mon Apr 25 20:31:34 EEST 2022","18311","","Spin Zone functionality testing","","Spin Zone functionality testing","#3 Player can close Game menu","#3 Player can close Game menu",""
"passed","Mon Apr 25 20:32:16 EEST 2022","Mon Apr 25 20:32:31 EEST 2022","14911","","Promotions functionality testing. Promotions functionality for authenticated user. Particular promotions.","","Promotions functionality testing. Promotions functionality for authenticated user. Particular promotions.","#19 User can click DEPOSIT CTA for deposit bonus and open deposit bonus modal with displaying all sections.","#19 User can click DEPOSIT CTA for deposit bonus and open deposit bonus modal with displaying all sections.",""
"passed","Mon Apr 25 20:30:20 EEST 2022","Mon Apr 25 20:30:41 EEST 2022","21889","","My Profile > Communications Preferences","","My Profile > Communications Preferences","#11 Player can uneselect just text preferences using the text toggle (text already toggled on), which upon saving updates the account area accordingly","#11 Player can uneselect just text preferences using the text toggle (text already toggled on), which upon saving updates the account area accordingly",""
"passed","Mon Apr 25 20:44:08 EEST 2022","Mon Apr 25 20:44:25 EEST 2022","17447","","My Account > Gambling Controls > Deposit Limits","","My Account > Gambling Controls > Deposit Limits","#8 Player can close the Deposit Limits Delete modal","#8 Player can close the Deposit Limits Delete modal",""
"passed","Mon Apr 25 20:19:10 EEST 2022","Mon Apr 25 20:19:11 EEST 2022","1879","","User come to the 'Planned Maintenance' error page","","User come to the 'Planned Maintenance' error page","#2 User can come to the Home page from ""Planned Maintenance"" error page","#2 User can come to the Home page from ""Planned Maintenance"" error page",""
"failed","Mon Apr 25 20:44:23 EEST 2022","Mon Apr 25 20:44:30 EEST 2022","7178","","Slots page","","Slots page","#2 User can see hero banner carousel and can scroll it","#2 User can see hero banner carousel and can scroll it",""
"failed","Mon Apr 25 20:43:43 EEST 2022","Mon Apr 25 20:43:57 EEST 2022","13844","","My Account -> Deposit","","My Account -> Deposit","#4 Check user is able to select Instant Bank Transfer and is provided with the correct information for this payment method","#4 Check user is able to select Instant Bank Transfer and is provided with the correct information for this payment method",""
"passed","Mon Apr 25 20:21:01 EEST 2022","Mon Apr 25 20:21:22 EEST 2022","20591","","Deep Link -> Change Password","","Deep Link -> Change Password","#1 Deep link to change password opens when logged in","#1 Deep link to change password opens when logged in",""
"passed","Mon Apr 25 20:31:34 EEST 2022","Mon Apr 25 20:31:50 EEST 2022","15799","","Spin Zone functionality testing","","Spin Zone functionality testing","#4 Player can see total withdrawable cash balance","#4 Player can see total withdrawable cash balance",""
"passed","Mon Apr 25 20:27:04 EEST 2022","Mon Apr 25 20:27:24 EEST 2022","19742","","My Account > Gambling Controls > Loss Limits","","My Account > Gambling Controls > Loss Limits","#18 User can close 'How loss limits work' modal. ","#18 User can close 'How loss limits work' modal. ",""
"passed","Mon Apr 25 20:28:00 EEST 2022","Mon Apr 25 20:28:14 EEST 2022","14093","","My Profile > Communications Preferences","","My Profile > Communications Preferences","#3 Player can edit their preferences and exit using the Cancel CTA within the modal discarding changes","#3 Player can edit their preferences and exit using the Cancel CTA within the modal discarding changes",""
"passed","Mon Apr 25 20:28:51 EEST 2022","Mon Apr 25 20:28:52 EEST 2022","1682","","Homepage","","Homepage","#7 The user can use for Malta contact@eyasgaming.com e-mail","#7 The user can use for Malta contact@eyasgaming.com e-mail",""
"passed","Mon Apr 25 20:28:09 EEST 2022","Mon Apr 25 20:28:14 EEST 2022","5415","","Homepage","","Homepage","#2 After clicking on the link from 'Introduction to Eyas Gaming', the user should see the page  https://www.eyasgaming.com/.","#2 After clicking on the link from 'Introduction to Eyas Gaming', the user should see the page  https://www.eyasgaming.com/.",""
"skipped","Mon Apr 25 20:43:27 EEST 2022","Mon Apr 25 20:43:27 EEST 2022","1","","My Account > Gambling Controls > Account Closure > Take A Break","","My Account > Gambling Controls > Account Closure > Take A Break","#4 Player cannot continue with 'Take A Break' if a reason is not selected.","#4 Player cannot continue with 'Take A Break' if a reason is not selected.",""
"passed","Mon Apr 25 20:31:43 EEST 2022","Mon Apr 25 20:31:52 EEST 2022","8894","","UnsubscribePage","","UnsubscribePage","#3 User can click on ‘Unsubscribe’ button and successfully unsubscribe window will be displayed with the correct content","#3 User can click on ‘Unsubscribe’ button and successfully unsubscribe window will be displayed with the correct content",""
"passed","Mon Apr 25 20:43:19 EEST 2022","Mon Apr 25 20:43:32 EEST 2022","12043","","Inbox functionality testing","","Inbox functionality testing","#9 Player is presented with an updated list of messages when clicking view more button","#9 Player is presented with an updated list of messages when clicking view more button",""
"passed","Mon Apr 25 20:19:15 EEST 2022","Mon Apr 25 20:19:26 EEST 2022","10565","","Landing Page/Welcome Offer page","","Landing Page/Welcome Offer page","#1 User come to the Welcome Offer page ","#1 User come to the Welcome Offer page ",""
"failed","Mon Apr 25 20:28:09 EEST 2022","Mon Apr 25 20:28:23 EEST 2022","14386","","Promotions functionality testing. Promotions functionality for authenticated user. Blocks of promotions.","","Promotions functionality testing. Promotions functionality for authenticated user. Blocks of promotions.","#3 Active promotions are displayed in correct order.","#3 Active promotions are displayed in correct order.",""
"failed","Mon Apr 25 20:44:49 EEST 2022","Mon Apr 25 20:45:14 EEST 2022","24205","","My Account -> Deposit","","My Account -> Deposit","#8 Check user is displayed with a declined modal when safecharge returns a declined response","#8 Check user is displayed with a declined modal when safecharge returns a declined response",""
"passed","Mon Apr 25 20:28:24 EEST 2022","Mon Apr 25 20:28:34 EEST 2022","9758","","Recover Password","","Recover Password","#01 Player can navigate to the recover password form and is displayed with the correct fields.","#01 Player can navigate to the recover password form and is displayed with the correct fields.",""
"passed","Mon Apr 25 20:28:48 EEST 2022","Mon Apr 25 20:28:51 EEST 2022","3128","","Homepage","","Homepage","#6 After clicking on the link from 'Contact and DPO', the user should see the page  https://www.eyasgaming.com/.","#6 After clicking on the link from 'Contact and DPO', the user should see the page  https://www.eyasgaming.com/.",""
"passed","Mon Apr 25 20:22:05 EEST 2022","Mon Apr 25 20:22:23 EEST 2022","17958","","Deep Link -> Play Reminders","","Deep Link -> Play Reminders","#1 Deep link to play reminders opens when logged in","#1 Deep link to play reminders opens when logged in",""
"passed","Mon Apr 25 20:21:40 EEST 2022","Mon Apr 25 20:21:45 EEST 2022","4594","","Log In","","Log In","#13 Player should be able to show/hide their input into the Password field.","#13 Player should be able to show/hide their input into the Password field.",""
"passed","Mon Apr 25 20:29:57 EEST 2022","Mon Apr 25 20:30:04 EEST 2022","7020","","Registration > Step 3","","Registration > Step 3","#03 Player can select the Manual Input button and is displayed the address inputs.","#03 Player can select the Manual Input button and is displayed the address inputs.",""
"passed","Mon Apr 25 20:24:49 EEST 2022","Mon Apr 25 20:25:12 EEST 2022","22363","","My Account > Gambling Controls > Play Reminders","","My Account > Gambling Controls > Play Reminders","#7 Player can successfully edit their 'Time Limit'.","#7 Player can successfully edit their 'Time Limit'.",""
"passed","Mon Apr 25 20:20:00 EEST 2022","Mon Apr 25 20:20:16 EEST 2022","15764","","Landing Page/Welcome Offer page","","Landing Page/Welcome Offer page","#8 User can come to the Promotion page from the Welcome Offer page","#8 User can come to the Promotion page from the Welcome Offer page",""
"passed","Mon Apr 25 20:41:54 EEST 2022","Mon Apr 25 20:42:10 EEST 2022","16128","","My Profile > Contact Details","","My Profile > Contact Details","# Player can select to edit their telephone number and close the modal to cancel out of the process.","# Player can select to edit their telephone number and close the modal to cancel out of the process.",""
"passed","Mon Apr 25 20:19:15 EEST 2022","Mon Apr 25 20:19:18 EEST 2022","2693","","Expired Link Error","","Expired Link Error","#4 User can click on Join button and see Register page. ","#4 User can click on Join button and see Register page. ",""
"passed","Mon Apr 25 20:19:20 EEST 2022","Mon Apr 25 20:19:22 EEST 2022","1984","","Expired Link Error","","Expired Link Error","#6 User can click on Recover Password button and see Reset your password window ","#6 User can click on Recover Password button and see Reset your password window ",""
"passed","Mon Apr 25 20:29:18 EEST 2022","Mon Apr 25 20:29:26 EEST 2022","8219","","Registration > Step 1","","Registration > Step 1","#04 User can select the 'Recover' button on the 'Account already exists' drawer and is displayed the Recover Password form.","#04 User can select the 'Recover' button on the 'Account already exists' drawer and is displayed the Recover Password form.",""
"passed","Mon Apr 25 20:24:11 EEST 2022","Mon Apr 25 20:24:28 EEST 2022","17093","","My Account > Gambling Controls > Account Closure > Self Exclusion","","My Account > Gambling Controls > Account Closure > Self Exclusion","#7 Player can choose 6 months option for 'Self Exclusion' and this option should be selected.","#7 Player can choose 6 months option for 'Self Exclusion' and this option should be selected.",""
"passed","Mon Apr 25 20:30:41 EEST 2022","Mon Apr 25 20:31:00 EEST 2022","18459","","Spin Zone functionality testing","","Spin Zone functionality testing","#1 Player can see Menu button in the top left of the screen","#1 Player can see Menu button in the top left of the screen",""
"passed","Mon Apr 25 20:32:08 EEST 2022","Mon Apr 25 20:32:22 EEST 2022","14589","","Spin Zone functionality testing","","Spin Zone functionality testing","#6 Player can see total bonus balance","#6 Player can see total bonus balance",""
"passed","Mon Apr 25 20:23:47 EEST 2022","Mon Apr 25 20:24:04 EEST 2022","17250","","My Account > Gambling Controls > Loss Limits","","My Account > Gambling Controls > Loss Limits","#5 User can close the Loss Limits Delete modal ","#5 User can close the Loss Limits Delete modal ",""
"passed","Mon Apr 25 20:24:28 EEST 2022","Mon Apr 25 20:24:44 EEST 2022","16379","","My Account > Gambling Controls > Account Closure > Self Exclusion","","My Account > Gambling Controls > Account Closure > Self Exclusion","#8 Player can choose 12 months option for 'Self Exclusion' and this option should be selected.","#8 Player can choose 12 months option for 'Self Exclusion' and this option should be selected.",""
"passed","Mon Apr 25 20:32:19 EEST 2022","Mon Apr 25 20:32:31 EEST 2022","12527","","UnsubscribePage","","UnsubscribePage","#6 User can click on ‘Re-subscribe’ button and success window will be displayed with the correct content","#6 User can click on ‘Re-subscribe’ button and success window will be displayed with the correct content",""
"passed","Mon Apr 25 20:29:57 EEST 2022","Mon Apr 25 20:30:20 EEST 2022","22190","","My Profile > Communications Preferences","","My Profile > Communications Preferences","#10 Player can unselect just email preferences using the email toggle (email already toggled on), which upon saving updates the account area accordingly","#10 Player can unselect just email preferences using the email toggle (email already toggled on), which upon saving updates the account area accordingly",""
"passed","Mon Apr 25 20:45:31 EEST 2022","Mon Apr 25 20:45:44 EEST 2022","13124","","My Account > Gambling Controls > Deposit Limits","","My Account > Gambling Controls > Deposit Limits","#13 Player can open the Deposit Limits Delete modal on delete icon click and click on edit icon in the input field.","#13 Player can open the Deposit Limits Delete modal on delete icon click and click on edit icon in the input field.",""
"passed","Mon Apr 25 20:31:23 EEST 2022","Mon Apr 25 20:31:35 EEST 2022","12467","","Promotions functionality testing. Promotions functionality for authenticated user. Particular promotions.","","Promotions functionality testing. Promotions functionality for authenticated user. Particular promotions.","#15 User can press Back CTA for More Info page and be taken to the list of promotions.","#15 User can press Back CTA for More Info page and be taken to the list of promotions.",""
"passed","Mon Apr 25 20:27:27 EEST 2022","Mon Apr 25 20:27:45 EEST 2022","17103","","My Profile > Communications Preferences","","My Profile > Communications Preferences","#1 Player can view their communication preferences (default preferences: empty communication preferences and English language)","#1 Player can view their communication preferences (default preferences: empty communication preferences and English language)",""
"passed","Mon Apr 25 20:33:27 EEST 2022","Mon Apr 25 20:33:43 EEST 2022","16038","","Promotions functionality testing. Promotions functionality for authenticated user. Particular promotions.","","Promotions functionality testing. Promotions functionality for authenticated user. Particular promotions.","#25 User can make bonus deposit.","#25 User can make bonus deposit.",""
"failed","Mon Apr 25 20:44:54 EEST 2022","Mon Apr 25 20:44:59 EEST 2022","4824","","Slots page","","Slots page","#9 User hover the game card and click on it and login modal appears","#9 User hover the game card and click on it and login modal appears",""
"passed","Mon Apr 25 20:44:59 EEST 2022","Mon Apr 25 20:45:03 EEST 2022","4216","","Slots page","","Slots page","#10 User click on category and go to category page","#10 User click on category and go to category page",""
"passed","Mon Apr 25 20:30:00 EEST 2022","Mon Apr 25 20:30:21 EEST 2022","21539","","My Account > Settings > Change Password","","My Account > Settings > Change Password","#13 Player inputs into the password fields should be masked by default.","#13 Player inputs into the password fields should be masked by default.",""
"passed","Mon Apr 25 20:22:52 EEST 2022","Mon Apr 25 20:23:13 EEST 2022","21274","","My Account > Gambling Controls > Loss Limits","","My Account > Gambling Controls > Loss Limits","#2 User can open the Loss Limits Edit modal on edit icon click ","#2 User can open the Loss Limits Edit modal on edit icon click ",""
"failed","Mon Apr 25 20:42:35 EEST 2022","Mon Apr 25 20:42:55 EEST 2022","20222","","My Account > Gambling Controls > Account Closure > Take A Break","","My Account > Gambling Controls > Account Closure > Take A Break","#1 Player can select take a break menu item from 'Account Closure' and Take A Break contain is displayed.","#1 Player can select take a break menu item from 'Account Closure' and Take A Break contain is displayed.",""
"passed","Mon Apr 25 20:43:56 EEST 2022","Mon Apr 25 20:44:01 EEST 2022","5697","","Registration > Step 2","","Registration > Step 2","#12 User cannot enter an invalid date into the date of birth field.","#12 User cannot enter an invalid date into the date of birth field.",""
"failed","Mon Apr 25 20:47:03 EEST 2022","Mon Apr 25 20:47:24 EEST 2022","21532","","My Account > Gambling Controls > Account Closure > Take A Break","","My Account > Gambling Controls > Account Closure > Take A Break","#16 Player can press 'BACK' for confirmating modal after chosen for 24 hours 'Take A Break' and should return to previous step.","#16 Player can press 'BACK' for confirmating modal after chosen for 24 hours 'Take A Break' and should return to previous step.",""
"passed","Mon Apr 25 20:46:30 EEST 2022","Mon Apr 25 20:46:44 EEST 2022","13975","","My Account > Gambling Controls > Deposit Limits","","My Account > Gambling Controls > Deposit Limits","#20 Player can close 'History' modal.","#20 Player can close 'History' modal.",""
"passed","Mon Apr 25 20:28:52 EEST 2022","Mon Apr 25 20:28:54 EEST 2022","1660","","Homepage","","Homepage","#8 The user can use to contact for DPO regarding any data protection issue dpo@merkurslots.com email","#8 The user can use to contact for DPO regarding any data protection issue dpo@merkurslots.com email",""
"failed","Mon Apr 25 20:44:41 EEST 2022","Mon Apr 25 20:44:45 EEST 2022","3919","","Slots page","","Slots page","#6 User can hover mouse on game card and see all needed elements","#6 User can hover mouse on game card and see all needed elements",""
"passed","Mon Apr 25 20:19:18 EEST 2022","Mon Apr 25 20:19:24 EEST 2022","5621","","404 error page functionality testing.","","404 error page functionality testing.","#5 Player can click ""Login"" button, open login window and successfully login.","#5 Player can click ""Login"" button, open login window and successfully login.",""
"passed","Mon Apr 25 20:29:13 EEST 2022","Mon Apr 25 20:29:18 EEST 2022","5300","","Registration > Step 1","","Registration > Step 1","#03 User is prompted with the 'Account already exists' drawer if they enter an email address that already exists.","#03 User is prompted with the 'Account already exists' drawer if they enter an email address that already exists.",""
"failed","Mon Apr 25 20:45:20 EEST 2022","Mon Apr 25 20:45:30 EEST 2022","9862","","Slots page","","Slots page","#13 User logged in and click on game card and game page appears","#13 User logged in and click on game card and game page appears",""
"failed","Mon Apr 25 20:43:44 EEST 2022","Mon Apr 25 20:43:50 EEST 2022","5702","","Registration > Step 2","","Registration > Step 2","#08 User cannot enter invalid characters into step 2 name input fields.","#08 User cannot enter invalid characters into step 2 name input fields.",""
"skipped","Mon Apr 25 20:32:58 EEST 2022","Mon Apr 25 20:32:58 EEST 2022","1","","Promotions functionality testing. Promotions functionality for authenticated user. Particular promotions.","","Promotions functionality testing. Promotions functionality for authenticated user. Particular promotions.","#22 User can enter amount, go to full terms and conditions, click back button, close full terms conditions and return in deposit modal.","#22 User can enter amount, go to full terms and conditions, click back button, close full terms conditions and return in deposit modal.",""
"failed","Mon Apr 25 20:40:52 EEST 2022","Mon Apr 25 20:41:09 EEST 2022","17555","","Home page => Responsible Gambling page","","Home page => Responsible Gambling page","#0 User can come to the Responsible Gambling page","#0 User can come to the Responsible Gambling page",""
"passed","Mon Apr 25 20:33:07 EEST 2022","Mon Apr 25 20:33:22 EEST 2022","15584","","Spin Zone functionality testing","","Spin Zone functionality testing","#10 Player can close game","#10 Player can close game",""
"passed","Mon Apr 25 20:20:34 EEST 2022","Mon Apr 25 20:20:39 EEST 2022","4500","","Landing Page/Shop Welcome page","","Landing Page/Shop Welcome page","#4 User clicks on ""Be Aware Gambling"" link at Shop Welcome page","#4 User clicks on ""Be Aware Gambling"" link at Shop Welcome page",""
"passed","Mon Apr 25 20:19:14 EEST 2022","Mon Apr 25 20:19:25 EEST 2022","11254","","Homepage","","Homepage","#1 Player can navigate to the registration page via the 'Join'.","#1 Player can navigate to the registration page via the 'Join'.",""
"passed","Mon Apr 25 20:20:26 EEST 2022","Mon Apr 25 20:20:37 EEST 2022","11125","","Home page => Privacy Policy page","","Home page => Privacy Policy page","#3 User can come to the Merkur Casino page from Privacy Policy page","#3 User can come to the Merkur Casino page from Privacy Policy page",""
"passed","Mon Apr 25 20:41:33 EEST 2022","Mon Apr 25 20:41:43 EEST 2022","10248","","Home page => Responsible Gambling page","","Home page => Responsible Gambling page","#3 User can come to the Gamble Stop page from Responsible Gambling page","#3 User can come to the Gamble Stop page from Responsible Gambling page",""
"passed","Mon Apr 25 20:28:25 EEST 2022","Mon Apr 25 20:28:38 EEST 2022","13287","","My Account > Settings > Change Password","","My Account > Settings > Change Password","#06 Player is displayed with the password requirements when they start to enter a new password.","#06 Player is displayed with the password requirements when they start to enter a new password.",""
"passed","Mon Apr 25 20:29:56 EEST 2022","Mon Apr 25 20:29:59 EEST 2022","3049","","Registration > Step 1","","Registration > Step 1","#28 User can enter valid details on Step 1 and progress to Step 2 of the registration process.","#28 User can enter valid details on Step 1 and progress to Step 2 of the registration process.",""
"passed","Mon Apr 25 20:28:49 EEST 2022","Mon Apr 25 20:29:05 EEST 2022","16780","","My Profile > Communications Preferences","","My Profile > Communications Preferences","#6 Player can edit their preferences and select just the Text toggle, which upon saving updates the account area accordingly","#6 Player can edit their preferences and select just the Text toggle, which upon saving updates the account area accordingly",""
"passed","Mon Apr 25 20:23:50 EEST 2022","Mon Apr 25 20:24:09 EEST 2022","18723","","My Account > Gambling Controls > Play Reminders","","My Account > Gambling Controls > Play Reminders","#4 Player cannot continue with 'Time Limit' if a limit is not selected.","#4 Player cannot continue with 'Time Limit' if a limit is not selected.",""
"passed","Mon Apr 25 20:20:55 EEST 2022","Mon Apr 25 20:20:59 EEST 2022","3817","","Landing Page/Shop Welcome page","","Landing Page/Shop Welcome page","#9 User can come to the Terms & Conditions page from the Shop Welcome page","#9 User can come to the Terms & Conditions page from the Shop Welcome page",""
"failed","Mon Apr 25 20:43:57 EEST 2022","Mon Apr 25 20:44:23 EEST 2022","26115","","My Account -> Deposit","","My Account -> Deposit","#5 Check user is able to select Phone payment method and is provided with the correct information for this payment method","#5 Check user is able to select Phone payment method and is provided with the correct information for this payment method",""
"passed","Mon Apr 25 20:30:51 EEST 2022","Mon Apr 25 20:30:58 EEST 2022","7965","","Registration > Step 4","","Registration > Step 4","#07 User can opt in to receive Phone marketing preferences.","#07 User can opt in to receive Phone marketing preferences.",""
"passed","Mon Apr 25 20:42:10 EEST 2022","Mon Apr 25 20:42:32 EEST 2022","21802","","My Profile > Contact Details","","My Profile > Contact Details","#04 Player can update their telephone number.","#04 Player can update their telephone number.",""
"passed","Mon Apr 25 20:30:58 EEST 2022","Mon Apr 25 20:31:09 EEST 2022","10313","","Registration > Step 4","","Registration > Step 4","#08 User can overwrite Select All option and de-select a preference.","#08 User can overwrite Select All option and de-select a preference.",""
"failed","Mon Apr 25 20:46:52 EEST 2022","Mon Apr 25 20:47:03 EEST 2022","10721","","My Account > Gambling Controls > Account Closure > Take A Break","","My Account > Gambling Controls > Account Closure > Take A Break","#15 Player can choose to view the 'Self Exclusion' service from the 'Take A Break' modal.","#15 Player can choose to view the 'Self Exclusion' service from the 'Take A Break' modal.",""
"passed","Mon Apr 25 20:44:29 EEST 2022","Mon Apr 25 20:44:41 EEST 2022","12717","","Inbox functionality testing","","Inbox functionality testing","#13 Unread message count is not present on Inbox navigation bar icon if no messages","#13 Unread message count is not present on Inbox navigation bar icon if no messages",""
"passed","Mon Apr 25 20:29:42 EEST 2022","Mon Apr 25 20:29:45 EEST 2022","2720","","Registration > Step 1","","Registration > Step 1","#08 User can not enter an invaild email address (space in email).","#08 User can not enter an invaild email address (space in email).",""
"passed","Mon Apr 25 20:22:22 EEST 2022","Mon Apr 25 20:22:37 EEST 2022","14434","","Deep Link -> Edit Phone","","Deep Link -> Edit Phone","#2 Deep link to change password open login when not logged in before change password","#2 Deep link to change password open login when not logged in before change password",""
"passed","Mon Apr 25 20:30:47 EEST 2022","Mon Apr 25 20:31:00 EEST 2022","13493","","Promotions functionality testing. Promotions functionality for authenticated user. Particular promotions.","","Promotions functionality testing. Promotions functionality for authenticated user. Particular promotions.","#12 All main sections for card are displayed for CLAIM bonus.","#12 All main sections for card are displayed for CLAIM bonus.",""
"passed","Mon Apr 25 20:33:13 EEST 2022","Mon Apr 25 20:33:27 EEST 2022","13919","","Promotions functionality testing. Promotions functionality for authenticated user. Particular promotions.","","Promotions functionality testing. Promotions functionality for authenticated user. Particular promotions.","#24 User can close deposit bonus modal, remove display bonus modal and return to the launch screen.","#24 User can close deposit bonus modal, remove display bonus modal and return to the launch screen.",""
"passed","Mon Apr 25 20:26:40 EEST 2022","Mon Apr 25 20:26:57 EEST 2022","16689","","My Account > Gambling Controls > Account Closure > Self Exclusion","","My Account > Gambling Controls > Account Closure > Self Exclusion","#16 Player can continue with chosen 5 years option to 'Self Exclusion' and confirming modal should display.","#16 Player can continue with chosen 5 years option to 'Self Exclusion' and confirming modal should display.",""
"failed","Mon Apr 25 20:45:03 EEST 2022","Mon Apr 25 20:45:12 EEST 2022","8914","","Slots page","","Slots page","#11 User logged in and hover the game card and click on CTA ""PLAY NOW"" and go to game page","#11 User logged in and hover the game card and click on CTA ""PLAY NOW"" and go to game page",""
"skipped","Mon Apr 25 20:46:05 EEST 2022","Mon Apr 25 20:46:05 EEST 2022","0","","My Account > Gambling Controls > Deposit Limits","","My Account > Gambling Controls > Deposit Limits","#17 Player cannot set Deposit Limit higher than the maximum amount.","#17 Player cannot set Deposit Limit higher than the maximum amount.",""
"passed","Mon Apr 25 20:43:22 EEST 2022","Mon Apr 25 20:43:27 EEST 2022","5444","","Registration > Step 2","","Registration > Step 2","#04 Last Name is a mandatory field.","#04 Last Name is a mandatory field.",""
"passed","Mon Apr 25 20:28:38 EEST 2022","Mon Apr 25 20:28:53 EEST 2022","14755","","My Account > Settings > Change Password","","My Account > Settings > Change Password","#07 New password must contain a number.","#07 New password must contain a number.",""
"passed","Mon Apr 25 20:24:09 EEST 2022","Mon Apr 25 20:24:27 EEST 2022","18852","","My Account > Gambling Controls > Play Reminders","","My Account > Gambling Controls > Play Reminders","#5 Player can select a time limit from the drop down menu.","#5 Player can select a time limit from the drop down menu.",""
"passed","Mon Apr 25 20:42:48 EEST 2022","Mon Apr 25 20:43:05 EEST 2022","16782","","My Profile > Contact Details","","My Profile > Contact Details","#06 Player can update country code number.","#06 Player can update country code number.",""
"passed","Mon Apr 25 20:28:41 EEST 2022","Mon Apr 25 20:28:50 EEST 2022","8171","","Recover Password","","Recover Password","#03 Player cannot enter an invaild email address.","#03 Player cannot enter an invaild email address.",""
"passed","Mon Apr 25 20:20:45 EEST 2022","Mon Apr 25 20:20:48 EEST 2022","3121","","Landing Page/Shop Welcome page","","Landing Page/Shop Welcome page","#6 User can click on the WELCOME BONUS FULL TERMS AND CONDITIONS","#6 User can click on the WELCOME BONUS FULL TERMS AND CONDITIONS",""
"failed","Mon Apr 25 20:42:52 EEST 2022","Mon Apr 25 20:42:57 EEST 2022","4771","","Home => Terms & Conditions","","Home => Terms & Conditions","#11 User can see the Definitions section on terms and conditions page","#11 User can see the Definitions section on terms and conditions page",""
"failed","Mon Apr 25 20:42:47 EEST 2022","Mon Apr 25 20:42:52 EEST 2022","4821","","Home => Terms & Conditions","","Home => Terms & Conditions","#10 User can see the Terms and Conditions section on terms and conditions page","#10 User can see the Terms and Conditions section on terms and conditions page",""
"failed","Mon Apr 25 20:42:42 EEST 2022","Mon Apr 25 20:42:47 EEST 2022","5918","","Home => Terms & Conditions","","Home => Terms & Conditions","#9 User can see Introduction section on terms and conditions page","#9 User can see Introduction section on terms and conditions page",""
"passed","Mon Apr 25 20:33:43 EEST 2022","Mon Apr 25 20:33:44 EEST 2022","926","","Promotions functionality testing. Promotions functionality for unauthenticated user.","","Promotions functionality testing. Promotions functionality for unauthenticated user.","#26 Promotion page is displayed for not login user.","#26 Promotion page is displayed for not login user.",""
"passed","Mon Apr 25 20:41:36 EEST 2022","Mon Apr 25 20:41:54 EEST 2022","17742","","My Profile > Contact Details","","My Profile > Contact Details","#03 Player can select to edit their telephone number and cancel out of the modal.","#03 Player can select to edit their telephone number and cancel out of the modal.",""
"failed","Mon Apr 25 20:28:23 EEST 2022","Mon Apr 25 20:28:37 EEST 2022","13801","","Promotions functionality testing. Promotions functionality for authenticated user. Blocks of promotions.","","Promotions functionality testing. Promotions functionality for authenticated user. Blocks of promotions.","#4 Bonus History Page is displayed after clicks ""See all Activity"" in Recenty Activity.","#4 Bonus History Page is displayed after clicks ""See all Activity"" in Recenty Activity.",""
"passed","Mon Apr 25 20:27:40 EEST 2022","Mon Apr 25 20:27:55 EEST 2022","14751","","My Account > Settings > Change Password","","My Account > Settings > Change Password","#03 New Password is a mandatory field.","#03 New Password is a mandatory field.",""
"passed","Mon Apr 25 20:42:12 EEST 2022","Mon Apr 25 20:42:26 EEST 2022","14715","","Inbox functionality testing","","Inbox functionality testing","#4 Player can see their message list, with messages displaying the correct information (if messages > 1)","#4 Player can see their message list, with messages displaying the correct information (if messages > 1)",""
"failed","Mon Apr 25 20:43:47 EEST 2022","Mon Apr 25 20:43:52 EEST 2022","4986","","Home => Terms & Conditions","","Home => Terms & Conditions","#22 User can see the Promotions section on terms and conditions page","#22 User can see the Promotions section on terms and conditions page",""
"passed","Mon Apr 25 20:31:25 EEST 2022","Mon Apr 25 20:31:32 EEST 2022","7278","","Registration > Step 3","","Registration > Step 3","#16 Phone Number will display an error when entering non-numeric values into input.","#16 Phone Number will display an error when entering non-numeric values into input.",""
"passed","Mon Apr 25 20:22:00 EEST 2022","Mon Apr 25 20:22:14 EEST 2022","13243","","Deep Link -> Loss Limits","","Deep Link -> Loss Limits","#2 Deep link to loss limits open login when not logged in before loss limits","#2 Deep link to loss limits open login when not logged in before loss limits",""
"passed","Mon Apr 25 20:29:16 EEST 2022","Mon Apr 25 20:29:23 EEST 2022","7200","","Recover Password","","Recover Password","#08 Player can submit an email address which does not exist and still receives a success message on submitting the recover password form.","#08 Player can submit an email address which does not exist and still receives a success message on submitting the recover password form.",""
"failed","Mon Apr 25 20:45:48 EEST 2022","Mon Apr 25 20:46:09 EEST 2022","21414","","My Account > Gambling Controls > Account Closure > Take A Break","","My Account > Gambling Controls > Account Closure > Take A Break","#12 Player can continue with chosen 1 week option to 'Take A Break' and confirming modal should display.","#12 Player can continue with chosen 1 week option to 'Take A Break' and confirming modal should display.",""
"passed","Mon Apr 25 20:44:18 EEST 2022","Mon Apr 25 20:44:29 EEST 2022","10514","","Inbox functionality testing","","Inbox functionality testing","#12 Player with less than 15 messages should not be able to view more","#12 Player with less than 15 messages should not be able to view more",""
"passed","Mon Apr 25 20:20:19 EEST 2022","Mon Apr 25 20:20:21 EEST 2022","2326","","Landing Page/Shop Welcome page","","Landing Page/Shop Welcome page","#1 User come to the Shop Welcome page ","#1 User come to the Shop Welcome page ",""
"passed","Mon Apr 25 20:41:20 EEST 2022","Mon Apr 25 20:41:36 EEST 2022","16377","","My Profile > Contact Details","","My Profile > Contact Details","#02 Player can select to edit their telephone number and be presented with an edit modal.","#02 Player can select to edit their telephone number and be presented with an edit modal.",""
"passed","Mon Apr 25 20:19:34 EEST 2022","Mon Apr 25 20:19:48 EEST 2022","13231","","Expired Link Error","","Expired Link Error","#10 User can click on 'Deposit' button opens Deposit window","#10 User can click on 'Deposit' button opens Deposit window",""
"passed","Mon Apr 25 20:21:18 EEST 2022","Mon Apr 25 20:21:38 EEST 2022","20562","","Homepage","","Homepage","#9 Bonus amount is updated correctly in the dropdown details when bonus balance is adjusted","#9 Bonus amount is updated correctly in the dropdown details when bonus balance is adjusted",""
"passed","Mon Apr 25 20:28:34 EEST 2022","Mon Apr 25 20:28:48 EEST 2022","13447","","Homepage","","Homepage","#5 After click one of the links from 'Website Visitors', the user should see new page.","#5 After click one of the links from 'Website Visitors', the user should see new page.",""
"passed","Mon Apr 25 20:31:35 EEST 2022","Mon Apr 25 20:31:49 EEST 2022","13696","","Promotions functionality testing. Promotions functionality for authenticated user. Particular promotions.","","Promotions functionality testing. Promotions functionality for authenticated user. Particular promotions.","#16 User can opt in bonus and get confirmation modal with all sections.","#16 User can opt in bonus and get confirmation modal with all sections.",""
"passed","Mon Apr 25 20:26:31 EEST 2022","Mon Apr 25 20:26:50 EEST 2022","18254","","My Account > Gambling Controls > Loss Limits","","My Account > Gambling Controls > Loss Limits","#16 User can only enter numeric digits into the set Loss Limit field. ","#16 User can only enter numeric digits into the set Loss Limit field. ",""
"failed","Mon Apr 25 20:40:52 EEST 2022","Mon Apr 25 20:41:11 EEST 2022","18943","","Home => Terms & Conditions","","Home => Terms & Conditions","#0 User can come to the terms and conditions page","#0 User can come to the terms and conditions page",""
"failed","Mon Apr 25 20:36:13 EEST 2022","Mon Apr 25 20:36:34 EEST 2022","21188","","Promotions functionality testing. Promotions functionality for unauthenticated user.","","Promotions functionality testing. Promotions functionality for unauthenticated user.","#35 Short terms and conditions of promotion card is displayed for not login user.","#35 Short terms and conditions of promotion card is displayed for not login user.",""
"passed","Mon Apr 25 20:43:34 EEST 2022","Mon Apr 25 20:43:52 EEST 2022","18157","","My Account > Gambling Controls > Deposit Limits","","My Account > Gambling Controls > Deposit Limits","#6 Player can close the Deposit Limits Edit modal","#6 Player can close the Deposit Limits Edit modal",""
"passed","Mon Apr 25 20:41:09 EEST 2022","Mon Apr 25 20:41:24 EEST 2022","14534","","Home page => Responsible Gambling page","","Home page => Responsible Gambling page","#1 User can come to the Be Gamble Aware page from Responsible Gambling page","#1 User can come to the Be Gamble Aware page from Responsible Gambling page",""
"passed","Mon Apr 25 20:29:03 EEST 2022","Mon Apr 25 20:29:09 EEST 2022","5507","","Registration > Step 1","","Registration > Step 1","#01.1 User can leave the registration process by clicking the Home link and click 'Yes I want to leave'.","#01.1 User can leave the registration process by clicking the Home link and click 'Yes I want to leave'.",""
"failed","Mon Apr 25 20:34:06 EEST 2022","Mon Apr 25 20:34:27 EEST 2022","21020","","Promotions functionality testing. Promotions functionality for unauthenticated user.","","Promotions functionality testing. Promotions functionality for unauthenticated user.","#29 Promotions are displayed in correct order for unauthenticated user","#29 Promotions are displayed in correct order for unauthenticated user",""
"passed","Mon Apr 25 20:21:50 EEST 2022","Mon Apr 25 20:21:59 EEST 2022","9270","","Log In","","Log In","#15 Player can successfully Log In when entering valid details.","#15 Player can successfully Log In when entering valid details.",""
"passed","Mon Apr 25 20:41:20 EEST 2022","Mon Apr 25 20:42:27 EEST 2022","66615","","Footer functionality testing","","Footer functionality testing","#4 Player can see safer gambling logos","#4 Player can see safer gambling logos",""
"passed","Mon Apr 25 20:26:52 EEST 2022","Mon Apr 25 20:27:11 EEST 2022","19003","","My Account > Settings > Change Password","","My Account > Settings > Change Password","#00 Player can close the Change Password modal.","#00 Player can close the Change Password modal.",""
"passed","Mon Apr 25 20:18:57 EEST 2022","Mon Apr 25 20:19:09 EEST 2022","11224","","Expired Link Error","","Expired Link Error","#1 Expired Link Error page is displayed","#1 Expired Link Error page is displayed",""
"passed","Mon Apr 25 20:32:31 EEST 2022","Mon Apr 25 20:32:45 EEST 2022","13619","","Promotions functionality testing. Promotions functionality for authenticated user. Particular promotions.","","Promotions functionality testing. Promotions functionality for authenticated user. Particular promotions.","#20 Error message is displayed after user enters amount that is less than the qualification amount for deposit bonus.","#20 Error message is displayed after user enters amount that is less than the qualification amount for deposit bonus.",""
"passed","Mon Apr 25 20:42:32 EEST 2022","Mon Apr 25 20:42:48 EEST 2022","16246","","My Profile > Contact Details","","My Profile > Contact Details","#05 Player try to update invalid phone number.","#05 Player try to update invalid phone number.",""
"passed","Mon Apr 25 20:23:38 EEST 2022","Mon Apr 25 20:23:56 EEST 2022","17553","","My Account > Gambling Controls > Account Closure > Self Exclusion","","My Account > Gambling Controls > Account Closure > Self Exclusion","#3 Player can press 'Back' button of the 'Self Exlusion' modal and should return to previous step.","#3 Player can press 'Back' button of the 'Self Exlusion' modal and should return to previous step.",""
"passed","Mon Apr 25 20:24:58 EEST 2022","Mon Apr 25 20:25:13 EEST 2022","15107","","My Account > Gambling Controls > Loss Limits","","My Account > Gambling Controls > Loss Limits","#9 User can successfully set a weekly loss limit if not already set ","#9 User can successfully set a weekly loss limit if not already set ",""
"passed","Mon Apr 25 20:18:57 EEST 2022","Mon Apr 25 20:19:07 EEST 2022","9391","","Service unavailable","","Service unavailable","#0 User come to the Location Error page, when service is unavailable","#0 User come to the Location Error page, when service is unavailable",""
"passed","Mon Apr 25 20:33:44 EEST 2022","Mon Apr 25 20:33:45 EEST 2022","1537","","Promotions functionality testing. Promotions functionality for unauthenticated user.","","Promotions functionality testing. Promotions functionality for unauthenticated user.","#27 Promotion page has correct title for not login user.","#27 Promotion page has correct title for not login user.",""
"passed","Mon Apr 25 20:20:48 EEST 2022","Mon Apr 25 20:20:51 EEST 2022","3221","","Landing Page/Shop Welcome page","","Landing Page/Shop Welcome page","#7 User can come to the ""Be Gambling Aware"" site from the Shop Welcome page","#7 User can come to the ""Be Gambling Aware"" site from the Shop Welcome page",""
"passed","Mon Apr 25 20:29:51 EEST 2022","Mon Apr 25 20:29:54 EEST 2022","2293","","Registration > Step 1","","Registration > Step 1","#13 Password is a mandatory field.","#13 Password is a mandatory field.",""
"passed","Mon Apr 25 20:21:45 EEST 2022","Mon Apr 25 20:21:50 EEST 2022","4979","","Log In","","Log In","#14 Player can select the link to recover their password.","#14 Player can select the link to recover their password.",""
"failed","Mon Apr 25 20:44:56 EEST 2022","Mon Apr 25 20:45:25 EEST 2022","29385","","My Account > Gambling Controls > Account Closure > Take A Break","","My Account > Gambling Controls > Account Closure > Take A Break","#10 Player can choose 6 weeks option for 'Take A Break' and this option should be selected.","#10 Player can choose 6 weeks option for 'Take A Break' and this option should be selected.",""
"passed","Mon Apr 25 20:30:41 EEST 2022","Mon Apr 25 20:31:00 EEST 2022","18972","","My Profile > Communications Preferences","","My Profile > Communications Preferences","#12 Player can uneselect just phone preferences using the phone toggle (phone already toggled on), which upon saving updates the account area accordingly","#12 Player can uneselect just phone preferences using the phone toggle (phone already toggled on), which upon saving updates the account area accordingly",""
"skipped","Mon Apr 25 20:46:05 EEST 2022","Mon Apr 25 20:46:05 EEST 2022","0","","My Account > Gambling Controls > Deposit Limits","","My Account > Gambling Controls > Deposit Limits","#16 Player cannot set Deposit Limit lower than the minimum amount.","#16 Player cannot set Deposit Limit lower than the minimum amount.",""
"passed","Mon Apr 25 20:42:26 EEST 2022","Mon Apr 25 20:42:39 EEST 2022","12490","","Inbox functionality testing","","Inbox functionality testing","#5 Player can open message, removing the new badge from a message and decreasing the unread message count badge","#5 Player can open message, removing the new badge from a message and decreasing the unread message count badge",""
"passed","Mon Apr 25 20:29:54 EEST 2022","Mon Apr 25 20:29:56 EEST 2022","2168","","Registration > Step 1","","Registration > Step 1","#23 User cannot continue to next step if their password does not meet the minimum password requirements.","#23 User cannot continue to next step if their password does not meet the minimum password requirements.",""
"passed","Mon Apr 25 20:43:50 EEST 2022","Mon Apr 25 20:43:56 EEST 2022","5643","","Registration > Step 2","","Registration > Step 2","#11 User can enter valid details on Step 2 and progress to Step 3 of the registration process.","#11 User can enter valid details on Step 2 and progress to Step 3 of the registration process.",""
"failed","Mon Apr 25 20:28:52 EEST 2022","Mon Apr 25 20:29:15 EEST 2022","23333","","Promotions functionality testing. Promotions functionality for authenticated user. Blocks of promotions.","","Promotions functionality testing. Promotions functionality for authenticated user. Blocks of promotions.","#6 Active promotion is excluded from the featured section.","#6 Active promotion is excluded from the featured section.",""
"skipped","Mon Apr 25 20:25:29 EEST 2022","Mon Apr 25 20:25:29 EEST 2022","1","","My Account > Gambling Controls > Loss Limits","","My Account > Gambling Controls > Loss Limits","#12 User can successfully change their Loss Limit with a decimal value and receive a success toast on submitting the new amount. ","#12 User can successfully change their Loss Limit with a decimal value and receive a success toast on submitting the new amount. ",""
"passed","Mon Apr 25 20:23:07 EEST 2022","Mon Apr 25 20:23:28 EEST 2022","20740","","My Account > Gambling Controls > Play Reminders","","My Account > Gambling Controls > Play Reminders","#2 Player can close the 'Time Limit' modal.","#2 Player can close the 'Time Limit' modal.",""
"failed","Mon Apr 25 20:40:27 EEST 2022","Mon Apr 25 20:40:48 EEST 2022","20941","","Promotions functionality testing. Promotions functionality for unauthenticated user.","","Promotions functionality testing. Promotions functionality for unauthenticated user.","#47 User clicks button DEPOSIT for already DEPOSITED bonus, successfully login and can see drawer ""This promotion is unavailable"".","#47 User clicks button DEPOSIT for already DEPOSITED bonus, successfully login and can see drawer ""This promotion is unavailable"".",""
"passed","Mon Apr 25 20:19:56 EEST 2022","Mon Apr 25 20:20:00 EEST 2022","4188","","Landing Page/Welcome Offer page","","Landing Page/Welcome Offer page","#7 User can come to the ""Be Gambling Aware"" site from the Welcome Offer page","#7 User can come to the ""Be Gambling Aware"" site from the Welcome Offer page",""
"failed","Mon Apr 25 20:43:11 EEST 2022","Mon Apr 25 20:43:16 EEST 2022","5096","","Home => Terms & Conditions","","Home => Terms & Conditions","#15 User can see the Deposits and Withdrawals section on terms and conditions page","#15 User can see the Deposits and Withdrawals section on terms and conditions page",""
"passed","Mon Apr 25 20:19:06 EEST 2022","Mon Apr 25 20:19:15 EEST 2022","8817","","404 error page functionality testing.","","404 error page functionality testing.","#2 All elements are persisted on 404 error page.","#2 All elements are persisted on 404 error page.",""
"passed","Mon Apr 25 20:28:58 EEST 2022","Mon Apr 25 20:29:03 EEST 2022","4822","","Registration > Step 1","","Registration > Step 1","#01 User is displayed the correct content and input fields for Step 1.","#01 User is displayed the correct content and input fields for Step 1.",""
"passed","Mon Apr 25 20:27:45 EEST 2022","Mon Apr 25 20:28:00 EEST 2022","15352","","My Profile > Communications Preferences","","My Profile > Communications Preferences","#2 Player can edit their preferences and exit using the x close button within the modal discarding changes","#2 Player can edit their preferences and exit using the x close button within the modal discarding changes",""
"passed","Mon Apr 25 20:44:41 EEST 2022","Mon Apr 25 20:44:50 EEST 2022","8478","","Inbox functionality testing","","Inbox functionality testing","#14 Unread message count is not present on Inbox navigation bar icon if player has no unread messages","#14 Unread message count is not present on Inbox navigation bar icon if player has no unread messages",""
"passed","Mon Apr 25 20:26:31 EEST 2022","Mon Apr 25 20:26:49 EEST 2022","18059","","My Profile > Personal Details","","My Profile > Personal Details","#01 Player can view their personal details.","#01 Player can view their personal details.",""
"passed","Mon Apr 25 20:18:57 EEST 2022","Mon Apr 25 20:19:08 EEST 2022","10854","","Service unavailable","","Service unavailable","#0 User come to the Error 500 page, when service is unavailable","#0 User come to the Error 500 page, when service is unavailable",""
"passed","Mon Apr 25 20:32:53 EEST 2022","Mon Apr 25 20:33:07 EEST 2022","13442","","Spin Zone functionality testing","","Spin Zone functionality testing","#9 Player can see Exit Game button in bottom right","#9 Player can see Exit Game button in bottom right",""
"passed","Mon Apr 25 20:42:33 EEST 2022","Mon Apr 25 20:42:45 EEST 2022","12472","","My Account > Gambling Controls > Deposit Limits","","My Account > Gambling Controls > Deposit Limits","#2 Player is displayed 'Set Deposit Limit' text if no deposit limits are set.","#2 Player is displayed 'Set Deposit Limit' text if no deposit limits are set.",""
"passed","Mon Apr 25 20:24:41 EEST 2022","Mon Apr 25 20:24:58 EEST 2022","16888","","My Account > Gambling Controls > Loss Limits","","My Account > Gambling Controls > Loss Limits","#8 User can successfully set a daily loss limit if not already set ","#8 User can successfully set a daily loss limit if not already set ",""
"passed","Mon Apr 25 20:20:48 EEST 2022","Mon Apr 25 20:20:57 EEST 2022","8288","","Log In","","Log In","#01 Player can open the Log In modal and is displayed with the correct fields.","#01 Player can open the Log In modal and is displayed with the correct fields.",""
"passed","Mon Apr 25 20:43:08 EEST 2022","Mon Apr 25 20:43:30 EEST 2022","22116","","My Account -> Deposit","","My Account -> Deposit","#2 Check user is able to exit out of the deposit modal using the x button","#2 Check user is able to exit out of the deposit modal using the x button",""
"passed","Mon Apr 25 20:29:05 EEST 2022","Mon Apr 25 20:29:22 EEST 2022","16729","","My Profile > Communications Preferences","","My Profile > Communications Preferences","#7 Player can edit their preferences and select just the Post toggle, which upon saving updates the account area accordingly","#7 Player can edit their preferences and select just the Post toggle, which upon saving updates the account area accordingly",""
"skipped","Mon Apr 25 20:25:29 EEST 2022","Mon Apr 25 20:25:29 EEST 2022","2","","My Account > Gambling Controls > Loss Limits","","My Account > Gambling Controls > Loss Limits","#11 User can successfully set their Loss Limit to the minimum allowed value and will receive a success toast on submitting the new amount. ","#11 User can successfully set their Loss Limit to the minimum allowed value and will receive a success toast on submitting the new amount. ",""
"failed","Mon Apr 25 20:43:43 EEST 2022","Mon Apr 25 20:44:07 EEST 2022","24190","","My Account > Gambling Controls > Account Closure > Take A Break","","My Account > Gambling Controls > Account Closure > Take A Break","#7 Player can choose 24 hours option for 'Take A Break' and this option should be selected.","#7 Player can choose 24 hours option for 'Take A Break' and this option should be selected.",""
"passed","Mon Apr 25 20:28:55 EEST 2022","Mon Apr 25 20:29:04 EEST 2022","8484","","Recover Password","","Recover Password","#05 Player receives 'Sent' success feedback on submitting a valid email address.","#05 Player receives 'Sent' success feedback on submitting a valid email address.",""
"passed","Mon Apr 25 20:31:44 EEST 2022","Mon Apr 25 20:31:51 EEST 2022","7359","","Registration > Step 4","","Registration > Step 4","#13 User doesn`t click on confirm checkbox, tries to click success registration button and error text is shown.","#13 User doesn`t click on confirm checkbox, tries to click success registration button and error text is shown.",""
"passed","Mon Apr 25 20:25:12 EEST 2022","Mon Apr 25 20:25:28 EEST 2022","16841","","My Account > Gambling Controls > Play Reminders","","My Account > Gambling Controls > Play Reminders","#8 Player can successfully delete their 'Time Limit' on delete icon click.","#8 Player can successfully delete their 'Time Limit' on delete icon click.",""
"passed","Mon Apr 25 20:41:43 EEST 2022","Mon Apr 25 20:41:57 EEST 2022","14439","","Inbox functionality testing","","Inbox functionality testing","#2 Unread message count increases when player receives a new message (requires page refresh)","#2 Unread message count increases when player receives a new message (requires page refresh)",""
"passed","Mon Apr 25 20:31:52 EEST 2022","Mon Apr 25 20:32:00 EEST 2022","8720","","UnsubscribePage","","UnsubscribePage","#4 User can check ‘Other’ radio button and the text input will be displayed","#4 User can check ‘Other’ radio button and the text input will be displayed",""
"failed","Mon Apr 25 20:43:12 EEST 2022","Mon Apr 25 20:43:27 EEST 2022","14615","","My Account > Gambling Controls > Account Closure > Take A Break","","My Account > Gambling Controls > Account Closure > Take A Break","#3 Player can press 'Back' button of the 'Take A Break' modal and then should be displayed previous step.","#3 Player can press 'Back' button of the 'Take A Break' modal and then should be displayed previous step.",""
"passed","Mon Apr 25 20:43:32 EEST 2022","Mon Apr 25 20:43:39 EEST 2022","6572","","Registration > Step 2","","Registration > Step 2","#06 User cannot enter less that 2 characters into step 2 name input fields.","#06 User cannot enter less that 2 characters into step 2 name input fields.",""
"passed","Mon Apr 25 20:32:03 EEST 2022","Mon Apr 25 20:32:16 EEST 2022","12771","","Promotions functionality testing. Promotions functionality for authenticated user. Particular promotions.","","Promotions functionality testing. Promotions functionality for authenticated user. Particular promotions.","#18 User can close confirmation message, return to the calling page and bonus has been claimed.","#18 User can close confirmation message, return to the calling page and bonus has been claimed.",""
"passed","Mon Apr 25 20:29:09 EEST 2022","Mon Apr 25 20:29:13 EEST 2022","4110","","Registration > Step 1","","Registration > Step 1","#02 Email Address is a mandatory field.","#02 Email Address is a mandatory field.",""
"passed","Mon Apr 25 20:19:58 EEST 2022","Mon Apr 25 20:20:26 EEST 2022","27114","","Home page => Privacy Policy page","","Home page => Privacy Policy page","#2 User can come to the Merkur Slots page from Privacy Policy page","#2 User can come to the Merkur Slots page from Privacy Policy page",""
"passed","Mon Apr 25 20:31:50 EEST 2022","Mon Apr 25 20:32:08 EEST 2022","17857","","Spin Zone functionality testing","","Spin Zone functionality testing","#5 Player can open 'Deposit' modal","#5 Player can open 'Deposit' modal",""
"passed","Mon Apr 25 20:20:41 EEST 2022","Mon Apr 25 20:20:57 EEST 2022","15255","","Homepage","","Homepage","#7 Balance preview updates correctly upon refresh when a users balance is adjusted","#7 Balance preview updates correctly upon refresh when a users balance is adjusted",""
"passed","Mon Apr 25 20:19:29 EEST 2022","Mon Apr 25 20:19:34 EEST 2022","5532","","Expired Link Error","","Expired Link Error","#9 User can click on 'Back to Login' and open Login window and successfully login.","#9 User can click on 'Back to Login' and open Login window and successfully login.",""
"passed","Mon Apr 25 20:22:02 EEST 2022","Mon Apr 25 20:22:22 EEST 2022","19978","","Deep Link -> Edit Phone","","Deep Link -> Edit Phone","#1 Deep link to edit phone opens when logged in","#1 Deep link to edit phone opens when logged in",""
"failed","Mon Apr 25 20:39:03 EEST 2022","Mon Apr 25 20:39:24 EEST 2022","21123","","Promotions functionality testing. Promotions functionality for unauthenticated user.","","Promotions functionality testing. Promotions functionality for unauthenticated user.","#43 User can go to More Info details after click More Info CTA.","#43 User can go to More Info details after click More Info CTA.",""
"passed","Mon Apr 25 20:44:49 EEST 2022","Mon Apr 25 20:45:02 EEST 2022","13847","","My Account > Gambling Controls > Deposit Limits","","My Account > Gambling Controls > Deposit Limits","#10 Player can successfully set a daily deposit limit if not already set.","#10 Player can successfully set a daily deposit limit if not already set.",""
"passed","Mon Apr 25 20:29:26 EEST 2022","Mon Apr 25 20:29:33 EEST 2022","7133","","Registration > Step 1","","Registration > Step 1","#05 User can select the 'Login' button on the 'Account already exists' drawer and is displayed the Login form.","#05 User can select the 'Login' button on the 'Account already exists' drawer and is displayed the Login form.",""
"passed","Mon Apr 25 20:45:44 EEST 2022","Mon Apr 25 20:46:05 EEST 2022","21045","","My Account > Gambling Controls > Deposit Limits","","My Account > Gambling Controls > Deposit Limits","#15 Player can successfully change Deposit Limit with a decimal value and receive a success toast on submitting the new amount.","#15 Player can successfully change Deposit Limit with a decimal value and receive a success toast on submitting the new amount.",""
"passed","Mon Apr 25 20:43:20 EEST 2022","Mon Apr 25 20:43:34 EEST 2022","14473","","My Account > Gambling Controls > Deposit Limits","","My Account > Gambling Controls > Deposit Limits","#5 Player can open the Deposit Limits Edit modal on edit icon click.","#5 Player can open the Deposit Limits Edit modal on edit icon click.",""
"passed","Mon Apr 25 20:45:02 EEST 2022","Mon Apr 25 20:45:17 EEST 2022","14482","","My Account > Gambling Controls > Deposit Limits","","My Account > Gambling Controls > Deposit Limits","#11 Player can successfully set a weekly deposit limit if not already set.","#11 Player can successfully set a weekly deposit limit if not already set.",""
"failed","Mon Apr 25 20:45:12 EEST 2022","Mon Apr 25 20:45:20 EEST 2022","8048","","Slots page","","Slots page","#12 User logged in hover the game card  and click on CTA ""INFO"" and go to INFO page and click on ""PLAY NOW"" and see game page","#12 User logged in hover the game card  and click on CTA ""INFO"" and go to INFO page and click on ""PLAY NOW"" and see game page",""
"passed","Mon Apr 25 20:19:33 EEST 2022","Mon Apr 25 20:19:50 EEST 2022","16758","","Homepage","","Homepage","#3 The detailed balance card is shown when the dropdown chevron is clicked","#3 The detailed balance card is shown when the dropdown chevron is clicked",""
"failed","Mon Apr 25 20:35:09 EEST 2022","Mon Apr 25 20:35:30 EEST 2022","21322","","Promotions functionality testing. Promotions functionality for unauthenticated user.","","Promotions functionality testing. Promotions functionality for unauthenticated user.","#32 Promo title of promotion card is displayed for not login user.","#32 Promo title of promotion card is displayed for not login user.",""
"passed","Mon Apr 25 20:19:06 EEST 2022","Mon Apr 25 20:19:10 EEST 2022","3384","","User come to the 'Planned Maintenance' error page","","User come to the 'Planned Maintenance' error page","#1 Content of ""Planned Maintenance"" error page","#1 Content of ""Planned Maintenance"" error page",""
"passed","Mon Apr 25 20:21:26 EEST 2022","Mon Apr 25 20:21:35 EEST 2022","8839","","Log In","","Log In","#07 Player cannot login when entering an incorrect password.","#07 Player cannot login when entering an incorrect password.",""
