"Status","Start Time","Stop Time","Duration in ms","Parent Suite","Suite","Sub Suite","Test Class","Test Method","Name","Description"
"passed","Thu Apr 14 19:58:17 EEST 2022","Thu Apr 14 19:58:22 EEST 2022","4995","","Slots page","","Slots page","#7 User hover the game card and click 'Play now' and login modal appears","#7 User hover the game card and click 'Play now' and login modal appears",""
"failed","Thu Apr 14 20:00:58 EEST 2022","Thu Apr 14 20:01:20 EEST 2022","21622","","My Account > Gambling Controls > Account Closure > Take A Break","","My Account > Gambling Controls > Account Closure > Take A Break","#14 Player can continue with chosen 6 weeks option to 'Take A Break' and confirming modal should display.","#14 Player can continue with chosen 6 weeks option to 'Take A Break' and confirming modal should display.",""
"passed","Thu Apr 14 19:33:30 EEST 2022","Thu Apr 14 19:33:43 EEST 2022","12611","","Homepage","","Homepage","#5 The details balance card is dismissed when the user clicks outside the modal","#5 The details balance card is dismissed when the user clicks outside the modal",""
"passed","Thu Apr 14 19:47:10 EEST 2022","Thu Apr 14 19:47:24 EEST 2022","14429","","Spin Zone functionality testing","","Spin Zone functionality testing","#7 Player can see recently played games","#7 Player can see recently played games",""
"passed","Thu Apr 14 19:46:31 EEST 2022","Thu Apr 14 19:46:43 EEST 2022","12563","","Promotions functionality testing. Promotions functionality for authenticated user. Particular promotions.","","Promotions functionality testing. Promotions functionality for authenticated user. Particular promotions.","#18 User can close confirmation message, return to the calling page and bonus has been claimed.","#18 User can close confirmation message, return to the calling page and bonus has been claimed.",""
"passed","Thu Apr 14 19:36:07 EEST 2022","Thu Apr 14 19:36:13 EEST 2022","6756","","Landing Page/Shop Welcome page","","Landing Page/Shop Welcome page","#4 User clicks on ""Be Aware Gambling"" link at Shop Welcome page","#4 User clicks on ""Be Aware Gambling"" link at Shop Welcome page",""
"passed","Thu Apr 14 19:57:05 EEST 2022","Thu Apr 14 19:57:24 EEST 2022","18974","","My Profile > Contact Details","","My Profile > Contact Details","# Player can select to edit their telephone number and close the modal to cancel out of the process.","# Player can select to edit their telephone number and close the modal to cancel out of the process.",""
"passed","Thu Apr 14 19:34:46 EEST 2022","Thu Apr 14 19:35:09 EEST 2022","22213","","Inbox functionality testing","","Inbox functionality testing","#10 Deleting a message from the inbox which is marked as new should decrease the unread message count badge","#10 Deleting a message from the inbox which is marked as new should decrease the unread message count badge",""
"passed","Thu Apr 14 19:57:51 EEST 2022","Thu Apr 14 19:58:09 EEST 2022","18250","","My Account > Gambling Controls > Deposit Limits","","My Account > Gambling Controls > Deposit Limits","#5 Player can open the Deposit Limits Edit modal on edit icon click.","#5 Player can open the Deposit Limits Edit modal on edit icon click.",""
"failed","Thu Apr 14 20:00:37 EEST 2022","Thu Apr 14 20:00:58 EEST 2022","21313","","My Account > Gambling Controls > Account Closure > Take A Break","","My Account > Gambling Controls > Account Closure > Take A Break","#13 Player can continue with chosen 3 weeks option to 'Take A Break' and confirming modal should display.","#13 Player can continue with chosen 3 weeks option to 'Take A Break' and confirming modal should display.",""
"passed","Thu Apr 14 19:33:29 EEST 2022","Thu Apr 14 19:33:34 EEST 2022","5169","","Landing Page/Welcome Offer page","","Landing Page/Welcome Offer page","#6 User can click on the WELCOME BONUS FULL TERMS AND CONDITIONS","#6 User can click on the WELCOME BONUS FULL TERMS AND CONDITIONS",""
"failed","Thu Apr 14 19:53:27 EEST 2022","Thu Apr 14 19:53:48 EEST 2022","20846","","Promotions functionality testing. Promotions functionality for unauthenticated user.","","Promotions functionality testing. Promotions functionality for unauthenticated user.","#43 User can go to More Info details after click More Info CTA.","#43 User can go to More Info details after click More Info CTA.",""
"passed","Thu Apr 14 19:33:35 EEST 2022","Thu Apr 14 19:33:44 EEST 2022","9346","","Inbox functionality testing","","Inbox functionality testing","#4 Player can see their message list, with messages displaying the correct information (if messages > 1)","#4 Player can see their message list, with messages displaying the correct information (if messages > 1)",""
"passed","Thu Apr 14 19:40:37 EEST 2022","Thu Apr 14 19:40:56 EEST 2022","18622","","My Account > Gambling Controls > Loss Limits","","My Account > Gambling Controls > Loss Limits","#16 User can only enter numeric digits into the set Loss Limit field. ","#16 User can only enter numeric digits into the set Loss Limit field. ",""
"passed","Thu Apr 14 19:35:04 EEST 2022","Thu Apr 14 19:35:10 EEST 2022","6189","","Landing Page/Welcome Casino page","","Landing Page/Welcome Casino page","#4 User clicks on ""Be Aware Gambling"" link at Welcome Casino page","#4 User clicks on ""Be Aware Gambling"" link at Welcome Casino page",""
"passed","Thu Apr 14 19:46:06 EEST 2022","Thu Apr 14 19:46:26 EEST 2022","19356","","Spin Zone functionality testing","","Spin Zone functionality testing","#3 Player can close Game menu","#3 Player can close Game menu",""
"passed","Thu Apr 14 19:46:57 EEST 2022","Thu Apr 14 19:47:14 EEST 2022","16357","","Promotions functionality testing. Promotions functionality for authenticated user. Particular promotions.","","Promotions functionality testing. Promotions functionality for authenticated user. Particular promotions.","#20 Error message is displayed after user enters amount that is less than the qualification amount for deposit bonus.","#20 Error message is displayed after user enters amount that is less than the qualification amount for deposit bonus.",""
"passed","Thu Apr 14 19:36:16 EEST 2022","Thu Apr 14 19:36:39 EEST 2022","22865","","My Account > Gambling Controls > Play Reminders","","My Account > Gambling Controls > Play Reminders","#1 Player can select to edit their 'Time Limit' and is displayed the Play Reminders modal.","#1 Player can select to edit their 'Time Limit' and is displayed the Play Reminders modal.",""
"passed","Thu Apr 14 19:35:39 EEST 2022","Thu Apr 14 19:35:48 EEST 2022","8881","","Landing Page/Welcome Casino page","","Landing Page/Welcome Casino page","#9 User can come to the Terms & Conditions page from the Welcome Casino page","#9 User can come to the Terms & Conditions page from the Welcome Casino page",""
"passed","Thu Apr 14 19:43:12 EEST 2022","Thu Apr 14 19:43:28 EEST 2022","16031","","My Account > Settings > Change Password","","My Account > Settings > Change Password","#05 Player should be displayed an error if they submit the Change Password form with an incorrect Current Password.","#05 Player should be displayed an error if they submit the Change Password form with an incorrect Current Password.",""
"passed","Thu Apr 14 19:55:15 EEST 2022","Thu Apr 14 19:55:28 EEST 2022","13284","","User come to the 'Planned Maintenance' error page","","User come to the 'Planned Maintenance' error page","#0 User come to the ""Planned Maintenance"" error page","#0 User come to the ""Planned Maintenance"" error page",""
"failed","Thu Apr 14 19:57:29 EEST 2022","Thu Apr 14 19:57:46 EEST 2022","17278","","My Account -> Deposit","","My Account -> Deposit","#6 Check user is able to select PayPal payment method and is provided with the correct information for this payment method","#6 Check user is able to select PayPal payment method and is provided with the correct information for this payment method",""
"passed","Thu Apr 14 19:47:43 EEST 2022","Thu Apr 14 19:47:58 EEST 2022","15050","","Spin Zone functionality testing","","Spin Zone functionality testing","#9 Player can see Exit Game button in bottom right","#9 Player can see Exit Game button in bottom right",""
"failed","Thu Apr 14 19:58:07 EEST 2022","Thu Apr 14 19:58:34 EEST 2022","26935","","My Account > Gambling Controls > Account Closure > Take A Break","","My Account > Gambling Controls > Account Closure > Take A Break","#7 Player can choose 24 hours option for 'Take A Break' and this option should be selected.","#7 Player can choose 24 hours option for 'Take A Break' and this option should be selected.",""
"passed","Thu Apr 14 19:43:56 EEST 2022","Thu Apr 14 19:44:08 EEST 2022","12297","","My Account > Settings > Change Password","","My Account > Settings > Change Password","#08 New password must contain a combination of upper and lower case letters (all upper case).","#08 New password must contain a combination of upper and lower case letters (all upper case).",""
"passed","Thu Apr 14 19:44:40 EEST 2022","Thu Apr 14 19:44:47 EEST 2022","7715","","Registration > Step 3","","Registration > Step 3","#06 Post Code field is a mandatory field.","#06 Post Code field is a mandatory field.",""
"passed","Thu Apr 14 19:41:19 EEST 2022","Thu Apr 14 19:41:35 EEST 2022","16236","","My Account > Gambling Controls > Account Closure > Self Exclusion","","My Account > Gambling Controls > Account Closure > Self Exclusion","#15 Player can continue with chosen 2 years option to 'Self Exclusion' and confirming modal should display.","#15 Player can continue with chosen 2 years option to 'Self Exclusion' and confirming modal should display.",""
"passed","Thu Apr 14 19:34:05 EEST 2022","Thu Apr 14 19:34:18 EEST 2022","12886","","Logout","","Logout","#02 Player is logged out of site if clearing there cookies.","#02 Player is logged out of site if clearing there cookies.",""
"skipped","Thu Apr 14 20:00:52 EEST 2022","Thu Apr 14 20:00:52 EEST 2022","0","","My Account > Gambling Controls > Deposit Limits","","My Account > Gambling Controls > Deposit Limits","#17 Player cannot set Deposit Limit higher than the maximum amount.","#17 Player cannot set Deposit Limit higher than the maximum amount.",""
"passed","Thu Apr 14 19:56:06 EEST 2022","Thu Apr 14 19:56:11 EEST 2022","5189","","Home => Terms & Conditions","","Home => Terms & Conditions","#2 User can come to the privacy policy page from terms and conditions page","#2 User can come to the privacy policy page from terms and conditions page",""
"passed","Thu Apr 14 19:34:30 EEST 2022","Thu Apr 14 19:34:36 EEST 2022","5685","","Landing Page/Welcome Games page","","Landing Page/Welcome Games page","#7 User can come to the ""Be Gambling Aware"" site from the Welcome Games page","#7 User can come to the ""Be Gambling Aware"" site from the Welcome Games page",""
"passed","Thu Apr 14 19:35:54 EEST 2022","Thu Apr 14 19:36:08 EEST 2022","14818","","Homepage","","Homepage","#14 Casino amount does not display when total bonus amount is zero and displays correct total balance of £0.00","#14 Casino amount does not display when total bonus amount is zero and displays correct total balance of £0.00",""
"passed","Thu Apr 14 19:35:36 EEST 2022","Thu Apr 14 19:35:55 EEST 2022","19240","","Deep Link -> Edit Phone","","Deep Link -> Edit Phone","#1 Deep link to edit phone opens when logged in","#1 Deep link to edit phone opens when logged in",""
"passed","Thu Apr 14 19:55:15 EEST 2022","Thu Apr 14 19:55:28 EEST 2022","13408","","Service unavailable","","Service unavailable","#0 User come to the Location Error page, when service is unavailable","#0 User come to the Location Error page, when service is unavailable",""
"passed","Thu Apr 14 19:57:13 EEST 2022","Thu Apr 14 19:57:20 EEST 2022","6215","","Footer functionality testing","","Footer functionality testing","#5 Player can see legal and company information","#5 Player can see legal and company information",""
"passed","Thu Apr 14 19:41:12 EEST 2022","Thu Apr 14 19:41:30 EEST 2022","18027","","My Account > Gambling Controls > Loss Limits","","My Account > Gambling Controls > Loss Limits","#18 User can close 'How loss limits work' modal. ","#18 User can close 'How loss limits work' modal. ",""
"passed","Thu Apr 14 19:45:25 EEST 2022","Thu Apr 14 19:45:42 EEST 2022","17581","","My Profile > Communications Preferences","","My Profile > Communications Preferences","#13 Player can uneselect just post preferences using the post toggle (post already toggled on), which upon saving updates the account area accordingly","#13 Player can uneselect just post preferences using the post toggle (post already toggled on), which upon saving updates the account area accordingly",""
"passed","Thu Apr 14 19:35:22 EEST 2022","Thu Apr 14 19:35:35 EEST 2022","13568","","Inbox functionality testing","","Inbox functionality testing","#12 Player with less than 15 messages should not be able to view more","#12 Player with less than 15 messages should not be able to view more",""
"passed","Thu Apr 14 19:55:50 EEST 2022","Thu Apr 14 19:56:22 EEST 2022","32680","","Home page => Responsible Gambling page","","Home page => Responsible Gambling page","#1 User can come to the Be Gamble Aware page from Responsible Gambling page","#1 User can come to the Be Gamble Aware page from Responsible Gambling page",""
"failed","Thu Apr 14 19:53:48 EEST 2022","Thu Apr 14 19:54:09 EEST 2022","21084","","Promotions functionality testing. Promotions functionality for unauthenticated user.","","Promotions functionality testing. Promotions functionality for unauthenticated user.","#44 User can see list of promotions after click Back button from more info details.","#44 User can see list of promotions after click Back button from more info details.",""
"passed","Thu Apr 14 19:42:12 EEST 2022","Thu Apr 14 19:42:28 EEST 2022","16420","","My Account > Settings > Change Password","","My Account > Settings > Change Password","#01 Player can cancel out of the Change Password modal.","#01 Player can cancel out of the Change Password modal.",""
"passed","Thu Apr 14 19:35:58 EEST 2022","Thu Apr 14 19:36:07 EEST 2022","8460","","Landing Page/Shop Welcome page","","Landing Page/Shop Welcome page","#3 User clicks on ""Be Aware Gambling"" image at Shop Welcome page","#3 User clicks on ""Be Aware Gambling"" image at Shop Welcome page",""
"passed","Thu Apr 14 19:44:46 EEST 2022","Thu Apr 14 19:44:59 EEST 2022","12952","","My Account > Settings > Change Password","","My Account > Settings > Change Password","#12 Player cannot continue to next step if their new password does not meet the minimum password requirements.","#12 Player cannot continue to next step if their new password does not meet the minimum password requirements.",""
"passed","Thu Apr 14 19:43:34 EEST 2022","Thu Apr 14 19:43:39 EEST 2022","4902","","Registration > Step 1","","Registration > Step 1","#03 User is prompted with the 'Account already exists' drawer if they enter an email address that already exists.","#03 User is prompted with the 'Account already exists' drawer if they enter an email address that already exists.",""
"passed","Thu Apr 14 19:33:34 EEST 2022","Thu Apr 14 19:33:40 EEST 2022","6412","","Landing Page/Welcome Offer page","","Landing Page/Welcome Offer page","#7 User can come to the ""Be Gambling Aware"" site from the Welcome Offer page","#7 User can come to the ""Be Gambling Aware"" site from the Welcome Offer page",""
"failed","Thu Apr 14 19:55:32 EEST 2022","Thu Apr 14 19:55:50 EEST 2022","18039","","Home page => Privacy Policy page","","Home page => Privacy Policy page","#0 User can come to the Privacy Policy page","#0 User can come to the Privacy Policy page",""
"passed","Thu Apr 14 19:44:14 EEST 2022","Thu Apr 14 19:44:17 EEST 2022","2889","","Registration > Step 1","","Registration > Step 1","#13 Password is a mandatory field.","#13 Password is a mandatory field.",""
"passed","Thu Apr 14 19:37:47 EEST 2022","Thu Apr 14 19:38:11 EEST 2022","23895","","My Account > Gambling Controls > Loss Limits","","My Account > Gambling Controls > Loss Limits","#6 User can successfully update their loss limits in the Loss Limits Delete modal ","#6 User can successfully update their loss limits in the Loss Limits Delete modal ",""
"passed","Thu Apr 14 19:37:25 EEST 2022","Thu Apr 14 19:37:29 EEST 2022","4763","","Landing Page/Shop Welcome page","","Landing Page/Shop Welcome page","#9 User can come to the Terms & Conditions page from the Shop Welcome page","#9 User can come to the Terms & Conditions page from the Shop Welcome page",""
"passed","Thu Apr 14 19:33:45 EEST 2022","Thu Apr 14 19:33:52 EEST 2022","6430","","Landing Page/Welcome Offer page","","Landing Page/Welcome Offer page","#9 User can come to the Terms & Conditions page from the Welcome Offer page","#9 User can come to the Terms & Conditions page from the Welcome Offer page",""
"skipped","Thu Apr 14 19:38:55 EEST 2022","Thu Apr 14 19:38:55 EEST 2022","0","","My Account > Gambling Controls > Account Closure > Self Exclusion","","My Account > Gambling Controls > Account Closure > Self Exclusion","#6 Player can select a reason for taking self exclusion the drop down menu.","#6 Player can select a reason for taking self exclusion the drop down menu.",""
"passed","Thu Apr 14 19:44:11 EEST 2022","Thu Apr 14 19:44:14 EEST 2022","3107","","Registration > Step 1","","Registration > Step 1","#12 User can successfully enter email address with local domain (.de).","#12 User can successfully enter email address with local domain (.de).",""
"passed","Thu Apr 14 19:33:13 EEST 2022","Thu Apr 14 19:33:19 EEST 2022","5184","","Landing Page/Welcome Offer page","","Landing Page/Welcome Offer page","#4 User clicks on ""Be Aware Gambling"" link at Welcome Offer page","#4 User clicks on ""Be Aware Gambling"" link at Welcome Offer page",""
"passed","Thu Apr 14 19:39:05 EEST 2022","Thu Apr 14 19:39:32 EEST 2022","26917","","My Account > Gambling Controls > Play Reminders","","My Account > Gambling Controls > Play Reminders","#7 Player can successfully edit their 'Time Limit'.","#7 Player can successfully edit their 'Time Limit'.",""
"passed","Thu Apr 14 19:43:14 EEST 2022","Thu Apr 14 19:43:20 EEST 2022","6416","","Recover Password","","Recover Password","#04 Player can select the 'Cancel and Back To Login' link and is displayed the login section.","#04 Player can select the 'Cancel and Back To Login' link and is displayed the login section.",""
"passed","Thu Apr 14 19:59:52 EEST 2022","Thu Apr 14 20:00:04 EEST 2022","12578","","My Account > Gambling Controls > Deposit Limits","","My Account > Gambling Controls > Deposit Limits","#12 Player can successfully set a monthly deposit limit if not already set.","#12 Player can successfully set a monthly deposit limit if not already set.",""
"skipped","Thu Apr 14 19:39:30 EEST 2022","Thu Apr 14 19:39:30 EEST 2022","0","","My Account > Gambling Controls > Loss Limits","","My Account > Gambling Controls > Loss Limits","#12 User can successfully change their Loss Limit with a decimal value and receive a success toast on submitting the new amount. ","#12 User can successfully change their Loss Limit with a decimal value and receive a success toast on submitting the new amount. ",""
"passed","Thu Apr 14 19:38:41 EEST 2022","Thu Apr 14 19:39:05 EEST 2022","23900","","My Account > Gambling Controls > Play Reminders","","My Account > Gambling Controls > Play Reminders","#6 Player can successfully set a 'Time Limit'.","#6 Player can successfully set a 'Time Limit'.",""
"failed","Thu Apr 14 19:43:42 EEST 2022","Thu Apr 14 19:44:03 EEST 2022","21048","","Promotions functionality testing. Promotions functionality for authenticated user. Blocks of promotions.","","Promotions functionality testing. Promotions functionality for authenticated user. Blocks of promotions.","#6 Active promotion is excluded from the featured section.","#6 Active promotion is excluded from the featured section.",""
"passed","Thu Apr 14 19:41:01 EEST 2022","Thu Apr 14 19:41:19 EEST 2022","17734","","My Account > Gambling Controls > Account Closure > Self Exclusion","","My Account > Gambling Controls > Account Closure > Self Exclusion","#14 Player can continue with chosen 18 months option to 'Self Exclusion' and confirming modal should display.","#14 Player can continue with chosen 18 months option to 'Self Exclusion' and confirming modal should display.",""
"passed","Thu Apr 14 19:59:01 EEST 2022","Thu Apr 14 19:59:05 EEST 2022","4424","","Home => Terms & Conditions","","Home => Terms & Conditions","#28 User can opened mail client after clicks/taps on “complaintsMGA@merkurslots.com” ","#28 User can opened mail client after clicks/taps on “complaintsMGA@merkurslots.com” ",""
"failed","Thu Apr 14 19:56:14 EEST 2022","Thu Apr 14 19:56:33 EEST 2022","19531","","My Profile > Contact Details","","My Profile > Contact Details","#01 Player can view their contact details.","#01 Player can view their contact details.",""
"passed","Thu Apr 14 19:45:36 EEST 2022","Thu Apr 14 19:45:46 EEST 2022","9937","","UnsubscribePage","","UnsubscribePage","#1 Unsubscribe page is displayed with correct content.","#1 Unsubscribe page is displayed with correct content.",""
"passed","Thu Apr 14 19:58:27 EEST 2022","Thu Apr 14 19:58:31 EEST 2022","3651","","Slots page","","Slots page","#9 User hover the game card and click on it and login modal appears","#9 User hover the game card and click on it and login modal appears",""
"passed","Thu Apr 14 19:55:42 EEST 2022","Thu Apr 14 19:55:45 EEST 2022","3043","","Expired Link Error","","Expired Link Error","#7 User can click on x button and close reset password window. ","#7 User can click on x button and close reset password window. ",""
"passed","Thu Apr 14 19:34:59 EEST 2022","Thu Apr 14 19:35:18 EEST 2022","18664","","Deep Link -> Deposit Limits","","Deep Link -> Deposit Limits","#1 Deep link to deposit limits opens when logged in","#1 Deep link to deposit limits opens when logged in",""
"passed","Thu Apr 14 19:33:17 EEST 2022","Thu Apr 14 19:33:30 EEST 2022","13653","","Homepage","","Homepage","#4 The details balance card is dismissed when the user clicks it","#4 The details balance card is dismissed when the user clicks it",""
"passed","Thu Apr 14 19:37:40 EEST 2022","Thu Apr 14 19:37:59 EEST 2022","18872","","My Account > Gambling Controls > Play Reminders","","My Account > Gambling Controls > Play Reminders","#4 Player cannot continue with 'Time Limit' if a limit is not selected.","#4 Player cannot continue with 'Time Limit' if a limit is not selected.",""
"passed","Thu Apr 14 19:41:35 EEST 2022","Thu Apr 14 19:41:54 EEST 2022","18419","","My Account > Gambling Controls > Account Closure > Self Exclusion","","My Account > Gambling Controls > Account Closure > Self Exclusion","#16 Player can continue with chosen 5 years option to 'Self Exclusion' and confirming modal should display.","#16 Player can continue with chosen 5 years option to 'Self Exclusion' and confirming modal should display.",""
"passed","Thu Apr 14 19:55:32 EEST 2022","Thu Apr 14 19:55:47 EEST 2022","15618","","Footer functionality testing","","Footer functionality testing","#2 Player can see payment logos","#2 Player can see payment logos",""
"passed","Thu Apr 14 19:33:58 EEST 2022","Thu Apr 14 19:34:05 EEST 2022","6365","","Log In","","Log In","#03 Password field is a mandatory field.","#03 Password field is a mandatory field.",""
"failed","Thu Apr 14 19:56:44 EEST 2022","Thu Apr 14 19:56:47 EEST 2022","2912","","Homepage","","Homepage","#5 After click one of the links from 'Website Visitors', the user should see new page.","#5 After click one of the links from 'Website Visitors', the user should see new page.",""
"passed","Thu Apr 14 19:35:20 EEST 2022","Thu Apr 14 19:35:37 EEST 2022","16428","","Deep Link -> Loss Limits","","Deep Link -> Loss Limits","#2 Deep link to loss limits open login when not logged in before loss limits","#2 Deep link to loss limits open login when not logged in before loss limits",""
"passed","Thu Apr 14 19:34:25 EEST 2022","Thu Apr 14 19:34:35 EEST 2022","10336","","Inbox functionality testing","","Inbox functionality testing","#8 Player with 15 or more messages, view more button is shown","#8 Player with 15 or more messages, view more button is shown",""
"passed","Thu Apr 14 19:48:09 EEST 2022","Thu Apr 14 19:48:09 EEST 2022","655","","Promotions functionality testing. Promotions functionality for unauthenticated user.","","Promotions functionality testing. Promotions functionality for unauthenticated user.","#26 Promotion page is displayed for not login user.","#26 Promotion page is displayed for not login user.",""
"passed","Thu Apr 14 19:37:30 EEST 2022","Thu Apr 14 19:37:47 EEST 2022","16930","","My Account > Gambling Controls > Loss Limits","","My Account > Gambling Controls > Loss Limits","#5 User can close the Loss Limits Delete modal ","#5 User can close the Loss Limits Delete modal ",""
"failed","Thu Apr 14 19:54:09 EEST 2022","Thu Apr 14 19:54:29 EEST 2022","20790","","Promotions functionality testing. Promotions functionality for unauthenticated user.","","Promotions functionality testing. Promotions functionality for unauthenticated user.","#45 User clicks button OPT IN for already OPTED IN bonus, successfully login and can see drawer ""This promotion is unavailable"".","#45 User clicks button OPT IN for already OPTED IN bonus, successfully login and can see drawer ""This promotion is unavailable"".",""
"passed","Thu Apr 14 19:34:35 EEST 2022","Thu Apr 14 19:34:46 EEST 2022","11394","","Inbox functionality testing","","Inbox functionality testing","#9 Player is presented with an updated list of messages when clicking view more button","#9 Player is presented with an updated list of messages when clicking view more button",""
"passed","Thu Apr 14 19:46:13 EEST 2022","Thu Apr 14 19:46:19 EEST 2022","6386","","Registration > Step 4","","Registration > Step 4","#04 User can opt in to receive Email marketing preferences.","#04 User can opt in to receive Email marketing preferences.",""
"passed","Thu Apr 14 19:45:15 EEST 2022","Thu Apr 14 19:45:23 EEST 2022","8311","","Registration > Step 3","","Registration > Step 3","#11 User cannot enter invalid characters into the Post Code field.","#11 User cannot enter invalid characters into the Post Code field.",""
"passed","Thu Apr 14 19:35:22 EEST 2022","Thu Apr 14 19:35:35 EEST 2022","13190","","Homepage","","Homepage","#12 Balance preview correctly displays £0.00 if user has no balance","#12 Balance preview correctly displays £0.00 if user has no balance",""
"passed","Thu Apr 14 19:42:21 EEST 2022","Thu Apr 14 19:42:37 EEST 2022","15807","","My Profile > Communications Preferences","","My Profile > Communications Preferences","#2 Player can edit their preferences and exit using the x close button within the modal discarding changes","#2 Player can edit their preferences and exit using the x close button within the modal discarding changes",""
"passed","Thu Apr 14 19:33:14 EEST 2022","Thu Apr 14 19:33:24 EEST 2022","10560","","Inbox functionality testing","","Inbox functionality testing","#2 Unread message count increases when player receives a new message (requires page refresh)","#2 Unread message count increases when player receives a new message (requires page refresh)",""
"passed","Thu Apr 14 19:37:20 EEST 2022","Thu Apr 14 19:37:40 EEST 2022","20460","","My Account > Gambling Controls > Play Reminders","","My Account > Gambling Controls > Play Reminders","#3 Player can cancel out of the 'Time Limit' modal.","#3 Player can cancel out of the 'Time Limit' modal.",""
"passed","Thu Apr 14 19:44:01 EEST 2022","Thu Apr 14 19:44:04 EEST 2022","3463","","Registration > Step 1","","Registration > Step 1","#07 User can not enter an invaild email address (no @ sign).","#07 User can not enter an invaild email address (no @ sign).",""
"failed","Thu Apr 14 19:56:10 EEST 2022","Thu Apr 14 19:56:11 EEST 2022","1175","","Expired Link Error","","Expired Link Error","#10 User can click on 'Deposit' button opens Deposit window","#10 User can click on 'Deposit' button opens Deposit window",""
"failed","Thu Apr 14 19:55:28 EEST 2022","Thu Apr 14 19:55:29 EEST 2022","1180","","Service unavailable","","Service unavailable","#1 The user is on the Location Error page","#1 The user is on the Location Error page",""
"passed","Thu Apr 14 19:35:10 EEST 2022","Thu Apr 14 19:35:20 EEST 2022","9190","","Landing Page/Welcome Casino page","","Landing Page/Welcome Casino page","#5 User try to click on PLAY CTA of Popular game at Welcome Casino page","#5 User try to click on PLAY CTA of Popular game at Welcome Casino page",""
"passed","Thu Apr 14 19:33:49 EEST 2022","Thu Apr 14 19:34:05 EEST 2022","15994","","Logout","","Logout","#01 Player can successfully logout.","#01 Player can successfully logout.",""
"passed","Thu Apr 14 19:44:01 EEST 2022","Thu Apr 14 19:44:15 EEST 2022","14503","","Registration > Step 3","","Registration > Step 3","#02 User can navigate back to the previous step.","#02 User can navigate back to the previous step.",""
"passed","Thu Apr 14 19:35:02 EEST 2022","Thu Apr 14 19:35:20 EEST 2022","18695","","Deep Link -> Loss Limits","","Deep Link -> Loss Limits","#1 Deep link to loss limits opens when logged in","#1 Deep link to loss limits opens when logged in",""
"passed","Thu Apr 14 19:45:47 EEST 2022","Thu Apr 14 19:45:56 EEST 2022","8943","","Registration > Step 3","","Registration > Step 3","#16 Phone Number will display an error when entering non-numeric values into input.","#16 Phone Number will display an error when entering non-numeric values into input.",""
"passed","Thu Apr 14 19:44:33 EEST 2022","Thu Apr 14 19:44:46 EEST 2022","12383","","My Account > Settings > Change Password","","My Account > Settings > Change Password","#11 New password must not contain email address.","#11 New password must not contain email address.",""
"skipped","Thu Apr 14 19:47:27 EEST 2022","Thu Apr 14 19:47:28 EEST 2022","1","","Promotions functionality testing. Promotions functionality for authenticated user. Particular promotions.","","Promotions functionality testing. Promotions functionality for authenticated user. Particular promotions.","#22 User can enter amount, go to full terms and conditions, click back button, close full terms conditions and return in deposit modal.","#22 User can enter amount, go to full terms and conditions, click back button, close full terms conditions and return in deposit modal.",""
"passed","Thu Apr 14 19:35:55 EEST 2022","Thu Apr 14 19:36:10 EEST 2022","14413","","Deep Link -> Edit Phone","","Deep Link -> Edit Phone","#2 Deep link to change password open login when not logged in before change password","#2 Deep link to change password open login when not logged in before change password",""
"failed","Thu Apr 14 19:55:35 EEST 2022","Thu Apr 14 19:55:49 EEST 2022","14704","","Home => Terms & Conditions","","Home => Terms & Conditions","#0 User can come to the terms and conditions page","#0 User can come to the terms and conditions page",""
"failed","Thu Apr 14 19:57:57 EEST 2022","Thu Apr 14 19:58:13 EEST 2022","15847","","Slots page","","Slots page","#5 User can see on hero banner carousel primary button CTA, can click on it and see game info page","#5 User can see on hero banner carousel primary button CTA, can click on it and see game info page",""
"passed","Thu Apr 14 19:46:43 EEST 2022","Thu Apr 14 19:46:57 EEST 2022","13961","","Promotions functionality testing. Promotions functionality for authenticated user. Particular promotions.","","Promotions functionality testing. Promotions functionality for authenticated user. Particular promotions.","#19 User can click DEPOSIT CTA for deposit bonus and open deposit bonus modal with displaying all sections.","#19 User can click DEPOSIT CTA for deposit bonus and open deposit bonus modal with displaying all sections.",""
"passed","Thu Apr 14 19:45:59 EEST 2022","Thu Apr 14 19:46:19 EEST 2022","19388","","Promotions functionality testing. Promotions functionality for authenticated user. Particular promotions.","","Promotions functionality testing. Promotions functionality for authenticated user. Particular promotions.","#16 User can opt in bonus and get confirmation modal with all sections.","#16 User can opt in bonus and get confirmation modal with all sections.",""
"failed","Thu Apr 14 19:52:03 EEST 2022","Thu Apr 14 19:52:24 EEST 2022","20781","","Promotions functionality testing. Promotions functionality for unauthenticated user.","","Promotions functionality testing. Promotions functionality for unauthenticated user.","#39 User can click see full terms CTA and go to Term and Conditions.","#39 User can click see full terms CTA and go to Term and Conditions.",""
"passed","Thu Apr 14 19:35:09 EEST 2022","Thu Apr 14 19:35:22 EEST 2022","13250","","Inbox functionality testing","","Inbox functionality testing","#11 Player can delete a message using the message options, removing it from the list","#11 Player can delete a message using the message options, removing it from the list",""
"passed","Thu Apr 14 19:38:32 EEST 2022","Thu Apr 14 19:38:56 EEST 2022","24504","","My Account > Gambling Controls > Loss Limits","","My Account > Gambling Controls > Loss Limits","#8 User can successfully set a daily loss limit if not already set ","#8 User can successfully set a daily loss limit if not already set ",""
"failed","Thu Apr 14 19:56:37 EEST 2022","Thu Apr 14 19:56:40 EEST 2022","2440","","Homepage","","Homepage","#2 After clicking on the link from 'Introduction to Eyas Gaming', the user should see the page  https://www.eyasgaming.com/.","#2 After clicking on the link from 'Introduction to Eyas Gaming', the user should see the page  https://www.eyasgaming.com/.",""
"failed","Thu Apr 14 19:51:40 EEST 2022","Thu Apr 14 19:52:03 EEST 2022","22564","","Promotions functionality testing. Promotions functionality for unauthenticated user.","","Promotions functionality testing. Promotions functionality for unauthenticated user.","#38 All main sections for card are displayed for CLAIM bonus for unauthenticated user.","#38 All main sections for card are displayed for CLAIM bonus for unauthenticated user.",""
"passed","Thu Apr 14 19:45:13 EEST 2022","Thu Apr 14 19:45:31 EEST 2022","17402","","My Account > Settings > Change Password","","My Account > Settings > Change Password","#14 Player should be able to show/hide their inputs into the password fields.","#14 Player should be able to show/hide their inputs into the password fields.",""
"passed","Thu Apr 14 19:42:28 EEST 2022","Thu Apr 14 19:42:43 EEST 2022","14800","","My Account > Settings > Change Password","","My Account > Settings > Change Password","#02 Current Password is a mandatory field.","#02 Current Password is a mandatory field.",""
"passed","Thu Apr 14 19:44:29 EEST 2022","Thu Apr 14 19:44:46 EEST 2022","16652","","My Profile > Communications Preferences","","My Profile > Communications Preferences","#10 Player can unselect just email preferences using the email toggle (email already toggled on), which upon saving updates the account area accordingly","#10 Player can unselect just email preferences using the email toggle (email already toggled on), which upon saving updates the account area accordingly",""
"passed","Thu Apr 14 19:33:06 EEST 2022","Thu Apr 14 19:33:13 EEST 2022","7719","","Landing Page/Welcome Offer page","","Landing Page/Welcome Offer page","#3 User clicks on ""Be Aware Gambling"" image at Welcome Offer page","#3 User clicks on ""Be Aware Gambling"" image at Welcome Offer page",""
"passed","Thu Apr 14 19:35:40 EEST 2022","Thu Apr 14 19:36:00 EEST 2022","20048","","Deep Link -> Play Reminders","","Deep Link -> Play Reminders","#1 Deep link to play reminders opens when logged in","#1 Deep link to play reminders opens when logged in",""
"passed","Thu Apr 14 19:45:33 EEST 2022","Thu Apr 14 19:45:48 EEST 2022","14565","","Registration > Step 4","","Registration > Step 4","#11 User can click and view the Privacy Policy.","#11 User can click and view the Privacy Policy.",""
"passed","Thu Apr 14 19:33:56 EEST 2022","Thu Apr 14 19:34:03 EEST 2022","7218","","Landing Page/Welcome Games page","","Landing Page/Welcome Games page","#2 User try to Join at Welcome Games page","#2 User try to Join at Welcome Games page",""
"passed","Thu Apr 14 19:45:56 EEST 2022","Thu Apr 14 19:46:04 EEST 2022","8660","","Registration > Step 3","","Registration > Step 3","#17 User cannot enter spaces into Phone Number field.","#17 User cannot enter spaces into Phone Number field.",""
"passed","Thu Apr 14 19:35:07 EEST 2022","Thu Apr 14 19:35:22 EEST 2022","14947","","Homepage","","Homepage","#11 User is displayed with the correct cash balance format in the dropdown card when balance exceeds 9999 (five figure balance)","#11 User is displayed with the correct cash balance format in the dropdown card when balance exceeds 9999 (five figure balance)",""
"passed","Thu Apr 14 19:44:17 EEST 2022","Thu Apr 14 19:44:20 EEST 2022","3285","","Registration > Step 1","","Registration > Step 1","#23 User cannot continue to next step if their password does not meet the minimum password requirements.","#23 User cannot continue to next step if their password does not meet the minimum password requirements.",""
"passed","Thu Apr 14 19:35:33 EEST 2022","Thu Apr 14 19:35:39 EEST 2022","6226","","Landing Page/Welcome Casino page","","Landing Page/Welcome Casino page","#8 User can come to the Promotion page from the Welcome Casino page","#8 User can come to the Promotion page from the Welcome Casino page",""
"passed","Thu Apr 14 19:56:48 EEST 2022","Thu Apr 14 19:57:05 EEST 2022","16863","","My Profile > Contact Details","","My Profile > Contact Details","#03 Player can select to edit their telephone number and cancel out of the modal.","#03 Player can select to edit their telephone number and cancel out of the modal.",""
"passed","Thu Apr 14 19:55:53 EEST 2022","Thu Apr 14 19:57:13 EEST 2022","80255","","Footer functionality testing","","Footer functionality testing","#4 Player can see safer gambling logos","#4 Player can see safer gambling logos",""
"passed","Thu Apr 14 19:48:09 EEST 2022","Thu Apr 14 19:48:11 EEST 2022","1909","","Promotions functionality testing. Promotions functionality for unauthenticated user.","","Promotions functionality testing. Promotions functionality for unauthenticated user.","#27 Promotion page has correct title for not login user.","#27 Promotion page has correct title for not login user.",""
"passed","Thu Apr 14 19:45:05 EEST 2022","Thu Apr 14 19:45:15 EEST 2022","9827","","Registration > Step 3","","Registration > Step 3","#09 User cannot enter invalid characters into the City field.","#09 User cannot enter invalid characters into the City field.",""
"passed","Thu Apr 14 19:56:33 EEST 2022","Thu Apr 14 19:56:38 EEST 2022","5080","","Home => Terms & Conditions","","Home => Terms & Conditions","#5 User can come to the Gamble Aware page from terms and conditions page","#5 User can come to the Gamble Aware page from terms and conditions page",""
"skipped","Thu Apr 14 19:42:34 EEST 2022","Thu Apr 14 19:42:34 EEST 2022","0","","My Account > Gambling Controls > Account Closure > Self Exclusion","","My Account > Gambling Controls > Account Closure > Self Exclusion","#19 Player can continue with chosen 6 months option to 'Self Exclusion' and confirming modal should display.","#19 Player can continue with chosen 6 months option to 'Self Exclusion' and confirming modal should display.",""
"passed","Thu Apr 14 19:46:16 EEST 2022","Thu Apr 14 19:46:31 EEST 2022","15502","","UnsubscribePage","","UnsubscribePage","#5 User can check each radio button and submit the answer → result window will be displayed with the correct content","#5 User can check each radio button and submit the answer → result window will be displayed with the correct content",""
"failed","Thu Apr 14 19:57:19 EEST 2022","Thu Apr 14 19:57:25 EEST 2022","6570","","Home => Terms & Conditions","","Home => Terms & Conditions","#11 User can see the Definitions section on terms and conditions page","#11 User can see the Definitions section on terms and conditions page",""
"failed","Thu Apr 14 19:58:45 EEST 2022","Thu Apr 14 19:58:49 EEST 2022","4200","","Home => Terms & Conditions","","Home => Terms & Conditions","#24 User can see the Limitation of Liability section on terms and conditions page","#24 User can see the Limitation of Liability section on terms and conditions page",""
"failed","Thu Apr 14 19:56:42 EEST 2022","Thu Apr 14 19:56:44 EEST 2022","2152","","Homepage","","Homepage","#4 After clicking on the second link from 'What personal data do we collect? -> Players', the user should see the page  https://www.merkurcasino.com/.","#4 After clicking on the second link from 'What personal data do we collect? -> Players', the user should see the page  https://www.merkurcasino.com/.",""
"failed","Thu Apr 14 19:42:51 EEST 2022","Thu Apr 14 19:43:04 EEST 2022","13060","","Promotions functionality testing. Promotions functionality for authenticated user. Blocks of promotions.","","Promotions functionality testing. Promotions functionality for authenticated user. Blocks of promotions.","#2 All active promotions cards are displayed.","#2 All active promotions cards are displayed.",""
"skipped","Thu Apr 14 20:00:32 EEST 2022","Thu Apr 14 20:00:32 EEST 2022","0","","My Account > Gambling Controls > Deposit Limits","","My Account > Gambling Controls > Deposit Limits","#14 Player can successfully set Deposit Limit to the minimum allowed value and will receive a success toast on submitting the new amount.","#14 Player can successfully set Deposit Limit to the minimum allowed value and will receive a success toast on submitting the new amount.",""
"failed","Thu Apr 14 19:55:32 EEST 2022","Thu Apr 14 19:55:50 EEST 2022","17407","","Home page => Responsible Gambling page","","Home page => Responsible Gambling page","#0 User can come to the Responsible Gambling page","#0 User can come to the Responsible Gambling page",""
"passed","Thu Apr 14 19:57:00 EEST 2022","Thu Apr 14 19:57:14 EEST 2022","13414","","My Account > Gambling Controls > Deposit Limits","","My Account > Gambling Controls > Deposit Limits","#2 Player is displayed 'Set Deposit Limit' text if no deposit limits are set.","#2 Player is displayed 'Set Deposit Limit' text if no deposit limits are set.",""
"skipped","Thu Apr 14 19:39:30 EEST 2022","Thu Apr 14 19:39:30 EEST 2022","1","","My Account > Gambling Controls > Loss Limits","","My Account > Gambling Controls > Loss Limits","#11 User can successfully set their Loss Limit to the minimum allowed value and will receive a success toast on submitting the new amount. ","#11 User can successfully set their Loss Limit to the minimum allowed value and will receive a success toast on submitting the new amount. ",""
"passed","Thu Apr 14 20:01:47 EEST 2022","Thu Apr 14 20:02:01 EEST 2022","13588","","My Account > Gambling Controls > Deposit Limits","","My Account > Gambling Controls > Deposit Limits","#22 Player can close 'How deposit limits work' modal.","#22 Player can close 'How deposit limits work' modal.",""
"passed","Thu Apr 14 19:43:40 EEST 2022","Thu Apr 14 19:43:48 EEST 2022","7730","","Recover Password","","Recover Password","#08 Player can submit an email address which does not exist and still receives a success message on submitting the recover password form.","#08 Player can submit an email address which does not exist and still receives a success message on submitting the recover password form.",""
"passed","Thu Apr 14 19:45:23 EEST 2022","Thu Apr 14 19:45:31 EEST 2022","8547","","Registration > Step 3","","Registration > Step 3","#14 User can enter valid details on Step 3 and progress to Step 4 of the registration process.","#14 User can enter valid details on Step 3 and progress to Step 4 of the registration process.",""
"failed","Thu Apr 14 19:58:21 EEST 2022","Thu Apr 14 19:58:24 EEST 2022","2989","","Home => Terms & Conditions","","Home => Terms & Conditions","#20 User can see the Suspension/Termination of your Account section on terms and conditions page","#20 User can see the Suspension/Termination of your Account section on terms and conditions page",""
"failed","Thu Apr 14 19:56:40 EEST 2022","Thu Apr 14 19:56:42 EEST 2022","2259","","Homepage","","Homepage","#3 After clicking on the first link from 'What personal data do we collect? -> Players', the user should see the page  https://www.merkurslots.com/.","#3 After clicking on the first link from 'What personal data do we collect? -> Players', the user should see the page  https://www.merkurslots.com/.",""
"skipped","Thu Apr 14 19:58:07 EEST 2022","Thu Apr 14 19:58:07 EEST 2022","0","","My Account > Gambling Controls > Account Closure > Take A Break","","My Account > Gambling Controls > Account Closure > Take A Break","#6 Player can select a reason for taking a break from the drop down menu.","#6 Player can select a reason for taking a break from the drop down menu.",""
"passed","Thu Apr 14 19:44:08 EEST 2022","Thu Apr 14 19:44:21 EEST 2022","12534","","My Account > Settings > Change Password","","My Account > Settings > Change Password","#09 New password must contain a combination of upper and lower case letters (all lower case).","#09 New password must contain a combination of upper and lower case letters (all lower case).",""
"passed","Thu Apr 14 19:46:04 EEST 2022","Thu Apr 14 19:46:10 EEST 2022","5723","","Registration > Step 3","","Registration > Step 3","#18 Country Code is populated by default.","#18 Country Code is populated by default.",""
"passed","Thu Apr 14 19:37:59 EEST 2022","Thu Apr 14 19:38:41 EEST 2022","41807","","My Account > Gambling Controls > Play Reminders","","My Account > Gambling Controls > Play Reminders","#5 Player can select a time limit from the drop down menu.","#5 Player can select a time limit from the drop down menu.",""
"passed","Thu Apr 14 19:43:46 EEST 2022","Thu Apr 14 19:43:51 EEST 2022","5225","","Registration > Step 2","","Registration > Step 2","#07 User cannot enter numbers into step 2 name input fields.","#07 User cannot enter numbers into step 2 name input fields.",""
"passed","Thu Apr 14 19:44:31 EEST 2022","Thu Apr 14 19:44:40 EEST 2022","8715","","Registration > Step 3","","Registration > Step 3","#04 City field is a mandatory field.","#04 City field is a mandatory field.",""
"passed","Thu Apr 14 19:42:50 EEST 2022","Thu Apr 14 19:42:58 EEST 2022","7927","","Recover Password","","Recover Password","#01 Player can navigate to the recover password form and is displayed with the correct fields.","#01 Player can navigate to the recover password form and is displayed with the correct fields.",""
"passed","Thu Apr 14 19:35:35 EEST 2022","Thu Apr 14 19:35:52 EEST 2022","16080","","Inbox functionality testing","","Inbox functionality testing","#13 Unread message count is not present on Inbox navigation bar icon if no messages","#13 Unread message count is not present on Inbox navigation bar icon if no messages",""
"passed","Thu Apr 14 19:34:53 EEST 2022","Thu Apr 14 19:34:59 EEST 2022","6151","","Landing Page/Welcome Casino page","","Landing Page/Welcome Casino page","#2 User try to Join at Welcome Casino page","#2 User try to Join at Welcome Casino page",""
"passed","Thu Apr 14 19:39:50 EEST 2022","Thu Apr 14 19:40:17 EEST 2022","27045","","My Account > Gambling Controls > Loss Limits","","My Account > Gambling Controls > Loss Limits","#14 User cannot set a Loss Limit higher than the maximum amount. ","#14 User cannot set a Loss Limit higher than the maximum amount. ",""
"failed","Thu Apr 14 19:58:34 EEST 2022","Thu Apr 14 19:59:04 EEST 2022","29672","","My Account > Gambling Controls > Account Closure > Take A Break","","My Account > Gambling Controls > Account Closure > Take A Break","#8 Player can choose 1 week option for 'Take A Break' and this option should be selected.","#8 Player can choose 1 week option for 'Take A Break' and this option should be selected.",""
"passed","Thu Apr 14 19:42:37 EEST 2022","Thu Apr 14 19:42:50 EEST 2022","13723","","My Profile > Communications Preferences","","My Profile > Communications Preferences","#3 Player can edit their preferences and exit using the Cancel CTA within the modal discarding changes","#3 Player can edit their preferences and exit using the Cancel CTA within the modal discarding changes",""
"failed","Thu Apr 14 19:49:56 EEST 2022","Thu Apr 14 19:50:17 EEST 2022","20930","","Promotions functionality testing. Promotions functionality for unauthenticated user.","","Promotions functionality testing. Promotions functionality for unauthenticated user.","#33 Short description of promotion card is displayed for not login user.","#33 Short description of promotion card is displayed for not login user.",""
"passed","Thu Apr 14 19:45:02 EEST 2022","Thu Apr 14 19:45:20 EEST 2022","17364","","Registration > Step 4","","Registration > Step 4","#08 User can overwrite Select All option and de-select a preference.","#08 User can overwrite Select All option and de-select a preference.",""
"passed","Thu Apr 14 19:33:44 EEST 2022","Thu Apr 14 19:33:57 EEST 2022","12749","","Inbox functionality testing","","Inbox functionality testing","#5 Player can open message, removing the new badge from a message and decreasing the unread message count badge","#5 Player can open message, removing the new badge from a message and decreasing the unread message count badge",""
"passed","Thu Apr 14 19:35:52 EEST 2022","Thu Apr 14 19:36:05 EEST 2022","13464","","Inbox functionality testing","","Inbox functionality testing","#14 Unread message count is not present on Inbox navigation bar icon if player has no unread messages","#14 Unread message count is not present on Inbox navigation bar icon if player has no unread messages",""
"passed","Thu Apr 14 19:43:39 EEST 2022","Thu Apr 14 19:43:47 EEST 2022","8355","","Registration > Step 1","","Registration > Step 1","#04 User can select the 'Recover' button on the 'Account already exists' drawer and is displayed the Recover Password form.","#04 User can select the 'Recover' button on the 'Account already exists' drawer and is displayed the Recover Password form.",""
"failed","Thu Apr 14 19:55:33 EEST 2022","Thu Apr 14 19:55:40 EEST 2022","7023","","404 error page functionality testing.","","404 error page functionality testing.","#3 Player can click ""Logo"" button and after that it will redirect to Home page.","#3 Player can click ""Logo"" button and after that it will redirect to Home page.",""
"passed","Thu Apr 14 19:43:41 EEST 2022","Thu Apr 14 19:43:57 EEST 2022","15472","","My Profile > Communications Preferences","","My Profile > Communications Preferences","#7 Player can edit their preferences and select just the Post toggle, which upon saving updates the account area accordingly","#7 Player can edit their preferences and select just the Post toggle, which upon saving updates the account area accordingly",""
"passed","Thu Apr 14 19:44:47 EEST 2022","Thu Apr 14 19:44:56 EEST 2022","8803","","Registration > Step 3","","Registration > Step 3","#07 User cannot enter invalid characters into the Address Line 1 field.","#07 User cannot enter invalid characters into the Address Line 1 field.",""
"passed","Thu Apr 14 19:36:39 EEST 2022","Thu Apr 14 19:37:20 EEST 2022","40899","","My Account > Gambling Controls > Play Reminders","","My Account > Gambling Controls > Play Reminders","#2 Player can close the 'Time Limit' modal.","#2 Player can close the 'Time Limit' modal.",""
"passed","Thu Apr 14 19:34:32 EEST 2022","Thu Apr 14 19:34:37 EEST 2022","5179","","Log In","","Log In","#12 Players inputs into the password field should be masked by default.","#12 Players inputs into the password field should be masked by default.",""
"passed","Thu Apr 14 19:45:39 EEST 2022","Thu Apr 14 19:45:47 EEST 2022","7944","","Registration > Step 3","","Registration > Step 3","#15 Phone Number is a mandatory field.","#15 Phone Number is a mandatory field.",""
"passed","Thu Apr 14 19:36:27 EEST 2022","Thu Apr 14 19:37:12 EEST 2022","45068","","Landing Page/Shop Welcome page","","Landing Page/Shop Welcome page","#6 User can click on the WELCOME BONUS FULL TERMS AND CONDITIONS","#6 User can click on the WELCOME BONUS FULL TERMS AND CONDITIONS",""
"failed","Thu Apr 14 19:57:25 EEST 2022","Thu Apr 14 19:57:31 EEST 2022","5321","","Home => Terms & Conditions","","Home => Terms & Conditions","#12 User can see the Changes to the Terms section on terms and conditions page","#12 User can see the Changes to the Terms section on terms and conditions page",""
"passed","Thu Apr 14 19:46:31 EEST 2022","Thu Apr 14 19:46:44 EEST 2022","12703","","UnsubscribePage","","UnsubscribePage","#6 User can click on ‘Re-subscribe’ button and success window will be displayed with the correct content","#6 User can click on ‘Re-subscribe’ button and success window will be displayed with the correct content",""
"failed","Thu Apr 14 19:55:29 EEST 2022","Thu Apr 14 19:55:30 EEST 2022","900","","User come to the 'Planned Maintenance' error page","","User come to the 'Planned Maintenance' error page","#2 User can come to the Home page from ""Planned Maintenance"" error page","#2 User can come to the Home page from ""Planned Maintenance"" error page",""
"passed","Thu Apr 14 19:42:50 EEST 2022","Thu Apr 14 19:43:09 EEST 2022","18567","","My Profile > Communications Preferences","","My Profile > Communications Preferences","#4 Player can edit their preferences and toggle all preferences with the select all toggle, which upon saving updates the account area","#4 Player can edit their preferences and toggle all preferences with the select all toggle, which upon saving updates the account area",""
"passed","Thu Apr 14 20:01:18 EEST 2022","Thu Apr 14 20:01:32 EEST 2022","13956","","My Account > Gambling Controls > Deposit Limits","","My Account > Gambling Controls > Deposit Limits","#20 Player can close 'History' modal.","#20 Player can close 'History' modal.",""
"passed","Thu Apr 14 19:35:25 EEST 2022","Thu Apr 14 19:35:33 EEST 2022","7616","","Landing Page/Welcome Casino page","","Landing Page/Welcome Casino page","#7 User can come to the ""Be Gambling Aware"" site from the Welcome Casino page","#7 User can come to the ""Be Gambling Aware"" site from the Welcome Casino page",""
"failed","Thu Apr 14 19:55:16 EEST 2022","Thu Apr 14 19:55:32 EEST 2022","15895","","Footer functionality testing","","Footer functionality testing","#1 Player can see a light grey bar at the top of the footer","#1 Player can see a light grey bar at the top of the footer",""
"passed","Thu Apr 14 19:33:03 EEST 2022","Thu Apr 14 19:33:17 EEST 2022","13432","","Homepage","","Homepage","#3 The detailed balance card is shown when the dropdown chevron is clicked","#3 The detailed balance card is shown when the dropdown chevron is clicked",""
"passed","Thu Apr 14 19:34:05 EEST 2022","Thu Apr 14 19:34:10 EEST 2022","5643","","Log In","","Log In","#04 Player cannot submit blank details on the Login Form.","#04 Player cannot submit blank details on the Login Form.",""
"passed","Thu Apr 14 19:44:23 EEST 2022","Thu Apr 14 19:44:31 EEST 2022","8167","","Registration > Step 3","","Registration > Step 3","#03 Address Line 1 field is a mandatory field.","#03 Address Line 1 field is a mandatory field.",""
"passed","Thu Apr 14 19:33:58 EEST 2022","Thu Apr 14 19:34:14 EEST 2022","16137","","Homepage","","Homepage","#7 Balance preview updates correctly upon refresh when a users balance is adjusted","#7 Balance preview updates correctly upon refresh when a users balance is adjusted",""
"passed","Thu Apr 14 19:37:12 EEST 2022","Thu Apr 14 19:37:19 EEST 2022","7163","","Landing Page/Shop Welcome page","","Landing Page/Shop Welcome page","#7 User can come to the ""Be Gambling Aware"" site from the Shop Welcome page","#7 User can come to the ""Be Gambling Aware"" site from the Shop Welcome page",""
"passed","Thu Apr 14 19:44:51 EEST 2022","Thu Apr 14 19:45:08 EEST 2022","17755","","Promotions functionality testing. Promotions functionality for authenticated user. Particular promotions.","","Promotions functionality testing. Promotions functionality for authenticated user. Particular promotions.","#11 All main sections for card are displayed for DEPOSIT bonus.","#11 All main sections for card are displayed for DEPOSIT bonus.",""
"passed","Thu Apr 14 19:34:10 EEST 2022","Thu Apr 14 19:34:25 EEST 2022","14907","","Inbox functionality testing","","Inbox functionality testing","#7 Player can mark a message as read using the message options, removing the new badge from a message and decreasing the unread message count badge","#7 Player can mark a message as read using the message options, removing the new badge from a message and decreasing the unread message count badge",""
"passed","Thu Apr 14 19:57:14 EEST 2022","Thu Apr 14 19:57:33 EEST 2022","19369","","My Account > Gambling Controls > Deposit Limits","","My Account > Gambling Controls > Deposit Limits","#3 Player can close the Deposit Limits modal.","#3 Player can close the Deposit Limits modal.",""
"passed","Thu Apr 14 19:56:50 EEST 2022","Thu Apr 14 19:56:51 EEST 2022","1339","","Homepage","","Homepage","#7 The user can use for Malta contact@eyasgaming.com e-mail","#7 The user can use for Malta contact@eyasgaming.com e-mail",""
"failed","Thu Apr 14 19:57:12 EEST 2022","Thu Apr 14 19:57:19 EEST 2022","6634","","Home => Terms & Conditions","","Home => Terms & Conditions","#10 User can see the Terms and Conditions section on terms and conditions page","#10 User can see the Terms and Conditions section on terms and conditions page",""
"passed","Thu Apr 14 19:59:10 EEST 2022","Thu Apr 14 19:59:30 EEST 2022","20465","","My Account > Gambling Controls > Deposit Limits","","My Account > Gambling Controls > Deposit Limits","#9 Player can successfully update a daily deposit limit in the Deposit Limits Delete modal","#9 Player can successfully update a daily deposit limit in the Deposit Limits Delete modal",""
"failed","Thu Apr 14 19:50:58 EEST 2022","Thu Apr 14 19:51:19 EEST 2022","20770","","Promotions functionality testing. Promotions functionality for unauthenticated user.","","Promotions functionality testing. Promotions functionality for unauthenticated user.","#36 All main sections for card are displayed for OPT IN bonus for unauthenticated user.","#36 All main sections for card are displayed for OPT IN bonus for unauthenticated user.",""
"skipped","Thu Apr 14 20:02:17 EEST 2022","Thu Apr 14 20:02:17 EEST 2022","1","","My Account > Gambling Controls > Account Closure > Take A Break","","My Account > Gambling Controls > Account Closure > Take A Break","#18 Player can press 'CONFIRM' to finish 'Take A Break' a for 24 hours and should be logged out and unable to sign back into their account.","#18 Player can press 'CONFIRM' to finish 'Take A Break' a for 24 hours and should be logged out and unable to sign back into their account.",""
"passed","Thu Apr 14 19:45:08 EEST 2022","Thu Apr 14 19:45:24 EEST 2022","15644","","Promotions functionality testing. Promotions functionality for authenticated user. Particular promotions.","","Promotions functionality testing. Promotions functionality for authenticated user. Particular promotions.","#12 All main sections for card are displayed for CLAIM bonus.","#12 All main sections for card are displayed for CLAIM bonus.",""
"failed","Thu Apr 14 19:55:30 EEST 2022","Thu Apr 14 19:55:33 EEST 2022","2688","","Service unavailable","","Service unavailable","#1 User can come to the home page from Error 500 page","#1 User can come to the home page from Error 500 page",""
"failed","Thu Apr 14 20:00:08 EEST 2022","Thu Apr 14 20:00:37 EEST 2022","28856","","My Account > Gambling Controls > Account Closure > Take A Break","","My Account > Gambling Controls > Account Closure > Take A Break","#12 Player can continue with chosen 1 week option to 'Take A Break' and confirming modal should display.","#12 Player can continue with chosen 1 week option to 'Take A Break' and confirming modal should display.",""
"passed","Thu Apr 14 19:32:48 EEST 2022","Thu Apr 14 19:32:54 EEST 2022","5957","","Homepage","","Homepage","#1 Player can navigate to the registration page via the 'Join'.","#1 Player can navigate to the registration page via the 'Join'.",""
"passed","Thu Apr 14 19:34:47 EEST 2022","Thu Apr 14 19:34:53 EEST 2022","5384","","Landing Page/Welcome Casino page","","Landing Page/Welcome Casino page","#1 User come to the Welcome Casino page ","#1 User come to the Welcome Casino page ",""
"skipped","Thu Apr 14 19:57:52 EEST 2022","Thu Apr 14 19:57:52 EEST 2022","0","","My Account > Gambling Controls > Account Closure > Take A Break","","My Account > Gambling Controls > Account Closure > Take A Break","#4 Player cannot continue with 'Take A Break' if a reason is not selected.","#4 Player cannot continue with 'Take A Break' if a reason is not selected.",""
"failed","Thu Apr 14 19:55:43 EEST 2022","Thu Apr 14 19:55:44 EEST 2022","1186","","404 error page functionality testing.","","404 error page functionality testing.","#7 Player can click ""Deposit"" button and open Deposit window.","#7 Player can click ""Deposit"" button and open Deposit window.",""
"failed","Thu Apr 14 19:56:50 EEST 2022","Thu Apr 14 19:57:04 EEST 2022","14097","","My Account -> Deposit","","My Account -> Deposit","#4 Check user is able to select Instant Bank Transfer and is provided with the correct information for this payment method","#4 Check user is able to select Instant Bank Transfer and is provided with the correct information for this payment method",""
"passed","Thu Apr 14 19:56:22 EEST 2022","Thu Apr 14 19:56:29 EEST 2022","6790","","Home page => Privacy Policy page","","Home page => Privacy Policy page","#4 User can come to the ICO(Information Commissioner's office) page from Privacy Policy page","#4 User can come to the ICO(Information Commissioner's office) page from Privacy Policy page",""
"passed","Thu Apr 14 19:43:31 EEST 2022","Thu Apr 14 19:43:36 EEST 2022","5217","","Registration > Step 2","","Registration > Step 2","#04 Last Name is a mandatory field.","#04 Last Name is a mandatory field.",""
"passed","Thu Apr 14 19:44:37 EEST 2022","Thu Apr 14 19:44:51 EEST 2022","13470","","Promotions functionality testing. Promotions functionality for authenticated user. Particular promotions.","","Promotions functionality testing. Promotions functionality for authenticated user. Particular promotions.","#10 All main sections for card are displayed for OPT IN bonus.","#10 All main sections for card are displayed for OPT IN bonus.",""
"passed","Thu Apr 14 19:58:50 EEST 2022","Thu Apr 14 19:58:59 EEST 2022","8340","","Slots page","","Slots page","#12 User logged in hover the game card  and click on CTA ""INFO"" and go to INFO page and click on ""PLAY NOW"" and see game page","#12 User logged in hover the game card  and click on CTA ""INFO"" and go to INFO page and click on ""PLAY NOW"" and see game page",""
"passed","Thu Apr 14 19:55:42 EEST 2022","Thu Apr 14 19:55:43 EEST 2022","1029","","404 error page functionality testing.","","404 error page functionality testing.","#6 Player can click ""Go to lobby"" button and after that it will redirect to Home page.","#6 Player can click ""Go to lobby"" button and after that it will redirect to Home page.",""
"passed","Thu Apr 14 19:46:19 EEST 2022","Thu Apr 14 19:46:31 EEST 2022","11943","","Promotions functionality testing. Promotions functionality for authenticated user. Particular promotions.","","Promotions functionality testing. Promotions functionality for authenticated user. Particular promotions.","#17 User can opt in bonus and get modal with all sections, click on the primary CTA and procceds with the journey","#17 User can opt in bonus and get modal with all sections, click on the primary CTA and procceds with the journey",""
"skipped","Thu Apr 14 19:38:28 EEST 2022","Thu Apr 14 19:38:28 EEST 2022","1","","My Account > Gambling Controls > Account Closure > Self Exclusion","","My Account > Gambling Controls > Account Closure > Self Exclusion","#4 Player cannot continue with 'Self Exclusion' if a reason is not selected.","#4 Player cannot continue with 'Self Exclusion' if a reason is not selected.",""
"failed","Thu Apr 14 19:57:37 EEST 2022","Thu Apr 14 19:57:45 EEST 2022","7957","","Home => Terms & Conditions","","Home => Terms & Conditions","#14 User can see the Your Account section on terms and conditions page","#14 User can see the Your Account section on terms and conditions page",""
"passed","Thu Apr 14 19:47:41 EEST 2022","Thu Apr 14 19:47:55 EEST 2022","14356","","Promotions functionality testing. Promotions functionality for authenticated user. Particular promotions.","","Promotions functionality testing. Promotions functionality for authenticated user. Particular promotions.","#24 User can close deposit bonus modal, remove display bonus modal and return to the launch screen.","#24 User can close deposit bonus modal, remove display bonus modal and return to the launch screen.",""
"passed","Thu Apr 14 19:43:41 EEST 2022","Thu Apr 14 19:43:46 EEST 2022","5205","","Registration > Step 2","","Registration > Step 2","#06 User cannot enter less that 2 characters into step 2 name input fields.","#06 User cannot enter less that 2 characters into step 2 name input fields.",""
"passed","Thu Apr 14 20:01:32 EEST 2022","Thu Apr 14 20:01:47 EEST 2022","15517","","My Account > Gambling Controls > Deposit Limits","","My Account > Gambling Controls > Deposit Limits","#21 Player can open 'How deposit limits work' modal.","#21 Player can open 'How deposit limits work' modal.",""
"passed","Thu Apr 14 19:57:43 EEST 2022","Thu Apr 14 19:58:02 EEST 2022","19486","","My Profile > Contact Details","","My Profile > Contact Details","#05 Player try to update invalid phone number.","#05 Player try to update invalid phone number.",""
"passed","Thu Apr 14 19:34:24 EEST 2022","Thu Apr 14 19:34:32 EEST 2022","8153","","Log In","","Log In","#07 Player cannot login when entering an incorrect password.","#07 Player cannot login when entering an incorrect password.",""
"passed","Thu Apr 14 19:34:49 EEST 2022","Thu Apr 14 19:34:58 EEST 2022","9425","","Log In","","Log In","#15 Player can successfully Log In when entering valid details.","#15 Player can successfully Log In when entering valid details.",""
"passed","Thu Apr 14 19:45:24 EEST 2022","Thu Apr 14 19:45:34 EEST 2022","9747","","Promotions functionality testing. Promotions functionality for authenticated user. Particular promotions.","","Promotions functionality testing. Promotions functionality for authenticated user. Particular promotions.","#13 User can go to More Info details after click More Info CTA for authenticated user.","#13 User can go to More Info details after click More Info CTA for authenticated user.",""
"passed","Thu Apr 14 19:39:46 EEST 2022","Thu Apr 14 19:40:08 EEST 2022","22476","","My Account > Gambling Controls > Account Closure > Self Exclusion","","My Account > Gambling Controls > Account Closure > Self Exclusion","#10 Player can choose 2 years option for 'Self Exclusion' and this option should be selected.","#10 Player can choose 2 years option for 'Self Exclusion' and this option should be selected.",""
"failed","Thu Apr 14 19:57:24 EEST 2022","Thu Apr 14 19:57:32 EEST 2022","8109","","Slots page","","Slots page","#1 User can navigates to the slots page and all elements are persisted on the page","#1 User can navigates to the slots page and all elements are persisted on the page",""
"passed","Thu Apr 14 19:46:19 EEST 2022","Thu Apr 14 19:46:26 EEST 2022","6490","","Registration > Step 4","","Registration > Step 4","#05 User can opt in to receive SMS marketing preferences.","#05 User can opt in to receive SMS marketing preferences.",""
"failed","Thu Apr 14 19:58:06 EEST 2022","Thu Apr 14 19:58:12 EEST 2022","6282","","Home => Terms & Conditions","","Home => Terms & Conditions","#17 User can see the Errors, Interruptions and Malfunctions section on terms and conditions page","#17 User can see the Errors, Interruptions and Malfunctions section on terms and conditions page",""
"passed","Thu Apr 14 19:33:04 EEST 2022","Thu Apr 14 19:33:14 EEST 2022","9531","","Inbox functionality testing","","Inbox functionality testing","#1 Unread message count is present on Inbox navigation bar icon if player has unread messages","#1 Unread message count is present on Inbox navigation bar icon if player has unread messages",""
"failed","Thu Apr 14 19:58:27 EEST 2022","Thu Apr 14 19:58:32 EEST 2022","4465","","Home => Terms & Conditions","","Home => Terms & Conditions","#22 User can see the Promotions section on terms and conditions page","#22 User can see the Promotions section on terms and conditions page",""
"passed","Thu Apr 14 19:47:14 EEST 2022","Thu Apr 14 19:47:27 EEST 2022","13992","","Promotions functionality testing. Promotions functionality for authenticated user. Particular promotions.","","Promotions functionality testing. Promotions functionality for authenticated user. Particular promotions.","#21 User can click on the terms and conditions link and the terms and conditions are displayed for deposit bonus.","#21 User can click on the terms and conditions link and the terms and conditions are displayed for deposit bonus.",""
"passed","Thu Apr 14 19:43:06 EEST 2022","Thu Apr 14 19:43:14 EEST 2022","8125","","Recover Password","","Recover Password","#03 Player cannot enter an invaild email address.","#03 Player cannot enter an invaild email address.",""
"passed","Thu Apr 14 19:44:46 EEST 2022","Thu Apr 14 19:45:05 EEST 2022","19255","","My Profile > Communications Preferences","","My Profile > Communications Preferences","#11 Player can uneselect just text preferences using the text toggle (text already toggled on), which upon saving updates the account area accordingly","#11 Player can uneselect just text preferences using the text toggle (text already toggled on), which upon saving updates the account area accordingly",""
"passed","Thu Apr 14 19:34:59 EEST 2022","Thu Apr 14 19:35:04 EEST 2022","5376","","Landing Page/Welcome Casino page","","Landing Page/Welcome Casino page","#3 User clicks on ""Be Aware Gambling"" image at Welcome Casino page","#3 User clicks on ""Be Aware Gambling"" image at Welcome Casino page",""
"failed","Thu Apr 14 19:43:28 EEST 2022","Thu Apr 14 19:43:42 EEST 2022","13538","","Promotions functionality testing. Promotions functionality for authenticated user. Blocks of promotions.","","Promotions functionality testing. Promotions functionality for authenticated user. Blocks of promotions.","#5 Featured promotions are displayed in correct order.","#5 Featured promotions are displayed in correct order.",""
"failed","Thu Apr 14 19:55:40 EEST 2022","Thu Apr 14 19:55:41 EEST 2022","835","","Expired Link Error","","Expired Link Error","#5 User can click on Login button and see Login page. ","#5 User can click on Login button and see Login page. ",""
"passed","Thu Apr 14 19:47:58 EEST 2022","Thu Apr 14 19:48:16 EEST 2022","17768","","Spin Zone functionality testing","","Spin Zone functionality testing","#10 Player can close game","#10 Player can close game",""
"failed","Thu Apr 14 19:50:38 EEST 2022","Thu Apr 14 19:50:58 EEST 2022","20838","","Promotions functionality testing. Promotions functionality for unauthenticated user.","","Promotions functionality testing. Promotions functionality for unauthenticated user.","#35 Short terms and conditions of promotion card is displayed for not login user.","#35 Short terms and conditions of promotion card is displayed for not login user.",""
"failed","Thu Apr 14 19:58:22 EEST 2022","Thu Apr 14 19:58:27 EEST 2022","4862","","Slots page","","Slots page","#8 User hover the game card and click on CTA 'INFO' and go to info page, click on JOIN and see register page","#8 User hover the game card and click on CTA 'INFO' and go to info page, click on JOIN and see register page",""
"passed","Thu Apr 14 19:45:56 EEST 2022","Thu Apr 14 19:46:08 EEST 2022","11875","","UnsubscribePage","","UnsubscribePage","#3 User can click on ‘Unsubscribe’ button and successfully unsubscribe window will be displayed with the correct content","#3 User can click on ‘Unsubscribe’ button and successfully unsubscribe window will be displayed with the correct content",""
"passed","Thu Apr 14 20:00:04 EEST 2022","Thu Apr 14 20:00:32 EEST 2022","27815","","My Account > Gambling Controls > Deposit Limits","","My Account > Gambling Controls > Deposit Limits","#13 Player can open the Deposit Limits Delete modal on delete icon click and click on edit icon in the input field.","#13 Player can open the Deposit Limits Delete modal on delete icon click and click on edit icon in the input field.",""
"failed","Thu Apr 14 19:56:15 EEST 2022","Thu Apr 14 19:56:22 EEST 2022","6494","","Home page => Privacy Policy page","","Home page => Privacy Policy page","#3 User can come to the Merkur Casino page from Privacy Policy page","#3 User can come to the Merkur Casino page from Privacy Policy page",""
"passed","Thu Apr 14 19:58:09 EEST 2022","Thu Apr 14 19:58:29 EEST 2022","19716","","My Account > Gambling Controls > Deposit Limits","","My Account > Gambling Controls > Deposit Limits","#6 Player can close the Deposit Limits Edit modal","#6 Player can close the Deposit Limits Edit modal",""
"failed","Thu Apr 14 20:00:52 EEST 2022","Thu Apr 14 20:01:06 EEST 2022","14111","","My Account > Gambling Controls > Deposit Limits","","My Account > Gambling Controls > Deposit Limits","#18 Player can submit a blank value in the Deposit Limits.","#18 Player can submit a blank value in the Deposit Limits.",""
"passed","Thu Apr 14 19:43:20 EEST 2022","Thu Apr 14 19:43:26 EEST 2022","5725","","Registration > Step 2","","Registration > Step 2","#01 User is displayed the correct content and input fields for Step 2.","#01 User is displayed the correct content and input fields for Step 2.",""
"failed","Thu Apr 14 19:57:32 EEST 2022","Thu Apr 14 19:57:41 EEST 2022","8920","","Slots page","","Slots page","#2 User can see hero banner carousel and can scroll it","#2 User can see hero banner carousel and can scroll it",""
"passed","Thu Apr 14 19:44:55 EEST 2022","Thu Apr 14 19:45:02 EEST 2022","7497","","Registration > Step 4","","Registration > Step 4","#07 User can opt in to receive Phone marketing preferences.","#07 User can opt in to receive Phone marketing preferences.",""
"passed","Thu Apr 14 19:34:15 EEST 2022","Thu Apr 14 19:34:25 EEST 2022","9693","","Landing Page/Welcome Games page","","Landing Page/Welcome Games page","#5 User try to click on PLAY CTA of Popular game at Welcome Games page","#5 User try to click on PLAY CTA of Popular game at Welcome Games page",""
"passed","Thu Apr 14 19:34:34 EEST 2022","Thu Apr 14 19:34:54 EEST 2022","19603","","Homepage","","Homepage","#9 Bonus amount is updated correctly in the dropdown details when bonus balance is adjusted","#9 Bonus amount is updated correctly in the dropdown details when bonus balance is adjusted",""
"passed","Thu Apr 14 19:35:52 EEST 2022","Thu Apr 14 19:35:58 EEST 2022","6273","","Landing Page/Shop Welcome page","","Landing Page/Shop Welcome page","#2 User try to Join at Shop Welcome page","#2 User try to Join at Shop Welcome page",""
"passed","Thu Apr 14 19:35:35 EEST 2022","Thu Apr 14 19:35:54 EEST 2022","18619","","Homepage","","Homepage","#13 Balance details still correctly display balance of £0.00 if user has no cash balance","#13 Balance details still correctly display balance of £0.00 if user has no cash balance",""
"passed","Thu Apr 14 19:43:28 EEST 2022","Thu Apr 14 19:43:43 EEST 2022","14661","","My Account > Settings > Change Password","","My Account > Settings > Change Password","#06 Player is displayed with the password requirements when they start to enter a new password.","#06 Player is displayed with the password requirements when they start to enter a new password.",""
"passed","Thu Apr 14 19:37:19 EEST 2022","Thu Apr 14 19:37:25 EEST 2022","5468","","Landing Page/Shop Welcome page","","Landing Page/Shop Welcome page","#8 User can come to the Promotion page from the Shop Welcome page","#8 User can come to the Promotion page from the Shop Welcome page",""
"failed","Thu Apr 14 19:44:03 EEST 2022","Thu Apr 14 19:44:16 EEST 2022","12532","","Promotions functionality testing. Promotions functionality for authenticated user. Blocks of promotions.","","Promotions functionality testing. Promotions functionality for authenticated user. Blocks of promotions.","#7 Promotions are displayed in correct order.","#7 Promotions are displayed in correct order.",""
"passed","Thu Apr 14 19:44:44 EEST 2022","Thu Apr 14 19:44:55 EEST 2022","10929","","Registration > Step 4","","Registration > Step 4","#06 User can opt in to receive Post marketing preferences.","#06 User can opt in to receive Post marketing preferences.",""
"failed","Thu Apr 14 20:01:56 EEST 2022","Thu Apr 14 20:02:17 EEST 2022","20923","","My Account > Gambling Controls > Account Closure > Take A Break","","My Account > Gambling Controls > Account Closure > Take A Break","#17 Player can close the take a break modal.","#17 Player can close the take a break modal.",""
"failed","Thu Apr 14 20:00:32 EEST 2022","Thu Apr 14 20:00:52 EEST 2022","20144","","My Account > Gambling Controls > Deposit Limits","","My Account > Gambling Controls > Deposit Limits","#15 Player can successfully change Deposit Limit with a decimal value and receive a success toast on submitting the new amount.","#15 Player can successfully change Deposit Limit with a decimal value and receive a success toast on submitting the new amount.",""
"passed","Thu Apr 14 19:58:43 EEST 2022","Thu Apr 14 19:58:50 EEST 2022","7862","","Slots page","","Slots page","#11 User logged in and hover the game card and click on CTA ""PLAY NOW"" and go to game page","#11 User logged in and hover the game card and click on CTA ""PLAY NOW"" and go to game page",""
"passed","Thu Apr 14 19:40:44 EEST 2022","Thu Apr 14 19:41:01 EEST 2022","17628","","My Account > Gambling Controls > Account Closure > Self Exclusion","","My Account > Gambling Controls > Account Closure > Self Exclusion","#13 Player can continue with chosen 12 months option to 'Self Exclusion' and confirming modal should display.","#13 Player can continue with chosen 12 months option to 'Self Exclusion' and confirming modal should display.",""
"passed","Thu Apr 14 19:42:58 EEST 2022","Thu Apr 14 19:43:06 EEST 2022","7866","","Recover Password","","Recover Password","#02 Player cannot submit a blank email address on the recover password form.","#02 Player cannot submit a blank email address on the recover password form.",""
"passed","Thu Apr 14 19:46:56 EEST 2022","Thu Apr 14 19:47:10 EEST 2022","13394","","Spin Zone functionality testing","","Spin Zone functionality testing","#6 Player can see total bonus balance","#6 Player can see total bonus balance",""
"passed","Thu Apr 14 19:56:23 EEST 2022","Thu Apr 14 19:56:39 EEST 2022","15560","","My Account -> Deposit","","My Account -> Deposit","#2 Check user is able to exit out of the deposit modal using the x button","#2 Check user is able to exit out of the deposit modal using the x button",""
"skipped","Thu Apr 14 20:00:52 EEST 2022","Thu Apr 14 20:00:52 EEST 2022","0","","My Account > Gambling Controls > Deposit Limits","","My Account > Gambling Controls > Deposit Limits","#16 Player cannot set Deposit Limit lower than the minimum amount.","#16 Player cannot set Deposit Limit lower than the minimum amount.",""
"passed","Thu Apr 14 19:43:26 EEST 2022","Thu Apr 14 19:43:41 EEST 2022","15800","","My Profile > Communications Preferences","","My Profile > Communications Preferences","#6 Player can edit their preferences and select just the Text toggle, which upon saving updates the account area accordingly","#6 Player can edit their preferences and select just the Text toggle, which upon saving updates the account area accordingly",""
"passed","Thu Apr 14 19:43:26 EEST 2022","Thu Apr 14 19:43:31 EEST 2022","4941","","Registration > Step 2","","Registration > Step 2","#03 First Name is a mandatory field.","#03 First Name is a mandatory field.",""
"failed","Thu Apr 14 19:56:56 EEST 2022","Thu Apr 14 19:57:17 EEST 2022","20550","","My Account > Gambling Controls > Account Closure > Take A Break","","My Account > Gambling Controls > Account Closure > Take A Break","#1 Player can select take a break menu item from 'Account Closure' and Take A Break contain is displayed.","#1 Player can select take a break menu item from 'Account Closure' and Take A Break contain is displayed.",""
"passed","Thu Apr 14 19:43:43 EEST 2022","Thu Apr 14 19:43:56 EEST 2022","13494","","My Account > Settings > Change Password","","My Account > Settings > Change Password","#07 New password must contain a number.","#07 New password must contain a number.",""
"passed","Thu Apr 14 19:34:09 EEST 2022","Thu Apr 14 19:34:15 EEST 2022","6572","","Landing Page/Welcome Games page","","Landing Page/Welcome Games page","#4 User clicks on ""Be Aware Gambling"" link at Welcome Games page","#4 User clicks on ""Be Aware Gambling"" link at Welcome Games page",""
"passed","Thu Apr 14 19:44:15 EEST 2022","Thu Apr 14 19:44:23 EEST 2022","7636","","Registration > Step 3","","Registration > Step 3","#03 Player can select the Manual Input button and is displayed the address inputs.","#03 Player can select the Manual Input button and is displayed the address inputs.",""
"passed","Thu Apr 14 19:43:30 EEST 2022","Thu Apr 14 19:43:34 EEST 2022","3585","","Registration > Step 1","","Registration > Step 1","#02 Email Address is a mandatory field.","#02 Email Address is a mandatory field.",""
"passed","Thu Apr 14 19:33:43 EEST 2022","Thu Apr 14 19:33:58 EEST 2022","14692","","Homepage","","Homepage","#6 The details balance card is dismissed when the user clicks and drags the footer","#6 The details balance card is dismissed when the user clicks and drags the footer",""
"passed","Thu Apr 14 19:45:34 EEST 2022","Thu Apr 14 19:45:49 EEST 2022","15884","","Spin Zone functionality testing","","Spin Zone functionality testing","#1 Player can see Menu button in the top left of the screen","#1 Player can see Menu button in the top left of the screen",""
"passed","Thu Apr 14 19:34:03 EEST 2022","Thu Apr 14 19:34:09 EEST 2022","5418","","Landing Page/Welcome Games page","","Landing Page/Welcome Games page","#3 User clicks on ""Be Aware Gambling"" image at Welcome Games page","#3 User clicks on ""Be Aware Gambling"" image at Welcome Games page",""
"passed","Thu Apr 14 19:38:55 EEST 2022","Thu Apr 14 19:39:12 EEST 2022","17198","","My Account > Gambling Controls > Account Closure > Self Exclusion","","My Account > Gambling Controls > Account Closure > Self Exclusion","#7 Player can choose 6 months option for 'Self Exclusion' and this option should be selected.","#7 Player can choose 6 months option for 'Self Exclusion' and this option should be selected.",""
"failed","Thu Apr 14 19:58:24 EEST 2022","Thu Apr 14 19:58:27 EEST 2022","3639","","Home => Terms & Conditions","","Home => Terms & Conditions","#21 User can see the Responsible Gambling section on terms and conditions page","#21 User can see the Responsible Gambling section on terms and conditions page",""
"passed","Thu Apr 14 19:39:29 EEST 2022","Thu Apr 14 19:39:46 EEST 2022","16829","","My Account > Gambling Controls > Account Closure > Self Exclusion","","My Account > Gambling Controls > Account Closure > Self Exclusion","#9 Player can choose 18 months option for 'Self Exclusion' and this option should be selected.","#9 Player can choose 18 months option for 'Self Exclusion' and this option should be selected.",""
"passed","Thu Apr 14 19:41:54 EEST 2022","Thu Apr 14 19:42:14 EEST 2022","20754","","My Account > Gambling Controls > Account Closure > Self Exclusion","","My Account > Gambling Controls > Account Closure > Self Exclusion","#17 Player can press 'BACK' for confirmating modal after chosen for 6 months 'Self Exclusion' and should return to previous step.","#17 Player can press 'BACK' for confirmating modal after chosen for 6 months 'Self Exclusion' and should return to previous step.",""
"passed","Thu Apr 14 19:44:29 EEST 2022","Thu Apr 14 19:44:37 EEST 2022","8317","","Promotions functionality testing. Promotions functionality for authenticated user. Blocks of promotions.","","Promotions functionality testing. Promotions functionality for authenticated user. Blocks of promotions.","#9 Featured promotions are excluded from the promotions section.","#9 Featured promotions are excluded from the promotions section.",""
"failed","Thu Apr 14 19:49:35 EEST 2022","Thu Apr 14 19:49:56 EEST 2022","20982","","Promotions functionality testing. Promotions functionality for unauthenticated user.","","Promotions functionality testing. Promotions functionality for unauthenticated user.","#32 Promo title of promotion card is displayed for not login user.","#32 Promo title of promotion card is displayed for not login user.",""
"passed","Thu Apr 14 19:37:15 EEST 2022","Thu Apr 14 19:37:30 EEST 2022","14363","","My Account > Gambling Controls > Loss Limits","","My Account > Gambling Controls > Loss Limits","#4 User can open the Loss Limits Delete modal on delete icon click ","#4 User can open the Loss Limits Delete modal on delete icon click ",""
"passed","Thu Apr 14 19:36:13 EEST 2022","Thu Apr 14 19:36:31 EEST 2022","17065","","My Account > Gambling Controls > Loss Limits","","My Account > Gambling Controls > Loss Limits","#1 User can view their Loss limits ","#1 User can view their Loss limits ",""
"passed","Thu Apr 14 19:44:20 EEST 2022","Thu Apr 14 19:44:23 EEST 2022","3151","","Registration > Step 1","","Registration > Step 1","#28 User can enter valid details on Step 1 and progress to Step 2 of the registration process.","#28 User can enter valid details on Step 1 and progress to Step 2 of the registration process.",""
"passed","Thu Apr 14 19:46:40 EEST 2022","Thu Apr 14 19:46:56 EEST 2022","16139","","Spin Zone functionality testing","","Spin Zone functionality testing","#5 Player can open 'Deposit' modal","#5 Player can open 'Deposit' modal",""
"passed","Thu Apr 14 19:33:40 EEST 2022","Thu Apr 14 19:33:45 EEST 2022","5122","","Landing Page/Welcome Offer page","","Landing Page/Welcome Offer page","#8 User can come to the Promotion page from the Welcome Offer page","#8 User can come to the Promotion page from the Welcome Offer page",""
"passed","Thu Apr 14 19:46:26 EEST 2022","Thu Apr 14 19:46:40 EEST 2022","14527","","Spin Zone functionality testing","","Spin Zone functionality testing","#4 Player can see total withdrawable cash balance","#4 Player can see total withdrawable cash balance",""
"passed","Thu Apr 14 19:41:54 EEST 2022","Thu Apr 14 19:42:12 EEST 2022","17875","","My Account > Settings > Change Password","","My Account > Settings > Change Password","#00 Player can close the Change Password modal.","#00 Player can close the Change Password modal.",""
"failed","Thu Apr 14 19:57:06 EEST 2022","Thu Apr 14 19:57:12 EEST 2022","5830","","Home => Terms & Conditions","","Home => Terms & Conditions","#9 User can see Introduction section on terms and conditions page","#9 User can see Introduction section on terms and conditions page",""
"passed","Thu Apr 14 19:34:42 EEST 2022","Thu Apr 14 19:34:47 EEST 2022","5382","","Landing Page/Welcome Games page","","Landing Page/Welcome Games page","#9 User can come to the Terms & Conditions page from the Welcome Games page","#9 User can come to the Terms & Conditions page from the Welcome Games page",""
"passed","Thu Apr 14 19:35:18 EEST 2022","Thu Apr 14 19:35:33 EEST 2022","15016","","Deep Link -> Deposit Limits","","Deep Link -> Deposit Limits","#2 Deep link to deposit limits open login when not logged in before deposit limits","#2 Deep link to deposit limits open login when not logged in before deposit limits",""
"failed","Thu Apr 14 19:43:17 EEST 2022","Thu Apr 14 19:43:28 EEST 2022","11706","","Promotions functionality testing. Promotions functionality for authenticated user. Blocks of promotions.","","Promotions functionality testing. Promotions functionality for authenticated user. Blocks of promotions.","#4 Bonus History Page is displayed after clicks ""See all Activity"" in Recenty Activity.","#4 Bonus History Page is displayed after clicks ""See all Activity"" in Recenty Activity.",""
"passed","Thu Apr 14 19:56:49 EEST 2022","Thu Apr 14 19:56:57 EEST 2022","8211","","Home => Terms & Conditions","","Home => Terms & Conditions","#7 User can come to the GamStop page from terms and conditions page","#7 User can come to the GamStop page from terms and conditions page",""
"failed","Thu Apr 14 19:58:49 EEST 2022","Thu Apr 14 19:58:53 EEST 2022","3749","","Home => Terms & Conditions","","Home => Terms & Conditions","#25 User can see the Complaints and disputes section on terms and conditions page","#25 User can see the Complaints and disputes section on terms and conditions page",""
"failed","Thu Apr 14 19:51:19 EEST 2022","Thu Apr 14 19:51:40 EEST 2022","21139","","Promotions functionality testing. Promotions functionality for unauthenticated user.","","Promotions functionality testing. Promotions functionality for unauthenticated user.","#37 All main sections for card are displayed for DEPOSIT bonus for unauthenticated user.","#37 All main sections for card are displayed for DEPOSIT bonus for unauthenticated user.",""
"passed","Thu Apr 14 19:58:13 EEST 2022","Thu Apr 14 19:58:17 EEST 2022","4591","","Slots page","","Slots page","#6 User can hover mouse on game card and see all needed elements","#6 User can hover mouse on game card and see all needed elements",""
"passed","Thu Apr 14 19:45:20 EEST 2022","Thu Apr 14 19:45:33 EEST 2022","13317","","Registration > Step 4","","Registration > Step 4","#10 User can click and view the T&Cs.","#10 User can click and view the T&Cs.",""
"passed","Thu Apr 14 19:55:41 EEST 2022","Thu Apr 14 19:55:42 EEST 2022","1307","","Expired Link Error","","Expired Link Error","#6 User can click on Recover Password button and see Reset your password window ","#6 User can click on Recover Password button and see Reset your password window ",""
"failed","Thu Apr 14 19:52:24 EEST 2022","Thu Apr 14 19:52:44 EEST 2022","20775","","Promotions functionality testing. Promotions functionality for unauthenticated user.","","Promotions functionality testing. Promotions functionality for unauthenticated user.","#40 Login form appears after press OPT IN CTA for OPT IN bonus of unauthenticated user.","#40 Login form appears after press OPT IN CTA for OPT IN bonus of unauthenticated user.",""
"passed","Thu Apr 14 19:59:41 EEST 2022","Thu Apr 14 19:59:52 EEST 2022","10626","","My Account > Gambling Controls > Deposit Limits","","My Account > Gambling Controls > Deposit Limits","#11 Player can successfully set a weekly deposit limit if not already set.","#11 Player can successfully set a weekly deposit limit if not already set.",""
"passed","Thu Apr 14 19:55:15 EEST 2022","Thu Apr 14 19:55:29 EEST 2022","13837","","Expired Link Error","","Expired Link Error","#1 Expired Link Error page is displayed","#1 Expired Link Error page is displayed",""
"passed","Thu Apr 14 19:57:17 EEST 2022","Thu Apr 14 19:57:36 EEST 2022","19568","","My Account > Gambling Controls > Account Closure > Take A Break","","My Account > Gambling Controls > Account Closure > Take A Break","#2 Player can close the take a break modal.","#2 Player can close the take a break modal.",""
"skipped","Thu Apr 14 19:45:31 EEST 2022","Thu Apr 14 19:45:31 EEST 2022","0","","My Account > Settings > Change Password","","My Account > Settings > Change Password","#15 Player can successfully update and sign in with their new password.","#15 Player can successfully update and sign in with their new password.",""
"passed","Thu Apr 14 19:33:00 EEST 2022","Thu Apr 14 19:33:06 EEST 2022","5333","","Landing Page/Welcome Offer page","","Landing Page/Welcome Offer page","#2 User try to Join at Welcome Offer page","#2 User try to Join at Welcome Offer page",""
"passed","Thu Apr 14 19:42:43 EEST 2022","Thu Apr 14 19:42:58 EEST 2022","15337","","My Account > Settings > Change Password","","My Account > Settings > Change Password","#03 New Password is a mandatory field.","#03 New Password is a mandatory field.",""
"passed","Thu Apr 14 19:36:05 EEST 2022","Thu Apr 14 19:36:15 EEST 2022","9938","","Inbox functionality testing","","Inbox functionality testing","#15 Player is presented with an Empty Inbox image if the Inbox is empty (rather than a heading & message list)","#15 Player is presented with an Empty Inbox image if the Inbox is empty (rather than a heading & message list)",""
"passed","Thu Apr 14 19:34:14 EEST 2022","Thu Apr 14 19:34:34 EEST 2022","20101","","Homepage","","Homepage","#8 Cash amount is updated correctly in the dropdown details when cash balance is adjusted","#8 Cash amount is updated correctly in the dropdown details when cash balance is adjusted",""
"passed","Thu Apr 14 19:36:31 EEST 2022","Thu Apr 14 19:36:49 EEST 2022","18981","","My Account > Gambling Controls > Loss Limits","","My Account > Gambling Controls > Loss Limits","#2 User can open the Loss Limits Edit modal on edit icon click ","#2 User can open the Loss Limits Edit modal on edit icon click ",""
"passed","Thu Apr 14 19:39:30 EEST 2022","Thu Apr 14 19:39:50 EEST 2022","19864","","My Account > Gambling Controls > Loss Limits","","My Account > Gambling Controls > Loss Limits","#13 User cannot set a Loss Limit lower than the minimum amount. ","#13 User cannot set a Loss Limit lower than the minimum amount. ",""
"passed","Thu Apr 14 19:38:56 EEST 2022","Thu Apr 14 19:39:13 EEST 2022","16596","","My Account > Gambling Controls > Loss Limits","","My Account > Gambling Controls > Loss Limits","#9 User can successfully set a weekly loss limit if not already set ","#9 User can successfully set a weekly loss limit if not already set ",""
"passed","Thu Apr 14 19:45:49 EEST 2022","Thu Apr 14 19:46:06 EEST 2022","16746","","Spin Zone functionality testing","","Spin Zone functionality testing","#2 Player can see Resume Game button in the top left of the screen","#2 Player can see Resume Game button in the top left of the screen",""
"failed","Thu Apr 14 19:58:12 EEST 2022","Thu Apr 14 19:58:17 EEST 2022","4745","","Home => Terms & Conditions","","Home => Terms & Conditions","#18 User can see the Anti-Money Laundering section on terms and conditions page","#18 User can see the Anti-Money Laundering section on terms and conditions page",""
"passed","Thu Apr 14 19:56:38 EEST 2022","Thu Apr 14 19:56:49 EEST 2022","11222","","Home => Terms & Conditions","","Home => Terms & Conditions","#6 User can come to the GamCare page from terms and conditions page","#6 User can come to the GamCare page from terms and conditions page",""
"passed","Thu Apr 14 19:43:54 EEST 2022","Thu Apr 14 19:44:01 EEST 2022","6186","","Registration > Step 1","","Registration > Step 1","#06 User can not register with an email address that already exists.","#06 User can not register with an email address that already exists.",""
"failed","Thu Apr 14 19:55:30 EEST 2022","Thu Apr 14 19:55:34 EEST 2022","3694","","Expired Link Error","","Expired Link Error","#3 User can come to the Home page from ""Expired Link"" error page. ","#3 User can come to the Home page from ""Expired Link"" error page. ",""
"passed","Thu Apr 14 19:45:34 EEST 2022","Thu Apr 14 19:45:45 EEST 2022","11306","","Promotions functionality testing. Promotions functionality for authenticated user. Particular promotions.","","Promotions functionality testing. Promotions functionality for authenticated user. Particular promotions.","#14 User can click OPT IN primary CTA in more info details page and get confirmation modal with all sections.","#14 User can click OPT IN primary CTA in more info details page and get confirmation modal with all sections.",""
"failed","Thu Apr 14 19:55:28 EEST 2022","Thu Apr 14 19:55:29 EEST 2022","1143","","User come to the 'Planned Maintenance' error page","","User come to the 'Planned Maintenance' error page","#1 Content of ""Planned Maintenance"" error page","#1 Content of ""Planned Maintenance"" error page",""
"failed","Thu Apr 14 20:01:20 EEST 2022","Thu Apr 14 20:01:31 EEST 2022","10866","","My Account > Gambling Controls > Account Closure > Take A Break","","My Account > Gambling Controls > Account Closure > Take A Break","#15 Player can choose to view the 'Self Exclusion' service from the 'Take A Break' modal.","#15 Player can choose to view the 'Self Exclusion' service from the 'Take A Break' modal.",""
"passed","Thu Apr 14 19:37:39 EEST 2022","Thu Apr 14 19:38:01 EEST 2022","21237","","My Account > Gambling Controls > Account Closure > Self Exclusion","","My Account > Gambling Controls > Account Closure > Self Exclusion","#2 Player can close the 'Self Exclusion' modal.","#2 Player can close the 'Self Exclusion' modal.",""
"passed","Thu Apr 14 19:56:11 EEST 2022","Thu Apr 14 19:56:26 EEST 2022","15271","","Home => Terms & Conditions","","Home => Terms & Conditions","#3 User can come to the Gambling commission page from terms and conditions page","#3 User can come to the Gambling commission page from terms and conditions page",""
"failed","Thu Apr 14 19:55:40 EEST 2022","Thu Apr 14 19:55:41 EEST 2022","886","","404 error page functionality testing.","","404 error page functionality testing.","#4 Player can click ""Join"" button and after that it will redirect to Register page.","#4 Player can click ""Join"" button and after that it will redirect to Register page.",""
"passed","Thu Apr 14 19:36:00 EEST 2022","Thu Apr 14 19:36:13 EEST 2022","12757","","Deep Link -> Play Reminders","","Deep Link -> Play Reminders","#2 Deep link to play reminders open login when not logged in before play reminders","#2 Deep link to play reminders open login when not logged in before play reminders",""
"failed","Thu Apr 14 19:48:53 EEST 2022","Thu Apr 14 19:49:14 EEST 2022","20735","","Promotions functionality testing. Promotions functionality for unauthenticated user.","","Promotions functionality testing. Promotions functionality for unauthenticated user.","#30 Promo image of promotion card is displayed for not login user.","#30 Promo image of promotion card is displayed for not login user.",""
"passed","Thu Apr 14 19:44:56 EEST 2022","Thu Apr 14 19:45:05 EEST 2022","8426","","Registration > Step 3","","Registration > Step 3","#08 User cannot enter invalid characters into the Address Line 2 field.","#08 User cannot enter invalid characters into the Address Line 2 field.",""
"passed","Thu Apr 14 19:57:24 EEST 2022","Thu Apr 14 19:57:43 EEST 2022","18965","","My Profile > Contact Details","","My Profile > Contact Details","#04 Player can update their telephone number.","#04 Player can update their telephone number.",""
"passed","Thu Apr 14 19:33:19 EEST 2022","Thu Apr 14 19:33:29 EEST 2022","10007","","Landing Page/Welcome Offer page","","Landing Page/Welcome Offer page","#5 User try to click on PLAY CTA of Popular game at Welcome Offer page","#5 User try to click on PLAY CTA of Popular game at Welcome Offer page",""
"passed","Thu Apr 14 19:44:16 EEST 2022","Thu Apr 14 19:44:27 EEST 2022","11011","","Registration > Step 4","","Registration > Step 4","#01 User is displayed the correct content and defaut options for Step 4.","#01 User is displayed the correct content and defaut options for Step 4.",""
"failed","Thu Apr 14 19:56:39 EEST 2022","Thu Apr 14 19:56:50 EEST 2022","10805","","My Account -> Deposit","","My Account -> Deposit","#3 Check user is able to fill in details of required fields for card deposits","#3 Check user is able to fill in details of required fields for card deposits",""
"passed","Thu Apr 14 19:44:12 EEST 2022","Thu Apr 14 19:44:29 EEST 2022","17446","","My Profile > Communications Preferences","","My Profile > Communications Preferences","#9 Player can unselect all preferences using the select all toggle (select all toggle already active), which upon saving updates the account area accordingly","#9 Player can unselect all preferences using the select all toggle (select all toggle already active), which upon saving updates the account area accordingly",""
"passed","Thu Apr 14 19:44:09 EEST 2022","Thu Apr 14 19:44:12 EEST 2022","3476","","Registration > Step 2","","Registration > Step 2","#14 User cannot enter invalid characters into the date of birth field.","#14 User cannot enter invalid characters into the date of birth field.",""
"passed","Thu Apr 14 19:43:23 EEST 2022","Thu Apr 14 19:43:30 EEST 2022","7024","","Registration > Step 1","","Registration > Step 1","#01.1 User can leave the registration process by clicking the Home link and click 'Yes I want to leave'.","#01.1 User can leave the registration process by clicking the Home link and click 'Yes I want to leave'.",""
"passed","Thu Apr 14 20:01:06 EEST 2022","Thu Apr 14 20:01:18 EEST 2022","11293","","My Account > Gambling Controls > Deposit Limits","","My Account > Gambling Controls > Deposit Limits","#19 Player can open 'History' modal.","#19 Player can open 'History' modal.",""
"passed","Thu Apr 14 19:44:23 EEST 2022","Thu Apr 14 19:44:26 EEST 2022","3444","","Registration > Step 1","","Registration > Step 1","#29 User can successfully enter email address with uppercase letters.","#29 User can successfully enter email address with uppercase letters.",""
"passed","Thu Apr 14 19:36:18 EEST 2022","Thu Apr 14 19:37:39 EEST 2022","81067","","My Account > Gambling Controls > Account Closure > Self Exclusion","","My Account > Gambling Controls > Account Closure > Self Exclusion","#1 Player can select the 'Self Exclusion' menu item and is displayed the Self Exclusion modal.","#1 Player can select the 'Self Exclusion' menu item and is displayed the Self Exclusion modal.",""
"passed","Thu Apr 14 19:40:25 EEST 2022","Thu Apr 14 19:40:44 EEST 2022","18631","","My Account > Gambling Controls > Account Closure > Self Exclusion","","My Account > Gambling Controls > Account Closure > Self Exclusion","#12 Player can continue with chosen 6 months option to 'Self Exclusion' and confirming modal should display.","#12 Player can continue with chosen 6 months option to 'Self Exclusion' and confirming modal should display.",""
"passed","Thu Apr 14 19:39:12 EEST 2022","Thu Apr 14 19:39:29 EEST 2022","16339","","My Account > Gambling Controls > Account Closure > Self Exclusion","","My Account > Gambling Controls > Account Closure > Self Exclusion","#8 Player can choose 12 months option for 'Self Exclusion' and this option should be selected.","#8 Player can choose 12 months option for 'Self Exclusion' and this option should be selected.",""
"passed","Thu Apr 14 19:55:45 EEST 2022","Thu Apr 14 19:55:58 EEST 2022","13055","","Expired Link Error","","Expired Link Error","#8 User can enter an email and reset the password (Sent button with a tick will be displayed).","#8 User can enter an email and reset the password (Sent button with a tick will be displayed).",""
"failed","Thu Apr 14 19:55:58 EEST 2022","Thu Apr 14 19:56:10 EEST 2022","11673","","Expired Link Error","","Expired Link Error","#9 User can click on 'Back to Login' and open Login window and successfully login.","#9 User can click on 'Back to Login' and open Login window and successfully login.",""
"passed","Thu Apr 14 19:34:40 EEST 2022","Thu Apr 14 19:34:55 EEST 2022","15716","","Deep Link -> Change Password","","Deep Link -> Change Password","#2 Deep link to change password open login when not logged in before change password","#2 Deep link to change password open login when not logged in before change password",""
"passed","Thu Apr 14 19:43:09 EEST 2022","Thu Apr 14 19:43:26 EEST 2022","16736","","My Profile > Communications Preferences","","My Profile > Communications Preferences","#5 Player can edit their preferences and select just the email toggle, which upon saving updates the account area accordingly","#5 Player can edit their preferences and select just the email toggle, which upon saving updates the account area accordingly",""
"failed","Thu Apr 14 19:55:41 EEST 2022","Thu Apr 14 19:55:42 EEST 2022","801","","404 error page functionality testing.","","404 error page functionality testing.","#5 Player can click ""Login"" button, open login window and successfully login.","#5 Player can click ""Login"" button, open login window and successfully login.",""
"passed","Thu Apr 14 19:56:34 EEST 2022","Thu Apr 14 19:56:41 EEST 2022","7289","","Home page => Responsible Gambling page","","Home page => Responsible Gambling page","#4 User can come to the ""Block Access to Gambling Websites and Apps Worldwide"" page from Responsible Gambling page","#4 User can come to the ""Block Access to Gambling Websites and Apps Worldwide"" page from Responsible Gambling page",""
"failed","Thu Apr 14 19:59:25 EEST 2022","Thu Apr 14 19:59:46 EEST 2022","20806","","My Account > Gambling Controls > Account Closure > Take A Break","","My Account > Gambling Controls > Account Closure > Take A Break","#10 Player can choose 6 weeks option for 'Take A Break' and this option should be selected.","#10 Player can choose 6 weeks option for 'Take A Break' and this option should be selected.",""
"passed","Thu Apr 14 19:38:01 EEST 2022","Thu Apr 14 19:38:28 EEST 2022","27424","","My Account > Gambling Controls > Account Closure > Self Exclusion","","My Account > Gambling Controls > Account Closure > Self Exclusion","#3 Player can press 'Back' button of the 'Self Exlusion' modal and should return to previous step.","#3 Player can press 'Back' button of the 'Self Exlusion' modal and should return to previous step.",""
"passed","Thu Apr 14 19:44:04 EEST 2022","Thu Apr 14 19:44:07 EEST 2022","3072","","Registration > Step 1","","Registration > Step 1","#08 User can not enter an invaild email address (space in email).","#08 User can not enter an invaild email address (space in email).",""
"passed","Thu Apr 14 19:43:57 EEST 2022","Thu Apr 14 19:44:12 EEST 2022","14950","","My Profile > Communications Preferences","","My Profile > Communications Preferences","#8 Player can edit their preferences and select just the Phone toggle, which upon saving updates the account area accordingly","#8 Player can edit their preferences and select just the Phone toggle, which upon saving updates the account area accordingly",""
"failed","Thu Apr 14 19:55:48 EEST 2022","Thu Apr 14 19:56:23 EEST 2022","35892","","My Account -> Deposit","","My Account -> Deposit","#1 Check user is able to access the deposit modal via the account menu and is displayed with the option to fill in card details by default","#1 Check user is able to access the deposit modal via the account menu and is displayed with the option to fill in card details by default",""
"passed","Thu Apr 14 19:57:33 EEST 2022","Thu Apr 14 19:57:51 EEST 2022","18146","","My Account > Gambling Controls > Deposit Limits","","My Account > Gambling Controls > Deposit Limits","#4 Player can cancel out of the Deposit Limits modal.","#4 Player can cancel out of the Deposit Limits modal.",""
"passed","Thu Apr 14 19:36:49 EEST 2022","Thu Apr 14 19:37:15 EEST 2022","25932","","My Account > Gambling Controls > Loss Limits","","My Account > Gambling Controls > Loss Limits","#3 User can close the Loss Limits Edit modal","#3 User can close the Loss Limits Edit modal",""
"passed","Thu Apr 14 19:36:13 EEST 2022","Thu Apr 14 19:36:27 EEST 2022","13527","","Landing Page/Shop Welcome page","","Landing Page/Shop Welcome page","#5 User try to click on PLAY CTA of Popular game at Shop Welcome page","#5 User try to click on PLAY CTA of Popular game at Shop Welcome page",""
"passed","Thu Apr 14 19:58:02 EEST 2022","Thu Apr 14 19:58:19 EEST 2022","16779","","My Profile > Contact Details","","My Profile > Contact Details","#06 Player can update country code number.","#06 Player can update country code number.",""
"passed","Thu Apr 14 19:44:27 EEST 2022","Thu Apr 14 19:44:44 EEST 2022","17284","","Registration > Step 4","","Registration > Step 4","#02 User can navigate back to the previous step.","#02 User can navigate back to the previous step.",""
"passed","Thu Apr 14 19:46:08 EEST 2022","Thu Apr 14 19:46:16 EEST 2022","7979","","UnsubscribePage","","UnsubscribePage","#4 User can check ‘Other’ radio button and the text input will be displayed","#4 User can check ‘Other’ radio button and the text input will be displayed",""
"passed","Thu Apr 14 19:56:33 EEST 2022","Thu Apr 14 19:56:48 EEST 2022","14699","","My Profile > Contact Details","","My Profile > Contact Details","#02 Player can select to edit their telephone number and be presented with an edit modal.","#02 Player can select to edit their telephone number and be presented with an edit modal.",""
"failed","Thu Apr 14 19:57:36 EEST 2022","Thu Apr 14 19:57:52 EEST 2022","16110","","My Account > Gambling Controls > Account Closure > Take A Break","","My Account > Gambling Controls > Account Closure > Take A Break","#3 Player can press 'Back' button of the 'Take A Break' modal and then should be displayed previous step.","#3 Player can press 'Back' button of the 'Take A Break' modal and then should be displayed previous step.",""
"failed","Thu Apr 14 19:56:32 EEST 2022","Thu Apr 14 19:56:37 EEST 2022","5306","","Homepage","","Homepage","#1 When the user clicks to link Privacy Policy user should watches the nex chapters.","#1 When the user clicks to link Privacy Policy user should watches the nex chapters.",""
"failed","Thu Apr 14 19:50:17 EEST 2022","Thu Apr 14 19:50:38 EEST 2022","20947","","Promotions functionality testing. Promotions functionality for unauthenticated user.","","Promotions functionality testing. Promotions functionality for unauthenticated user.","#34 Relevant CTAs of promotion card are displayed for not login user.","#34 Relevant CTAs of promotion card are displayed for not login user.",""
"passed","Thu Apr 14 19:58:59 EEST 2022","Thu Apr 14 19:59:07 EEST 2022","8599","","Slots page","","Slots page","#13 User logged in and click on game card and game page appears","#13 User logged in and click on game card and game page appears",""
"passed","Thu Apr 14 19:43:51 EEST 2022","Thu Apr 14 19:43:55 EEST 2022","4066","","Registration > Step 2","","Registration > Step 2","#08 User cannot enter invalid characters into step 2 name input fields.","#08 User cannot enter invalid characters into step 2 name input fields.",""
"passed","Thu Apr 14 19:35:20 EEST 2022","Thu Apr 14 19:35:25 EEST 2022","5302","","Landing Page/Welcome Casino page","","Landing Page/Welcome Casino page","#6 User can click on the WELCOME BONUS FULL TERMS AND CONDITIONS","#6 User can click on the WELCOME BONUS FULL TERMS AND CONDITIONS",""
"passed","Thu Apr 14 19:33:52 EEST 2022","Thu Apr 14 19:33:56 EEST 2022","4313","","Landing Page/Welcome Games page","","Landing Page/Welcome Games page","#1 User come to the Welcome Games page ","#1 User come to the Welcome Games page ",""
"passed","Thu Apr 14 19:44:05 EEST 2022","Thu Apr 14 19:44:09 EEST 2022","4106","","Registration > Step 2","","Registration > Step 2","13 User is required to be 18 or over.","13 User is required to be 18 or over.",""
"failed","Thu Apr 14 19:53:06 EEST 2022","Thu Apr 14 19:53:27 EEST 2022","20833","","Promotions functionality testing. Promotions functionality for unauthenticated user.","","Promotions functionality testing. Promotions functionality for unauthenticated user.","#42 Login form appears after press CLAIM CTA for CLAIM bonus of unauthenticated user.","#42 Login form appears after press CLAIM CTA for CLAIM bonus of unauthenticated user.",""
"passed","Thu Apr 14 19:34:10 EEST 2022","Thu Apr 14 19:34:16 EEST 2022","5933","","Log In","","Log In","#05 Player can close the login modal.","#05 Player can close the login modal.",""
"passed","Thu Apr 14 19:45:05 EEST 2022","Thu Apr 14 19:45:25 EEST 2022","19326","","My Profile > Communications Preferences","","My Profile > Communications Preferences","#12 Player can uneselect just phone preferences using the phone toggle (phone already toggled on), which upon saving updates the account area accordingly","#12 Player can uneselect just phone preferences using the phone toggle (phone already toggled on), which upon saving updates the account area accordingly",""
"passed","Thu Apr 14 19:43:51 EEST 2022","Thu Apr 14 19:44:01 EEST 2022","9639","","Registration > Step 3","","Registration > Step 3","#01 User is displayed the correct content and input fields for Step 3.","#01 User is displayed the correct content and input fields for Step 3.",""
"failed","Thu Apr 14 19:55:15 EEST 2022","Thu Apr 14 19:55:30 EEST 2022","15683","","Service unavailable","","Service unavailable","#0 User come to the Error 500 page, when service is unavailable","#0 User come to the Error 500 page, when service is unavailable",""
"failed","Thu Apr 14 19:55:34 EEST 2022","Thu Apr 14 19:55:40 EEST 2022","6555","","Expired Link Error","","Expired Link Error","#4 User can click on Join button and see Register page. ","#4 User can click on Join button and see Register page. ",""
"passed","Thu Apr 14 19:34:54 EEST 2022","Thu Apr 14 19:35:07 EEST 2022","13236","","Homepage","","Homepage","#10 User is displayed with a shortened balance in the preview section when balance exceeds 9999 (five figure balance)","#10 User is displayed with a shortened balance in the preview section when balance exceeds 9999 (five figure balance)",""
"passed","Thu Apr 14 19:38:11 EEST 2022","Thu Apr 14 19:38:32 EEST 2022","21265","","My Account > Gambling Controls > Loss Limits","","My Account > Gambling Controls > Loss Limits","#7 User can open the Loss Limits Delete modal on edit icon click and click on edit icon in the input field ","#7 User can open the Loss Limits Delete modal on edit icon click and click on edit icon in the input field ",""
"failed","Thu Apr 14 19:58:17 EEST 2022","Thu Apr 14 19:58:21 EEST 2022","4029","","Home => Terms & Conditions","","Home => Terms & Conditions","#19 User can see the Inactive Customer Accounts section on terms and conditions page","#19 User can see the Inactive Customer Accounts section on terms and conditions page",""
"failed","Thu Apr 14 19:48:32 EEST 2022","Thu Apr 14 19:48:53 EEST 2022","20834","","Promotions functionality testing. Promotions functionality for unauthenticated user.","","Promotions functionality testing. Promotions functionality for unauthenticated user.","#29 Promotions are displayed in correct order for unauthenticated user","#29 Promotions are displayed in correct order for unauthenticated user",""
"passed","Thu Apr 14 19:45:46 EEST 2022","Thu Apr 14 19:45:56 EEST 2022","10337","","UnsubscribePage","","UnsubscribePage","#2 User can click on ‘I’ve changed my mind’ button and go to home page.","#2 User can click on ‘I’ve changed my mind’ button and go to home page.",""
"passed","Thu Apr 14 19:44:21 EEST 2022","Thu Apr 14 19:44:33 EEST 2022","12262","","My Account > Settings > Change Password","","My Account > Settings > Change Password","#10 New password must contain a minimum of 8 characters.","#10 New password must contain a minimum of 8 characters.",""
"passed","Thu Apr 14 19:44:00 EEST 2022","Thu Apr 14 19:44:05 EEST 2022","5177","","Registration > Step 2","","Registration > Step 2","#12 User cannot enter an invalid date into the date of birth field.","#12 User cannot enter an invalid date into the date of birth field.",""
"passed","Thu Apr 14 19:33:57 EEST 2022","Thu Apr 14 19:34:10 EEST 2022","12794","","Inbox functionality testing","","Inbox functionality testing","#6 Player can open message and display the message contents (heading, date/time & body)","#6 Player can open message and display the message contents (heading, date/time & body)",""
"passed","Thu Apr 14 19:40:56 EEST 2022","Thu Apr 14 19:41:12 EEST 2022","16554","","My Account > Gambling Controls > Loss Limits","","My Account > Gambling Controls > Loss Limits","#17 User can open 'How loss limits work' modal. ","#17 User can open 'How loss limits work' modal. ",""
"passed","Thu Apr 14 19:42:58 EEST 2022","Thu Apr 14 19:43:12 EEST 2022","13617","","My Account > Settings > Change Password","","My Account > Settings > Change Password","#04 Player cannot submit the Change Password form with blank details.","#04 Player cannot submit the Change Password form with blank details.",""
"passed","Thu Apr 14 19:43:55 EEST 2022","Thu Apr 14 19:44:00 EEST 2022","4511","","Registration > Step 2","","Registration > Step 2","#11 User can enter valid details on Step 2 and progress to Step 3 of the registration process.","#11 User can enter valid details on Step 2 and progress to Step 3 of the registration process.",""
"passed","Thu Apr 14 19:33:51 EEST 2022","Thu Apr 14 19:33:58 EEST 2022","7045","","Log In","","Log In","#02 Email Address is a mandatory field.","#02 Email Address is a mandatory field.",""
"passed","Thu Apr 14 19:47:28 EEST 2022","Thu Apr 14 19:47:41 EEST 2022","13098","","Promotions functionality testing. Promotions functionality for authenticated user. Particular promotions.","","Promotions functionality testing. Promotions functionality for authenticated user. Particular promotions.","#23 User can click on the terms and conditions link and the terms and all sections of conditions are displayed for deposit bonus.","#23 User can click on the terms and conditions link and the terms and all sections of conditions are displayed for deposit bonus.",""
"passed","Thu Apr 14 19:43:47 EEST 2022","Thu Apr 14 19:43:54 EEST 2022","7365","","Registration > Step 1","","Registration > Step 1","#05 User can select the 'Login' button on the 'Account already exists' drawer and is displayed the Login form.","#05 User can select the 'Login' button on the 'Account already exists' drawer and is displayed the Login form.",""
"failed","Thu Apr 14 19:43:04 EEST 2022","Thu Apr 14 19:43:17 EEST 2022","12743","","Promotions functionality testing. Promotions functionality for authenticated user. Blocks of promotions.","","Promotions functionality testing. Promotions functionality for authenticated user. Blocks of promotions.","#3 Active promotions are displayed in correct order.","#3 Active promotions are displayed in correct order.",""
"passed","Thu Apr 14 19:34:36 EEST 2022","Thu Apr 14 19:34:42 EEST 2022","6451","","Landing Page/Welcome Games page","","Landing Page/Welcome Games page","#8 User can come to the Promotion page from the Welcome Games page","#8 User can come to the Promotion page from the Welcome Games page",""
"failed","Thu Apr 14 19:56:47 EEST 2022","Thu Apr 14 19:56:50 EEST 2022","2523","","Homepage","","Homepage","#6 After clicking on the link from 'Contact and DPO', the user should see the page  https://www.eyasgaming.com/.","#6 After clicking on the link from 'Contact and DPO', the user should see the page  https://www.eyasgaming.com/.",""
"passed","Thu Apr 14 19:56:57 EEST 2022","Thu Apr 14 19:57:06 EEST 2022","9240","","Home => Terms & Conditions","","Home => Terms & Conditions","#8 User can come to the eCOGRA page from terms and conditions page","#8 User can come to the eCOGRA page from terms and conditions page",""
"passed","Thu Apr 14 19:45:57 EEST 2022","Thu Apr 14 19:46:06 EEST 2022","9133","","Registration > Step 4","","Registration > Step 4","#13 User doesn`t click on confirm checkbox, tries to click success registration button and error text is shown.","#13 User doesn`t click on confirm checkbox, tries to click success registration button and error text is shown.",""
"passed","Thu Apr 14 19:44:16 EEST 2022","Thu Apr 14 19:44:29 EEST 2022","13303","","Promotions functionality testing. Promotions functionality for authenticated user. Blocks of promotions.","","Promotions functionality testing. Promotions functionality for authenticated user. Blocks of promotions.","#8 Active promotions are excluded from the promotions section.","#8 Active promotions are excluded from the promotions section.",""
"failed","Thu Apr 14 19:55:29 EEST 2022","Thu Apr 14 19:55:33 EEST 2022","3508","","404 error page functionality testing.","","404 error page functionality testing.","#2 All elements are persisted on 404 error page.","#2 All elements are persisted on 404 error page.",""
"passed","Thu Apr 14 19:39:13 EEST 2022","Thu Apr 14 19:39:30 EEST 2022","17123","","My Account > Gambling Controls > Loss Limits","","My Account > Gambling Controls > Loss Limits","#10 User can successfully set a monthly loss limit if not already set ","#10 User can successfully set a monthly loss limit if not already set ",""
"passed","Thu Apr 14 19:34:37 EEST 2022","Thu Apr 14 19:34:43 EEST 2022","5954","","Log In","","Log In","#13 Player should be able to show/hide their input into the Password field.","#13 Player should be able to show/hide their input into the Password field.",""
"failed","Thu Apr 14 19:58:01 EEST 2022","Thu Apr 14 19:58:06 EEST 2022","4331","","Home => Terms & Conditions","","Home => Terms & Conditions","#16 User can see the Playing for Real Money section on terms and conditions page","#16 User can see the Playing for Real Money section on terms and conditions page",""
"failed","Thu Apr 14 19:57:46 EEST 2022","Thu Apr 14 19:58:08 EEST 2022","21932","","My Account -> Deposit","","My Account -> Deposit","#7 Check user is able to deposit with a valid card and is presented with success modal","#7 Check user is able to deposit with a valid card and is presented with success modal",""
"failed","Thu Apr 14 19:55:29 EEST 2022","Thu Apr 14 19:55:30 EEST 2022","1103","","Expired Link Error","","Expired Link Error","#2 All elements are persisted on the page. ","#2 All elements are persisted on the page. ",""
"passed","Thu Apr 14 19:46:10 EEST 2022","Thu Apr 14 19:46:17 EEST 2022","7167","","Registration > Step 3","","Registration > Step 3","#19 User can select a Country Code from the dropdown menu.","#19 User can select a Country Code from the dropdown menu.",""
"failed","Thu Apr 14 19:57:45 EEST 2022","Thu Apr 14 19:58:01 EEST 2022","16141","","Home => Terms & Conditions","","Home => Terms & Conditions","#15 User can see the Deposits and Withdrawals section on terms and conditions page","#15 User can see the Deposits and Withdrawals section on terms and conditions page",""
"failed","Thu Apr 14 19:49:14 EEST 2022","Thu Apr 14 19:49:35 EEST 2022","20824","","Promotions functionality testing. Promotions functionality for unauthenticated user.","","Promotions functionality testing. Promotions functionality for unauthenticated user.","#31 Applicable the expiry date of promotion card is displayed for not login user.","#31 Applicable the expiry date of promotion card is displayed for not login user.",""
"passed","Thu Apr 14 19:41:34 EEST 2022","Thu Apr 14 19:41:50 EEST 2022","16001","","My Profile > Personal Details","","My Profile > Personal Details","#01 Player can view their personal details.","#01 Player can view their personal details.",""
"passed","Thu Apr 14 19:59:30 EEST 2022","Thu Apr 14 19:59:41 EEST 2022","10836","","My Account > Gambling Controls > Deposit Limits","","My Account > Gambling Controls > Deposit Limits","#10 Player can successfully set a daily deposit limit if not already set.","#10 Player can successfully set a daily deposit limit if not already set.",""
"failed","Thu Apr 14 19:55:49 EEST 2022","Thu Apr 14 19:56:06 EEST 2022","16611","","Home => Terms & Conditions","","Home => Terms & Conditions","#1 User can come to the help center from terms and conditions page","#1 User can come to the help center from terms and conditions page",""
"failed","Thu Apr 14 19:57:31 EEST 2022","Thu Apr 14 19:57:37 EEST 2022","6424","","Home => Terms & Conditions","","Home => Terms & Conditions","#13 User can see the Other Important Terms section on terms and conditions page","#13 User can see the Other Important Terms section on terms and conditions page",""
"passed","Thu Apr 14 19:33:40 EEST 2022","Thu Apr 14 19:33:51 EEST 2022","11316","","Log In","","Log In","#01 Player can open the Log In modal and is displayed with the correct fields.","#01 Player can open the Log In modal and is displayed with the correct fields.",""
"passed","Thu Apr 14 19:58:57 EEST 2022","Thu Apr 14 19:59:01 EEST 2022","4002","","Home => Terms & Conditions","","Home => Terms & Conditions","#27 User can opened mail client after clicks/taps on “care@merkurslots.com” ","#27 User can opened mail client after clicks/taps on “care@merkurslots.com” ",""
"passed","Thu Apr 14 19:58:29 EEST 2022","Thu Apr 14 19:58:54 EEST 2022","25212","","My Account > Gambling Controls > Deposit Limits","","My Account > Gambling Controls > Deposit Limits","#7 Player can open the Deposit Limits Delete modal on delete icon click.","#7 Player can open the Deposit Limits Delete modal on delete icon click.",""
"failed","Thu Apr 14 19:59:04 EEST 2022","Thu Apr 14 19:59:25 EEST 2022","21366","","My Account > Gambling Controls > Account Closure > Take A Break","","My Account > Gambling Controls > Account Closure > Take A Break","#9 Player can choose 3 weeks option for 'Take A Break' and this option should be selected.","#9 Player can choose 3 weeks option for 'Take A Break' and this option should be selected.",""
"failed","Thu Apr 14 20:01:31 EEST 2022","Thu Apr 14 20:01:56 EEST 2022","25645","","My Account > Gambling Controls > Account Closure > Take A Break","","My Account > Gambling Controls > Account Closure > Take A Break","#16 Player can press 'BACK' for confirmating modal after chosen for 24 hours 'Take A Break' and should return to previous step.","#16 Player can press 'BACK' for confirmating modal after chosen for 24 hours 'Take A Break' and should return to previous step.",""
"passed","Thu Apr 14 19:56:43 EEST 2022","Thu Apr 14 19:57:00 EEST 2022","16854","","My Account > Gambling Controls > Deposit Limits","","My Account > Gambling Controls > Deposit Limits","#1 Player can view their deposit limits.","#1 Player can view their deposit limits.",""
"failed","Thu Apr 14 19:56:06 EEST 2022","Thu Apr 14 19:56:15 EEST 2022","9740","","Home page => Privacy Policy page","","Home page => Privacy Policy page","#2 User can come to the Merkur Slots page from Privacy Policy page","#2 User can come to the Merkur Slots page from Privacy Policy page",""
"passed","Thu Apr 14 19:35:48 EEST 2022","Thu Apr 14 19:35:52 EEST 2022","4240","","Landing Page/Shop Welcome page","","Landing Page/Shop Welcome page","#1 User come to the Shop Welcome page ","#1 User come to the Shop Welcome page ",""
"passed","Thu Apr 14 19:44:59 EEST 2022","Thu Apr 14 19:45:13 EEST 2022","14572","","My Account > Settings > Change Password","","My Account > Settings > Change Password","#13 Player inputs into the password fields should be masked by default.","#13 Player inputs into the password fields should be masked by default.",""
"passed","Thu Apr 14 19:45:48 EEST 2022","Thu Apr 14 19:45:57 EEST 2022","8947","","Registration > Step 4","","Registration > Step 4","#12 User can click on confirm checkbox and click success registration button.","#12 User can click on confirm checkbox and click success registration button.",""
"passed","Thu Apr 14 19:56:26 EEST 2022","Thu Apr 14 19:56:33 EEST 2022","6084","","Home => Terms & Conditions","","Home => Terms & Conditions","#4 User can come to the Responsible Gambling page from terms and conditions page","#4 User can come to the Responsible Gambling page from terms and conditions page",""
"passed","Thu Apr 14 19:43:28 EEST 2022","Thu Apr 14 19:43:40 EEST 2022","12320","","Recover Password","","Recover Password","#06 Recover Password button displays 'Re-Send Email' text after a successful first attempt.","#06 Recover Password button displays 'Re-Send Email' text after a successful first attempt.",""
"passed","Thu Apr 14 19:57:41 EEST 2022","Thu Apr 14 19:57:47 EEST 2022","5473","","Slots page","","Slots page","#3 User can see static hero banner carousel and can click on it and see game info page","#3 User can see static hero banner carousel and can click on it and see game info page",""
"passed","Thu Apr 14 19:34:43 EEST 2022","Thu Apr 14 19:34:49 EEST 2022","6085","","Log In","","Log In","#14 Player can select the link to recover their password.","#14 Player can select the link to recover their password.",""
"passed","Thu Apr 14 19:47:55 EEST 2022","Thu Apr 14 19:48:09 EEST 2022","13599","","Promotions functionality testing. Promotions functionality for authenticated user. Particular promotions.","","Promotions functionality testing. Promotions functionality for authenticated user. Particular promotions.","#25 User can make bonus deposit.","#25 User can make bonus deposit.",""
"failed","Thu Apr 14 19:52:44 EEST 2022","Thu Apr 14 19:53:06 EEST 2022","21515","","Promotions functionality testing. Promotions functionality for unauthenticated user.","","Promotions functionality testing. Promotions functionality for unauthenticated user.","#41 Login form appears after press DEPOSIT CTA for DEPOSIT bonus of unauthenticated user.","#41 Login form appears after press DEPOSIT CTA for DEPOSIT bonus of unauthenticated user.",""
"passed","Thu Apr 14 19:40:17 EEST 2022","Thu Apr 14 19:40:37 EEST 2022","19878","","My Account > Gambling Controls > Loss Limits","","My Account > Gambling Controls > Loss Limits","#15 User can submit a blank value in the Loss Limit. ","#15 User can submit a blank value in the Loss Limit. ",""
"passed","Thu Apr 14 19:38:28 EEST 2022","Thu Apr 14 19:38:55 EEST 2022","27203","","My Account > Gambling Controls > Account Closure > Self Exclusion","","My Account > Gambling Controls > Account Closure > Self Exclusion","#5 Player cannot continue with 'Self Exclusion' if a duration is not selected.","#5 Player cannot continue with 'Self Exclusion' if a duration is not selected.",""
"failed","Thu Apr 14 19:48:11 EEST 2022","Thu Apr 14 19:48:32 EEST 2022","21154","","Promotions functionality testing. Promotions functionality for unauthenticated user.","","Promotions functionality testing. Promotions functionality for unauthenticated user.","#28 Promotion cards are displayed for not login user.","#28 Promotion cards are displayed for not login user.",""
"passed","Thu Apr 14 19:42:14 EEST 2022","Thu Apr 14 19:42:34 EEST 2022","19351","","My Account > Gambling Controls > Account Closure > Self Exclusion","","My Account > Gambling Controls > Account Closure > Self Exclusion","#18 Player can close the self exclusion modal.","#18 Player can close the self exclusion modal.",""
"passed","Thu Apr 14 19:32:54 EEST 2022","Thu Apr 14 19:33:03 EEST 2022","9517","","Homepage","","Homepage","#2 Authenticated users can preview their balance in the navigation bar","#2 Authenticated users can preview their balance in the navigation bar",""
"failed","Thu Apr 14 19:56:22 EEST 2022","Thu Apr 14 19:56:27 EEST 2022","4996","","Home page => Responsible Gambling page","","Home page => Responsible Gambling page","#2 User can come to the ""Help for problem gambling"" page from Responsible Gambling page","#2 User can come to the ""Help for problem gambling"" page from Responsible Gambling page",""
"failed","Thu Apr 14 19:59:46 EEST 2022","Thu Apr 14 20:00:08 EEST 2022","21651","","My Account > Gambling Controls > Account Closure > Take A Break","","My Account > Gambling Controls > Account Closure > Take A Break","#11 Player can continue with chosen 24 hours option to 'Take A Break' and confirming modal should display.","#11 Player can continue with chosen 24 hours option to 'Take A Break' and confirming modal should display.",""
"passed","Thu Apr 14 19:43:36 EEST 2022","Thu Apr 14 19:43:41 EEST 2022","4634","","Registration > Step 2","","Registration > Step 2","#05 Date of Birth is a mandatory field.","#05 Date of Birth is a mandatory field.",""
"passed","Thu Apr 14 19:32:50 EEST 2022","Thu Apr 14 19:33:00 EEST 2022","10566","","Landing Page/Welcome Offer page","","Landing Page/Welcome Offer page","#1 User come to the Welcome Offer page ","#1 User come to the Welcome Offer page ",""
"failed","Thu Apr 14 19:54:29 EEST 2022","Thu Apr 14 19:54:50 EEST 2022","20820","","Promotions functionality testing. Promotions functionality for unauthenticated user.","","Promotions functionality testing. Promotions functionality for unauthenticated user.","#46 User clicks button CLAIM for already CLAIMED bonus, successfully login and can see drawer ""This promotion is unavailable"".","#46 User clicks button CLAIM for already CLAIMED bonus, successfully login and can see drawer ""This promotion is unavailable"".",""
"passed","Thu Apr 14 19:56:51 EEST 2022","Thu Apr 14 19:56:53 EEST 2022","1637","","Homepage","","Homepage","#8 The user can use to contact for DPO regarding any data protection issue dpo@merkurslots.com email","#8 The user can use to contact for DPO regarding any data protection issue dpo@merkurslots.com email",""
"failed","Thu Apr 14 19:58:31 EEST 2022","Thu Apr 14 19:58:43 EEST 2022","11858","","Slots page","","Slots page","#10 User click on category and go to category page","#10 User click on category and go to category page",""
"failed","Thu Apr 14 19:58:08 EEST 2022","Thu Apr 14 19:58:23 EEST 2022","14634","","My Account -> Deposit","","My Account -> Deposit","#8 Check user is displayed with a declined modal when safecharge returns a declined response","#8 Check user is displayed with a declined modal when safecharge returns a declined response",""
"passed","Thu Apr 14 19:33:24 EEST 2022","Thu Apr 14 19:33:35 EEST 2022","10809","","Inbox functionality testing","","Inbox functionality testing","#3 New messages are marked with a NEW message sticker","#3 New messages are marked with a NEW message sticker",""
"failed","Thu Apr 14 19:58:32 EEST 2022","Thu Apr 14 19:58:45 EEST 2022","13385","","Home => Terms & Conditions","","Home => Terms & Conditions","#23 User can see the Intellectual Property section on terms and conditions page","#23 User can see the Intellectual Property section on terms and conditions page",""
"failed","Thu Apr 14 19:54:50 EEST 2022","Thu Apr 14 19:55:11 EEST 2022","20785","","Promotions functionality testing. Promotions functionality for unauthenticated user.","","Promotions functionality testing. Promotions functionality for unauthenticated user.","#47 User clicks button DEPOSIT for already DEPOSITED bonus, successfully login and can see drawer ""This promotion is unavailable"".","#47 User clicks button DEPOSIT for already DEPOSITED bonus, successfully login and can see drawer ""This promotion is unavailable"".",""
"passed","Thu Apr 14 19:39:32 EEST 2022","Thu Apr 14 19:40:07 EEST 2022","35550","","My Account > Gambling Controls > Play Reminders","","My Account > Gambling Controls > Play Reminders","#8 Player can successfully delete their 'Time Limit' on delete icon click.","#8 Player can successfully delete their 'Time Limit' on delete icon click.",""
"passed","Thu Apr 14 19:55:47 EEST 2022","Thu Apr 14 19:55:53 EEST 2022","5665","","Footer functionality testing","","Footer functionality testing","#3 Player can see partners logos","#3 Player can see partners logos",""
"passed","Thu Apr 14 19:43:20 EEST 2022","Thu Apr 14 19:43:28 EEST 2022","7470","","Recover Password","","Recover Password","#05 Player receives 'Sent' success feedback on submitting a valid email address.","#05 Player receives 'Sent' success feedback on submitting a valid email address.",""
"failed","Thu Apr 14 19:55:50 EEST 2022","Thu Apr 14 19:56:06 EEST 2022","16055","","Home page => Privacy Policy page","","Home page => Privacy Policy page","#1 User can come to the Eyas Gaming page from Privacy Policy page","#1 User can come to the Eyas Gaming page from Privacy Policy page",""
"failed","Thu Apr 14 19:57:52 EEST 2022","Thu Apr 14 19:58:07 EEST 2022","14916","","My Account > Gambling Controls > Account Closure > Take A Break","","My Account > Gambling Controls > Account Closure > Take A Break","#5 Player cannot continue with 'Take A Break' if a duration is not selected.","#5 Player cannot continue with 'Take A Break' if a duration is not selected.",""
"passed","Thu Apr 14 19:46:44 EEST 2022","Thu Apr 14 19:46:55 EEST 2022","11391","","UnsubscribePage","","UnsubscribePage","#7 User can click on ‘Continue’ button in the ‘Re-subscribe’ success window and the Home page will be displayed.","#7 User can click on ‘Continue’ button in the ‘Re-subscribe’ success window and the Home page will be displayed.",""
"failed","Thu Apr 14 19:57:04 EEST 2022","Thu Apr 14 19:57:29 EEST 2022","25316","","My Account -> Deposit","","My Account -> Deposit","#5 Check user is able to select Phone payment method and is provided with the correct information for this payment method","#5 Check user is able to select Phone payment method and is provided with the correct information for this payment method",""
"passed","Thu Apr 14 19:42:05 EEST 2022","Thu Apr 14 19:42:21 EEST 2022","15611","","My Profile > Communications Preferences","","My Profile > Communications Preferences","#1 Player can view their communication preferences (default preferences: empty communication preferences and English language)","#1 Player can view their communication preferences (default preferences: empty communication preferences and English language)",""
"passed","Thu Apr 14 19:34:25 EEST 2022","Thu Apr 14 19:34:30 EEST 2022","4877","","Landing Page/Welcome Games page","","Landing Page/Welcome Games page","#6 User can click on the WELCOME BONUS FULL TERMS AND CONDITIONS","#6 User can click on the WELCOME BONUS FULL TERMS AND CONDITIONS",""
"failed","Thu Apr 14 19:58:53 EEST 2022","Thu Apr 14 19:58:57 EEST 2022","3908","","Home => Terms & Conditions","","Home => Terms & Conditions","#26 User can see the Miscellaneous section on terms and conditions page","#26 User can see the Miscellaneous section on terms and conditions page",""
"passed","Thu Apr 14 19:40:08 EEST 2022","Thu Apr 14 19:40:25 EEST 2022","16919","","My Account > Gambling Controls > Account Closure > Self Exclusion","","My Account > Gambling Controls > Account Closure > Self Exclusion","#11 Player can choose 5 years option for 'Self Exclusion' and this option should be selected.","#11 Player can choose 5 years option for 'Self Exclusion' and this option should be selected.",""
"passed","Thu Apr 14 19:45:45 EEST 2022","Thu Apr 14 19:45:59 EEST 2022","14195","","Promotions functionality testing. Promotions functionality for authenticated user. Particular promotions.","","Promotions functionality testing. Promotions functionality for authenticated user. Particular promotions.","#15 User can press Back CTA for More Info page and be taken to the list of promotions.","#15 User can press Back CTA for More Info page and be taken to the list of promotions.",""
"passed","Thu Apr 14 19:42:37 EEST 2022","Thu Apr 14 19:42:51 EEST 2022","13623","","Promotions functionality testing. Promotions functionality for authenticated user. Blocks of promotions.","","Promotions functionality testing. Promotions functionality for authenticated user. Blocks of promotions.","#1 Featured Promotions and Promotions section are displayed.","#1 Featured Promotions and Promotions section are displayed.",""
"passed","Thu Apr 14 19:57:47 EEST 2022","Thu Apr 14 19:57:57 EEST 2022","9931","","Slots page","","Slots page","#4 User can see game carousel and can scroll it","#4 User can see game carousel and can scroll it",""
"passed","Thu Apr 14 19:34:22 EEST 2022","Thu Apr 14 19:34:40 EEST 2022","18036","","Deep Link -> Change Password","","Deep Link -> Change Password","#1 Deep link to change password opens when logged in","#1 Deep link to change password opens when logged in",""
"passed","Thu Apr 14 19:56:27 EEST 2022","Thu Apr 14 19:56:34 EEST 2022","6492","","Home page => Responsible Gambling page","","Home page => Responsible Gambling page","#3 User can come to the Gamble Stop page from Responsible Gambling page","#3 User can come to the Gamble Stop page from Responsible Gambling page",""
"passed","Thu Apr 14 19:58:54 EEST 2022","Thu Apr 14 19:59:10 EEST 2022","15469","","My Account > Gambling Controls > Deposit Limits","","My Account > Gambling Controls > Deposit Limits","#8 Player can close the Deposit Limits Delete modal","#8 Player can close the Deposit Limits Delete modal",""
"passed","Thu Apr 14 19:43:19 EEST 2022","Thu Apr 14 19:43:23 EEST 2022","3818","","Registration > Step 1","","Registration > Step 1","#01 User is displayed the correct content and input fields for Step 1.","#01 User is displayed the correct content and input fields for Step 1.",""
"passed","Thu Apr 14 19:44:07 EEST 2022","Thu Apr 14 19:44:11 EEST 2022","3434","","Registration > Step 1","","Registration > Step 1","#11 User can successfully enter email address with a combination of valid symbols, numbers and letters.","#11 User can successfully enter email address with a combination of valid symbols, numbers and letters.",""
"passed","Thu Apr 14 19:34:16 EEST 2022","Thu Apr 14 19:34:24 EEST 2022","7150","","Log In","","Log In","#06 Player cannot login when entering an incorrect email address.","#06 Player cannot login when entering an incorrect email address.",""
"passed","Thu Apr 14 19:46:26 EEST 2022","Thu Apr 14 19:46:33 EEST 2022","7149","","Registration > Step 4","","Registration > Step 4","#09 User can select multiple marketing preferences.","#09 User can select multiple marketing preferences.",""
"passed","Thu Apr 14 19:47:24 EEST 2022","Thu Apr 14 19:47:43 EEST 2022","18824","","Spin Zone functionality testing","","Spin Zone functionality testing","#8 Player can open 'Search Games' modal","#8 Player can open 'Search Games' modal",""
"passed","Thu Apr 14 19:55:15 EEST 2022","Thu Apr 14 19:55:29 EEST 2022","14815","","404 error page functionality testing.","","404 error page functionality testing.","#1 404 error page is displayed.","#1 404 error page is displayed.",""
"passed","Thu Apr 14 19:46:06 EEST 2022","Thu Apr 14 19:46:13 EEST 2022","6975","","Registration > Step 4","","Registration > Step 4","#03 User can opt in to receive All marketing preferences.","#03 User can opt in to receive All marketing preferences.",""
